320.0,239.27662460039983,149.64430079876,65.54253154970013,0.0,128.05770094494986,7.08633125203653,27.447754753370702,74.7118035067943,145.25772560347335,18.08297593151974,24.464777941189425,70.57058062016185,159.24227879983445,48.79692825250328,57.57166383387198,100.1444284946852,170.29070637863163,81.14116124032375,82.77672587647842,114.75372299671511,320.0,120.74041197591856,68.51478091844172,96.28699009206017,126.43529062390326,457.1425609459788,506.7546988472234,362.92964012850626,292.3439000026997,577.7886342161389,599.2349666585676,450.0533354931023,372.09604492319323,629.018352636268,601.9521287222267,458.91529926297886,389.33411085013904,640.0,606.4762398423368,497.85610539672257,430.07046246051675,320.0,249.44905234747932,154.1956880155837,61.37475938229227,0.0,151.94279844508452,16.26117056018967,19.27901871135367,52.461537133534534,157.5960154570801,21.894867685437475,21.48034631685863,57.1142678747666,160.0960341598018,37.10159606149455,42.004770632698694,80.85597465637346,161.76093317949147,63.4438673775619,61.72004039787885,91.8653749320228,320.0,112.62874255403827,47.983610728709266,55.45043746044587,84.56655205485708,430.81903295470113,510.47798996548596,375.95610389440924,305.7937378890984,556.1178305093592,601.0778816605881,454.9557320040973,387.70710701959274,617.5477422343431,610.0333135426793,474.32304871763085,418.2011730855804,640.0,616.974848471009,512.4492956919444,457.6155959052919,320.0,243.81351343544281,145.3474666533913,62.02435410247949,0.0,118.85637864710765,13.482828409472972,27.90378082905727,66.8819484265342,132.77975166510254,23.866897510074807,39.46532339895407,81.06158466993264,151.82937254967038,48.599543844575294,63.00515587154143,102.59221905293973,174.7725030837508,91.68382319951667,91.94736327782888,118.68645429810638,320.0,157.67754831661765,117.56216951201085,125.58085697351447,137.69219147675108,405.84331818657245,430.832452032029,333.46166629865075,289.50801306262855,512.796959801039,528.7127267656049,406.8143224051971,352.81332295141027,588.5947912187526,584.0819087243018,458.75579625088614,403.11662231106254,640.0,627.6108638302323,532.0965518844353,482.2614617592711,320.0,242.18160955434598,145.48663183160068,60.3543299938633,0.0,132.04111941843112,19.915393637456305,32.69378669755588,67.16365339714517,147.15014542853305,35.13582407686471,35.13044993881471,68.31793110209773,162.14791225630282,61.08535801563585,62.30368963626523,95.14301380209375,176.08435944268737,92.89836706089116,90.30832301474621,117.26528996742837,320.0,100.48354409682929,49.040097414471916,90.86188572731692,135.23675933376072,414.531967350662,448.64802998162725,298.83248927537227,235.86694146956444,549.5659806633994,547.0500712106674,394.03740818987217,325.1333640263501,615.7300276667427,587.1455924684501,447.1854360201197,381.0919542702735,640.0,606.3923514149624,503.09273737247696,441.78289136823446,320.0,233.04729842827896,139.11489881245956,57.752830109301726,0.0,125.02789605642047,21.545619652286177,26.20290498512776,51.042523919536904,146.64784551859455,41.48047365561416,37.33003456013921,65.38946618414349,168.0220339908502,72.34524692910651,71.57244605404844,100.93930895833537,187.46293131921985,107.1204270025591,100.94446478329871,125.0682833519665,320.0,122.7879715998979,87.75519946928057,129.4866095647295,181.91970388832573,465.01602181570934,534.8345583486525,379.6168197548316,302.8430482059803,580.4020282244356,586.4370189192791,420.91274232931676,345.9397794662426,630.8117754403804,601.6810661508273,458.4298103938752,388.52860728519863,640.0,608.7199597413776,503.6593393080601,436.87863410016917
320.0,249.44905234747932,154.1956880155837,61.37475938229227,0.0,151.94279844508452,16.26117056018967,19.27901871135367,52.461537133534534,157.5960154570801,21.894867685437475,21.48034631685863,57.1142678747666,160.0960341598018,37.10159606149455,42.004770632698694,80.85597465637346,161.76093317949147,63.4438673775619,61.72004039787885,91.8653749320228,320.0,112.62874255403827,47.983610728709266,55.45043746044587,84.56655205485708,430.81903295470113,510.47798996548596,375.95610389440924,305.7937378890984,556.1178305093592,601.0778816605881,454.9557320040973,387.70710701959274,617.5477422343431,610.0333135426793,474.32304871763085,418.2011730855804,640.0,616.974848471009,512.4492956919444,457.6155959052919,320.0,243.81351343544281,145.3474666533913,62.02435410247949,0.0,118.85637864710765,13.482828409472972,27.90378082905727,66.8819484265342,132.77975166510254,23.866897510074807,39.46532339895407,81.06158466993264,151.82937254967038,48.599543844575294,63.00515587154143,102.59221905293973,174.7725030837508,91.68382319951667,91.94736327782888,118.68645429810638,320.0,157.67754831661765,117.56216951201085,125.58085697351447,137.69219147675108,405.84331818657245,430.832452032029,333.46166629865075,289.50801306262855,512.796959801039,528.7127267656049,406.8143224051971,352.81332295141027,588.5947912187526,584.0819087243018,458.75579625088614,403.11662231106254,640.0,627.6108638302323,532.0965518844353,482.2614617592711,320.0,242.18160955434598,145.48663183160068,60.3543299938633,0.0,132.04111941843112,19.915393637456305,32.69378669755588,67.16365339714517,147.15014542853305,35.13582407686471,35.13044993881471,68.31793110209773,162.14791225630282,61.08535801563585,62.30368963626523,95.14301380209375,176.08435944268737,92.89836706089116,90.30832301474621,117.26528996742837,320.0,100.48354409682929,49.040097414471916,90.86188572731692,135.23675933376072,414.531967350662,448.64802998162725,298.83248927537227,235.86694146956444,549.5659806633994,547.0500712106674,394.03740818987217,325.1333640263501,615.7300276667427,587.1455924684501,447.1854360201197,381.0919542702735,640.0,606.3923514149624,503.09273737247696,441.78289136823446,320.0,233.04729842827896,139.11489881245956,57.752830109301726,0.0,125.02789605642047,21.545619652286177,26.20290498512776,51.042523919536904,146.64784551859455,41.48047365561416,37.33003456013921,65.38946618414349,168.0220339908502,72.34524692910651,71.57244605404844,100.93930895833537,187.46293131921985,107.1204270025591,100.94446478329871,125.0682833519665,320.0,122.7879715998979,87.75519946928057,129.4866095647295,181.91970388832573,465.01602181570934,534.8345583486525,379.6168197548316,302.8430482059803,580.4020282244356,586.4370189192791,420.91274232931676,345.9397794662426,630.8117754403804,601.6810661508273,458.4298103938752,388.52860728519863,640.0,608.7199597413776,503.6593393080601,436.87863410016917,320.0,232.7556575547158,139.81086723162858,60.230355674706004,0.0,126.9252288873455,13.311309226143123,23.31824452642269,55.07795107995736,140.35396456365692,21.345288707426562,24.207717977086077,58.314677159528344,152.326995170219,44.54690451771745,45.936238115632534,78.02030332839567,162.86426405794342,73.15029658255725,69.84336990777695,96.34824281628033,320.0,113.8588973021204,66.30166185418807,81.31481045443843,103.52600597325664,515.4846145266628,530.1432342334527,360.7652708413369,291.9767513910748,611.0059608640154,583.1992366128413,410.78081122278263,339.63986962933586,640.0,599.4115970406355,438.3198542624515,357.95085075533194,623.8086575043684,598.5435167858427,486.5032654629274,410.8795558474713
320.0,243.81351343544281,145.3474666533913,62.02435410247949,0.0,118.85637864710765,13.482828409472972,27.90378082905727,66.8819484265342,132.77975166510254,23.866897510074807,39.46532339895407,81.06158466993264,151.82937254967038,48.599543844575294,63.00515587154143,102.59221905293973,174.7725030837508,91.68382319951667,91.94736327782888,118.68645429810638,320.0,157.67754831661765,117.56216951201085,125.58085697351447,137.69219147675108,405.84331818657245,430.832452032029,333.46166629865075,289.50801306262855,512.796959801039,528.7127267656049,406.8143224051971,352.81332295141027,588.5947912187526,584.0819087243018,458.75579625088614,403.11662231106254,640.0,627.6108638302323,532.0965518844353,482.2614617592711,320.0,242.18160955434598,145.48663183160068,60.3543299938633,0.0,132.04111941843112,19.915393637456305,32.69378669755588,67.16365339714517,147.15014542853305,35.13582407686471,35.13044993881471,68.31793110209773,162.14791225630282,61.08535801563585,62.30368963626523,95.14301380209375,176.08435944268737,92.89836706089116,90.30832301474621,117.26528996742837,320.0,100.48354409682929,49.040097414471916,90.86188572731692,135.23675933376072,414.531967350662,448.64802998162725,298.83248927537227,235.86694146956444,549.5659806633994,547.0500712106674,394.03740818987217,325.1333640263501,615.7300276667427,587.1455924684501,447.1854360201197,381.0919542702735,640.0,606.3923514149624,503.09273737247696,441.78289136823446,320.0,233.04729842827896,139.11489881245956,57.752830109301726,0.0,125.02789605642047,21.545619652286177,26.20290498512776,51.042523919536904,146.64784551859455,41.48047365561416,37.33003456013921,65.38946618414349,168.0220339908502,72.34524692910651,71.57244605404844,100.93930895833537,187.46293131921985,107.1204270025591,100.94446478329871,125.0682833519665,320.0,122.7879715998979,87.75519946928057,129.4866095647295,181.91970388832573,465.01602181570934,534.8345583486525,379.6168197548316,302.8430482059803,580.4020282244356,586.4370189192791,420.91274232931676,345.9397794662426,630.8117754403804,601.6810661508273,458.4298103938752,388.52860728519863,640.0,608.7199597413776,503.6593393080601,436.87863410016917,320.0,232.7556575547158,139.81086723162858,60.230355674706004,0.0,126.9252288873455,13.311309226143123,23.31824452642269,55.07795107995736,140.35396456365692,21.345288707426562,24.207717977086077,58.314677159528344,152.326995170219,44.54690451771745,45.936238115632534,78.02030332839567,162.86426405794342,73.15029658255725,69.84336990777695,96.34824281628033,320.0,113.8588973021204,66.30166185418807,81.31481045443843,103.52600597325664,515.4846145266628,530.1432342334527,360.7652708413369,291.9767513910748,611.0059608640154,583.1992366128413,410.78081122278263,339.63986962933586,640.0,599.4115970406355,438.3198542624515,357.95085075533194,623.8086575043684,598.5435167858427,486.5032654629274,410.8795558474713,320.0,246.73416800015116,149.63901936428343,61.98146017298666,0.0,147.6923076923077,29.012273361504754,36.0634940841025,62.84438459648874,154.47811112956498,33.41218544600707,32.9936917646848,59.89169685861219,158.5965344983794,45.58287278806495,44.37687901972231,72.18299948981166,162.08387576068287,69.4448096539968,62.491290498065155,83.42647668697808,320.0,74.71060243588553,4.518369998023218,19.32700492583018,47.97691328091486,404.3523736907149,446.21614752478047,317.01400291273495,270.3431137217249,546.7102904531953,539.3113520011941,391.4229503611334,325.36222938527305,616.3086799770316,577.8113069519695,437.2146938468138,371.4026983813209,640.0,599.5816742443496,495.929836168745,437.17940752873403
320.0,242.18160955434598,145.48663183160068,60.3543299938633,0.0,132.04111941843112,19.915393637456305,32.69378669755588,67.16365339714517,147.15014542853305,35.13582407686471,35.13044993881471,68.31793110209773,162.14791225630282,61.08535801563585,62.30368963626523,95.14301380209375,176.08435944268737,92.89836706089116,90.30832301474621,117.26528996742837,320.0,100.48354409682929,49.040097414471916,90.86188572731692,135.23675933376072,414.531967350662,448.64802998162725,298.83248927537227,235.86694146956444,549.5659806633994,547.0500712106674,394.03740818987217,325.1333640263501,615.7300276667427,587.1455924684501,447.1854360201197,381.0919542702735,640.0,606.3923514149624,503.09273737247696,441.78289136823446,320.0,233.04729842827896,139.11489881245956,57.752830109301726,0.0,125.02789605642047,21.545619652286177,26.20290498512776,51.042523919536904,146.64784551859455,41.48047365561416,37.33003456013921,65.38946618414349,168.0220339908502,72.34524692910651,71.57244605404844,100.93930895833537,187.46293131921985,107.1204270025591,100.94446478329871,125.0682833519665,320.0,122.7879715998979,87.75519946928057,129.4866095647295,181.91970388832573,465.01602181570934,534.8345583486525,379.6168197548316,302.8430482059803,580.4020282244356,586.4370189192791,420.91274232931676,345.9397794662426,630.8117754403804,601.6810661508273,458.4298103938752,388.52860728519863,640.0,608.7199597413776,503.6593393080601,436.87863410016917,320.0,232.7556575547158,139.81086723162858,60.230355674706004,0.0,126.9252288873455,13.311309226143123,23.31824452642269,55.07795107995736,140.35396456365692,21.345288707426562,24.207717977086077,58.314677159528344,152.326995170219,44.54690451771745,45.936238115632534,78.02030332839567,162.86426405794342,73.15029658255725,69.84336990777695,96.34824281628033,320.0,113.8588973021204,66.30166185418807,81.31481045443843,103.52600597325664,515.4846145266628,530.1432342334527,360.7652708413369,291.9767513910748,611.0059608640154,583.1992366128413,410.78081122278263,339.63986962933586,640.0,599.4115970406355,438.3198542624515,357.95085075533194,623.8086575043684,598.5435167858427,486.5032654629274,410.8795558474713,320.0,246.73416800015116,149.63901936428343,61.98146017298666,0.0,147.6923076923077,29.012273361504754,36.0634940841025,62.84438459648874,154.47811112956498,33.41218544600707,32.9936917646848,59.89169685861219,158.5965344983794,45.58287278806495,44.37687901972231,72.18299948981166,162.08387576068287,69.4448096539968,62.491290498065155,83.42647668697808,320.0,74.71060243588553,4.518369998023218,19.32700492583018,47.97691328091486,404.3523736907149,446.21614752478047,317.01400291273495,270.3431137217249,546.7102904531953,539.3113520011941,391.4229503611334,325.36222938527305,616.3086799770316,577.8113069519695,437.2146938468138,371.4026983813209,640.0,599.5816742443496,495.929836168745,437.17940752873403,320.0,250.77796916229465,157.0354455278493,66.68769641978062,0.0,154.71724628410882,30.93757174694673,34.19121769318417,59.67073557505944,158.21214350777564,29.94420423492528,30.509914560398784,56.574107988565345,157.96542477929972,37.317574544743934,43.88774212425426,78.52660737187531,157.24970126573626,60.11291567844984,58.89469924213864,87.25077980588412,320.0,78.32479270536166,0.0,12.21446663289521,25.531234169621655,358.4094702322233,361.5295278214733,248.76295091582904,206.37811608499746,497.7839869890954,460.8099821366678,312.64393313248195,249.17716692883994,573.4669261737808,517.3976057802544,379.8595462180393,323.075692537393,605.0612419015117,545.0395926093796,441.07691897512467,389.93382568587197
320.0,233.04729842827896,139.11489881245956,57.752830109301726,0.0,125.02789605642047,21.545619652286177,26.20290498512776,51.042523919536904,146.64784551859455,41.48047365561416,37.33003456013921,65.38946618414349,168.0220339908502,72.34524692910651,71.57244605404844,100.93930895833537,187.46293131921985,107.1204270025591,100.94446478329871,125.0682833519665,320.0,122.7879715998979,87.75519946928057,129.4866095647295,181.91970388832573,465.01602181570934,534.8345583486525,379.6168197548316,302.8430482059803,580.4020282244356,586.4370189192791,420.91274232931676,345.9397794662426,630.8117754403804,601.6810661508273,458.4298103938752,388.52860728519863,640.0,608.7199597413776,503.6593393080601,436.87863410016917,320.0,232.7556575547158,139.81086723162858,60.230355674706004,0.0,126.9252288873455,13.311309226143123,23.31824452642269,55.07795107995736,140.35396456365692,21.345288707426562,24.207717977086077,58.314677159528344,152.326995170219,44.54690451771745,45.936238115632534,78.02030332839567,162.86426405794342,73.15029658255725,69.84336990777695,96.34824281628033,320.0,113.8588973021204,66.30166185418807,81.31481045443843,103.52600597325664,515.4846145266628,530.1432342334527,360.7652708413369,291.9767513910748,611.0059608640154,583.1992366128413,410.78081122278263,339.63986962933586,640.0,599.4115970406355,438.3198542624515,357.95085075533194,623.8086575043684,598.5435167858427,486.5032654629274,410.8795558474713,320.0,246.73416800015116,149.63901936428343,61.98146017298666,0.0,147.6923076923077,29.012273361504754,36.0634940841025,62.84438459648874,154.47811112956498,33.41218544600707,32.9936917646848,59.89169685861219,158.5965344983794,45.58287278806495,44.37687901972231,72.18299948981166,162.08387576068287,69.4448096539968,62.491290498065155,83.42647668697808,320.0,74.71060243588553,4.518369998023218,19.32700492583018,47.97691328091486,404.3523736907149,446.21614752478047,317.01400291273495,270.3431137217249,546.7102904531953,539.3113520011941,391.4229503611334,325.36222938527305,616.3086799770316,577.8113069519695,437.2146938468138,371.4026983813209,640.0,599.5816742443496,495.929836168745,437.17940752873403,320.0,250.77796916229465,157.0354455278493,66.68769641978062,0.0,154.71724628410882,30.93757174694673,34.19121769318417,59.67073557505944,158.21214350777564,29.94420423492528,30.509914560398784,56.574107988565345,157.96542477929972,37.317574544743934,43.88774212425426,78.52660737187531,157.24970126573626,60.11291567844984,58.89469924213864,87.25077980588412,320.0,78.32479270536166,0.0,12.21446663289521,25.531234169621655,358.4094702322233,361.5295278214733,248.76295091582904,206.37811608499746,497.7839869890954,460.8099821366678,312.64393313248195,249.17716692883994,573.4669261737808,517.3976057802544,379.8595462180393,323.075692537393,605.0612419015117,545.0395926093796,441.07691897512467,389.93382568587197,320.0,135.50099332820952,1.7548146340358244,13.102966258234801,117.48117680111949,49.94319291857181,5.240147895372445,0.0,9.971377909209423,202.60229821947615,244.2049131312952,299.1816142441908,351.9317532589439,333.3372094376733,329.2706884935969,292.7801419556402,277.13459550148116,442.00606076793326,395.18640389590024,363.04434798832744,353.89190933412647,320.0,332.31304978110103,378.4362663188444,422.37103812583587,448.45848739406443,499.7260944006922,562.9542267116774,605.3470495103986,640.0,503.73635273536763,560.8263909549081,585.9221214558647,602.877322430216,483.2656894946439,471.89658017851735,429.2432451232039,397.6761775054312,448.2049221309814,424.7426566446243,390.934616518648,368.90045441223805
320.0,232.7556575547158,139.81086723162858,60.230355674706004,0.0,126.9252288873455,13.311309226143123,23.31824452642269,55.07795107995736,140.35396456365692,21.345288707426562,24.207717977086077,58.314677159528344,152.326995170219,44.54690451771745,45.936238115632534,78.02030332839567,162.86426405794342,73.15029658255725,69.84336990777695,96.34824281628033,320.0,113.8588973021204,66.30166185418807,81.31481045443843,103.52600597325664,515.4846145266628,530.1432342334527,360.7652708413369,291.9767513910748,611.0059608640154,583.1992366128413,410.78081122278263,339.63986962933586,640.0,599.4115970406355,438.3198542624515,357.95085075533194,623.8086575043684,598.5435167858427,486.5032654629274,410.8795558474713,320.0,246.73416800015116,149.63901936428343,61.98146017298666,0.0,147.6923076923077,29.012273361504754,36.0634940841025,62.84438459648874,154.47811112956498,33.41218544600707,32.9936917646848,59.89169685861219,158.5965344983794,45.58287278806495,44.37687901972231,72.18299948981166,162.08387576068287,69.4448096539968,62.491290498065155,83.42647668697808,320.0,74.71060243588553,4.518369998023218,19.32700492583018,47.97691328091486,404.3523736907149,446.21614752478047,317.01400291273495,270.3431137217249,546.7102904531953,539.3113520011941,391.4229503611334,325.36222938527305,616.3086799770316,577.8113069519695,437.2146938468138,371.4026983813209,640.0,599.5816742443496,495.929836168745,437.17940752873403,320.0,250.77796916229465,157.0354455278493,66.68769641978062,0.0,154.71724628410882,30.93757174694673,34.19121769318417,59.67073557505944,158.21214350777564,29.94420423492528,30.509914560398784,56.574107988565345,157.96542477929972,37.317574544743934,43.88774212425426,78.52660737187531,157.24970126573626,60.11291567844984,58.89469924213864,87.25077980588412,320.0,78.32479270536166,0.0,12.21446663289521,25.531234169621655,358.4094702322233,361.5295278214733,248.76295091582904,206.37811608499746,497.7839869890954,460.8099821366678,312.64393313248195,249.17716692883994,573.4669261737808,517.3976057802544,379.8595462180393,323.075692537393,605.0612419015117,545.0395926093796,441.07691897512467,389.93382568587197,320.0,135.50099332820952,1.7548146340358244,13.102966258234801,117.48117680111949,49.94319291857181,5.240147895372445,0.0,9.971377909209423,202.60229821947615,244.2049131312952,299.1816142441908,351.9317532589439,333.3372094376733,329.2706884935969,292.7801419556402,277.13459550148116,442.00606076793326,395.18640389590024,363.04434798832744,353.89190933412647,320.0,332.31304978110103,378.4362663188444,422.37103812583587,448.45848739406443,499.7260944006922,562.9542267116774,605.3470495103986,640.0,503.73635273536763,560.8263909549081,585.9221214558647,602.877322430216,483.2656894946439,471.89658017851735,429.2432451232039,397.6761775054312,448.2049221309814,424.7426566446243,390.934616518648,368.90045441223805,320.0,167.9783536306044,47.468836054493124,57.2063139850801,129.09207120068936,52.589143881878556,11.478724354906149,2.1252484520327357,0.0,173.22811623119978,161.7087172647715,184.1827939454961,207.4498450422717,273.19277320533644,262.5516690678859,263.1708738418127,273.84055851250736,356.34440501511267,323.73726573893066,303.8141069469452,297.0719591546574,320.0,322.8612011295372,360.0763101784312,403.85610996727274,449.519314582527,478.21839093621963,540.7825503447929,590.7669814194335,640.0,495.0577845771908,557.5149448400166,596.8822024601559,635.7069157816869,491.570491870859,516.8008171510103,484.77296805828155,465.03111265828295,474.2225591392432,490.5532671153974,468.19945996578406,450.8291746728991
320.0,246.73416800015116,149.63901936428343,61.98146017298666,0.0,147.6923076923077,29.012273361504754,36.0634940841025,62.84438459648874,154.47811112956498,33.41218544600707,32.9936917646848,59.89169685861219,158.5965344983794,45.58287278806495,44.37687901972231,72.18299948981166,162.08387576068287,69.4448096539968,62.491290498065155,83.42647668697808,320.0,74.71060243588553,4.518369998023218,19.32700492583018,47.97691328091486,404.3523736907149,446.21614752478047,317.01400291273495,270.3431137217249,546.7102904531953,539.3113520011941,391.4229503611334,325.36222938527305,616.3086799770316,577.8113069519695,437.2146938468138,371.4026983813209,640.0,599.5816742443496,495.929836168745,437.17940752873403,320.0,250.77796916229465,157.0354455278493,66.68769641978062,0.0,154.71724628410882,30.93757174694673,34.19121769318417,59.67073557505944,158.21214350777564,29.94420423492528,30.509914560398784,56.574107988565345,157.96542477929972,37.317574544743934,43.88774212425426,78.52660737187531,157.24970126573626,60.11291567844984,58.89469924213864,87.25077980588412,320.0,78.32479270536166,0.0,12.21446663289521,25.531234169621655,358.4094702322233,361.5295278214733,248.76295091582904,206.37811608499746,497.7839869890954,460.8099821366678,312.64393313248195,249.17716692883994,573.4669261737808,517.3976057802544,379.8595462180393,323.075692537393,605.0612419015117,545.0395926093796,441.07691897512467,389.93382568587197,320.0,135.50099332820952,1.7548146340358244,13.102966258234801,117.48117680111949,49.94319291857181,5.240147895372445,0.0,9.971377909209423,202.60229821947615,244.2049131312952,299.1816142441908,351.9317532589439,333.3372094376733,329.2706884935969,292.7801419556402,277.13459550148116,442.00606076793326,395.18640389590024,363.04434798832744,353.89190933412647,320.0,332.31304978110103,378.4362663188444,422.37103812583587,448.45848739406443,499.7260944006922,562.9542267116774,605.3470495103986,640.0,503.73635273536763,560.8263909549081,585.9221214558647,602.877322430216,483.2656894946439,471.89658017851735,429.2432451232039,397.6761775054312,448.2049221309814,424.7426566446243,390.934616518648,368.90045441223805,320.0,167.9783536306044,47.468836054493124,57.2063139850801,129.09207120068936,52.589143881878556,11.478724354906149,2.1252484520327357,0.0,173.22811623119978,161.7087172647715,184.1827939454961,207.4498450422717,273.19277320533644,262.5516690678859,263.1708738418127,273.84055851250736,356.34440501511267,323.73726573893066,303.8141069469452,297.0719591546574,320.0,322.8612011295372,360.0763101784312,403.85610996727274,449.519314582527,478.21839093621963,540.7825503447929,590.7669814194335,640.0,495.0577845771908,557.5149448400166,596.8822024601559,635.7069157816869,491.570491870859,516.8008171510103,484.77296805828155,465.03111265828295,474.2225591392432,490.5532671153974,468.19945996578406,450.8291746728991,320.0,182.50290099790888,131.34069256361047,241.75064005461647,353.6033246998718,145.03527217768817,69.9903687156156,27.797280244569833,0.0,283.35618290322293,319.75029196354046,348.5385823403132,378.4865951961711,402.4843495212888,454.4141933992871,411.59068733077515,373.4795430544791,505.3583947438821,528.1975964511914,485.63054232532295,444.8742499483168,320.0,348.85691322193134,397.8076990868689,430.85847763315655,446.3463665958223,475.4240453644721,537.7506561216123,579.5906151796769,615.3431576799801,476.151585576867,553.1676909898654,600.4452661285577,640.0,457.1450491325806,480.3579045602893,441.39129792603273,411.34312633331257,426.76016120156555,439.7681143558306,412.4557098818111,388.73786495457193
320.0,250.77796916229465,157.0354455278493,66.68769641978062,0.0,154.71724628410882,30.93757174694673,34.19121769318417,59.67073557505944,158.21214350777564,29.94420423492528,30.509914560398784,56.574107988565345,157.96542477929972,37.317574544743934,43.88774212425426,78.52660737187531,157.24970126573626,60.11291567844984,58.89469924213864,87.25077980588412,320.0,78.32479270536166,0.0,12.21446663289521,25.531234169621655,358.4094702322233,361.5295278214733,248.76295091582904,206.37811608499746,497.7839869890954,460.8099821366678,312.64393313248195,249.17716692883994,573.4669261737808,517.3976057802544,379.8595462180393,323.075692537393,605.0612419015117,545.0395926093796,441.07691897512467,389.93382568587197,320.0,135.50099332820952,1.7548146340358244,13.102966258234801,117.48117680111949,49.94319291857181,5.240147895372445,0.0,9.971377909209423,202.60229821947615,244.2049131312952,299.1816142441908,351.9317532589439,333.3372094376733,329.2706884935969,292.7801419556402,277.13459550148116,442.00606076793326,395.18640389590024,363.04434798832744,353.89190933412647,320.0,332.31304978110103,378.4362663188444,422.37103812583587,448.45848739406443,499.7260944006922,562.9542267116774,605.3470495103986,640.0,503.73635273536763,560.8263909549081,585.9221214558647,602.877322430216,483.2656894946439,471.89658017851735,429.2432451232039,397.6761775054312,448.2049221309814,424.7426566446243,390.934616518648,368.90045441223805,320.0,167.9783536306044,47.468836054493124,57.2063139850801,129.09207120068936,52.589143881878556,11.478724354906149,2.1252484520327357,0.0,173.22811623119978,161.7087172647715,184.1827939454961,207.4498450422717,273.19277320533644,262.5516690678859,263.1708738418127,273.84055851250736,356.34440501511267,323.73726573893066,303.8141069469452,297.0719591546574,320.0,322.8612011295372,360.0763101784312,403.85610996727274,449.519314582527,478.21839093621963,540.7825503447929,590.7669814194335,640.0,495.0577845771908,557.5149448400166,596.8822024601559,635.7069157816869,491.570491870859,516.8008171510103,484.77296805828155,465.03111265828295,474.2225591392432,490.5532671153974,468.19945996578406,450.8291746728991,320.0,182.50290099790888,131.34069256361047,241.75064005461647,353.6033246998718,145.03527217768817,69.9903687156156,27.797280244569833,0.0,283.35618290322293,319.75029196354046,348.5385823403132,378.4865951961711,402.4843495212888,454.4141933992871,411.59068733077515,373.4795430544791,505.3583947438821,528.1975964511914,485.63054232532295,444.8742499483168,320.0,348.85691322193134,397.8076990868689,430.85847763315655,446.3463665958223,475.4240453644721,537.7506561216123,579.5906151796769,615.3431576799801,476.151585576867,553.1676909898654,600.4452661285577,640.0,457.1450491325806,480.3579045602893,441.39129792603273,411.34312633331257,426.76016120156555,439.7681143558306,412.4557098818111,388.73786495457193,320.0,212.12626931129932,162.127872693053,242.3051780366421,309.7836164627417,134.97285331299082,62.66276606034501,25.847077008991675,0.0,255.4652349032483,262.4507859568787,273.4507669248676,283.13325301650855,365.32365499083204,415.4911810092858,395.46241399421166,367.6601393821062,462.305443963372,481.66728759689056,450.2174159586802,410.30392035963723,320.0,342.1747569228446,382.1073795082541,412.8645936451955,433.7658890526962,473.2056278855644,532.5554543082684,574.4954665623584,610.9752041422412,479.5362668987367,555.661447099051,601.7589290937449,640.0,465.16193296555,489.00815096439044,447.453372813082,415.9061567498095,436.79417265415634,444.800770639554,415.7690351704696,393.203732343582
320.0,135.50099332820952,1.7548146340358244,13.102966258234801,117.48117680111949,49.94319291857181,5.240147895372445,0.0,9.971377909209423,202.60229821947615,244.2049131312952,299.1816142441908,351.9317532589439,333.3372094376733,329.2706884935969,292.7801419556402,277.13459550148116,442.00606076793326,395.18640389590024,363.04434798832744,353.89190933412647,320.0,332.31304978110103,378.4362663188444,422.37103812583587,448.45848739406443,499.7260944006922,562.9542267116774,605.3470495103986,640.0,503.73635273536763,560.8263909549081,585.9221214558647,602.877322430216,483.2656894946439,471.89658017851735,429.2432451232039,397.6761775054312,448.2049221309814,424.7426566446243,390.934616518648,368.90045441223805,320.0,167.9783536306044,47.468836054493124,57.2063139850801,129.09207120068936,52.589143881878556,11.478724354906149,2.1252484520327357,0.0,173.22811623119978,161.7087172647715,184.1827939454961,207.4498450422717,273.19277320533644,262.5516690678859,263.1708738418127,273.84055851250736,356.34440501511267,323.73726573893066,303.8141069469452,297.0719591546574,320.0,322.8612011295372,360.0763101784312,403.85610996727274,449.519314582527,478.21839093621963,540.7825503447929,590.7669814194335,640.0,495.0577845771908,557.5149448400166,596.8822024601559,635.7069157816869,491.570491870859,516.8008171510103,484.77296805828155,465.03111265828295,474.2225591392432,490.5532671153974,468.19945996578406,450.8291746728991,320.0,182.50290099790888,131.34069256361047,241.75064005461647,353.6033246998718,145.03527217768817,69.9903687156156,27.797280244569833,0.0,283.35618290322293,319.75029196354046,348.5385823403132,378.4865951961711,402.4843495212888,454.4141933992871,411.59068733077515,373.4795430544791,505.3583947438821,528.1975964511914,485.63054232532295,444.8742499483168,320.0,348.85691322193134,397.8076990868689,430.85847763315655,446.3463665958223,475.4240453644721,537.7506561216123,579.5906151796769,615.3431576799801,476.151585576867,553.1676909898654,600.4452661285577,640.0,457.1450491325806,480.3579045602893,441.39129792603273,411.34312633331257,426.76016120156555,439.7681143558306,412.4557098818111,388.73786495457193,320.0,212.12626931129932,162.127872693053,242.3051780366421,309.7836164627417,134.97285331299082,62.66276606034501,25.847077008991675,0.0,255.4652349032483,262.4507859568787,273.4507669248676,283.13325301650855,365.32365499083204,415.4911810092858,395.46241399421166,367.6601393821062,462.305443963372,481.66728759689056,450.2174159586802,410.30392035963723,320.0,342.1747569228446,382.1073795082541,412.8645936451955,433.7658890526962,473.2056278855644,532.5554543082684,574.4954665623584,610.9752041422412,479.5362668987367,555.661447099051,601.7589290937449,640.0,465.16193296555,489.00815096439044,447.453372813082,415.9061567498095,436.79417265415634,444.800770639554,415.7690351704696,393.203732343582,320.0,216.78216033585187,159.52545672785493,249.59618065102615,318.1176192160719,143.3384771678581,80.6582449336133,35.2665608040362,0.0,273.84033211393626,284.42064539709753,302.3836178063211,319.69070085678504,386.4793210525494,429.4882250978483,411.4354533092302,388.466873277123,482.1652045928733,503.6133218817007,473.35155033181945,437.18535899638135,320.0,330.27739604010793,368.26758553530044,398.2861358397401,414.783041158373,464.8697707305018,529.8826455616327,579.0902440116245,620.8895438219514,468.43201788678607,544.3761425301143,595.2674831253553,640.0,452.5974534877945,479.11689512669705,433.7308678905575,398.192188512793,425.072015041384,434.14040955392807,401.31040577027915,374.5631357311978
320.0,167.9783536306044,47.468836054493124,57.2063139850801,129.09207120068936,52.589143881878556,11.478724354906149,2.1252484520327357,0.0,173.22811623119978,161.7087172647715,184.1827939454961,207.4498450422717,273.19277320533644,262.5516690678859,263.1708738418127,273.84055851250736,356.34440501511267,323.73726573893066,303.8141069469452,297.0719591546574,320.0,322.8612011295372,360.0763101784312,403.85610996727274,449.519314582527,478.21839093621963,540.7825503447929,590.7669814194335,640.0,495.0577845771908,557.5149448400166,596.8822024601559,635.7069157816869,491.570491870859,516.8008171510103,484.77296805828155,465.03111265828295,474.2225591392432,490.5532671153974,468.19945996578406,450.8291746728991,320.0,182.50290099790888,131.34069256361047,241.75064005461647,353.6033246998718,145.03527217768817,69.9903687156156,27.797280244569833,0.0,283.35618290322293,319.75029196354046,348.5385823403132,378.4865951961711,402.4843495212888,454.4141933992871,411.59068733077515,373.4795430544791,505.3583947438821,528.1975964511914,485.63054232532295,444.8742499483168,320.0,348.85691322193134,397.8076990868689,430.85847763315655,446.3463665958223,475.4240453644721,537.7506561216123,579.5906151796769,615.3431576799801,476.151585576867,553.1676909898654,600.4452661285577,640.0,457.1450491325806,480.3579045602893,441.39129792603273,411.34312633331257,426.76016120156555,439.7681143558306,412.4557098818111,388.73786495457193,320.0,212.12626931129932,162.127872693053,242.3051780366421,309.7836164627417,134.97285331299082,62.66276606034501,25.847077008991675,0.0,255.4652349032483,262.4507859568787,273.4507669248676,283.13325301650855,365.32365499083204,415.4911810092858,395.46241399421166,367.6601393821062,462.305443963372,481.66728759689056,450.2174159586802,410.30392035963723,320.0,342.1747569228446,382.1073795082541,412.8645936451955,433.7658890526962,473.2056278855644,532.5554543082684,574.4954665623584,610.9752041422412,479.5362668987367,555.661447099051,601.7589290937449,640.0,465.16193296555,489.00815096439044,447.453372813082,415.9061567498095,436.79417265415634,444.800770639554,415.7690351704696,393.203732343582,320.0,216.78216033585187,159.52545672785493,249.59618065102615,318.1176192160719,143.3384771678581,80.6582449336133,35.2665608040362,0.0,273.84033211393626,284.42064539709753,302.3836178063211,319.69070085678504,386.4793210525494,429.4882250978483,411.4354533092302,388.466873277123,482.1652045928733,503.6133218817007,473.35155033181945,437.18535899638135,320.0,330.27739604010793,368.26758553530044,398.2861358397401,414.783041158373,464.8697707305018,529.8826455616327,579.0902440116245,620.8895438219514,468.43201788678607,544.3761425301143,595.2674831253553,640.0,452.5974534877945,479.11689512669705,433.7308678905575,398.192188512793,425.072015041384,434.14040955392807,401.31040577027915,374.5631357311978,320.0,202.36625185987631,140.80149406511748,219.91836938110794,289.4430948341833,143.1645930698828,77.16619703901787,33.715845654364955,0.0,258.6127253901232,267.9874384167002,275.8053859526141,284.96891539292324,359.3451556656636,412.00713195760954,382.84810097529976,349.36580791584345,446.63553244102985,471.19913807970926,433.2383848306226,390.1116496291395,320.0,334.6185047809194,376.66504391572687,411.8092717584722,430.6052965058261,469.1564783589774,530.9934087744617,574.0861213930269,610.2777486508725,472.26771048666495,549.586065133562,598.6464299077302,640.0,455.41201722036243,477.59497243286216,432.53986156908144,399.3208453874972,425.23122214429293,435.8160949744903,403.0093549628865,376.12295523804
320.0,182.50290099790888,131.34069256361047,241.75064005461647,353.6033246998718,145.03527217768817,69.9903687156156,27.797280244569833,0.0,283.35618290322293,319.75029196354046,348.5385823403132,378.4865951961711,402.4843495212888,454.4141933992871,411.59068733077515,373.4795430544791,505.3583947438821,528.1975964511914,485.63054232532295,444.8742499483168,320.0,348.85691322193134,397.8076990868689,430.85847763315655,446.3463665958223,475.4240453644721,537.7506561216123,579.5906151796769,615.3431576799801,476.151585576867,553.1676909898654,600.4452661285577,640.0,457.1450491325806,480.3579045602893,441.39129792603273,411.34312633331257,426.76016120156555,439.7681143558306,412.4557098818111,388.73786495457193,320.0,212.12626931129932,162.127872693053,242.3051780366421,309.7836164627417,134.97285331299082,62.66276606034501,25.847077008991675,0.0,255.4652349032483,262.4507859568787,273.4507669248676,283.13325301650855,365.32365499083204,415.4911810092858,395.46241399421166,367.6601393821062,462.305443963372,481.66728759689056,450.2174159586802,410.30392035963723,320.0,342.1747569228446,382.1073795082541,412.8645936451955,433.7658890526962,473.2056278855644,532.5554543082684,574.4954665623584,610.9752041422412,479.5362668987367,555.661447099051,601.7589290937449,640.0,465.16193296555,489.00815096439044,447.453372813082,415.9061567498095,436.79417265415634,444.800770639554,415.7690351704696,393.203732343582,320.0,216.78216033585187,159.52545672785493,249.59618065102615,318.1176192160719,143.3384771678581,80.6582449336133,35.2665608040362,0.0,273.84033211393626,284.42064539709753,302.3836178063211,319.69070085678504,386.4793210525494,429.4882250978483,411.4354533092302,388.466873277123,482.1652045928733,503.6133218817007,473.35155033181945,437.18535899638135,320.0,330.27739604010793,368.26758553530044,398.2861358397401,414.783041158373,464.8697707305018,529.8826455616327,579.0902440116245,620.8895438219514,468.43201788678607,544.3761425301143,595.2674831253553,640.0,452.5974534877945,479.11689512669705,433.7308678905575,398.192188512793,425.072015041384,434.14040955392807,401.31040577027915,374.5631357311978,320.0,202.36625185987631,140.80149406511748,219.91836938110794,289.4430948341833,143.1645930698828,77.16619703901787,33.715845654364955,0.0,258.6127253901232,267.9874384167002,275.8053859526141,284.96891539292324,359.3451556656636,412.00713195760954,382.84810097529976,349.36580791584345,446.63553244102985,471.19913807970926,433.2383848306226,390.1116496291395,320.0,334.6185047809194,376.66504391572687,411.8092717584722,430.6052965058261,469.1564783589774,530.9934087744617,574.0861213930269,610.2777486508725,472.26771048666495,549.586065133562,598.6464299077302,640.0,455.41201722036243,477.59497243286216,432.53986156908144,399.3208453874972,425.23122214429293,435.8160949744903,403.0093549628865,376.12295523804,320.0,206.4971098265896,149.3303991471299,225.46646714200483,293.5264419080035,141.7332433516231,76.10058390305448,34.09790401298869,0.0,244.13297731874064,246.83860997818923,262.8028520289898,280.3447081951821,333.5916982091683,392.0722201030877,377.6283559754702,353.4123607484131,412.37655389611024,441.87261719628725,416.98132879512536,381.12915309605546,320.0,336.2030591429337,378.8778684645241,415.13361642133293,437.5149636877618,469.9316011929087,534.8709674745684,575.9647471292351,609.9995912002123,475.53942396316927,553.0346023031302,600.9126939920058,640.0,462.2861966574226,483.6651612251575,439.9859912320172,406.8802100022772,436.6893398361064,444.3291251305244,412.1108243581176,385.0339943012467
320.0,212.12626931129932,162.127872693053,242.3051780366421,309.7836164627417,134.97285331299082,62.66276606034501,25.847077008991675,0.0,255.4652349032483,262.4507859568787,273.4507669248676,283.13325301650855,365.32365499083204,415.4911810092858,395.46241399421166,367.6601393821062,462.305443963372,481.66728759689056,450.2174159586802,410.30392035963723,320.0,342.1747569228446,382.1073795082541,412.8645936451955,433.7658890526962,473.2056278855644,532.5554543082684,574.4954665623584,610.9752041422412,479.5362668987367,555.661447099051,601.7589290937449,640.0,465.16193296555,489.00815096439044,447.453372813082,415.9061567498095,436.79417265415634,444.800770639554,415.7690351704696,393.203732343582,320.0,216.78216033585187,159.52545672785493,249.59618065102615,318.1176192160719,143.3384771678581,80.6582449336133,35.2665608040362,0.0,273.84033211393626,284.42064539709753,302.3836178063211,319.69070085678504,386.4793210525494,429.4882250978483,411.4354533092302,388.466873277123,482.1652045928733,503.6133218817007,473.35155033181945,437.18535899638135,320.0,330.27739604010793,368.26758553530044,398.2861358397401,414.783041158373,464.8697707305018,529.8826455616327,579.0902440116245,620.8895438219514,468.43201788678607,544.3761425301143,595.2674831253553,640.0,452.5974534877945,479.11689512669705,433.7308678905575,398.192188512793,425.072015041384,434.14040955392807,401.31040577027915,374.5631357311978,320.0,202.36625185987631,140.80149406511748,219.91836938110794,289.4430948341833,143.1645930698828,77.16619703901787,33.715845654364955,0.0,258.6127253901232,267.9874384167002,275.8053859526141,284.96891539292324,359.3451556656636,412.00713195760954,382.84810097529976,349.36580791584345,446.63553244102985,471.19913807970926,433.2383848306226,390.1116496291395,320.0,334.6185047809194,376.66504391572687,411.8092717584722,430.6052965058261,469.1564783589774,530.9934087744617,574.0861213930269,610.2777486508725,472.26771048666495,549.586065133562,598.6464299077302,640.0,455.41201722036243,477.59497243286216,432.53986156908144,399.3208453874972,425.23122214429293,435.8160949744903,403.0093549628865,376.12295523804,320.0,206.4971098265896,149.3303991471299,225.46646714200483,293.5264419080035,141.7332433516231,76.10058390305448,34.09790401298869,0.0,244.13297731874064,246.83860997818923,262.8028520289898,280.3447081951821,333.5916982091683,392.0722201030877,377.6283559754702,353.4123607484131,412.37655389611024,441.87261719628725,416.98132879512536,381.12915309605546,320.0,336.2030591429337,378.8778684645241,415.13361642133293,437.5149636877618,469.9316011929087,534.8709674745684,575.9647471292351,609.9995912002123,475.53942396316927,553.0346023031302,600.9126939920058,640.0,462.2861966574226,483.6651612251575,439.9859912320172,406.8802100022772,436.6893398361064,444.3291251305244,412.1108243581176,385.0339943012467,320.0,208.7116848730437,153.51751892239932,228.75200675465987,296.7021271660437,138.55409160641216,72.56129895352092,33.47420354272924,0.0,240.60395410327763,242.02200294319948,257.22647277784654,271.57494866981006,330.9949767344648,386.42350477091804,373.71450867442974,348.8643532737906,410.0803434367555,435.965809661869,410.1736155620879,372.4347955814406,320.0,337.29145615606376,378.23897812253756,412.9185580995464,435.52594093236934,469.27200890941134,532.8861331416025,572.699167985736,606.4847155847077,474.7940775047024,552.7926947243202,600.7952781223995,640.0,461.5365643289582,487.0858414053023,445.6229646424988,413.738135620119,435.96719415644185,445.39867269643554,413.3789328854707,386.0164636426741
320.0,216.78216033585187,159.52545672785493,249.59618065102615,318.1176192160719,143.3384771678581,80.6582449336133,35.2665608040362,0.0,273.84033211393626,284.42064539709753,302.3836178063211,319.69070085678504,386.4793210525494,429.4882250978483,411.4354533092302,388.466873277123,482.1652045928733,503.6133218817007,473.35155033181945,437.18535899638135,320.0,330.27739604010793,368.26758553530044,398.2861358397401,414.783041158373,464.8697707305018,529.8826455616327,579.0902440116245,620.8895438219514,468.43201788678607,544.3761425301143,595.2674831253553,640.0,452.5974534877945,479.11689512669705,433.7308678905575,398.192188512793,425.072015041384,434.14040955392807,401.31040577027915,374.5631357311978,320.0,202.36625185987631,140.80149406511748,219.91836938110794,289.4430948341833,143.1645930698828,77.16619703901787,33.715845654364955,0.0,258.6127253901232,267.9874384167002,275.8053859526141,284.96891539292324,359.3451556656636,412.00713195760954,382.84810097529976,349.36580791584345,446.63553244102985,471.19913807970926,433.2383848306226,390.1116496291395,320.0,334.6185047809194,376.66504391572687,411.8092717584722,430.6052965058261,469.1564783589774,530.9934087744617,574.0861213930269,610.2777486508725,472.26771048666495,549.586065133562,598.6464299077302,640.0,455.41201722036243,477.59497243286216,432.53986156908144,399.3208453874972,425.23122214429293,435.8160949744903,403.0093549628865,376.12295523804,320.0,206.4971098265896,149.3303991471299,225.46646714200483,293.5264419080035,141.7332433516231,76.10058390305448,34.09790401298869,0.0,244.13297731874064,246.83860997818923,262.8028520289898,280.3447081951821,333.5916982091683,392.0722201030877,377.6283559754702,353.4123607484131,412.37655389611024,441.87261719628725,416.98132879512536,381.12915309605546,320.0,336.2030591429337,378.8778684645241,415.13361642133293,437.5149636877618,469.9316011929087,534.8709674745684,575.9647471292351,609.9995912002123,475.53942396316927,553.0346023031302,600.9126939920058,640.0,462.2861966574226,483.6651612251575,439.9859912320172,406.8802100022772,436.6893398361064,444.3291251305244,412.1108243581176,385.0339943012467,320.0,208.7116848730437,153.51751892239932,228.75200675465987,296.7021271660437,138.55409160641216,72.56129895352092,33.47420354272924,0.0,240.60395410327763,242.02200294319948,257.22647277784654,271.57494866981006,330.9949767344648,386.42350477091804,373.71450867442974,348.8643532737906,410.0803434367555,435.965809661869,410.1736155620879,372.4347955814406,320.0,337.29145615606376,378.23897812253756,412.9185580995464,435.52594093236934,469.27200890941134,532.8861331416025,572.699167985736,606.4847155847077,474.7940775047024,552.7926947243202,600.7952781223995,640.0,461.5365643289582,487.0858414053023,445.6229646424988,413.738135620119,435.96719415644185,445.39867269643554,413.3789328854707,386.0164636426741,320.0,213.86609312293737,154.365069119498,209.03095973232016,249.38074779561748,128.05277479383378,63.56941932808695,26.074582220105242,0.0,224.3507606756837,216.1861918407453,229.310162918448,248.42880929573113,312.2989021109095,363.1778629661976,354.5772254822096,339.85952329071887,389.8054904439071,418.09185901114216,399.02931404397077,370.9016269526398,320.0,330.84838250270286,372.9843005884407,412.45191841529595,446.0657311623595,468.0978832613032,530.9192038816124,571.5280794212779,607.4178612683394,476.3444600318237,552.3506633479187,600.3919948750341,640.0,466.56904720136174,491.90399992825945,447.18627378998065,414.57777040444296,445.3398064238062,457.437640363478,426.41061266994245,400.9925754130546
320.0,202.36625185987631,140.80149406511748,219.91836938110794,289.4430948341833,143.1645930698828,77.16619703901787,33.715845654364955,0.0,258.6127253901232,267.9874384167002,275.8053859526141,284.96891539292324,359.3451556656636,412.00713195760954,382.84810097529976,349.36580791584345,446.63553244102985,471.19913807970926,433.2383848306226,390.1116496291395,320.0,334.6185047809194,376.66504391572687,411.8092717584722,430.6052965058261,469.1564783589774,530.9934087744617,574.0861213930269,610.2777486508725,472.26771048666495,549.586065133562,598.6464299077302,640.0,455.41201722036243,477.59497243286216,432.53986156908144,399.3208453874972,425.23122214429293,435.8160949744903,403.0093549628865,376.12295523804,320.0,206.4971098265896,149.3303991471299,225.46646714200483,293.5264419080035,141.7332433516231,76.10058390305448,34.09790401298869,0.0,244.13297731874064,246.83860997818923,262.8028520289898,280.3447081951821,333.5916982091683,392.0722201030877,377.6283559754702,353.4123607484131,412.37655389611024,441.87261719628725,416.98132879512536,381.12915309605546,320.0,336.2030591429337,378.8778684645241,415.13361642133293,437.5149636877618,469.9316011929087,534.8709674745684,575.9647471292351,609.9995912002123,475.53942396316927,553.0346023031302,600.9126939920058,640.0,462.2861966574226,483.6651612251575,439.9859912320172,406.8802100022772,436.6893398361064,444.3291251305244,412.1108243581176,385.0339943012467,320.0,208.7116848730437,153.51751892239932,228.75200675465987,296.7021271660437,138.55409160641216,72.56129895352092,33.47420354272924,0.0,240.60395410327763,242.02200294319948,257.22647277784654,271.57494866981006,330.9949767344648,386.42350477091804,373.71450867442974,348.8643532737906,410.0803434367555,435.965809661869,410.1736155620879,372.4347955814406,320.0,337.29145615606376,378.23897812253756,412.9185580995464,435.52594093236934,469.27200890941134,532.8861331416025,572.699167985736,606.4847155847077,474.7940775047024,552.7926947243202,600.7952781223995,640.0,461.5365643289582,487.0858414053023,445.6229646424988,413.738135620119,435.96719415644185,445.39867269643554,413.3789328854707,386.0164636426741,320.0,213.86609312293737,154.365069119498,209.03095973232016,249.38074779561748,128.05277479383378,63.56941932808695,26.074582220105242,0.0,224.3507606756837,216.1861918407453,229.310162918448,248.42880929573113,312.2989021109095,363.1778629661976,354.5772254822096,339.85952329071887,389.8054904439071,418.09185901114216,399.02931404397077,370.9016269526398,320.0,330.84838250270286,372.9843005884407,412.45191841529595,446.0657311623595,468.0978832613032,530.9192038816124,571.5280794212779,607.4178612683394,476.3444600318237,552.3506633479187,600.3919948750341,640.0,466.56904720136174,491.90399992825945,447.18627378998065,414.57777040444296,445.3398064238062,457.437640363478,426.41061266994245,400.9925754130546,320.0,221.60147031655472,158.1486866240321,201.86825342716025,242.69965951949627,131.89676373303897,66.87329413639102,28.648840273746146,0.0,221.68651554676376,217.16996744986412,230.16209704397923,244.45467061087223,303.0717142451214,354.8330301947788,351.35805013292855,336.2253008652045,374.5925014400405,403.36386204116724,389.88350310454126,362.44014810289127,320.0,331.7873026769449,371.93134461311956,410.8886992303675,443.6926308309354,468.5475490783522,532.6847049320976,572.5241157420908,607.7889854675483,477.1284564774388,554.862515502526,601.3119367836528,640.0,467.3516114628463,491.2334972997048,445.2206361318942,412.0373974672261,446.6268159249918,460.1814191964422,427.99882911901307,400.72248857675373
320.0,206.4971098265896,149.3303991471299,225.46646714200483,293.5264419080035,141.7332433516231,76.10058390305448,34.09790401298869,0.0,244.13297731874064,246.83860997818923,262.8028520289898,280.3447081951821,333.5916982091683,392.0722201030877,377.6283559754702,353.4123607484131,412.37655389611024,441.87261719628725,416.98132879512536,381.12915309605546,320.0,336.2030591429337,378.8778684645241,415.13361642133293,437.5149636877618,469.9316011929087,534.8709674745684,575.9647471292351,609.9995912002123,475.53942396316927,553.0346023031302,600.9126939920058,640.0,462.2861966574226,483.6651612251575,439.9859912320172,406.8802100022772,436.6893398361064,444.3291251305244,412.1108243581176,385.0339943012467,320.0,208.7116848730437,153.51751892239932,228.75200675465987,296.7021271660437,138.55409160641216,72.56129895352092,33.47420354272924,0.0,240.60395410327763,242.02200294319948,257.22647277784654,271.57494866981006,330.9949767344648,386.42350477091804,373.71450867442974,348.8643532737906,410.0803434367555,435.965809661869,410.1736155620879,372.4347955814406,320.0,337.29145615606376,378.23897812253756,412.9185580995464,435.52594093236934,469.27200890941134,532.8861331416025,572.699167985736,606.4847155847077,474.7940775047024,552.7926947243202,600.7952781223995,640.0,461.5365643289582,487.0858414053023,445.6229646424988,413.738135620119,435.96719415644185,445.39867269643554,413.3789328854707,386.0164636426741,320.0,213.86609312293737,154.365069119498,209.03095973232016,249.38074779561748,128.05277479383378,63.56941932808695,26.074582220105242,0.0,224.3507606756837,216.1861918407453,229.310162918448,248.42880929573113,312.2989021109095,363.1778629661976,354.5772254822096,339.85952329071887,389.8054904439071,418.09185901114216,399.02931404397077,370.9016269526398,320.0,330.84838250270286,372.9843005884407,412.45191841529595,446.0657311623595,468.0978832613032,530.9192038816124,571.5280794212779,607.4178612683394,476.3444600318237,552.3506633479187,600.3919948750341,640.0,466.56904720136174,491.90399992825945,447.18627378998065,414.57777040444296,445.3398064238062,457.437640363478,426.41061266994245,400.9925754130546,320.0,221.60147031655472,158.1486866240321,201.86825342716025,242.69965951949627,131.89676373303897,66.87329413639102,28.648840273746146,0.0,221.68651554676376,217.16996744986412,230.16209704397923,244.45467061087223,303.0717142451214,354.8330301947788,351.35805013292855,336.2253008652045,374.5925014400405,403.36386204116724,389.88350310454126,362.44014810289127,320.0,331.7873026769449,371.93134461311956,410.8886992303675,443.6926308309354,468.5475490783522,532.6847049320976,572.5241157420908,607.7889854675483,477.1284564774388,554.862515502526,601.3119367836528,640.0,467.3516114628463,491.2334972997048,445.2206361318942,412.0373974672261,446.6268159249918,460.1814191964422,427.99882911901307,400.72248857675373,320.0,207.8824821324846,147.1120516482877,226.9642986312032,296.63765268507706,132.41971775576272,70.60075991303901,32.64853450206397,0.0,236.84721271642124,239.80942687375557,250.48588001504254,256.17304011083274,326.83098943514534,387.0353228641113,375.8902947981045,347.34476136538694,403.3352095825155,433.041942970162,407.54761469456434,363.2312891039602,320.0,338.16344192084597,380.4316301167933,415.35934320499365,439.4660723935216,473.19790842066436,536.1137234649779,576.5794433562049,611.3416733057181,478.7224854918477,556.7215117799564,603.0501658788764,640.0,465.53543521217665,494.71616946192205,451.936254403286,418.7386783459516,439.99352736497985,448.049834219706,416.58726234437546,390.5519245174711
320.0,208.7116848730437,153.51751892239932,228.75200675465987,296.7021271660437,138.55409160641216,72.56129895352092,33.47420354272924,0.0,240.60395410327763,242.02200294319948,257.22647277784654,271.57494866981006,330.9949767344648,386.42350477091804,373.71450867442974,348.8643532737906,410.0803434367555,435.965809661869,410.1736155620879,372.4347955814406,320.0,337.29145615606376,378.23897812253756,412.9185580995464,435.52594093236934,469.27200890941134,532.8861331416025,572.699167985736,606.4847155847077,474.7940775047024,552.7926947243202,600.7952781223995,640.0,461.5365643289582,487.0858414053023,445.6229646424988,413.738135620119,435.96719415644185,445.39867269643554,413.3789328854707,386.0164636426741,320.0,213.86609312293737,154.365069119498,209.03095973232016,249.38074779561748,128.05277479383378,63.56941932808695,26.074582220105242,0.0,224.3507606756837,216.1861918407453,229.310162918448,248.42880929573113,312.2989021109095,363.1778629661976,354.5772254822096,339.85952329071887,389.8054904439071,418.09185901114216,399.02931404397077,370.9016269526398,320.0,330.84838250270286,372.9843005884407,412.45191841529595,446.0657311623595,468.0978832613032,530.9192038816124,571.5280794212779,607.4178612683394,476.3444600318237,552.3506633479187,600.3919948750341,640.0,466.56904720136174,491.90399992825945,447.18627378998065,414.57777040444296,445.3398064238062,457.437640363478,426.41061266994245,400.9925754130546,320.0,221.60147031655472,158.1486866240321,201.86825342716025,242.69965951949627,131.89676373303897,66.87329413639102,28.648840273746146,0.0,221.68651554676376,217.16996744986412,230.16209704397923,244.45467061087223,303.0717142451214,354.8330301947788,351.35805013292855,336.2253008652045,374.5925014400405,403.36386204116724,389.88350310454126,362.44014810289127,320.0,331.7873026769449,371.93134461311956,410.8886992303675,443.6926308309354,468.5475490783522,532.6847049320976,572.5241157420908,607.7889854675483,477.1284564774388,554.862515502526,601.3119367836528,640.0,467.3516114628463,491.2334972997048,445.2206361318942,412.0373974672261,446.6268159249918,460.1814191964422,427.99882911901307,400.72248857675373,320.0,207.8824821324846,147.1120516482877,226.9642986312032,296.63765268507706,132.41971775576272,70.60075991303901,32.64853450206397,0.0,236.84721271642124,239.80942687375557,250.48588001504254,256.17304011083274,326.83098943514534,387.0353228641113,375.8902947981045,347.34476136538694,403.3352095825155,433.041942970162,407.54761469456434,363.2312891039602,320.0,338.16344192084597,380.4316301167933,415.35934320499365,439.4660723935216,473.19790842066436,536.1137234649779,576.5794433562049,611.3416733057181,478.7224854918477,556.7215117799564,603.0501658788764,640.0,465.53543521217665,494.71616946192205,451.936254403286,418.7386783459516,439.99352736497985,448.049834219706,416.58726234437546,390.5519245174711,320.0,203.6525666418071,145.68237049194545,179.9323778190139,198.85643475263694,134.90727322359766,73.52402442808295,32.4276430794809,0.0,236.6830009831594,244.54075751472618,254.74902792206518,266.9988206447481,326.5457147307018,373.6977570935106,367.99422166792175,357.7165027623654,403.03854619335175,418.9004165408147,412.91412651534074,400.5512280772295,320.0,343.8780960114612,392.87608610104115,434.22049145245296,457.5154865583968,475.3721978378471,538.7341913539994,579.4629697513752,614.2501147857042,481.28939198586704,556.897755519749,602.9827877641127,640.0,470.31028685849765,490.5793765221715,447.72090148367283,415.19534443006427,448.42883450397187,457.19880437172094,426.4940358555844,400.4980383634522
320.0,213.86609312293737,154.365069119498,209.03095973232016,249.38074779561748,128.05277479383378,63.56941932808695,26.074582220105242,0.0,224.3507606756837,216.1861918407453,229.310162918448,248.42880929573113,312.2989021109095,363.1778629661976,354.5772254822096,339.85952329071887,389.8054904439071,418.09185901114216,399.02931404397077,370.9016269526398,320.0,330.84838250270286,372.9843005884407,412.45191841529595,446.0657311623595,468.0978832613032,530.9192038816124,571.5280794212779,607.4178612683394,476.3444600318237,552.3506633479187,600.3919948750341,640.0,466.56904720136174,491.90399992825945,447.18627378998065,414.57777040444296,445.3398064238062,457.437640363478,426.41061266994245,400.9925754130546,320.0,221.60147031655472,158.1486866240321,201.86825342716025,242.69965951949627,131.89676373303897,66.87329413639102,28.648840273746146,0.0,221.68651554676376,217.16996744986412,230.16209704397923,244.45467061087223,303.0717142451214,354.8330301947788,351.35805013292855,336.2253008652045,374.5925014400405,403.36386204116724,389.88350310454126,362.44014810289127,320.0,331.7873026769449,371.93134461311956,410.8886992303675,443.6926308309354,468.5475490783522,532.6847049320976,572.5241157420908,607.7889854675483,477.1284564774388,554.862515502526,601.3119367836528,640.0,467.3516114628463,491.2334972997048,445.2206361318942,412.0373974672261,446.6268159249918,460.1814191964422,427.99882911901307,400.72248857675373,320.0,207.8824821324846,147.1120516482877,226.9642986312032,296.63765268507706,132.41971775576272,70.60075991303901,32.64853450206397,0.0,236.84721271642124,239.80942687375557,250.48588001504254,256.17304011083274,326.83098943514534,387.0353228641113,375.8902947981045,347.34476136538694,403.3352095825155,433.041942970162,407.54761469456434,363.2312891039602,320.0,338.16344192084597,380.4316301167933,415.35934320499365,439.4660723935216,473.19790842066436,536.1137234649779,576.5794433562049,611.3416733057181,478.7224854918477,556.7215117799564,603.0501658788764,640.0,465.53543521217665,494.71616946192205,451.936254403286,418.7386783459516,439.99352736497985,448.049834219706,416.58726234437546,390.5519245174711,320.0,203.6525666418071,145.68237049194545,179.9323778190139,198.85643475263694,134.90727322359766,73.52402442808295,32.4276430794809,0.0,236.6830009831594,244.54075751472618,254.74902792206518,266.9988206447481,326.5457147307018,373.6977570935106,367.99422166792175,357.7165027623654,403.03854619335175,418.9004165408147,412.91412651534074,400.5512280772295,320.0,343.8780960114612,392.87608610104115,434.22049145245296,457.5154865583968,475.3721978378471,538.7341913539994,579.4629697513752,614.2501147857042,481.28939198586704,556.897755519749,602.9827877641127,640.0,470.31028685849765,490.5793765221715,447.72090148367283,415.19534443006427,448.42883450397187,457.19880437172094,426.4940358555844,400.4980383634522,320.0,219.2776503441989,161.0493631668947,204.64134036476062,236.72844595284772,129.82548366706115,70.63505516114543,29.010783487856372,0.0,216.5601652462346,206.42701175879282,210.44468691727985,222.0783569060523,295.10683264801276,335.06264047789085,340.7104511063215,342.64970952409647,364.15401270460785,383.2634250812362,384.27302384282973,379.72753860297183,320.0,336.59102849106773,387.0357956461593,437.2152671195322,475.61179285647097,468.98412676563635,535.226054219977,578.2619966918335,617.4592501336343,480.6062065975209,555.0810179609123,601.7252478257179,640.0,476.1359147126231,497.8674943965349,450.873085243788,416.70569018401386,461.9171306588115,477.19471152191716,445.624479514374,418.7049514672246
320.0,221.60147031655472,158.1486866240321,201.86825342716025,242.69965951949627,131.89676373303897,66.87329413639102,28.648840273746146,0.0,221.68651554676376,217.16996744986412,230.16209704397923,244.45467061087223,303.0717142451214,354.8330301947788,351.35805013292855,336.2253008652045,374.5925014400405,403.36386204116724,389.88350310454126,362.44014810289127,320.0,331.7873026769449,371.93134461311956,410.8886992303675,443.6926308309354,468.5475490783522,532.6847049320976,572.5241157420908,607.7889854675483,477.1284564774388,554.862515502526,601.3119367836528,640.0,467.3516114628463,491.2334972997048,445.2206361318942,412.0373974672261,446.6268159249918,460.1814191964422,427.99882911901307,400.72248857675373,320.0,207.8824821324846,147.1120516482877,226.9642986312032,296.63765268507706,132.41971775576272,70.60075991303901,32.64853450206397,0.0,236.84721271642124,239.80942687375557,250.48588001504254,256.17304011083274,326.83098943514534,387.0353228641113,375.8902947981045,347.34476136538694,403.3352095825155,433.041942970162,407.54761469456434,363.2312891039602,320.0,338.16344192084597,380.4316301167933,415.35934320499365,439.4660723935216,473.19790842066436,536.1137234649779,576.5794433562049,611.3416733057181,478.7224854918477,556.7215117799564,603.0501658788764,640.0,465.53543521217665,494.71616946192205,451.936254403286,418.7386783459516,439.99352736497985,448.049834219706,416.58726234437546,390.5519245174711,320.0,203.6525666418071,145.68237049194545,179.9323778190139,198.85643475263694,134.90727322359766,73.52402442808295,32.4276430794809,0.0,236.6830009831594,244.54075751472618,254.74902792206518,266.9988206447481,326.5457147307018,373.6977570935106,367.99422166792175,357.7165027623654,403.03854619335175,418.9004165408147,412.91412651534074,400.5512280772295,320.0,343.8780960114612,392.87608610104115,434.22049145245296,457.5154865583968,475.3721978378471,538.7341913539994,579.4629697513752,614.2501147857042,481.28939198586704,556.897755519749,602.9827877641127,640.0,470.31028685849765,490.5793765221715,447.72090148367283,415.19534443006427,448.42883450397187,457.19880437172094,426.4940358555844,400.4980383634522,320.0,219.2776503441989,161.0493631668947,204.64134036476062,236.72844595284772,129.82548366706115,70.63505516114543,29.010783487856372,0.0,216.5601652462346,206.42701175879282,210.44468691727985,222.0783569060523,295.10683264801276,335.06264047789085,340.7104511063215,342.64970952409647,364.15401270460785,383.2634250812362,384.27302384282973,379.72753860297183,320.0,336.59102849106773,387.0357956461593,437.2152671195322,475.61179285647097,468.98412676563635,535.226054219977,578.2619966918335,617.4592501336343,480.6062065975209,555.0810179609123,601.7252478257179,640.0,476.1359147126231,497.8674943965349,450.873085243788,416.70569018401386,461.9171306588115,477.19471152191716,445.624479514374,418.7049514672246,320.0,231.45828651264736,176.72212031503148,213.4236714901939,239.68514951627185,136.51372256397582,75.87743240421699,33.01522344752664,0.0,220.02086218439268,212.5128201592223,222.23283120010566,237.35044655891392,294.9302478617985,350.742887259954,355.92370758207454,351.62581317161874,361.3755423747768,389.7332540676627,390.50223737339024,378.11493507878697,320.0,336.37818253925155,385.1327847480826,433.3742978931673,474.86775683574064,466.6998704353832,531.4610083287855,572.0757833372425,609.074085085111,477.95734067442083,554.572665290165,601.0417035304245,640.0,472.36571980716747,496.119712376007,447.8352393119937,413.0442154477759,456.5854458087358,472.24541369482097,439.164029549845,411.5408016787379
320.0,207.8824821324846,147.1120516482877,226.9642986312032,296.63765268507706,132.41971775576272,70.60075991303901,32.64853450206397,0.0,236.84721271642124,239.80942687375557,250.48588001504254,256.17304011083274,326.83098943514534,387.0353228641113,375.8902947981045,347.34476136538694,403.3352095825155,433.041942970162,407.54761469456434,363.2312891039602,320.0,338.16344192084597,380.4316301167933,415.35934320499365,439.4660723935216,473.19790842066436,536.1137234649779,576.5794433562049,611.3416733057181,478.7224854918477,556.7215117799564,603.0501658788764,640.0,465.53543521217665,494.71616946192205,451.936254403286,418.7386783459516,439.99352736497985,448.049834219706,416.58726234437546,390.5519245174711,320.0,203.6525666418071,145.68237049194545,179.9323778190139,198.85643475263694,134.90727322359766,73.52402442808295,32.4276430794809,0.0,236.6830009831594,244.54075751472618,254.74902792206518,266.9988206447481,326.5457147307018,373.6977570935106,367.99422166792175,357.7165027623654,403.03854619335175,418.9004165408147,412.91412651534074,400.5512280772295,320.0,343.8780960114612,392.87608610104115,434.22049145245296,457.5154865583968,475.3721978378471,538.7341913539994,579.4629697513752,614.2501147857042,481.28939198586704,556.897755519749,602.9827877641127,640.0,470.31028685849765,490.5793765221715,447.72090148367283,415.19534443006427,448.42883450397187,457.19880437172094,426.4940358555844,400.4980383634522,320.0,219.2776503441989,161.0493631668947,204.64134036476062,236.72844595284772,129.82548366706115,70.63505516114543,29.010783487856372,0.0,216.5601652462346,206.42701175879282,210.44468691727985,222.0783569060523,295.10683264801276,335.06264047789085,340.7104511063215,342.64970952409647,364.15401270460785,383.2634250812362,384.27302384282973,379.72753860297183,320.0,336.59102849106773,387.0357956461593,437.2152671195322,475.61179285647097,468.98412676563635,535.226054219977,578.2619966918335,617.4592501336343,480.6062065975209,555.0810179609123,601.7252478257179,640.0,476.1359147126231,497.8674943965349,450.873085243788,416.70569018401386,461.9171306588115,477.19471152191716,445.624479514374,418.7049514672246,320.0,231.45828651264736,176.72212031503148,213.4236714901939,239.68514951627185,136.51372256397582,75.87743240421699,33.01522344752664,0.0,220.02086218439268,212.5128201592223,222.23283120010566,237.35044655891392,294.9302478617985,350.742887259954,355.92370758207454,351.62581317161874,361.3755423747768,389.7332540676627,390.50223737339024,378.11493507878697,320.0,336.37818253925155,385.1327847480826,433.3742978931673,474.86775683574064,466.6998704353832,531.4610083287855,572.0757833372425,609.074085085111,477.95734067442083,554.572665290165,601.0417035304245,640.0,472.36571980716747,496.119712376007,447.8352393119937,413.0442154477759,456.5854458087358,472.24541369482097,439.164029549845,411.5408016787379,320.0,206.32692841935147,153.16909180402322,218.69514968686275,280.0660187594163,138.89277254121276,73.65351217448537,31.048865086436933,0.0,234.2012124341939,224.40077877975034,224.3990819712949,226.9811080205323,321.62358748188785,350.59426796893644,346.70990454299715,337.2037933812943,396.3656022805475,404.5808110790526,385.99057764109045,366.2584658868879,320.0,342.2772122357566,385.48229658197386,422.808572152132,446.65010397190696,472.9827182436434,533.8092377688391,572.0110830272296,605.0826061731268,479.2009466865153,555.8758448629648,601.9153044212143,640.0,466.57835349537055,503.9567563442015,467.6835520480013,438.3288770215286,441.80577562216723,466.2579347684235,439.5608852040077,413.3338924637081
320.0,203.6525666418071,145.68237049194545,179.9323778190139,198.85643475263694,134.90727322359766,73.52402442808295,32.4276430794809,0.0,236.6830009831594,244.54075751472618,254.74902792206518,266.9988206447481,326.5457147307018,373.6977570935106,367.99422166792175,357.7165027623654,403.03854619335175,418.9004165408147,412.91412651534074,400.5512280772295,320.0,343.8780960114612,392.87608610104115,434.22049145245296,457.5154865583968,475.3721978378471,538.7341913539994,579.4629697513752,614.2501147857042,481.28939198586704,556.897755519749,602.9827877641127,640.0,470.31028685849765,490.5793765221715,447.72090148367283,415.19534443006427,448.42883450397187,457.19880437172094,426.4940358555844,400.4980383634522,320.0,219.2776503441989,161.0493631668947,204.64134036476062,236.72844595284772,129.82548366706115,70.63505516114543,29.010783487856372,0.0,216.5601652462346,206.42701175879282,210.44468691727985,222.0783569060523,295.10683264801276,335.06264047789085,340.7104511063215,342.64970952409647,364.15401270460785,383.2634250812362,384.27302384282973,379.72753860297183,320.0,336.59102849106773,387.0357956461593,437.2152671195322,475.61179285647097,468.98412676563635,535.226054219977,578.2619966918335,617.4592501336343,480.6062065975209,555.0810179609123,601.7252478257179,640.0,476.1359147126231,497.8674943965349,450.873085243788,416.70569018401386,461.9171306588115,477.19471152191716,445.624479514374,418.7049514672246,320.0,231.45828651264736,176.72212031503148,213.4236714901939,239.68514951627185,136.51372256397582,75.87743240421699,33.01522344752664,0.0,220.02086218439268,212.5128201592223,222.23283120010566,237.35044655891392,294.9302478617985,350.742887259954,355.92370758207454,351.62581317161874,361.3755423747768,389.7332540676627,390.50223737339024,378.11493507878697,320.0,336.37818253925155,385.1327847480826,433.3742978931673,474.86775683574064,466.6998704353832,531.4610083287855,572.0757833372425,609.074085085111,477.95734067442083,554.572665290165,601.0417035304245,640.0,472.36571980716747,496.119712376007,447.8352393119937,413.0442154477759,456.5854458087358,472.24541369482097,439.164029549845,411.5408016787379,320.0,206.32692841935147,153.16909180402322,218.69514968686275,280.0660187594163,138.89277254121276,73.65351217448537,31.048865086436933,0.0,234.2012124341939,224.40077877975034,224.3990819712949,226.9811080205323,321.62358748188785,350.59426796893644,346.70990454299715,337.2037933812943,396.3656022805475,404.5808110790526,385.99057764109045,366.2584658868879,320.0,342.2772122357566,385.48229658197386,422.808572152132,446.65010397190696,472.9827182436434,533.8092377688391,572.0110830272296,605.0826061731268,479.2009466865153,555.8758448629648,601.9153044212143,640.0,466.57835349537055,503.9567563442015,467.6835520480013,438.3288770215286,441.80577562216723,466.2579347684235,439.5608852040077,413.3338924637081,320.0,213.51973005214526,159.07318729324817,224.85318906251774,286.9397453559829,142.72912012342204,78.97872527913324,35.283246634916964,0.0,244.68641188343338,246.69112511661746,250.04406307365724,254.29611124414419,333.2695493674976,358.1576235611633,337.8214967630513,321.270789921497,408.3864479457828,414.27666993174546,387.4981805322748,361.7435635361113,320.0,337.9328664833648,379.56125926149736,417.7978472584671,441.60895610233393,473.4184391527055,535.4225607544432,575.6009620657842,609.3397200638562,480.5910912752531,560.2167835033283,605.1178665792513,640.0,466.4118762393675,494.75935731489113,455.9550108834623,424.86604242487704,439.6336777107216,450.2244475247694,420.3007524813563,394.78628003575534
320.0,219.2776503441989,161.0493631668947,204.64134036476062,236.72844595284772,129.82548366706115,70.63505516114543,29.010783487856372,0.0,216.5601652462346,206.42701175879282,210.44468691727985,222.0783569060523,295.10683264801276,335.06264047789085,340.7104511063215,342.64970952409647,364.15401270460785,383.2634250812362,384.27302384282973,379.72753860297183,320.0,336.59102849106773,387.0357956461593,437.2152671195322,475.61179285647097,468.98412676563635,535.226054219977,578.2619966918335,617.4592501336343,480.6062065975209,555.0810179609123,601.7252478257179,640.0,476.1359147126231,497.8674943965349,450.873085243788,416.70569018401386,461.9171306588115,477.19471152191716,445.624479514374,418.7049514672246,320.0,231.45828651264736,176.72212031503148,213.4236714901939,239.68514951627185,136.51372256397582,75.87743240421699,33.01522344752664,0.0,220.02086218439268,212.5128201592223,222.23283120010566,237.35044655891392,294.9302478617985,350.742887259954,355.92370758207454,351.62581317161874,361.3755423747768,389.7332540676627,390.50223737339024,378.11493507878697,320.0,336.37818253925155,385.1327847480826,433.3742978931673,474.86775683574064,466.6998704353832,531.4610083287855,572.0757833372425,609.074085085111,477.95734067442083,554.572665290165,601.0417035304245,640.0,472.36571980716747,496.119712376007,447.8352393119937,413.0442154477759,456.5854458087358,472.24541369482097,439.164029549845,411.5408016787379,320.0,206.32692841935147,153.16909180402322,218.69514968686275,280.0660187594163,138.89277254121276,73.65351217448537,31.048865086436933,0.0,234.2012124341939,224.40077877975034,224.3990819712949,226.9811080205323,321.62358748188785,350.59426796893644,346.70990454299715,337.2037933812943,396.3656022805475,404.5808110790526,385.99057764109045,366.2584658868879,320.0,342.2772122357566,385.48229658197386,422.808572152132,446.65010397190696,472.9827182436434,533.8092377688391,572.0110830272296,605.0826061731268,479.2009466865153,555.8758448629648,601.9153044212143,640.0,466.57835349537055,503.9567563442015,467.6835520480013,438.3288770215286,441.80577562216723,466.2579347684235,439.5608852040077,413.3338924637081,320.0,213.51973005214526,159.07318729324817,224.85318906251774,286.9397453559829,142.72912012342204,78.97872527913324,35.283246634916964,0.0,244.68641188343338,246.69112511661746,250.04406307365724,254.29611124414419,333.2695493674976,358.1576235611633,337.8214967630513,321.270789921497,408.3864479457828,414.27666993174546,387.4981805322748,361.7435635361113,320.0,337.9328664833648,379.56125926149736,417.7978472584671,441.60895610233393,473.4184391527055,535.4225607544432,575.6009620657842,609.3397200638562,480.5910912752531,560.2167835033283,605.1178665792513,640.0,466.4118762393675,494.75935731489113,455.9550108834623,424.86604242487704,439.6336777107216,450.2244475247694,420.3007524813563,394.78628003575534,320.0,210.0939924334235,151.7773916597368,225.13714121911,302.9822438049719,144.80192768895864,76.28653086941839,32.46865774155003,0.0,245.11459248053723,236.0142658065102,233.7793636242369,236.92506137555026,333.0325396847922,353.3997973542526,332.9554139621217,315.66559251175715,408.14314850186895,399.1105747589679,371.19080885170246,347.02212130930724,320.0,340.47143712231605,385.90754119163057,423.78139757818815,444.7486615015331,474.6698185246914,537.2989359091334,575.4656744204199,607.6495778558303,480.12590809137555,558.3240043738264,603.6044524782735,640.0,465.32777204933063,499.34554949344465,459.43790991917854,427.99124204825057,437.8840144614344,455.48087900954977,423.33817160885826,395.0910479796936
320.0,231.45828651264736,176.72212031503148,213.4236714901939,239.68514951627185,136.51372256397582,75.87743240421699,33.01522344752664,0.0,220.02086218439268,212.5128201592223,222.23283120010566,237.35044655891392,294.9302478617985,350.742887259954,355.92370758207454,351.62581317161874,361.3755423747768,389.7332540676627,390.50223737339024,378.11493507878697,320.0,336.37818253925155,385.1327847480826,433.3742978931673,474.86775683574064,466.6998704353832,531.4610083287855,572.0757833372425,609.074085085111,477.95734067442083,554.572665290165,601.0417035304245,640.0,472.36571980716747,496.119712376007,447.8352393119937,413.0442154477759,456.5854458087358,472.24541369482097,439.164029549845,411.5408016787379,320.0,206.32692841935147,153.16909180402322,218.69514968686275,280.0660187594163,138.89277254121276,73.65351217448537,31.048865086436933,0.0,234.2012124341939,224.40077877975034,224.3990819712949,226.9811080205323,321.62358748188785,350.59426796893644,346.70990454299715,337.2037933812943,396.3656022805475,404.5808110790526,385.99057764109045,366.2584658868879,320.0,342.2772122357566,385.48229658197386,422.808572152132,446.65010397190696,472.9827182436434,533.8092377688391,572.0110830272296,605.0826061731268,479.2009466865153,555.8758448629648,601.9153044212143,640.0,466.57835349537055,503.9567563442015,467.6835520480013,438.3288770215286,441.80577562216723,466.2579347684235,439.5608852040077,413.3338924637081,320.0,213.51973005214526,159.07318729324817,224.85318906251774,286.9397453559829,142.72912012342204,78.97872527913324,35.283246634916964,0.0,244.68641188343338,246.69112511661746,250.04406307365724,254.29611124414419,333.2695493674976,358.1576235611633,337.8214967630513,321.270789921497,408.3864479457828,414.27666993174546,387.4981805322748,361.7435635361113,320.0,337.9328664833648,379.56125926149736,417.7978472584671,441.60895610233393,473.4184391527055,535.4225607544432,575.6009620657842,609.3397200638562,480.5910912752531,560.2167835033283,605.1178665792513,640.0,466.4118762393675,494.75935731489113,455.9550108834623,424.86604242487704,439.6336777107216,450.2244475247694,420.3007524813563,394.78628003575534,320.0,210.0939924334235,151.7773916597368,225.13714121911,302.9822438049719,144.80192768895864,76.28653086941839,32.46865774155003,0.0,245.11459248053723,236.0142658065102,233.7793636242369,236.92506137555026,333.0325396847922,353.3997973542526,332.9554139621217,315.66559251175715,408.14314850186895,399.1105747589679,371.19080885170246,347.02212130930724,320.0,340.47143712231605,385.90754119163057,423.78139757818815,444.7486615015331,474.6698185246914,537.2989359091334,575.4656744204199,607.6495778558303,480.12590809137555,558.3240043738264,603.6044524782735,640.0,465.32777204933063,499.34554949344465,459.43790991917854,427.99124204825057,437.8840144614344,455.48087900954977,423.33817160885826,395.0910479796936,320.0,206.0429051971397,144.9950629038891,217.60998435948954,292.9147951147916,138.91985628033893,69.62666285289168,28.899782598844922,0.0,237.8777666086116,228.74059477769256,229.4755058740087,234.10547134800703,327.73572365410627,357.6507069846299,343.4296421857999,324.3781284873128,407.5286384104137,404.37065007933256,374.63847227721516,342.03356312240885,320.0,341.35471701221127,385.05674661558373,422.47220793676274,442.54926165739624,473.36063990097375,535.4348472109915,573.7952488084486,606.9644195972711,479.5076986887636,557.6151718195358,603.2134763406464,640.0,464.7520961595869,499.0487058633871,457.458372156104,425.76089907798814,436.96132097647467,453.0797441875882,418.04052401930676,388.2487013808507
320.0,206.32692841935147,153.16909180402322,218.69514968686275,280.0660187594163,138.89277254121276,73.65351217448537,31.048865086436933,0.0,234.2012124341939,224.40077877975034,224.3990819712949,226.9811080205323,321.62358748188785,350.59426796893644,346.70990454299715,337.2037933812943,396.3656022805475,404.5808110790526,385.99057764109045,366.2584658868879,320.0,342.2772122357566,385.48229658197386,422.808572152132,446.65010397190696,472.9827182436434,533.8092377688391,572.0110830272296,605.0826061731268,479.2009466865153,555.8758448629648,601.9153044212143,640.0,466.57835349537055,503.9567563442015,467.6835520480013,438.3288770215286,441.80577562216723,466.2579347684235,439.5608852040077,413.3338924637081,320.0,213.51973005214526,159.07318729324817,224.85318906251774,286.9397453559829,142.72912012342204,78.97872527913324,35.283246634916964,0.0,244.68641188343338,246.69112511661746,250.04406307365724,254.29611124414419,333.2695493674976,358.1576235611633,337.8214967630513,321.270789921497,408.3864479457828,414.27666993174546,387.4981805322748,361.7435635361113,320.0,337.9328664833648,379.56125926149736,417.7978472584671,441.60895610233393,473.4184391527055,535.4225607544432,575.6009620657842,609.3397200638562,480.5910912752531,560.2167835033283,605.1178665792513,640.0,466.4118762393675,494.75935731489113,455.9550108834623,424.86604242487704,439.6336777107216,450.2244475247694,420.3007524813563,394.78628003575534,320.0,210.0939924334235,151.7773916597368,225.13714121911,302.9822438049719,144.80192768895864,76.28653086941839,32.46865774155003,0.0,245.11459248053723,236.0142658065102,233.7793636242369,236.92506137555026,333.0325396847922,353.3997973542526,332.9554139621217,315.66559251175715,408.14314850186895,399.1105747589679,371.19080885170246,347.02212130930724,320.0,340.47143712231605,385.90754119163057,423.78139757818815,444.7486615015331,474.6698185246914,537.2989359091334,575.4656744204199,607.6495778558303,480.12590809137555,558.3240043738264,603.6044524782735,640.0,465.32777204933063,499.34554949344465,459.43790991917854,427.99124204825057,437.8840144614344,455.48087900954977,423.33817160885826,395.0910479796936,320.0,206.0429051971397,144.9950629038891,217.60998435948954,292.9147951147916,138.91985628033893,69.62666285289168,28.899782598844922,0.0,237.8777666086116,228.74059477769256,229.4755058740087,234.10547134800703,327.73572365410627,357.6507069846299,343.4296421857999,324.3781284873128,407.5286384104137,404.37065007933256,374.63847227721516,342.03356312240885,320.0,341.35471701221127,385.05674661558373,422.47220793676274,442.54926165739624,473.36063990097375,535.4348472109915,573.7952488084486,606.9644195972711,479.5076986887636,557.6151718195358,603.2134763406464,640.0,464.7520961595869,499.0487058633871,457.458372156104,425.76089907798814,436.96132097647467,453.0797441875882,418.04052401930676,388.2487013808507,320.0,207.6067131442671,139.2100187038634,203.23401880421596,272.03441211571965,133.4072479616442,69.218247171368,29.535123496335018,0.0,231.1371988571255,219.7340877965819,217.67566369665718,220.2601815456535,319.4901035017532,348.18156149860664,333.1796325732876,313.36398633709075,398.74856871100474,395.4588366456638,364.6120175238409,331.42881539337424,320.0,337.64772017447,380.17572673679547,418.78207038538505,443.0415974251763,471.6261387173496,532.7021432282748,570.4716125884313,602.354751473139,478.2740222091344,555.7691157865884,601.7053937479438,640.0,464.2190943869691,496.4644003611164,453.2223179676995,420.56146270354475,436.5588819532347,450.925482518481,415.19988119928115,385.63342637369226
320.0,213.51973005214526,159.07318729324817,224.85318906251774,286.9397453559829,142.72912012342204,78.97872527913324,35.283246634916964,0.0,244.68641188343338,246.69112511661746,250.04406307365724,254.29611124414419,333.2695493674976,358.1576235611633,337.8214967630513,321.270789921497,408.3864479457828,414.27666993174546,387.4981805322748,361.7435635361113,320.0,337.9328664833648,379.56125926149736,417.7978472584671,441.60895610233393,473.4184391527055,535.4225607544432,575.6009620657842,609.3397200638562,480.5910912752531,560.2167835033283,605.1178665792513,640.0,466.4118762393675,494.75935731489113,455.9550108834623,424.86604242487704,439.6336777107216,450.2244475247694,420.3007524813563,394.78628003575534,320.0,210.0939924334235,151.7773916597368,225.13714121911,302.9822438049719,144.80192768895864,76.28653086941839,32.46865774155003,0.0,245.11459248053723,236.0142658065102,233.7793636242369,236.92506137555026,333.0325396847922,353.3997973542526,332.9554139621217,315.66559251175715,408.14314850186895,399.1105747589679,371.19080885170246,347.02212130930724,320.0,340.47143712231605,385.90754119163057,423.78139757818815,444.7486615015331,474.6698185246914,537.2989359091334,575.4656744204199,607.6495778558303,480.12590809137555,558.3240043738264,603.6044524782735,640.0,465.32777204933063,499.34554949344465,459.43790991917854,427.99124204825057,437.8840144614344,455.48087900954977,423.33817160885826,395.0910479796936,320.0,206.0429051971397,144.9950629038891,217.60998435948954,292.9147951147916,138.91985628033893,69.62666285289168,28.899782598844922,0.0,237.8777666086116,228.74059477769256,229.4755058740087,234.10547134800703,327.73572365410627,357.6507069846299,343.4296421857999,324.3781284873128,407.5286384104137,404.37065007933256,374.63847227721516,342.03356312240885,320.0,341.35471701221127,385.05674661558373,422.47220793676274,442.54926165739624,473.36063990097375,535.4348472109915,573.7952488084486,606.9644195972711,479.5076986887636,557.6151718195358,603.2134763406464,640.0,464.7520961595869,499.0487058633871,457.458372156104,425.76089907798814,436.96132097647467,453.0797441875882,418.04052401930676,388.2487013808507,320.0,207.6067131442671,139.2100187038634,203.23401880421596,272.03441211571965,133.4072479616442,69.218247171368,29.535123496335018,0.0,231.1371988571255,219.7340877965819,217.67566369665718,220.2601815456535,319.4901035017532,348.18156149860664,333.1796325732876,313.36398633709075,398.74856871100474,395.4588366456638,364.6120175238409,331.42881539337424,320.0,337.64772017447,380.17572673679547,418.78207038538505,443.0415974251763,471.6261387173496,532.7021432282748,570.4716125884313,602.354751473139,478.2740222091344,555.7691157865884,601.7053937479438,640.0,464.2190943869691,496.4644003611164,453.2223179676995,420.56146270354475,436.5588819532347,450.925482518481,415.19988119928115,385.63342637369226,320.0,209.6928367028238,149.04501015433553,223.66992628612758,306.978145922681,141.1246690065249,72.20808736312046,30.820534768710786,0.0,242.74348036666944,237.29946736785786,231.82620952210954,229.7250520112481,332.805348453388,353.0264833094096,328.8920201189041,307.3101524649083,411.1661044651355,405.9314211043851,371.19305047237776,336.69668004726594,320.0,340.4896425086891,383.8123011950083,421.08171429739343,442.6829113495128,473.00025709512624,533.937481780131,570.924154786326,602.6166905295406,478.6456357833388,556.9471298394931,602.841772471889,640.0,463.1427781548746,497.1694794738048,455.39984746406316,423.0827964634898,434.23964923188794,450.1027412364447,416.78639697854067,388.19376151683974
320.0,210.0939924334235,151.7773916597368,225.13714121911,302.9822438049719,144.80192768895864,76.28653086941839,32.46865774155003,0.0,245.11459248053723,236.0142658065102,233.7793636242369,236.92506137555026,333.0325396847922,353.3997973542526,332.9554139621217,315.66559251175715,408.14314850186895,399.1105747589679,371.19080885170246,347.02212130930724,320.0,340.47143712231605,385.90754119163057,423.78139757818815,444.7486615015331,474.6698185246914,537.2989359091334,575.4656744204199,607.6495778558303,480.12590809137555,558.3240043738264,603.6044524782735,640.0,465.32777204933063,499.34554949344465,459.43790991917854,427.99124204825057,437.8840144614344,455.48087900954977,423.33817160885826,395.0910479796936,320.0,206.0429051971397,144.9950629038891,217.60998435948954,292.9147951147916,138.91985628033893,69.62666285289168,28.899782598844922,0.0,237.8777666086116,228.74059477769256,229.4755058740087,234.10547134800703,327.73572365410627,357.6507069846299,343.4296421857999,324.3781284873128,407.5286384104137,404.37065007933256,374.63847227721516,342.03356312240885,320.0,341.35471701221127,385.05674661558373,422.47220793676274,442.54926165739624,473.36063990097375,535.4348472109915,573.7952488084486,606.9644195972711,479.5076986887636,557.6151718195358,603.2134763406464,640.0,464.7520961595869,499.0487058633871,457.458372156104,425.76089907798814,436.96132097647467,453.0797441875882,418.04052401930676,388.2487013808507,320.0,207.6067131442671,139.2100187038634,203.23401880421596,272.03441211571965,133.4072479616442,69.218247171368,29.535123496335018,0.0,231.1371988571255,219.7340877965819,217.67566369665718,220.2601815456535,319.4901035017532,348.18156149860664,333.1796325732876,313.36398633709075,398.74856871100474,395.4588366456638,364.6120175238409,331.42881539337424,320.0,337.64772017447,380.17572673679547,418.78207038538505,443.0415974251763,471.6261387173496,532.7021432282748,570.4716125884313,602.354751473139,478.2740222091344,555.7691157865884,601.7053937479438,640.0,464.2190943869691,496.4644003611164,453.2223179676995,420.56146270354475,436.5588819532347,450.925482518481,415.19988119928115,385.63342637369226,320.0,209.6928367028238,149.04501015433553,223.66992628612758,306.978145922681,141.1246690065249,72.20808736312046,30.820534768710786,0.0,242.74348036666944,237.29946736785786,231.82620952210954,229.7250520112481,332.805348453388,353.0264833094096,328.8920201189041,307.3101524649083,411.1661044651355,405.9314211043851,371.19305047237776,336.69668004726594,320.0,340.4896425086891,383.8123011950083,421.08171429739343,442.6829113495128,473.00025709512624,533.937481780131,570.924154786326,602.6166905295406,478.6456357833388,556.9471298394931,602.841772471889,640.0,463.1427781548746,497.1694794738048,455.39984746406316,423.0827964634898,434.23964923188794,450.1027412364447,416.78639697854067,388.19376151683974,320.0,249.63450649364486,193.86866341562262,199.25263238684306,226.0344401363412,129.3470306519866,62.09777352982809,26.41302464286747,0.0,193.6628948960754,178.54014366834568,183.1606992563938,191.12315824238374,257.1154358350747,246.0221296824351,252.0133158148892,261.9587362803774,310.2960748959145,294.9136344038703,292.3202205184523,299.65100667638836,320.0,311.74718663487664,330.4081461264192,350.39637268694037,368.53640765436546,450.42995817068413,521.2890549104139,564.66112906894,602.5845292479593,471.86540322750636,550.387254029433,599.714229085864,640.0,474.7812185557003,533.4769043733661,567.447683049473,592.7859242948042,464.084464898792,500.08028055294085,506.2783600182023,505.73791052226403
320.0,206.0429051971397,144.9950629038891,217.60998435948954,292.9147951147916,138.91985628033893,69.62666285289168,28.899782598844922,0.0,237.8777666086116,228.74059477769256,229.4755058740087,234.10547134800703,327.73572365410627,357.6507069846299,343.4296421857999,324.3781284873128,407.5286384104137,404.37065007933256,374.63847227721516,342.03356312240885,320.0,341.35471701221127,385.05674661558373,422.47220793676274,442.54926165739624,473.36063990097375,535.4348472109915,573.7952488084486,606.9644195972711,479.5076986887636,557.6151718195358,603.2134763406464,640.0,464.7520961595869,499.0487058633871,457.458372156104,425.76089907798814,436.96132097647467,453.0797441875882,418.04052401930676,388.2487013808507,320.0,207.6067131442671,139.2100187038634,203.23401880421596,272.03441211571965,133.4072479616442,69.218247171368,29.535123496335018,0.0,231.1371988571255,219.7340877965819,217.67566369665718,220.2601815456535,319.4901035017532,348.18156149860664,333.1796325732876,313.36398633709075,398.74856871100474,395.4588366456638,364.6120175238409,331.42881539337424,320.0,337.64772017447,380.17572673679547,418.78207038538505,443.0415974251763,471.6261387173496,532.7021432282748,570.4716125884313,602.354751473139,478.2740222091344,555.7691157865884,601.7053937479438,640.0,464.2190943869691,496.4644003611164,453.2223179676995,420.56146270354475,436.5588819532347,450.925482518481,415.19988119928115,385.63342637369226,320.0,209.6928367028238,149.04501015433553,223.66992628612758,306.978145922681,141.1246690065249,72.20808736312046,30.820534768710786,0.0,242.74348036666944,237.29946736785786,231.82620952210954,229.7250520112481,332.805348453388,353.0264833094096,328.8920201189041,307.3101524649083,411.1661044651355,405.9314211043851,371.19305047237776,336.69668004726594,320.0,340.4896425086891,383.8123011950083,421.08171429739343,442.6829113495128,473.00025709512624,533.937481780131,570.924154786326,602.6166905295406,478.6456357833388,556.9471298394931,602.841772471889,640.0,463.1427781548746,497.1694794738048,455.39984746406316,423.0827964634898,434.23964923188794,450.1027412364447,416.78639697854067,388.19376151683974,320.0,249.63450649364486,193.86866341562262,199.25263238684306,226.0344401363412,129.3470306519866,62.09777352982809,26.41302464286747,0.0,193.6628948960754,178.54014366834568,183.1606992563938,191.12315824238374,257.1154358350747,246.0221296824351,252.0133158148892,261.9587362803774,310.2960748959145,294.9136344038703,292.3202205184523,299.65100667638836,320.0,311.74718663487664,330.4081461264192,350.39637268694037,368.53640765436546,450.42995817068413,521.2890549104139,564.66112906894,602.5845292479593,471.86540322750636,550.387254029433,599.714229085864,640.0,474.7812185557003,533.4769043733661,567.447683049473,592.7859242948042,464.084464898792,500.08028055294085,506.2783600182023,505.73791052226403,320.0,234.91195721592644,145.46224573584124,64.67099268196804,0.0,147.5484649253723,31.187859523522604,35.87446370663895,66.39677317254765,169.44601698342095,41.779891350259675,45.2238831187409,86.52727450898675,185.45670399084486,72.92269603641333,76.46995349214416,112.2326812021081,196.85611850323323,108.40608375468992,103.77516735056156,128.26319233797435,320.0,185.72442490808413,160.38514538889567,190.34430896908876,229.83752647971454,497.1764920216838,568.388696044856,456.97810493428767,396.82348084448245,594.1146714577264,598.6145464482781,465.08941567289,398.652456290301,635.1062967937498,590.5658761030388,471.76588928232945,422.0269361443985,640.0,596.1740519147766,500.5631045757334,449.8157031248486
320.0,207.6067131442671,139.2100187038634,203.23401880421596,272.03441211571965,133.4072479616442,69.218247171368,29.535123496335018,0.0,231.1371988571255,219.7340877965819,217.67566369665718,220.2601815456535,319.4901035017532,348.18156149860664,333.1796325732876,313.36398633709075,398.74856871100474,395.4588366456638,364.6120175238409,331.42881539337424,320.0,337.64772017447,380.17572673679547,418.78207038538505,443.0415974251763,471.6261387173496,532.7021432282748,570.4716125884313,602.354751473139,478.2740222091344,555.7691157865884,601.7053937479438,640.0,464.2190943869691,496.4644003611164,453.2223179676995,420.56146270354475,436.5588819532347,450.925482518481,415.19988119928115,385.63342637369226,320.0,209.6928367028238,149.04501015433553,223.66992628612758,306.978145922681,141.1246690065249,72.20808736312046,30.820534768710786,0.0,242.74348036666944,237.29946736785786,231.82620952210954,229.7250520112481,332.805348453388,353.0264833094096,328.8920201189041,307.3101524649083,411.1661044651355,405.9314211043851,371.19305047237776,336.69668004726594,320.0,340.4896425086891,383.8123011950083,421.08171429739343,442.6829113495128,473.00025709512624,533.937481780131,570.924154786326,602.6166905295406,478.6456357833388,556.9471298394931,602.841772471889,640.0,463.1427781548746,497.1694794738048,455.39984746406316,423.0827964634898,434.23964923188794,450.1027412364447,416.78639697854067,388.19376151683974,320.0,249.63450649364486,193.86866341562262,199.25263238684306,226.0344401363412,129.3470306519866,62.09777352982809,26.41302464286747,0.0,193.6628948960754,178.54014366834568,183.1606992563938,191.12315824238374,257.1154358350747,246.0221296824351,252.0133158148892,261.9587362803774,310.2960748959145,294.9136344038703,292.3202205184523,299.65100667638836,320.0,311.74718663487664,330.4081461264192,350.39637268694037,368.53640765436546,450.42995817068413,521.2890549104139,564.66112906894,602.5845292479593,471.86540322750636,550.387254029433,599.714229085864,640.0,474.7812185557003,533.4769043733661,567.447683049473,592.7859242948042,464.084464898792,500.08028055294085,506.2783600182023,505.73791052226403,320.0,234.91195721592644,145.46224573584124,64.67099268196804,0.0,147.5484649253723,31.187859523522604,35.87446370663895,66.39677317254765,169.44601698342095,41.779891350259675,45.2238831187409,86.52727450898675,185.45670399084486,72.92269603641333,76.46995349214416,112.2326812021081,196.85611850323323,108.40608375468992,103.77516735056156,128.26319233797435,320.0,185.72442490808413,160.38514538889567,190.34430896908876,229.83752647971454,497.1764920216838,568.388696044856,456.97810493428767,396.82348084448245,594.1146714577264,598.6145464482781,465.08941567289,398.652456290301,635.1062967937498,590.5658761030388,471.76588928232945,422.0269361443985,640.0,596.1740519147766,500.5631045757334,449.8157031248486,320.0,239.71006284668596,145.13020281798734,60.552127530465555,0.0,153.20199224708432,53.254201875644014,39.49084903707262,51.639082500255824,173.91622186950448,63.88307327671339,56.10350546963679,83.50780169859769,192.50646671219738,90.28905668100012,85.3900135402364,110.70573425441842,210.56557258066437,125.79350782549514,113.5114425705984,128.34868607354562,320.0,204.16143197855968,176.7048953800005,190.58721939465468,219.26959258439675,457.0513633793121,524.9696343832215,442.1675985345824,390.7749895502938,554.0841189053625,592.2757738929458,490.0092154114725,429.41008581052836,610.9720636325637,613.7664675075607,517.0333259570701,465.4374074893659,640.0,636.2608049961889,560.4660224730152,513.1452681271668
320.0,209.6928367028238,149.04501015433553,223.66992628612758,306.978145922681,141.1246690065249,72.20808736312046,30.820534768710786,0.0,242.74348036666944,237.29946736785786,231.82620952210954,229.7250520112481,332.805348453388,353.0264833094096,328.8920201189041,307.3101524649083,411.1661044651355,405.9314211043851,371.19305047237776,336.69668004726594,320.0,340.4896425086891,383.8123011950083,421.08171429739343,442.6829113495128,473.00025709512624,533.937481780131,570.924154786326,602.6166905295406,478.6456357833388,556.9471298394931,602.841772471889,640.0,463.1427781548746,497.1694794738048,455.39984746406316,423.0827964634898,434.23964923188794,450.1027412364447,416.78639697854067,388.19376151683974,320.0,249.63450649364486,193.86866341562262,199.25263238684306,226.0344401363412,129.3470306519866,62.09777352982809,26.41302464286747,0.0,193.6628948960754,178.54014366834568,183.1606992563938,191.12315824238374,257.1154358350747,246.0221296824351,252.0133158148892,261.9587362803774,310.2960748959145,294.9136344038703,292.3202205184523,299.65100667638836,320.0,311.74718663487664,330.4081461264192,350.39637268694037,368.53640765436546,450.42995817068413,521.2890549104139,564.66112906894,602.5845292479593,471.86540322750636,550.387254029433,599.714229085864,640.0,474.7812185557003,533.4769043733661,567.447683049473,592.7859242948042,464.084464898792,500.08028055294085,506.2783600182023,505.73791052226403,320.0,234.91195721592644,145.46224573584124,64.67099268196804,0.0,147.5484649253723,31.187859523522604,35.87446370663895,66.39677317254765,169.44601698342095,41.779891350259675,45.2238831187409,86.52727450898675,185.45670399084486,72.92269603641333,76.46995349214416,112.2326812021081,196.85611850323323,108.40608375468992,103.77516735056156,128.26319233797435,320.0,185.72442490808413,160.38514538889567,190.34430896908876,229.83752647971454,497.1764920216838,568.388696044856,456.97810493428767,396.82348084448245,594.1146714577264,598.6145464482781,465.08941567289,398.652456290301,635.1062967937498,590.5658761030388,471.76588928232945,422.0269361443985,640.0,596.1740519147766,500.5631045757334,449.8157031248486,320.0,239.71006284668596,145.13020281798734,60.552127530465555,0.0,153.20199224708432,53.254201875644014,39.49084903707262,51.639082500255824,173.91622186950448,63.88307327671339,56.10350546963679,83.50780169859769,192.50646671219738,90.28905668100012,85.3900135402364,110.70573425441842,210.56557258066437,125.79350782549514,113.5114425705984,128.34868607354562,320.0,204.16143197855968,176.7048953800005,190.58721939465468,219.26959258439675,457.0513633793121,524.9696343832215,442.1675985345824,390.7749895502938,554.0841189053625,592.2757738929458,490.0092154114725,429.41008581052836,610.9720636325637,613.7664675075607,517.0333259570701,465.4374074893659,640.0,636.2608049961889,560.4660224730152,513.1452681271668,320.0,261.1628575315581,192.07153569418944,141.68163299477635,102.08468137619914,143.43190045667762,73.53853906634265,31.125110989645236,0.0,161.01056726073128,88.62221499509354,45.78864029533912,20.087954514169212,186.52758379466655,134.2913285993851,143.8989303938955,163.91475673243264,216.47520231711763,174.7384910882258,176.8501722301694,192.08299892210238,320.0,166.4889457471636,124.05982635424695,144.49911474286066,156.5192256892671,436.92956584195485,482.6047299583678,484.408165760306,495.64828984912424,542.5708041977125,559.1384515968467,529.8314845904131,518.7929065906358,606.7553743076764,539.9234596416619,425.4316583671536,355.38024577619916,640.0,573.9784612899211,471.8235860445925,397.8481374670075
320.0,249.63450649364486,193.86866341562262,199.25263238684306,226.0344401363412,129.3470306519866,62.09777352982809,26.41302464286747,0.0,193.6628948960754,178.54014366834568,183.1606992563938,191.12315824238374,257.1154358350747,246.0221296824351,252.0133158148892,261.9587362803774,310.2960748959145,294.9136344038703,292.3202205184523,299.65100667638836,320.0,311.74718663487664,330.4081461264192,350.39637268694037,368.53640765436546,450.42995817068413,521.2890549104139,564.66112906894,602.5845292479593,471.86540322750636,550.387254029433,599.714229085864,640.0,474.7812185557003,533.4769043733661,567.447683049473,592.7859242948042,464.084464898792,500.08028055294085,506.2783600182023,505.73791052226403,320.0,234.91195721592644,145.46224573584124,64.67099268196804,0.0,147.5484649253723,31.187859523522604,35.87446370663895,66.39677317254765,169.44601698342095,41.779891350259675,45.2238831187409,86.52727450898675,185.45670399084486,72.92269603641333,76.46995349214416,112.2326812021081,196.85611850323323,108.40608375468992,103.77516735056156,128.26319233797435,320.0,185.72442490808413,160.38514538889567,190.34430896908876,229.83752647971454,497.1764920216838,568.388696044856,456.97810493428767,396.82348084448245,594.1146714577264,598.6145464482781,465.08941567289,398.652456290301,635.1062967937498,590.5658761030388,471.76588928232945,422.0269361443985,640.0,596.1740519147766,500.5631045757334,449.8157031248486,320.0,239.71006284668596,145.13020281798734,60.552127530465555,0.0,153.20199224708432,53.254201875644014,39.49084903707262,51.639082500255824,173.91622186950448,63.88307327671339,56.10350546963679,83.50780169859769,192.50646671219738,90.28905668100012,85.3900135402364,110.70573425441842,210.56557258066437,125.79350782549514,113.5114425705984,128.34868607354562,320.0,204.16143197855968,176.7048953800005,190.58721939465468,219.26959258439675,457.0513633793121,524.9696343832215,442.1675985345824,390.7749895502938,554.0841189053625,592.2757738929458,490.0092154114725,429.41008581052836,610.9720636325637,613.7664675075607,517.0333259570701,465.4374074893659,640.0,636.2608049961889,560.4660224730152,513.1452681271668,320.0,261.1628575315581,192.07153569418944,141.68163299477635,102.08468137619914,143.43190045667762,73.53853906634265,31.125110989645236,0.0,161.01056726073128,88.62221499509354,45.78864029533912,20.087954514169212,186.52758379466655,134.2913285993851,143.8989303938955,163.91475673243264,216.47520231711763,174.7384910882258,176.8501722301694,192.08299892210238,320.0,166.4889457471636,124.05982635424695,144.49911474286066,156.5192256892671,436.92956584195485,482.6047299583678,484.408165760306,495.64828984912424,542.5708041977125,559.1384515968467,529.8314845904131,518.7929065906358,606.7553743076764,539.9234596416619,425.4316583671536,355.38024577619916,640.0,573.9784612899211,471.8235860445925,397.8481374670075,320.0,228.00176242263177,133.40700073434277,54.177281999277284,0.0,114.95531232879904,11.91166439370096,17.424746185497327,41.82443379841709,133.37149118205872,27.686260796587078,26.764504435197182,56.086442633842694,153.29831800538517,56.92151391171569,61.69456469792868,94.54686855264538,173.106829387698,88.19558228718631,86.427863062559,115.13226329102122,320.0,103.18054824048914,47.14668229281119,68.2866234854906,86.0222974850511,448.10238845153515,486.4898726538984,326.8252766839089,251.9745563581782,567.0761321106805,549.0074724129953,377.79515566267526,300.06773654599425,624.5037013267108,569.4367960823024,415.40096058932886,341.2054221791263,640.0,573.847833442042,458.6533844438476,388.28848374078734
320.0,234.91195721592644,145.46224573584124,64.67099268196804,0.0,147.5484649253723,31.187859523522604,35.87446370663895,66.39677317254765,169.44601698342095,41.779891350259675,45.2238831187409,86.52727450898675,185.45670399084486,72.92269603641333,76.46995349214416,112.2326812021081,196.85611850323323,108.40608375468992,103.77516735056156,128.26319233797435,320.0,185.72442490808413,160.38514538889567,190.34430896908876,229.83752647971454,497.1764920216838,568.388696044856,456.97810493428767,396.82348084448245,594.1146714577264,598.6145464482781,465.08941567289,398.652456290301,635.1062967937498,590.5658761030388,471.76588928232945,422.0269361443985,640.0,596.1740519147766,500.5631045757334,449.8157031248486,320.0,239.71006284668596,145.13020281798734,60.552127530465555,0.0,153.20199224708432,53.254201875644014,39.49084903707262,51.639082500255824,173.91622186950448,63.88307327671339,56.10350546963679,83.50780169859769,192.50646671219738,90.28905668100012,85.3900135402364,110.70573425441842,210.56557258066437,125.79350782549514,113.5114425705984,128.34868607354562,320.0,204.16143197855968,176.7048953800005,190.58721939465468,219.26959258439675,457.0513633793121,524.9696343832215,442.1675985345824,390.7749895502938,554.0841189053625,592.2757738929458,490.0092154114725,429.41008581052836,610.9720636325637,613.7664675075607,517.0333259570701,465.4374074893659,640.0,636.2608049961889,560.4660224730152,513.1452681271668,320.0,261.1628575315581,192.07153569418944,141.68163299477635,102.08468137619914,143.43190045667762,73.53853906634265,31.125110989645236,0.0,161.01056726073128,88.62221499509354,45.78864029533912,20.087954514169212,186.52758379466655,134.2913285993851,143.8989303938955,163.91475673243264,216.47520231711763,174.7384910882258,176.8501722301694,192.08299892210238,320.0,166.4889457471636,124.05982635424695,144.49911474286066,156.5192256892671,436.92956584195485,482.6047299583678,484.408165760306,495.64828984912424,542.5708041977125,559.1384515968467,529.8314845904131,518.7929065906358,606.7553743076764,539.9234596416619,425.4316583671536,355.38024577619916,640.0,573.9784612899211,471.8235860445925,397.8481374670075,320.0,228.00176242263177,133.40700073434277,54.177281999277284,0.0,114.95531232879904,11.91166439370096,17.424746185497327,41.82443379841709,133.37149118205872,27.686260796587078,26.764504435197182,56.086442633842694,153.29831800538517,56.92151391171569,61.69456469792868,94.54686855264538,173.106829387698,88.19558228718631,86.427863062559,115.13226329102122,320.0,103.18054824048914,47.14668229281119,68.2866234854906,86.0222974850511,448.10238845153515,486.4898726538984,326.8252766839089,251.9745563581782,567.0761321106805,549.0074724129953,377.79515566267526,300.06773654599425,624.5037013267108,569.4367960823024,415.40096058932886,341.2054221791263,640.0,573.847833442042,458.6533844438476,388.28848374078734,320.0,238.12373261885915,144.38987263770298,60.63057689958066,0.0,142.93413795384862,37.877691049482166,42.95869961322387,69.02036840557355,154.64013015844347,40.25322752084196,45.3462899386538,80.8978962257818,166.0783104514545,56.35655841217516,65.89347503050891,105.98011210663799,177.83267260892052,89.40652636997896,89.13886899498578,118.74437088395413,320.0,109.22690787885213,60.97806358909128,104.8982798320466,135.74517251735773,438.9213763699215,467.3097892337862,315.80140039691656,253.21399925798988,560.3555053030169,524.484615067517,351.25431514230695,284.8192027513265,619.0575057859124,559.5561130446561,401.238002697148,337.6729384190473,640.0,574.0228138673451,452.44621898721505,391.05432574245185
320.0,239.71006284668596,145.13020281798734,60.552127530465555,0.0,153.20199224708432,53.254201875644014,39.49084903707262,51.639082500255824,173.91622186950448,63.88307327671339,56.10350546963679,83.50780169859769,192.50646671219738,90.28905668100012,85.3900135402364,110.70573425441842,210.56557258066437,125.79350782549514,113.5114425705984,128.34868607354562,320.0,204.16143197855968,176.7048953800005,190.58721939465468,219.26959258439675,457.0513633793121,524.9696343832215,442.1675985345824,390.7749895502938,554.0841189053625,592.2757738929458,490.0092154114725,429.41008581052836,610.9720636325637,613.7664675075607,517.0333259570701,465.4374074893659,640.0,636.2608049961889,560.4660224730152,513.1452681271668,320.0,261.1628575315581,192.07153569418944,141.68163299477635,102.08468137619914,143.43190045667762,73.53853906634265,31.125110989645236,0.0,161.01056726073128,88.62221499509354,45.78864029533912,20.087954514169212,186.52758379466655,134.2913285993851,143.8989303938955,163.91475673243264,216.47520231711763,174.7384910882258,176.8501722301694,192.08299892210238,320.0,166.4889457471636,124.05982635424695,144.49911474286066,156.5192256892671,436.92956584195485,482.6047299583678,484.408165760306,495.64828984912424,542.5708041977125,559.1384515968467,529.8314845904131,518.7929065906358,606.7553743076764,539.9234596416619,425.4316583671536,355.38024577619916,640.0,573.9784612899211,471.8235860445925,397.8481374670075,320.0,228.00176242263177,133.40700073434277,54.177281999277284,0.0,114.95531232879904,11.91166439370096,17.424746185497327,41.82443379841709,133.37149118205872,27.686260796587078,26.764504435197182,56.086442633842694,153.29831800538517,56.92151391171569,61.69456469792868,94.54686855264538,173.106829387698,88.19558228718631,86.427863062559,115.13226329102122,320.0,103.18054824048914,47.14668229281119,68.2866234854906,86.0222974850511,448.10238845153515,486.4898726538984,326.8252766839089,251.9745563581782,567.0761321106805,549.0074724129953,377.79515566267526,300.06773654599425,624.5037013267108,569.4367960823024,415.40096058932886,341.2054221791263,640.0,573.847833442042,458.6533844438476,388.28848374078734,320.0,238.12373261885915,144.38987263770298,60.63057689958066,0.0,142.93413795384862,37.877691049482166,42.95869961322387,69.02036840557355,154.64013015844347,40.25322752084196,45.3462899386538,80.8978962257818,166.0783104514545,56.35655841217516,65.89347503050891,105.98011210663799,177.83267260892052,89.40652636997896,89.13886899498578,118.74437088395413,320.0,109.22690787885213,60.97806358909128,104.8982798320466,135.74517251735773,438.9213763699215,467.3097892337862,315.80140039691656,253.21399925798988,560.3555053030169,524.484615067517,351.25431514230695,284.8192027513265,619.0575057859124,559.5561130446561,401.238002697148,337.6729384190473,640.0,574.0228138673451,452.44621898721505,391.05432574245185,320.0,240.67922189830216,147.95819546627524,64.3122177164918,0.0,147.11975266480155,13.878815704066255,5.525508138585508,28.915420680171792,165.41007298378614,22.057523074591813,25.753800155149918,68.85381304661507,176.2886602601362,52.57220916741488,57.60358970763514,95.6606423568312,182.1706061024125,86.08585715804256,85.14446356804092,113.50659160969167,320.0,159.07035715774742,129.69638010162356,167.55841537374403,222.8741315333441,520.1877673284421,624.876669449751,475.89366408206854,387.37319237598797,610.0954337816559,625.4387313411296,454.1025621837627,380.2949071693466,640.0,591.1546664414542,444.34635823962253,388.87327843423174,633.7177695841302,578.128035423925,462.4226518126218,403.6986443421248
320.0,261.1628575315581,192.07153569418944,141.68163299477635,102.08468137619914,143.43190045667762,73.53853906634265,31.125110989645236,0.0,161.01056726073128,88.62221499509354,45.78864029533912,20.087954514169212,186.52758379466655,134.2913285993851,143.8989303938955,163.91475673243264,216.47520231711763,174.7384910882258,176.8501722301694,192.08299892210238,320.0,166.4889457471636,124.05982635424695,144.49911474286066,156.5192256892671,436.92956584195485,482.6047299583678,484.408165760306,495.64828984912424,542.5708041977125,559.1384515968467,529.8314845904131,518.7929065906358,606.7553743076764,539.9234596416619,425.4316583671536,355.38024577619916,640.0,573.9784612899211,471.8235860445925,397.8481374670075,320.0,228.00176242263177,133.40700073434277,54.177281999277284,0.0,114.95531232879904,11.91166439370096,17.424746185497327,41.82443379841709,133.37149118205872,27.686260796587078,26.764504435197182,56.086442633842694,153.29831800538517,56.92151391171569,61.69456469792868,94.54686855264538,173.106829387698,88.19558228718631,86.427863062559,115.13226329102122,320.0,103.18054824048914,47.14668229281119,68.2866234854906,86.0222974850511,448.10238845153515,486.4898726538984,326.8252766839089,251.9745563581782,567.0761321106805,549.0074724129953,377.79515566267526,300.06773654599425,624.5037013267108,569.4367960823024,415.40096058932886,341.2054221791263,640.0,573.847833442042,458.6533844438476,388.28848374078734,320.0,238.12373261885915,144.38987263770298,60.63057689958066,0.0,142.93413795384862,37.877691049482166,42.95869961322387,69.02036840557355,154.64013015844347,40.25322752084196,45.3462899386538,80.8978962257818,166.0783104514545,56.35655841217516,65.89347503050891,105.98011210663799,177.83267260892052,89.40652636997896,89.13886899498578,118.74437088395413,320.0,109.22690787885213,60.97806358909128,104.8982798320466,135.74517251735773,438.9213763699215,467.3097892337862,315.80140039691656,253.21399925798988,560.3555053030169,524.484615067517,351.25431514230695,284.8192027513265,619.0575057859124,559.5561130446561,401.238002697148,337.6729384190473,640.0,574.0228138673451,452.44621898721505,391.05432574245185,320.0,240.67922189830216,147.95819546627524,64.3122177164918,0.0,147.11975266480155,13.878815704066255,5.525508138585508,28.915420680171792,165.41007298378614,22.057523074591813,25.753800155149918,68.85381304661507,176.2886602601362,52.57220916741488,57.60358970763514,95.6606423568312,182.1706061024125,86.08585715804256,85.14446356804092,113.50659160969167,320.0,159.07035715774742,129.69638010162356,167.55841537374403,222.8741315333441,520.1877673284421,624.876669449751,475.89366408206854,387.37319237598797,610.0954337816559,625.4387313411296,454.1025621837627,380.2949071693466,640.0,591.1546664414542,444.34635823962253,388.87327843423174,633.7177695841302,578.128035423925,462.4226518126218,403.6986443421248,320.0,218.61984524826588,157.35655798073333,212.42096895817278,257.0227941210673,105.92308101802678,55.40366366021806,23.079974013368542,0.0,221.5625986838195,240.5476832463236,270.2220182433595,296.97092422581494,325.5155333177248,386.14482533706905,397.89655067263925,395.24723736989245,420.4452768987219,456.1665377155022,458.19525221969144,441.9482324387379,320.0,324.00563211451083,351.7611595633569,379.9999118604928,410.04265952149063,459.37055170924543,529.9459264123254,575.608713471683,617.4634110870686,471.578710783428,550.0210653422237,597.8683019483237,640.0,464.32258178244524,486.8613521481801,441.18221521023474,407.7558800068749,446.2676003578464,459.5278807296188,427.67338142812446,401.53543428538694
320.0,228.00176242263177,133.40700073434277,54.177281999277284,0.0,114.95531232879904,11.91166439370096,17.424746185497327,41.82443379841709,133.37149118205872,27.686260796587078,26.764504435197182,56.086442633842694,153.29831800538517,56.92151391171569,61.69456469792868,94.54686855264538,173.106829387698,88.19558228718631,86.427863062559,115.13226329102122,320.0,103.18054824048914,47.14668229281119,68.2866234854906,86.0222974850511,448.10238845153515,486.4898726538984,326.8252766839089,251.9745563581782,567.0761321106805,549.0074724129953,377.79515566267526,300.06773654599425,624.5037013267108,569.4367960823024,415.40096058932886,341.2054221791263,640.0,573.847833442042,458.6533844438476,388.28848374078734,320.0,238.12373261885915,144.38987263770298,60.63057689958066,0.0,142.93413795384862,37.877691049482166,42.95869961322387,69.02036840557355,154.64013015844347,40.25322752084196,45.3462899386538,80.8978962257818,166.0783104514545,56.35655841217516,65.89347503050891,105.98011210663799,177.83267260892052,89.40652636997896,89.13886899498578,118.74437088395413,320.0,109.22690787885213,60.97806358909128,104.8982798320466,135.74517251735773,438.9213763699215,467.3097892337862,315.80140039691656,253.21399925798988,560.3555053030169,524.484615067517,351.25431514230695,284.8192027513265,619.0575057859124,559.5561130446561,401.238002697148,337.6729384190473,640.0,574.0228138673451,452.44621898721505,391.05432574245185,320.0,240.67922189830216,147.95819546627524,64.3122177164918,0.0,147.11975266480155,13.878815704066255,5.525508138585508,28.915420680171792,165.41007298378614,22.057523074591813,25.753800155149918,68.85381304661507,176.2886602601362,52.57220916741488,57.60358970763514,95.6606423568312,182.1706061024125,86.08585715804256,85.14446356804092,113.50659160969167,320.0,159.07035715774742,129.69638010162356,167.55841537374403,222.8741315333441,520.1877673284421,624.876669449751,475.89366408206854,387.37319237598797,610.0954337816559,625.4387313411296,454.1025621837627,380.2949071693466,640.0,591.1546664414542,444.34635823962253,388.87327843423174,633.7177695841302,578.128035423925,462.4226518126218,403.6986443421248,320.0,218.61984524826588,157.35655798073333,212.42096895817278,257.0227941210673,105.92308101802678,55.40366366021806,23.079974013368542,0.0,221.5625986838195,240.5476832463236,270.2220182433595,296.97092422581494,325.5155333177248,386.14482533706905,397.89655067263925,395.24723736989245,420.4452768987219,456.1665377155022,458.19525221969144,441.9482324387379,320.0,324.00563211451083,351.7611595633569,379.9999118604928,410.04265952149063,459.37055170924543,529.9459264123254,575.608713471683,617.4634110870686,471.578710783428,550.0210653422237,597.8683019483237,640.0,464.32258178244524,486.8613521481801,441.18221521023474,407.7558800068749,446.2676003578464,459.5278807296188,427.67338142812446,401.53543428538694,320.0,173.0091669577119,107.57577593083994,219.30832191705792,343.8170784043591,140.8860232569828,67.5561352116597,25.524068257942986,0.0,293.42327167470637,315.66599951800333,334.9338543364878,357.4734611870263,419.5679299532566,477.810420664511,428.2679437430004,381.4879262416247,514.8268098394333,538.9824200098203,479.8926719755032,421.68536444230796,320.0,347.0423883435729,390.93164614669683,420.30292681031136,432.80066907478727,475.30623528193854,535.8575610055585,576.8410330164634,611.9634412415635,476.01684965966604,551.5118523358999,599.6077382509416,640.0,457.18071975178134,486.832734895444,449.4998143454624,419.70170524590816,425.78351929811157,443.1918577177587,419.5865021150248,397.25406586702957
320.0,238.12373261885915,144.38987263770298,60.63057689958066,0.0,142.93413795384862,37.877691049482166,42.95869961322387,69.02036840557355,154.64013015844347,40.25322752084196,45.3462899386538,80.8978962257818,166.0783104514545,56.35655841217516,65.89347503050891,105.98011210663799,177.83267260892052,89.40652636997896,89.13886899498578,118.74437088395413,320.0,109.22690787885213,60.97806358909128,104.8982798320466,135.74517251735773,438.9213763699215,467.3097892337862,315.80140039691656,253.21399925798988,560.3555053030169,524.484615067517,351.25431514230695,284.8192027513265,619.0575057859124,559.5561130446561,401.238002697148,337.6729384190473,640.0,574.0228138673451,452.44621898721505,391.05432574245185,320.0,240.67922189830216,147.95819546627524,64.3122177164918,0.0,147.11975266480155,13.878815704066255,5.525508138585508,28.915420680171792,165.41007298378614,22.057523074591813,25.753800155149918,68.85381304661507,176.2886602601362,52.57220916741488,57.60358970763514,95.6606423568312,182.1706061024125,86.08585715804256,85.14446356804092,113.50659160969167,320.0,159.07035715774742,129.69638010162356,167.55841537374403,222.8741315333441,520.1877673284421,624.876669449751,475.89366408206854,387.37319237598797,610.0954337816559,625.4387313411296,454.1025621837627,380.2949071693466,640.0,591.1546664414542,444.34635823962253,388.87327843423174,633.7177695841302,578.128035423925,462.4226518126218,403.6986443421248,320.0,218.61984524826588,157.35655798073333,212.42096895817278,257.0227941210673,105.92308101802678,55.40366366021806,23.079974013368542,0.0,221.5625986838195,240.5476832463236,270.2220182433595,296.97092422581494,325.5155333177248,386.14482533706905,397.89655067263925,395.24723736989245,420.4452768987219,456.1665377155022,458.19525221969144,441.9482324387379,320.0,324.00563211451083,351.7611595633569,379.9999118604928,410.04265952149063,459.37055170924543,529.9459264123254,575.608713471683,617.4634110870686,471.578710783428,550.0210653422237,597.8683019483237,640.0,464.32258178244524,486.8613521481801,441.18221521023474,407.7558800068749,446.2676003578464,459.5278807296188,427.67338142812446,401.53543428538694,320.0,173.0091669577119,107.57577593083994,219.30832191705792,343.8170784043591,140.8860232569828,67.5561352116597,25.524068257942986,0.0,293.42327167470637,315.66599951800333,334.9338543364878,357.4734611870263,419.5679299532566,477.810420664511,428.2679437430004,381.4879262416247,514.8268098394333,538.9824200098203,479.8926719755032,421.68536444230796,320.0,347.0423883435729,390.93164614669683,420.30292681031136,432.80066907478727,475.30623528193854,535.8575610055585,576.8410330164634,611.9634412415635,476.01684965966604,551.5118523358999,599.6077382509416,640.0,457.18071975178134,486.832734895444,449.4998143454624,419.70170524590816,425.78351929811157,443.1918577177587,419.5865021150248,397.25406586702957,320.0,179.81221614340066,110.93850872080077,207.1155469441412,308.0166310978195,131.06935917264903,60.8852006277956,23.696267672602175,0.0,274.1711898520439,293.1288532807645,303.7575888617488,318.4532172303601,402.4648822693088,453.24849015356136,401.10715467241175,355.16060987032733,512.675830393745,525.9858319583199,464.523574275219,407.85394384618786,320.0,345.09069899702473,388.32282415945866,422.5946906927999,444.8308846930232,475.1967908922071,536.1595516338291,577.8104036496242,613.6762475542108,476.8955213089483,551.9563769978652,599.0737225895703,640.0,459.3458847801711,483.7751378066234,444.52280208199517,414.21105925991435,429.44534568982715,441.5964510800205,414.12359635424906,390.4656033764317
320.0,240.67922189830216,147.95819546627524,64.3122177164918,0.0,147.11975266480155,13.878815704066255,5.525508138585508,28.915420680171792,165.41007298378614,22.057523074591813,25.753800155149918,68.85381304661507,176.2886602601362,52.57220916741488,57.60358970763514,95.6606423568312,182.1706061024125,86.08585715804256,85.14446356804092,113.50659160969167,320.0,159.07035715774742,129.69638010162356,167.55841537374403,222.8741315333441,520.1877673284421,624.876669449751,475.89366408206854,387.37319237598797,610.0954337816559,625.4387313411296,454.1025621837627,380.2949071693466,640.0,591.1546664414542,444.34635823962253,388.87327843423174,633.7177695841302,578.128035423925,462.4226518126218,403.6986443421248,320.0,218.61984524826588,157.35655798073333,212.42096895817278,257.0227941210673,105.92308101802678,55.40366366021806,23.079974013368542,0.0,221.5625986838195,240.5476832463236,270.2220182433595,296.97092422581494,325.5155333177248,386.14482533706905,397.89655067263925,395.24723736989245,420.4452768987219,456.1665377155022,458.19525221969144,441.9482324387379,320.0,324.00563211451083,351.7611595633569,379.9999118604928,410.04265952149063,459.37055170924543,529.9459264123254,575.608713471683,617.4634110870686,471.578710783428,550.0210653422237,597.8683019483237,640.0,464.32258178244524,486.8613521481801,441.18221521023474,407.7558800068749,446.2676003578464,459.5278807296188,427.67338142812446,401.53543428538694,320.0,173.0091669577119,107.57577593083994,219.30832191705792,343.8170784043591,140.8860232569828,67.5561352116597,25.524068257942986,0.0,293.42327167470637,315.66599951800333,334.9338543364878,357.4734611870263,419.5679299532566,477.810420664511,428.2679437430004,381.4879262416247,514.8268098394333,538.9824200098203,479.8926719755032,421.68536444230796,320.0,347.0423883435729,390.93164614669683,420.30292681031136,432.80066907478727,475.30623528193854,535.8575610055585,576.8410330164634,611.9634412415635,476.01684965966604,551.5118523358999,599.6077382509416,640.0,457.18071975178134,486.832734895444,449.4998143454624,419.70170524590816,425.78351929811157,443.1918577177587,419.5865021150248,397.25406586702957,320.0,179.81221614340066,110.93850872080077,207.1155469441412,308.0166310978195,131.06935917264903,60.8852006277956,23.696267672602175,0.0,274.1711898520439,293.1288532807645,303.7575888617488,318.4532172303601,402.4648822693088,453.24849015356136,401.10715467241175,355.16060987032733,512.675830393745,525.9858319583199,464.523574275219,407.85394384618786,320.0,345.09069899702473,388.32282415945866,422.5946906927999,444.8308846930232,475.1967908922071,536.1595516338291,577.8104036496242,613.6762475542108,476.8955213089483,551.9563769978652,599.0737225895703,640.0,459.3458847801711,483.7751378066234,444.52280208199517,414.21105925991435,429.44534568982715,441.5964510800205,414.12359635424906,390.4656033764317,320.0,173.39578404413064,110.36152055290287,214.3273315140958,311.81051386938975,118.2833311992336,53.89651235324004,20.2022395714464,0.0,260.04147106412,276.14502113519995,295.2333915909569,319.2367789477178,382.4078034663159,458.56883567833086,405.1877959540819,351.0922078766398,490.5248256191845,522.1310201214899,465.4989705316101,402.9798386194298,320.0,343.6892140960238,388.0231126467172,422.41204600006773,444.59459143814775,474.6259109913474,538.5808261803618,581.7357216392909,618.8566767842075,476.45239493811084,552.9816171584409,600.5932152907901,640.0,459.63614042731683,487.5238331797792,448.31783601676193,416.816050946421,430.33351869435376,445.05984564209456,418.4912917836265,394.64674241218694
320.0,218.61984524826588,157.35655798073333,212.42096895817278,257.0227941210673,105.92308101802678,55.40366366021806,23.079974013368542,0.0,221.5625986838195,240.5476832463236,270.2220182433595,296.97092422581494,325.5155333177248,386.14482533706905,397.89655067263925,395.24723736989245,420.4452768987219,456.1665377155022,458.19525221969144,441.9482324387379,320.0,324.00563211451083,351.7611595633569,379.9999118604928,410.04265952149063,459.37055170924543,529.9459264123254,575.608713471683,617.4634110870686,471.578710783428,550.0210653422237,597.8683019483237,640.0,464.32258178244524,486.8613521481801,441.18221521023474,407.7558800068749,446.2676003578464,459.5278807296188,427.67338142812446,401.53543428538694,320.0,173.0091669577119,107.57577593083994,219.30832191705792,343.8170784043591,140.8860232569828,67.5561352116597,25.524068257942986,0.0,293.42327167470637,315.66599951800333,334.9338543364878,357.4734611870263,419.5679299532566,477.810420664511,428.2679437430004,381.4879262416247,514.8268098394333,538.9824200098203,479.8926719755032,421.68536444230796,320.0,347.0423883435729,390.93164614669683,420.30292681031136,432.80066907478727,475.30623528193854,535.8575610055585,576.8410330164634,611.9634412415635,476.01684965966604,551.5118523358999,599.6077382509416,640.0,457.18071975178134,486.832734895444,449.4998143454624,419.70170524590816,425.78351929811157,443.1918577177587,419.5865021150248,397.25406586702957,320.0,179.81221614340066,110.93850872080077,207.1155469441412,308.0166310978195,131.06935917264903,60.8852006277956,23.696267672602175,0.0,274.1711898520439,293.1288532807645,303.7575888617488,318.4532172303601,402.4648822693088,453.24849015356136,401.10715467241175,355.16060987032733,512.675830393745,525.9858319583199,464.523574275219,407.85394384618786,320.0,345.09069899702473,388.32282415945866,422.5946906927999,444.8308846930232,475.1967908922071,536.1595516338291,577.8104036496242,613.6762475542108,476.8955213089483,551.9563769978652,599.0737225895703,640.0,459.3458847801711,483.7751378066234,444.52280208199517,414.21105925991435,429.44534568982715,441.5964510800205,414.12359635424906,390.4656033764317,320.0,173.39578404413064,110.36152055290287,214.3273315140958,311.81051386938975,118.2833311992336,53.89651235324004,20.2022395714464,0.0,260.04147106412,276.14502113519995,295.2333915909569,319.2367789477178,382.4078034663159,458.56883567833086,405.1877959540819,351.0922078766398,490.5248256191845,522.1310201214899,465.4989705316101,402.9798386194298,320.0,343.6892140960238,388.0231126467172,422.41204600006773,444.59459143814775,474.6259109913474,538.5808261803618,581.7357216392909,618.8566767842075,476.45239493811084,552.9816171584409,600.5932152907901,640.0,459.63614042731683,487.5238331797792,448.31783601676193,416.816050946421,430.33351869435376,445.05984564209456,418.4912917836265,394.64674241218694,320.0,193.20016556747694,113.74500906645775,177.31064616911837,273.7139785003595,140.32489378648222,72.05496596379234,31.762294077355705,0.0,257.9864195550482,263.7185190321949,268.2999067635127,272.2235359070973,361.5931919710188,375.4770435155681,341.7669158942365,314.8602652915269,447.4223965955791,443.92970012041616,404.1888317649765,370.22290010563245,320.0,340.01786960867537,382.2532996783252,418.5746490015367,438.8742570746508,474.7699340909545,538.2649151167878,578.4962134902112,613.6721184548991,478.09703129379704,557.2012858251042,601.2946101488604,640.0,460.81534444181705,487.6786483629049,441.70250154596346,407.7659537612788,430.5701916904713,442.73282762550747,408.39409602321183,380.7029359776052
320.0,173.0091669577119,107.57577593083994,219.30832191705792,343.8170784043591,140.8860232569828,67.5561352116597,25.524068257942986,0.0,293.42327167470637,315.66599951800333,334.9338543364878,357.4734611870263,419.5679299532566,477.810420664511,428.2679437430004,381.4879262416247,514.8268098394333,538.9824200098203,479.8926719755032,421.68536444230796,320.0,347.0423883435729,390.93164614669683,420.30292681031136,432.80066907478727,475.30623528193854,535.8575610055585,576.8410330164634,611.9634412415635,476.01684965966604,551.5118523358999,599.6077382509416,640.0,457.18071975178134,486.832734895444,449.4998143454624,419.70170524590816,425.78351929811157,443.1918577177587,419.5865021150248,397.25406586702957,320.0,179.81221614340066,110.93850872080077,207.1155469441412,308.0166310978195,131.06935917264903,60.8852006277956,23.696267672602175,0.0,274.1711898520439,293.1288532807645,303.7575888617488,318.4532172303601,402.4648822693088,453.24849015356136,401.10715467241175,355.16060987032733,512.675830393745,525.9858319583199,464.523574275219,407.85394384618786,320.0,345.09069899702473,388.32282415945866,422.5946906927999,444.8308846930232,475.1967908922071,536.1595516338291,577.8104036496242,613.6762475542108,476.8955213089483,551.9563769978652,599.0737225895703,640.0,459.3458847801711,483.7751378066234,444.52280208199517,414.21105925991435,429.44534568982715,441.5964510800205,414.12359635424906,390.4656033764317,320.0,173.39578404413064,110.36152055290287,214.3273315140958,311.81051386938975,118.2833311992336,53.89651235324004,20.2022395714464,0.0,260.04147106412,276.14502113519995,295.2333915909569,319.2367789477178,382.4078034663159,458.56883567833086,405.1877959540819,351.0922078766398,490.5248256191845,522.1310201214899,465.4989705316101,402.9798386194298,320.0,343.6892140960238,388.0231126467172,422.41204600006773,444.59459143814775,474.6259109913474,538.5808261803618,581.7357216392909,618.8566767842075,476.45239493811084,552.9816171584409,600.5932152907901,640.0,459.63614042731683,487.5238331797792,448.31783601676193,416.816050946421,430.33351869435376,445.05984564209456,418.4912917836265,394.64674241218694,320.0,193.20016556747694,113.74500906645775,177.31064616911837,273.7139785003595,140.32489378648222,72.05496596379234,31.762294077355705,0.0,257.9864195550482,263.7185190321949,268.2999067635127,272.2235359070973,361.5931919710188,375.4770435155681,341.7669158942365,314.8602652915269,447.4223965955791,443.92970012041616,404.1888317649765,370.22290010563245,320.0,340.01786960867537,382.2532996783252,418.5746490015367,438.8742570746508,474.7699340909545,538.2649151167878,578.4962134902112,613.6721184548991,478.09703129379704,557.2012858251042,601.2946101488604,640.0,460.81534444181705,487.6786483629049,441.70250154596346,407.7659537612788,430.5701916904713,442.73282762550747,408.39409602321183,380.7029359776052,320.0,188.04545488887032,102.81068652055012,174.55510997558125,280.4576751563069,134.95171870469352,65.82669066598098,27.9943508344399,0.0,255.26162561226,255.47963067316618,263.34715404136523,269.9862626591042,359.14337141387796,379.167157099897,350.6163306319776,319.796917656456,445.2839237159442,441.7094327048754,401.0428603472815,358.25538636368964,320.0,341.1223056825396,385.12752675110187,421.3726705093521,440.640221247427,475.39395121409706,541.2858020722086,579.8938243537922,613.069694747245,478.094913404634,557.2457628467223,602.1889736052909,640.0,461.0646055675697,489.31192574706586,444.82347194439484,412.2384230264757,431.26517215509875,444.93032740397734,409.0443287969582,379.6458783386125
320.0,179.81221614340066,110.93850872080077,207.1155469441412,308.0166310978195,131.06935917264903,60.8852006277956,23.696267672602175,0.0,274.1711898520439,293.1288532807645,303.7575888617488,318.4532172303601,402.4648822693088,453.24849015356136,401.10715467241175,355.16060987032733,512.675830393745,525.9858319583199,464.523574275219,407.85394384618786,320.0,345.09069899702473,388.32282415945866,422.5946906927999,444.8308846930232,475.1967908922071,536.1595516338291,577.8104036496242,613.6762475542108,476.8955213089483,551.9563769978652,599.0737225895703,640.0,459.3458847801711,483.7751378066234,444.52280208199517,414.21105925991435,429.44534568982715,441.5964510800205,414.12359635424906,390.4656033764317,320.0,173.39578404413064,110.36152055290287,214.3273315140958,311.81051386938975,118.2833311992336,53.89651235324004,20.2022395714464,0.0,260.04147106412,276.14502113519995,295.2333915909569,319.2367789477178,382.4078034663159,458.56883567833086,405.1877959540819,351.0922078766398,490.5248256191845,522.1310201214899,465.4989705316101,402.9798386194298,320.0,343.6892140960238,388.0231126467172,422.41204600006773,444.59459143814775,474.6259109913474,538.5808261803618,581.7357216392909,618.8566767842075,476.45239493811084,552.9816171584409,600.5932152907901,640.0,459.63614042731683,487.5238331797792,448.31783601676193,416.816050946421,430.33351869435376,445.05984564209456,418.4912917836265,394.64674241218694,320.0,193.20016556747694,113.74500906645775,177.31064616911837,273.7139785003595,140.32489378648222,72.05496596379234,31.762294077355705,0.0,257.9864195550482,263.7185190321949,268.2999067635127,272.2235359070973,361.5931919710188,375.4770435155681,341.7669158942365,314.8602652915269,447.4223965955791,443.92970012041616,404.1888317649765,370.22290010563245,320.0,340.01786960867537,382.2532996783252,418.5746490015367,438.8742570746508,474.7699340909545,538.2649151167878,578.4962134902112,613.6721184548991,478.09703129379704,557.2012858251042,601.2946101488604,640.0,460.81534444181705,487.6786483629049,441.70250154596346,407.7659537612788,430.5701916904713,442.73282762550747,408.39409602321183,380.7029359776052,320.0,188.04545488887032,102.81068652055012,174.55510997558125,280.4576751563069,134.95171870469352,65.82669066598098,27.9943508344399,0.0,255.26162561226,255.47963067316618,263.34715404136523,269.9862626591042,359.14337141387796,379.167157099897,350.6163306319776,319.796917656456,445.2839237159442,441.7094327048754,401.0428603472815,358.25538636368964,320.0,341.1223056825396,385.12752675110187,421.3726705093521,440.640221247427,475.39395121409706,541.2858020722086,579.8938243537922,613.069694747245,478.094913404634,557.2457628467223,602.1889736052909,640.0,461.0646055675697,489.31192574706586,444.82347194439484,412.2384230264757,431.26517215509875,444.93032740397734,409.0443287969582,379.6458783386125,320.0,189.94449918991936,103.50250272802253,176.98621785390338,287.1621813470521,136.2918824106381,63.89405281294876,27.51659506219761,0.0,258.751993856317,257.78868943251257,261.7075651280685,263.58260047318373,363.1726637450215,377.73407020960224,347.2052315341772,315.5212968604395,448.83106896036054,435.23743885213435,394.4613130163407,351.6219545244686,320.0,342.20851368579554,385.4163444214637,419.0810376882065,436.56697263913884,476.0219691126176,541.1080755643152,579.5235111952279,612.4873020646962,478.34148311117923,558.5353533192315,603.1041536307584,640.0,461.4879830987567,489.9871642675486,445.9100625001876,412.83055140638356,432.92940896424255,441.65841725333973,405.9332418006865,377.5064930718532
320.0,173.39578404413064,110.36152055290287,214.3273315140958,311.81051386938975,118.2833311992336,53.89651235324004,20.2022395714464,0.0,260.04147106412,276.14502113519995,295.2333915909569,319.2367789477178,382.4078034663159,458.56883567833086,405.1877959540819,351.0922078766398,490.5248256191845,522.1310201214899,465.4989705316101,402.9798386194298,320.0,343.6892140960238,388.0231126467172,422.41204600006773,444.59459143814775,474.6259109913474,538.5808261803618,581.7357216392909,618.8566767842075,476.45239493811084,552.9816171584409,600.5932152907901,640.0,459.63614042731683,487.5238331797792,448.31783601676193,416.816050946421,430.33351869435376,445.05984564209456,418.4912917836265,394.64674241218694,320.0,193.20016556747694,113.74500906645775,177.31064616911837,273.7139785003595,140.32489378648222,72.05496596379234,31.762294077355705,0.0,257.9864195550482,263.7185190321949,268.2999067635127,272.2235359070973,361.5931919710188,375.4770435155681,341.7669158942365,314.8602652915269,447.4223965955791,443.92970012041616,404.1888317649765,370.22290010563245,320.0,340.01786960867537,382.2532996783252,418.5746490015367,438.8742570746508,474.7699340909545,538.2649151167878,578.4962134902112,613.6721184548991,478.09703129379704,557.2012858251042,601.2946101488604,640.0,460.81534444181705,487.6786483629049,441.70250154596346,407.7659537612788,430.5701916904713,442.73282762550747,408.39409602321183,380.7029359776052,320.0,188.04545488887032,102.81068652055012,174.55510997558125,280.4576751563069,134.95171870469352,65.82669066598098,27.9943508344399,0.0,255.26162561226,255.47963067316618,263.34715404136523,269.9862626591042,359.14337141387796,379.167157099897,350.6163306319776,319.796917656456,445.2839237159442,441.7094327048754,401.0428603472815,358.25538636368964,320.0,341.1223056825396,385.12752675110187,421.3726705093521,440.640221247427,475.39395121409706,541.2858020722086,579.8938243537922,613.069694747245,478.094913404634,557.2457628467223,602.1889736052909,640.0,461.0646055675697,489.31192574706586,444.82347194439484,412.2384230264757,431.26517215509875,444.93032740397734,409.0443287969582,379.6458783386125,320.0,189.94449918991936,103.50250272802253,176.98621785390338,287.1621813470521,136.2918824106381,63.89405281294876,27.51659506219761,0.0,258.751993856317,257.78868943251257,261.7075651280685,263.58260047318373,363.1726637450215,377.73407020960224,347.2052315341772,315.5212968604395,448.83106896036054,435.23743885213435,394.4613130163407,351.6219545244686,320.0,342.20851368579554,385.4163444214637,419.0810376882065,436.56697263913884,476.0219691126176,541.1080755643152,579.5235111952279,612.4873020646962,478.34148311117923,558.5353533192315,603.1041536307584,640.0,461.4879830987567,489.9871642675486,445.9100625001876,412.83055140638356,432.92940896424255,441.65841725333973,405.9332418006865,377.5064930718532,320.0,193.15023265485524,106.5013914466189,173.5256729683323,275.4245400132732,134.23471681104093,65.85906731364264,27.60653998588009,0.0,249.66881951785598,248.16401015538133,253.50764330655034,258.6157154401392,348.84192045781396,361.49447966122165,334.4208207729595,307.6096179778639,431.2022920581083,420.2575502321568,383.98450046755096,347.0258852651095,320.0,340.0885596637303,383.97523041226407,419.4604538411006,439.1280910607561,476.1735474042998,542.9624333794071,581.4541751241911,614.704331249497,479.47036841712895,559.7927857469383,603.7744676447066,640.0,463.5724673239978,490.09370991741264,444.4857236601702,410.83568092149085,436.1943542490751,444.8270310424514,408.08974344378237,379.11261907348563
320.0,193.20016556747694,113.74500906645775,177.31064616911837,273.7139785003595,140.32489378648222,72.05496596379234,31.762294077355705,0.0,257.9864195550482,263.7185190321949,268.2999067635127,272.2235359070973,361.5931919710188,375.4770435155681,341.7669158942365,314.8602652915269,447.4223965955791,443.92970012041616,404.1888317649765,370.22290010563245,320.0,340.01786960867537,382.2532996783252,418.5746490015367,438.8742570746508,474.7699340909545,538.2649151167878,578.4962134902112,613.6721184548991,478.09703129379704,557.2012858251042,601.2946101488604,640.0,460.81534444181705,487.6786483629049,441.70250154596346,407.7659537612788,430.5701916904713,442.73282762550747,408.39409602321183,380.7029359776052,320.0,188.04545488887032,102.81068652055012,174.55510997558125,280.4576751563069,134.95171870469352,65.82669066598098,27.9943508344399,0.0,255.26162561226,255.47963067316618,263.34715404136523,269.9862626591042,359.14337141387796,379.167157099897,350.6163306319776,319.796917656456,445.2839237159442,441.7094327048754,401.0428603472815,358.25538636368964,320.0,341.1223056825396,385.12752675110187,421.3726705093521,440.640221247427,475.39395121409706,541.2858020722086,579.8938243537922,613.069694747245,478.094913404634,557.2457628467223,602.1889736052909,640.0,461.0646055675697,489.31192574706586,444.82347194439484,412.2384230264757,431.26517215509875,444.93032740397734,409.0443287969582,379.6458783386125,320.0,189.94449918991936,103.50250272802253,176.98621785390338,287.1621813470521,136.2918824106381,63.89405281294876,27.51659506219761,0.0,258.751993856317,257.78868943251257,261.7075651280685,263.58260047318373,363.1726637450215,377.73407020960224,347.2052315341772,315.5212968604395,448.83106896036054,435.23743885213435,394.4613130163407,351.6219545244686,320.0,342.20851368579554,385.4163444214637,419.0810376882065,436.56697263913884,476.0219691126176,541.1080755643152,579.5235111952279,612.4873020646962,478.34148311117923,558.5353533192315,603.1041536307584,640.0,461.4879830987567,489.9871642675486,445.9100625001876,412.83055140638356,432.92940896424255,441.65841725333973,405.9332418006865,377.5064930718532,320.0,193.15023265485524,106.5013914466189,173.5256729683323,275.4245400132732,134.23471681104093,65.85906731364264,27.60653998588009,0.0,249.66881951785598,248.16401015538133,253.50764330655034,258.6157154401392,348.84192045781396,361.49447966122165,334.4208207729595,307.6096179778639,431.2022920581083,420.2575502321568,383.98450046755096,347.0258852651095,320.0,340.0885596637303,383.97523041226407,419.4604538411006,439.1280910607561,476.1735474042998,542.9624333794071,581.4541751241911,614.704331249497,479.47036841712895,559.7927857469383,603.7744676447066,640.0,463.5724673239978,490.09370991741264,444.4857236601702,410.83568092149085,436.1943542490751,444.8270310424514,408.08974344378237,379.11261907348563,320.0,193.5609732861794,115.47555803696667,168.79783799678063,247.3145913003691,129.26371937011342,62.01712005726989,25.975989599447246,0.0,236.44825796008922,234.24411757094788,242.8167965170881,251.4408095283133,328.39486008971096,336.6156020657289,314.80763809484114,295.2125350751862,404.04166908077536,390.8750859632614,362.25918435721695,334.78857102552024,320.0,339.0224695804735,380.31261812369667,414.50285955067534,433.16714815982186,474.39469637230826,541.1590198981278,580.5654338837418,615.4153674802865,480.01163460094284,559.5447370354959,604.6177164856247,640.0,466.84427279690016,485.1921002604014,441.574949159754,408.4499841504302,442.8949512653079,445.8428090765847,411.93941719143567,384.01456281378194
320.0,188.04545488887032,102.81068652055012,174.55510997558125,280.4576751563069,134.95171870469352,65.82669066598098,27.9943508344399,0.0,255.26162561226,255.47963067316618,263.34715404136523,269.9862626591042,359.14337141387796,379.167157099897,350.6163306319776,319.796917656456,445.2839237159442,441.7094327048754,401.0428603472815,358.25538636368964,320.0,341.1223056825396,385.12752675110187,421.3726705093521,440.640221247427,475.39395121409706,541.2858020722086,579.8938243537922,613.069694747245,478.094913404634,557.2457628467223,602.1889736052909,640.0,461.0646055675697,489.31192574706586,444.82347194439484,412.2384230264757,431.26517215509875,444.93032740397734,409.0443287969582,379.6458783386125,320.0,189.94449918991936,103.50250272802253,176.98621785390338,287.1621813470521,136.2918824106381,63.89405281294876,27.51659506219761,0.0,258.751993856317,257.78868943251257,261.7075651280685,263.58260047318373,363.1726637450215,377.73407020960224,347.2052315341772,315.5212968604395,448.83106896036054,435.23743885213435,394.4613130163407,351.6219545244686,320.0,342.20851368579554,385.4163444214637,419.0810376882065,436.56697263913884,476.0219691126176,541.1080755643152,579.5235111952279,612.4873020646962,478.34148311117923,558.5353533192315,603.1041536307584,640.0,461.4879830987567,489.9871642675486,445.9100625001876,412.83055140638356,432.92940896424255,441.65841725333973,405.9332418006865,377.5064930718532,320.0,193.15023265485524,106.5013914466189,173.5256729683323,275.4245400132732,134.23471681104093,65.85906731364264,27.60653998588009,0.0,249.66881951785598,248.16401015538133,253.50764330655034,258.6157154401392,348.84192045781396,361.49447966122165,334.4208207729595,307.6096179778639,431.2022920581083,420.2575502321568,383.98450046755096,347.0258852651095,320.0,340.0885596637303,383.97523041226407,419.4604538411006,439.1280910607561,476.1735474042998,542.9624333794071,581.4541751241911,614.704331249497,479.47036841712895,559.7927857469383,603.7744676447066,640.0,463.5724673239978,490.09370991741264,444.4857236601702,410.83568092149085,436.1943542490751,444.8270310424514,408.08974344378237,379.11261907348563,320.0,193.5609732861794,115.47555803696667,168.79783799678063,247.3145913003691,129.26371937011342,62.01712005726989,25.975989599447246,0.0,236.44825796008922,234.24411757094788,242.8167965170881,251.4408095283133,328.39486008971096,336.6156020657289,314.80763809484114,295.2125350751862,404.04166908077536,390.8750859632614,362.25918435721695,334.78857102552024,320.0,339.0224695804735,380.31261812369667,414.50285955067534,433.16714815982186,474.39469637230826,541.1590198981278,580.5654338837418,615.4153674802865,480.01163460094284,559.5447370354959,604.6177164856247,640.0,466.84427279690016,485.1921002604014,441.574949159754,408.4499841504302,442.8949512653079,445.8428090765847,411.93941719143567,384.01456281378194,320.0,204.0964283910553,134.12285752206049,138.99688633782353,151.96746099700616,120.87919202169581,63.90979658425033,29.9994009929423,0.0,235.40385408188075,235.47037910099613,238.54233159386382,233.17857340009326,336.7679129537038,308.5666418842178,285.791857967205,272.49346906128545,414.1970968124603,360.8968756496584,331.4043802684726,316.0130841933783,320.0,338.78718754669154,371.5268980380838,399.84219377936256,426.0369187104369,472.7435723180539,541.3991770583328,582.5888261041357,619.3048787533701,476.8106246051477,555.3147231386229,601.7978640876177,640.0,460.7607320200689,466.99226010887884,432.76429124466745,406.09768835436466,432.9401528895665,420.97680801900503,395.48101832894935,375.5944739626911
320.0,189.94449918991936,103.50250272802253,176.98621785390338,287.1621813470521,136.2918824106381,63.89405281294876,27.51659506219761,0.0,258.751993856317,257.78868943251257,261.7075651280685,263.58260047318373,363.1726637450215,377.73407020960224,347.2052315341772,315.5212968604395,448.83106896036054,435.23743885213435,394.4613130163407,351.6219545244686,320.0,342.20851368579554,385.4163444214637,419.0810376882065,436.56697263913884,476.0219691126176,541.1080755643152,579.5235111952279,612.4873020646962,478.34148311117923,558.5353533192315,603.1041536307584,640.0,461.4879830987567,489.9871642675486,445.9100625001876,412.83055140638356,432.92940896424255,441.65841725333973,405.9332418006865,377.5064930718532,320.0,193.15023265485524,106.5013914466189,173.5256729683323,275.4245400132732,134.23471681104093,65.85906731364264,27.60653998588009,0.0,249.66881951785598,248.16401015538133,253.50764330655034,258.6157154401392,348.84192045781396,361.49447966122165,334.4208207729595,307.6096179778639,431.2022920581083,420.2575502321568,383.98450046755096,347.0258852651095,320.0,340.0885596637303,383.97523041226407,419.4604538411006,439.1280910607561,476.1735474042998,542.9624333794071,581.4541751241911,614.704331249497,479.47036841712895,559.7927857469383,603.7744676447066,640.0,463.5724673239978,490.09370991741264,444.4857236601702,410.83568092149085,436.1943542490751,444.8270310424514,408.08974344378237,379.11261907348563,320.0,193.5609732861794,115.47555803696667,168.79783799678063,247.3145913003691,129.26371937011342,62.01712005726989,25.975989599447246,0.0,236.44825796008922,234.24411757094788,242.8167965170881,251.4408095283133,328.39486008971096,336.6156020657289,314.80763809484114,295.2125350751862,404.04166908077536,390.8750859632614,362.25918435721695,334.78857102552024,320.0,339.0224695804735,380.31261812369667,414.50285955067534,433.16714815982186,474.39469637230826,541.1590198981278,580.5654338837418,615.4153674802865,480.01163460094284,559.5447370354959,604.6177164856247,640.0,466.84427279690016,485.1921002604014,441.574949159754,408.4499841504302,442.8949512653079,445.8428090765847,411.93941719143567,384.01456281378194,320.0,204.0964283910553,134.12285752206049,138.99688633782353,151.96746099700616,120.87919202169581,63.90979658425033,29.9994009929423,0.0,235.40385408188075,235.47037910099613,238.54233159386382,233.17857340009326,336.7679129537038,308.5666418842178,285.791857967205,272.49346906128545,414.1970968124603,360.8968756496584,331.4043802684726,316.0130841933783,320.0,338.78718754669154,371.5268980380838,399.84219377936256,426.0369187104369,472.7435723180539,541.3991770583328,582.5888261041357,619.3048787533701,476.8106246051477,555.3147231386229,601.7978640876177,640.0,460.7607320200689,466.99226010887884,432.76429124466745,406.09768835436466,432.9401528895665,420.97680801900503,395.48101832894935,375.5944739626911,320.0,191.97037904055978,115.62634782476908,105.96252846039329,106.47839574898197,123.74875811842554,64.30784906461048,29.98700585587528,0.0,238.6111910987898,242.3052679561328,249.07772354159795,247.99622276808145,336.75971792005095,293.0436958115861,261.9688471631706,246.7547538911901,410.7417201094465,340.7838409085875,311.8986302871046,302.07197025779607,320.0,343.20565675748645,383.7727253947467,418.42551257568977,443.8883517015745,475.3287455860295,545.6639676585014,586.3229109233089,621.7703830755629,478.34691877186697,555.8229383927529,603.3772863537722,640.0,462.6008298891488,465.928280368871,432.60696229136033,405.98336567597784,435.0961739297723,423.8565864565264,396.8857404173815,374.59842250908
320.0,193.15023265485524,106.5013914466189,173.5256729683323,275.4245400132732,134.23471681104093,65.85906731364264,27.60653998588009,0.0,249.66881951785598,248.16401015538133,253.50764330655034,258.6157154401392,348.84192045781396,361.49447966122165,334.4208207729595,307.6096179778639,431.2022920581083,420.2575502321568,383.98450046755096,347.0258852651095,320.0,340.0885596637303,383.97523041226407,419.4604538411006,439.1280910607561,476.1735474042998,542.9624333794071,581.4541751241911,614.704331249497,479.47036841712895,559.7927857469383,603.7744676447066,640.0,463.5724673239978,490.09370991741264,444.4857236601702,410.83568092149085,436.1943542490751,444.8270310424514,408.08974344378237,379.11261907348563,320.0,193.5609732861794,115.47555803696667,168.79783799678063,247.3145913003691,129.26371937011342,62.01712005726989,25.975989599447246,0.0,236.44825796008922,234.24411757094788,242.8167965170881,251.4408095283133,328.39486008971096,336.6156020657289,314.80763809484114,295.2125350751862,404.04166908077536,390.8750859632614,362.25918435721695,334.78857102552024,320.0,339.0224695804735,380.31261812369667,414.50285955067534,433.16714815982186,474.39469637230826,541.1590198981278,580.5654338837418,615.4153674802865,480.01163460094284,559.5447370354959,604.6177164856247,640.0,466.84427279690016,485.1921002604014,441.574949159754,408.4499841504302,442.8949512653079,445.8428090765847,411.93941719143567,384.01456281378194,320.0,204.0964283910553,134.12285752206049,138.99688633782353,151.96746099700616,120.87919202169581,63.90979658425033,29.9994009929423,0.0,235.40385408188075,235.47037910099613,238.54233159386382,233.17857340009326,336.7679129537038,308.5666418842178,285.791857967205,272.49346906128545,414.1970968124603,360.8968756496584,331.4043802684726,316.0130841933783,320.0,338.78718754669154,371.5268980380838,399.84219377936256,426.0369187104369,472.7435723180539,541.3991770583328,582.5888261041357,619.3048787533701,476.8106246051477,555.3147231386229,601.7978640876177,640.0,460.7607320200689,466.99226010887884,432.76429124466745,406.09768835436466,432.9401528895665,420.97680801900503,395.48101832894935,375.5944739626911,320.0,191.97037904055978,115.62634782476908,105.96252846039329,106.47839574898197,123.74875811842554,64.30784906461048,29.98700585587528,0.0,238.6111910987898,242.3052679561328,249.07772354159795,247.99622276808145,336.75971792005095,293.0436958115861,261.9688471631706,246.7547538911901,410.7417201094465,340.7838409085875,311.8986302871046,302.07197025779607,320.0,343.20565675748645,383.7727253947467,418.42551257568977,443.8883517015745,475.3287455860295,545.6639676585014,586.3229109233089,621.7703830755629,478.34691877186697,555.8229383927529,603.3772863537722,640.0,462.6008298891488,465.928280368871,432.60696229136033,405.98336567597784,435.0961739297723,423.8565864565264,396.8857404173815,374.59842250908,320.0,238.29243869702992,144.28505393770294,61.64667880752285,0.0,135.28504836850286,30.103976965788434,51.33964880624194,91.1354596539299,150.5282609058861,41.26893110342559,48.46594155681419,88.10510194420775,165.2598198920689,62.69707449918968,69.5011221938193,106.75898172745448,178.8618559916239,93.69247990911066,94.55200797509457,123.20977506000813,320.0,136.85278025474202,92.03122075806112,115.8185320959521,147.0628928740491,457.5746006583221,447.3940795050475,324.43026520030384,280.47143785021524,576.3550975923908,536.1237381243326,400.7568721996543,338.4735295089006,629.4485286832457,567.2423351717912,439.961337340511,382.1163622752843,640.0,576.4459856666336,476.5409689884078,422.9240507722624
320.0,193.5609732861794,115.47555803696667,168.79783799678063,247.3145913003691,129.26371937011342,62.01712005726989,25.975989599447246,0.0,236.44825796008922,234.24411757094788,242.8167965170881,251.4408095283133,328.39486008971096,336.6156020657289,314.80763809484114,295.2125350751862,404.04166908077536,390.8750859632614,362.25918435721695,334.78857102552024,320.0,339.0224695804735,380.31261812369667,414.50285955067534,433.16714815982186,474.39469637230826,541.1590198981278,580.5654338837418,615.4153674802865,480.01163460094284,559.5447370354959,604.6177164856247,640.0,466.84427279690016,485.1921002604014,441.574949159754,408.4499841504302,442.8949512653079,445.8428090765847,411.93941719143567,384.01456281378194,320.0,204.0964283910553,134.12285752206049,138.99688633782353,151.96746099700616,120.87919202169581,63.90979658425033,29.9994009929423,0.0,235.40385408188075,235.47037910099613,238.54233159386382,233.17857340009326,336.7679129537038,308.5666418842178,285.791857967205,272.49346906128545,414.1970968124603,360.8968756496584,331.4043802684726,316.0130841933783,320.0,338.78718754669154,371.5268980380838,399.84219377936256,426.0369187104369,472.7435723180539,541.3991770583328,582.5888261041357,619.3048787533701,476.8106246051477,555.3147231386229,601.7978640876177,640.0,460.7607320200689,466.99226010887884,432.76429124466745,406.09768835436466,432.9401528895665,420.97680801900503,395.48101832894935,375.5944739626911,320.0,191.97037904055978,115.62634782476908,105.96252846039329,106.47839574898197,123.74875811842554,64.30784906461048,29.98700585587528,0.0,238.6111910987898,242.3052679561328,249.07772354159795,247.99622276808145,336.75971792005095,293.0436958115861,261.9688471631706,246.7547538911901,410.7417201094465,340.7838409085875,311.8986302871046,302.07197025779607,320.0,343.20565675748645,383.7727253947467,418.42551257568977,443.8883517015745,475.3287455860295,545.6639676585014,586.3229109233089,621.7703830755629,478.34691877186697,555.8229383927529,603.3772863537722,640.0,462.6008298891488,465.928280368871,432.60696229136033,405.98336567597784,435.0961739297723,423.8565864565264,396.8857404173815,374.59842250908,320.0,238.29243869702992,144.28505393770294,61.64667880752285,0.0,135.28504836850286,30.103976965788434,51.33964880624194,91.1354596539299,150.5282609058861,41.26893110342559,48.46594155681419,88.10510194420775,165.2598198920689,62.69707449918968,69.5011221938193,106.75898172745448,178.8618559916239,93.69247990911066,94.55200797509457,123.20977506000813,320.0,136.85278025474202,92.03122075806112,115.8185320959521,147.0628928740491,457.5746006583221,447.3940795050475,324.43026520030384,280.47143785021524,576.3550975923908,536.1237381243326,400.7568721996543,338.4735295089006,629.4485286832457,567.2423351717912,439.961337340511,382.1163622752843,640.0,576.4459856666336,476.5409689884078,422.9240507722624,320.0,230.47142585660558,135.79663324067158,55.39817298725865,0.0,139.07959924161733,23.516756455754376,26.257540736550425,56.515770911871186,159.56547679552392,39.273084045237795,36.34279249218855,71.83651462184727,175.26912419178774,66.49601583941379,65.9416363564045,101.55875034803401,188.78247764848345,100.25482717626207,92.33671128867599,117.337352113174,320.0,168.77320087526638,147.88546560667615,188.0936062360693,243.18257942798,499.906198173676,577.5936693954224,437.5174706920228,364.1857944427919,593.9554461698946,631.1511708929103,488.9948698306107,414.180293466878,635.3560353855369,632.6725370908395,506.68405246708585,443.20751718545625,640.0,631.5769056806744,538.7243440595572,479.03736996304156
320.0,204.0964283910553,134.12285752206049,138.99688633782353,151.96746099700616,120.87919202169581,63.90979658425033,29.9994009929423,0.0,235.40385408188075,235.47037910099613,238.54233159386382,233.17857340009326,336.7679129537038,308.5666418842178,285.791857967205,272.49346906128545,414.1970968124603,360.8968756496584,331.4043802684726,316.0130841933783,320.0,338.78718754669154,371.5268980380838,399.84219377936256,426.0369187104369,472.7435723180539,541.3991770583328,582.5888261041357,619.3048787533701,476.8106246051477,555.3147231386229,601.7978640876177,640.0,460.7607320200689,466.99226010887884,432.76429124466745,406.09768835436466,432.9401528895665,420.97680801900503,395.48101832894935,375.5944739626911,320.0,191.97037904055978,115.62634782476908,105.96252846039329,106.47839574898197,123.74875811842554,64.30784906461048,29.98700585587528,0.0,238.6111910987898,242.3052679561328,249.07772354159795,247.99622276808145,336.75971792005095,293.0436958115861,261.9688471631706,246.7547538911901,410.7417201094465,340.7838409085875,311.8986302871046,302.07197025779607,320.0,343.20565675748645,383.7727253947467,418.42551257568977,443.8883517015745,475.3287455860295,545.6639676585014,586.3229109233089,621.7703830755629,478.34691877186697,555.8229383927529,603.3772863537722,640.0,462.6008298891488,465.928280368871,432.60696229136033,405.98336567597784,435.0961739297723,423.8565864565264,396.8857404173815,374.59842250908,320.0,238.29243869702992,144.28505393770294,61.64667880752285,0.0,135.28504836850286,30.103976965788434,51.33964880624194,91.1354596539299,150.5282609058861,41.26893110342559,48.46594155681419,88.10510194420775,165.2598198920689,62.69707449918968,69.5011221938193,106.75898172745448,178.8618559916239,93.69247990911066,94.55200797509457,123.20977506000813,320.0,136.85278025474202,92.03122075806112,115.8185320959521,147.0628928740491,457.5746006583221,447.3940795050475,324.43026520030384,280.47143785021524,576.3550975923908,536.1237381243326,400.7568721996543,338.4735295089006,629.4485286832457,567.2423351717912,439.961337340511,382.1163622752843,640.0,576.4459856666336,476.5409689884078,422.9240507722624,320.0,230.47142585660558,135.79663324067158,55.39817298725865,0.0,139.07959924161733,23.516756455754376,26.257540736550425,56.515770911871186,159.56547679552392,39.273084045237795,36.34279249218855,71.83651462184727,175.26912419178774,66.49601583941379,65.9416363564045,101.55875034803401,188.78247764848345,100.25482717626207,92.33671128867599,117.337352113174,320.0,168.77320087526638,147.88546560667615,188.0936062360693,243.18257942798,499.906198173676,577.5936693954224,437.5174706920228,364.1857944427919,593.9554461698946,631.1511708929103,488.9948698306107,414.180293466878,635.3560353855369,632.6725370908395,506.68405246708585,443.20751718545625,640.0,631.5769056806744,538.7243440595572,479.03736996304156,320.0,246.13316474522566,152.90447078449742,64.36111396136818,0.0,159.57261590708237,31.613712568309666,30.342858340753196,59.09074961025033,167.14566431768708,34.26045759313996,29.749357588836972,61.105686428326294,170.93404210951385,54.56499744580191,53.541111556119006,85.41997526344653,173.8743599334033,78.27978343930772,70.85290356605776,93.60205924636261,320.0,128.54171500710947,68.1250433002071,80.35110832034786,115.539358376157,353.2302779240973,441.27638563411847,344.1586453605821,290.04907906645303,491.17546728483785,543.9464056154458,434.9622422194339,385.96613621392885,583.0516556349653,586.6030313993857,484.8324680623171,437.4512315953501,640.0,620.4160558817352,534.7871499281354,486.3846993838449
320.0,191.97037904055978,115.62634782476908,105.96252846039329,106.47839574898197,123.74875811842554,64.30784906461048,29.98700585587528,0.0,238.6111910987898,242.3052679561328,249.07772354159795,247.99622276808145,336.75971792005095,293.0436958115861,261.9688471631706,246.7547538911901,410.7417201094465,340.7838409085875,311.8986302871046,302.07197025779607,320.0,343.20565675748645,383.7727253947467,418.42551257568977,443.8883517015745,475.3287455860295,545.6639676585014,586.3229109233089,621.7703830755629,478.34691877186697,555.8229383927529,603.3772863537722,640.0,462.6008298891488,465.928280368871,432.60696229136033,405.98336567597784,435.0961739297723,423.8565864565264,396.8857404173815,374.59842250908,320.0,238.29243869702992,144.28505393770294,61.64667880752285,0.0,135.28504836850286,30.103976965788434,51.33964880624194,91.1354596539299,150.5282609058861,41.26893110342559,48.46594155681419,88.10510194420775,165.2598198920689,62.69707449918968,69.5011221938193,106.75898172745448,178.8618559916239,93.69247990911066,94.55200797509457,123.20977506000813,320.0,136.85278025474202,92.03122075806112,115.8185320959521,147.0628928740491,457.5746006583221,447.3940795050475,324.43026520030384,280.47143785021524,576.3550975923908,536.1237381243326,400.7568721996543,338.4735295089006,629.4485286832457,567.2423351717912,439.961337340511,382.1163622752843,640.0,576.4459856666336,476.5409689884078,422.9240507722624,320.0,230.47142585660558,135.79663324067158,55.39817298725865,0.0,139.07959924161733,23.516756455754376,26.257540736550425,56.515770911871186,159.56547679552392,39.273084045237795,36.34279249218855,71.83651462184727,175.26912419178774,66.49601583941379,65.9416363564045,101.55875034803401,188.78247764848345,100.25482717626207,92.33671128867599,117.337352113174,320.0,168.77320087526638,147.88546560667615,188.0936062360693,243.18257942798,499.906198173676,577.5936693954224,437.5174706920228,364.1857944427919,593.9554461698946,631.1511708929103,488.9948698306107,414.180293466878,635.3560353855369,632.6725370908395,506.68405246708585,443.20751718545625,640.0,631.5769056806744,538.7243440595572,479.03736996304156,320.0,246.13316474522566,152.90447078449742,64.36111396136818,0.0,159.57261590708237,31.613712568309666,30.342858340753196,59.09074961025033,167.14566431768708,34.26045759313996,29.749357588836972,61.105686428326294,170.93404210951385,54.56499744580191,53.541111556119006,85.41997526344653,173.8743599334033,78.27978343930772,70.85290356605776,93.60205924636261,320.0,128.54171500710947,68.1250433002071,80.35110832034786,115.539358376157,353.2302779240973,441.27638563411847,344.1586453605821,290.04907906645303,491.17546728483785,543.9464056154458,434.9622422194339,385.96613621392885,583.0516556349653,586.6030313993857,484.8324680623171,437.4512315953501,640.0,620.4160558817352,534.7871499281354,486.3846993838449,320.0,257.62949906581593,161.17469829966745,67.03131573071997,0.0,162.53477632460255,32.42490687535985,24.19224215931655,43.42322651907733,162.25407457021657,29.0226436822129,17.14800061103864,39.24503824866923,158.77416246577596,31.543131103042242,34.26309914102069,68.85258692612308,154.13778921516786,47.2080939119399,38.5791001280831,62.435177024946825,320.0,102.20508628059233,10.943625211883898,0.0,14.399169935224563,309.13447342765807,337.4514184051927,264.3621877754824,230.25954194401064,444.9608106468077,432.2012853734425,325.44770018444405,266.8720134538777,536.2359283082229,491.72738560269715,384.7962647085104,335.94065783700376,596.531492182801,542.9588128366637,452.6234394608847,405.3618130193739
320.0,238.29243869702992,144.28505393770294,61.64667880752285,0.0,135.28504836850286,30.103976965788434,51.33964880624194,91.1354596539299,150.5282609058861,41.26893110342559,48.46594155681419,88.10510194420775,165.2598198920689,62.69707449918968,69.5011221938193,106.75898172745448,178.8618559916239,93.69247990911066,94.55200797509457,123.20977506000813,320.0,136.85278025474202,92.03122075806112,115.8185320959521,147.0628928740491,457.5746006583221,447.3940795050475,324.43026520030384,280.47143785021524,576.3550975923908,536.1237381243326,400.7568721996543,338.4735295089006,629.4485286832457,567.2423351717912,439.961337340511,382.1163622752843,640.0,576.4459856666336,476.5409689884078,422.9240507722624,320.0,230.47142585660558,135.79663324067158,55.39817298725865,0.0,139.07959924161733,23.516756455754376,26.257540736550425,56.515770911871186,159.56547679552392,39.273084045237795,36.34279249218855,71.83651462184727,175.26912419178774,66.49601583941379,65.9416363564045,101.55875034803401,188.78247764848345,100.25482717626207,92.33671128867599,117.337352113174,320.0,168.77320087526638,147.88546560667615,188.0936062360693,243.18257942798,499.906198173676,577.5936693954224,437.5174706920228,364.1857944427919,593.9554461698946,631.1511708929103,488.9948698306107,414.180293466878,635.3560353855369,632.6725370908395,506.68405246708585,443.20751718545625,640.0,631.5769056806744,538.7243440595572,479.03736996304156,320.0,246.13316474522566,152.90447078449742,64.36111396136818,0.0,159.57261590708237,31.613712568309666,30.342858340753196,59.09074961025033,167.14566431768708,34.26045759313996,29.749357588836972,61.105686428326294,170.93404210951385,54.56499744580191,53.541111556119006,85.41997526344653,173.8743599334033,78.27978343930772,70.85290356605776,93.60205924636261,320.0,128.54171500710947,68.1250433002071,80.35110832034786,115.539358376157,353.2302779240973,441.27638563411847,344.1586453605821,290.04907906645303,491.17546728483785,543.9464056154458,434.9622422194339,385.96613621392885,583.0516556349653,586.6030313993857,484.8324680623171,437.4512315953501,640.0,620.4160558817352,534.7871499281354,486.3846993838449,320.0,257.62949906581593,161.17469829966745,67.03131573071997,0.0,162.53477632460255,32.42490687535985,24.19224215931655,43.42322651907733,162.25407457021657,29.0226436822129,17.14800061103864,39.24503824866923,158.77416246577596,31.543131103042242,34.26309914102069,68.85258692612308,154.13778921516786,47.2080939119399,38.5791001280831,62.435177024946825,320.0,102.20508628059233,10.943625211883898,0.0,14.399169935224563,309.13447342765807,337.4514184051927,264.3621877754824,230.25954194401064,444.9608106468077,432.2012853734425,325.44770018444405,266.8720134538777,536.2359283082229,491.72738560269715,384.7962647085104,335.94065783700376,596.531492182801,542.9588128366637,452.6234394608847,405.3618130193739,320.0,264.9516360456268,179.74647570949574,103.9113914306518,43.45868210274989,123.33622318213997,24.859665660898315,6.195432019777172,6.03248997702002,123.62677287176518,14.416433522750935,0.0,1.4151930330667142,129.98656031013502,32.844431488499254,65.68058463281884,116.03492552645093,142.8666542996281,50.89990396615974,31.140909784977566,36.879013766533035,320.0,142.82903000324055,27.19665339200253,0.0,14.609807896773646,181.2867407798218,135.0392749730177,69.31249380679336,33.70475611487092,323.68641083255443,264.04651399463836,168.13469990064087,109.50564150908025,468.82378619845576,406.58501900142744,312.8752815398253,269.486787379517,613.8604633723718,600.042957420198,529.5709346452666,481.1291052590702
320.0,230.47142585660558,135.79663324067158,55.39817298725865,0.0,139.07959924161733,23.516756455754376,26.257540736550425,56.515770911871186,159.56547679552392,39.273084045237795,36.34279249218855,71.83651462184727,175.26912419178774,66.49601583941379,65.9416363564045,101.55875034803401,188.78247764848345,100.25482717626207,92.33671128867599,117.337352113174,320.0,168.77320087526638,147.88546560667615,188.0936062360693,243.18257942798,499.906198173676,577.5936693954224,437.5174706920228,364.1857944427919,593.9554461698946,631.1511708929103,488.9948698306107,414.180293466878,635.3560353855369,632.6725370908395,506.68405246708585,443.20751718545625,640.0,631.5769056806744,538.7243440595572,479.03736996304156,320.0,246.13316474522566,152.90447078449742,64.36111396136818,0.0,159.57261590708237,31.613712568309666,30.342858340753196,59.09074961025033,167.14566431768708,34.26045759313996,29.749357588836972,61.105686428326294,170.93404210951385,54.56499744580191,53.541111556119006,85.41997526344653,173.8743599334033,78.27978343930772,70.85290356605776,93.60205924636261,320.0,128.54171500710947,68.1250433002071,80.35110832034786,115.539358376157,353.2302779240973,441.27638563411847,344.1586453605821,290.04907906645303,491.17546728483785,543.9464056154458,434.9622422194339,385.96613621392885,583.0516556349653,586.6030313993857,484.8324680623171,437.4512315953501,640.0,620.4160558817352,534.7871499281354,486.3846993838449,320.0,257.62949906581593,161.17469829966745,67.03131573071997,0.0,162.53477632460255,32.42490687535985,24.19224215931655,43.42322651907733,162.25407457021657,29.0226436822129,17.14800061103864,39.24503824866923,158.77416246577596,31.543131103042242,34.26309914102069,68.85258692612308,154.13778921516786,47.2080939119399,38.5791001280831,62.435177024946825,320.0,102.20508628059233,10.943625211883898,0.0,14.399169935224563,309.13447342765807,337.4514184051927,264.3621877754824,230.25954194401064,444.9608106468077,432.2012853734425,325.44770018444405,266.8720134538777,536.2359283082229,491.72738560269715,384.7962647085104,335.94065783700376,596.531492182801,542.9588128366637,452.6234394608847,405.3618130193739,320.0,264.9516360456268,179.74647570949574,103.9113914306518,43.45868210274989,123.33622318213997,24.859665660898315,6.195432019777172,6.03248997702002,123.62677287176518,14.416433522750935,0.0,1.4151930330667142,129.98656031013502,32.844431488499254,65.68058463281884,116.03492552645093,142.8666542996281,50.89990396615974,31.140909784977566,36.879013766533035,320.0,142.82903000324055,27.19665339200253,0.0,14.609807896773646,181.2867407798218,135.0392749730177,69.31249380679336,33.70475611487092,323.68641083255443,264.04651399463836,168.13469990064087,109.50564150908025,468.82378619845576,406.58501900142744,312.8752815398253,269.486787379517,613.8604633723718,600.042957420198,529.5709346452666,481.1291052590702,320.0,271.74786931324854,196.4933793004448,134.0726968786973,84.39895069031704,134.24032711048545,56.20465706420191,20.413657696288283,0.0,139.51725271646643,61.16836419288586,76.04466743690136,96.8563774736457,151.930410300461,92.66506599861543,135.94070890917635,179.21857454104278,170.27045424551346,104.20599069698522,74.2822346684325,50.16700509142095,320.0,135.53562429108453,23.16336205119751,4.0989908633843015,0.0,136.60281717859283,91.17478182357328,51.68907050127058,24.654793897575757,279.80878396976715,231.20129675850268,167.06802530221574,122.29996449605,433.1581893783351,384.0711461925006,299.70333590858866,248.59934922722397,595.3412966787185,612.2449001301811,596.0795660805634,586.5327002017209
320.0,246.13316474522566,152.90447078449742,64.36111396136818,0.0,159.57261590708237,31.613712568309666,30.342858340753196,59.09074961025033,167.14566431768708,34.26045759313996,29.749357588836972,61.105686428326294,170.93404210951385,54.56499744580191,53.541111556119006,85.41997526344653,173.8743599334033,78.27978343930772,70.85290356605776,93.60205924636261,320.0,128.54171500710947,68.1250433002071,80.35110832034786,115.539358376157,353.2302779240973,441.27638563411847,344.1586453605821,290.04907906645303,491.17546728483785,543.9464056154458,434.9622422194339,385.96613621392885,583.0516556349653,586.6030313993857,484.8324680623171,437.4512315953501,640.0,620.4160558817352,534.7871499281354,486.3846993838449,320.0,257.62949906581593,161.17469829966745,67.03131573071997,0.0,162.53477632460255,32.42490687535985,24.19224215931655,43.42322651907733,162.25407457021657,29.0226436822129,17.14800061103864,39.24503824866923,158.77416246577596,31.543131103042242,34.26309914102069,68.85258692612308,154.13778921516786,47.2080939119399,38.5791001280831,62.435177024946825,320.0,102.20508628059233,10.943625211883898,0.0,14.399169935224563,309.13447342765807,337.4514184051927,264.3621877754824,230.25954194401064,444.9608106468077,432.2012853734425,325.44770018444405,266.8720134538777,536.2359283082229,491.72738560269715,384.7962647085104,335.94065783700376,596.531492182801,542.9588128366637,452.6234394608847,405.3618130193739,320.0,264.9516360456268,179.74647570949574,103.9113914306518,43.45868210274989,123.33622318213997,24.859665660898315,6.195432019777172,6.03248997702002,123.62677287176518,14.416433522750935,0.0,1.4151930330667142,129.98656031013502,32.844431488499254,65.68058463281884,116.03492552645093,142.8666542996281,50.89990396615974,31.140909784977566,36.879013766533035,320.0,142.82903000324055,27.19665339200253,0.0,14.609807896773646,181.2867407798218,135.0392749730177,69.31249380679336,33.70475611487092,323.68641083255443,264.04651399463836,168.13469990064087,109.50564150908025,468.82378619845576,406.58501900142744,312.8752815398253,269.486787379517,613.8604633723718,600.042957420198,529.5709346452666,481.1291052590702,320.0,271.74786931324854,196.4933793004448,134.0726968786973,84.39895069031704,134.24032711048545,56.20465706420191,20.413657696288283,0.0,139.51725271646643,61.16836419288586,76.04466743690136,96.8563774736457,151.930410300461,92.66506599861543,135.94070890917635,179.21857454104278,170.27045424551346,104.20599069698522,74.2822346684325,50.16700509142095,320.0,135.53562429108453,23.16336205119751,4.0989908633843015,0.0,136.60281717859283,91.17478182357328,51.68907050127058,24.654793897575757,279.80878396976715,231.20129675850268,167.06802530221574,122.29996449605,433.1581893783351,384.0711461925006,299.70333590858866,248.59934922722397,595.3412966787185,612.2449001301811,596.0795660805634,586.5327002017209,320.0,290.0338587021191,230.20075073288405,176.8074164620361,129.29307789664983,152.7220016658914,82.80181300909749,35.56924807719349,0.0,150.76516339798582,83.7928669558539,70.79216381986737,66.40857609553996,158.3308200729098,117.35162208063346,156.91849031294961,196.55684043140099,172.0974005603453,123.17125147388117,111.03611955475264,104.6292309855803,320.0,176.90330357394316,60.61930323598165,32.517126200467544,29.118765313881795,126.292708480018,73.85369645422031,32.61301715154758,0.0,243.41990030134903,180.4790266707973,131.49857774523332,98.0639986481539,374.0468076717267,317.27179429408284,266.29962542597235,242.67007632297856,521.1615512434167,510.50648041231307,474.96734728363424,454.25958825020416
