320.0,239.4402723181179,147.36900953220334,66.96593961435855,0.0,91.78214245072559,2.2032289279192128,12.512091868414245,45.325661339090914,123.17357225067991,29.182090974841742,55.32927381580646,96.19764295441024,162.16302580438705,88.35082418694452,115.31428929293978,151.85660682276946,209.32214509325613,157.93399936304323,172.55791609736428,198.94876163839947,320.0,219.0437577036584,185.10172063000448,189.45017823516693,204.53214423650854,474.38488077924524,539.8249248344695,455.96565762216363,417.1317166199442,550.7559425581967,603.4956637758505,487.54527025403826,453.77235793391344,596.0964558089511,624.6265007696729,508.19711756129203,476.5985818800715,625.3851967793858,640.0,550.0634772211945,514.3231591143865,320.0,240.5893402277432,141.82679892269852,60.793356441190326,0.0,131.67787607438055,36.26611383565461,17.50117586437267,26.278007291857023,161.75675635191448,56.67971851155045,69.08222662276773,109.46437505429947,190.02711228680906,98.87901928417568,112.07027025407658,144.22370482658621,216.8891871406873,144.43557012196035,146.89598768113555,170.09931185720663,320.0,173.79562129427802,138.1762040736839,158.28436950814054,185.10226443515822,489.3522509438079,559.9461284517326,457.8281976259916,395.44119061752843,582.7366089549718,519.1456573103175,373.5674649635499,326.9237140396857,626.0741109200162,504.95472772108803,383.39799014075584,363.6303229242678,640.0,533.7634297593378,427.9807320054716,396.05048345960455,320.0,188.21823338181002,96.00700391617198,52.05358932375765,24.921076464266264,139.93786673096068,78.1721803153678,31.98016124662894,0.0,227.73995880091044,173.84741579828173,119.93224534092121,74.47285633659192,310.65902343660855,266.74170682381646,207.47283517065128,154.62051183028274,374.88001572191877,326.1657922216469,277.0405663580026,232.49838387992503,320.0,338.0095086243941,401.5343246991441,462.4756159272893,507.4789322680336,390.1769758178081,468.55692237472897,515.4278308536467,543.9483307242751,411.59487367756617,514.1572869050717,582.2737809108526,629.6146099120807,431.34918205832946,529.4510750057816,593.3510459257857,640.0,447.0181250042933,519.9542963213423,562.1407761840176,595.3589547687759,320.0,177.24759203872478,79.77300255364455,30.921646554829977,0.884670231592338,135.13476886665688,64.29970126935592,22.934494810760043,0.0,238.60784309213193,176.78471935095953,123.69018643113918,83.8497515010045,329.0814524911395,278.7356812953399,217.39236760208252,166.94795878473417,396.1215695389351,339.6094537266667,289.1368977987313,246.66986287744373,320.0,339.309543153862,407.5452882756881,473.73199629507343,525.8371472889689,388.96142927394897,470.4057735518201,519.360071625283,552.2647002690483,411.88989591332745,518.0900748940934,585.4786498864985,630.0820747588891,433.88070449665474,536.9082000149219,598.037674997805,640.0,450.6053399913189,526.3083176591196,563.8855396979092,591.4930631556429,320.0,173.30076089947985,70.78451400590234,23.729301385774363,0.0,163.4902486398273,116.66641558341831,69.1518202705075,26.765466459430172,257.2089136702519,206.8722755147231,143.60257957262894,79.95275336229292,344.2612774236397,295.38893332508763,228.96306819430794,165.38405332187534,419.5230375719214,389.9889884852441,352.67089756594817,316.5927553787747,320.0,340.85743333225855,402.3522583915503,458.0047531337583,505.1101289582409,480.2756376794618,547.0784307883566,587.5190037601426,614.3028757561201,490.28831841669955,564.2247792298748,608.295724424357,640.0,486.2111532532601,555.4874370095499,598.8057169840661,627.9619275863378,468.36940901724086,521.8139943587657,556.8893298554837,582.4197393408547
320.0,240.5893402277432,141.82679892269852,60.793356441190326,0.0,131.67787607438055,36.26611383565461,17.50117586437267,26.278007291857023,161.75675635191448,56.67971851155045,69.08222662276773,109.46437505429947,190.02711228680906,98.87901928417568,112.07027025407658,144.22370482658621,216.8891871406873,144.43557012196035,146.89598768113555,170.09931185720663,320.0,173.79562129427802,138.1762040736839,158.28436950814054,185.10226443515822,489.3522509438079,559.9461284517326,457.8281976259916,395.44119061752843,582.7366089549718,519.1456573103175,373.5674649635499,326.9237140396857,626.0741109200162,504.95472772108803,383.39799014075584,363.6303229242678,640.0,533.7634297593378,427.9807320054716,396.05048345960455,320.0,188.21823338181002,96.00700391617198,52.05358932375765,24.921076464266264,139.93786673096068,78.1721803153678,31.98016124662894,0.0,227.73995880091044,173.84741579828173,119.93224534092121,74.47285633659192,310.65902343660855,266.74170682381646,207.47283517065128,154.62051183028274,374.88001572191877,326.1657922216469,277.0405663580026,232.49838387992503,320.0,338.0095086243941,401.5343246991441,462.4756159272893,507.4789322680336,390.1769758178081,468.55692237472897,515.4278308536467,543.9483307242751,411.59487367756617,514.1572869050717,582.2737809108526,629.6146099120807,431.34918205832946,529.4510750057816,593.3510459257857,640.0,447.0181250042933,519.9542963213423,562.1407761840176,595.3589547687759,320.0,177.24759203872478,79.77300255364455,30.921646554829977,0.884670231592338,135.13476886665688,64.29970126935592,22.934494810760043,0.0,238.60784309213193,176.78471935095953,123.69018643113918,83.8497515010045,329.0814524911395,278.7356812953399,217.39236760208252,166.94795878473417,396.1215695389351,339.6094537266667,289.1368977987313,246.66986287744373,320.0,339.309543153862,407.5452882756881,473.73199629507343,525.8371472889689,388.96142927394897,470.4057735518201,519.360071625283,552.2647002690483,411.88989591332745,518.0900748940934,585.4786498864985,630.0820747588891,433.88070449665474,536.9082000149219,598.037674997805,640.0,450.6053399913189,526.3083176591196,563.8855396979092,591.4930631556429,320.0,173.30076089947985,70.78451400590234,23.729301385774363,0.0,163.4902486398273,116.66641558341831,69.1518202705075,26.765466459430172,257.2089136702519,206.8722755147231,143.60257957262894,79.95275336229292,344.2612774236397,295.38893332508763,228.96306819430794,165.38405332187534,419.5230375719214,389.9889884852441,352.67089756594817,316.5927553787747,320.0,340.85743333225855,402.3522583915503,458.0047531337583,505.1101289582409,480.2756376794618,547.0784307883566,587.5190037601426,614.3028757561201,490.28831841669955,564.2247792298748,608.295724424357,640.0,486.2111532532601,555.4874370095499,598.8057169840661,627.9619275863378,468.36940901724086,521.8139943587657,556.8893298554837,582.4197393408547,320.0,209.16077306147497,132.4370333141039,63.31938523110705,0.0,185.89857311494592,146.10875805401338,108.97896409514732,91.0332777343794,227.62968543063653,178.27545741456737,135.7837730757906,109.96190098124225,257.61427480895355,189.86040677386393,143.49832332590853,110.99956240489269,274.0674794096219,187.66956810407567,115.74078738487981,50.230315861642566,320.0,396.86737178315366,488.7528948392516,548.3210997753661,591.9572758174802,559.2715715290246,609.4853158052335,622.0615853569639,640.0,555.3754347165385,607.0594040640459,621.5937008297885,634.7423775307764,537.1210297945547,582.3046789574205,586.2196567575782,590.4055859042496,511.1203770889104,557.4291920917198,582.4071380427579,605.1473129723565
320.0,188.21823338181002,96.00700391617198,52.05358932375765,24.921076464266264,139.93786673096068,78.1721803153678,31.98016124662894,0.0,227.73995880091044,173.84741579828173,119.93224534092121,74.47285633659192,310.65902343660855,266.74170682381646,207.47283517065128,154.62051183028274,374.88001572191877,326.1657922216469,277.0405663580026,232.49838387992503,320.0,338.0095086243941,401.5343246991441,462.4756159272893,507.4789322680336,390.1769758178081,468.55692237472897,515.4278308536467,543.9483307242751,411.59487367756617,514.1572869050717,582.2737809108526,629.6146099120807,431.34918205832946,529.4510750057816,593.3510459257857,640.0,447.0181250042933,519.9542963213423,562.1407761840176,595.3589547687759,320.0,177.24759203872478,79.77300255364455,30.921646554829977,0.884670231592338,135.13476886665688,64.29970126935592,22.934494810760043,0.0,238.60784309213193,176.78471935095953,123.69018643113918,83.8497515010045,329.0814524911395,278.7356812953399,217.39236760208252,166.94795878473417,396.1215695389351,339.6094537266667,289.1368977987313,246.66986287744373,320.0,339.309543153862,407.5452882756881,473.73199629507343,525.8371472889689,388.96142927394897,470.4057735518201,519.360071625283,552.2647002690483,411.88989591332745,518.0900748940934,585.4786498864985,630.0820747588891,433.88070449665474,536.9082000149219,598.037674997805,640.0,450.6053399913189,526.3083176591196,563.8855396979092,591.4930631556429,320.0,173.30076089947985,70.78451400590234,23.729301385774363,0.0,163.4902486398273,116.66641558341831,69.1518202705075,26.765466459430172,257.2089136702519,206.8722755147231,143.60257957262894,79.95275336229292,344.2612774236397,295.38893332508763,228.96306819430794,165.38405332187534,419.5230375719214,389.9889884852441,352.67089756594817,316.5927553787747,320.0,340.85743333225855,402.3522583915503,458.0047531337583,505.1101289582409,480.2756376794618,547.0784307883566,587.5190037601426,614.3028757561201,490.28831841669955,564.2247792298748,608.295724424357,640.0,486.2111532532601,555.4874370095499,598.8057169840661,627.9619275863378,468.36940901724086,521.8139943587657,556.8893298554837,582.4197393408547,320.0,209.16077306147497,132.4370333141039,63.31938523110705,0.0,185.89857311494592,146.10875805401338,108.97896409514732,91.0332777343794,227.62968543063653,178.27545741456737,135.7837730757906,109.96190098124225,257.61427480895355,189.86040677386393,143.49832332590853,110.99956240489269,274.0674794096219,187.66956810407567,115.74078738487981,50.230315861642566,320.0,396.86737178315366,488.7528948392516,548.3210997753661,591.9572758174802,559.2715715290246,609.4853158052335,622.0615853569639,640.0,555.3754347165385,607.0594040640459,621.5937008297885,634.7423775307764,537.1210297945547,582.3046789574205,586.2196567575782,590.4055859042496,511.1203770889104,557.4291920917198,582.4071380427579,605.1473129723565,320.0,148.0651078750732,37.717626213527694,0.0,58.91935294081418,308.2226229541144,260.4163556096108,151.19103273968034,58.851409327530064,414.9566454267238,159.19603515304007,137.12359286864353,213.6287238108328,476.2094724936959,200.16489292559817,193.07199462156282,273.41391696551375,501.4768724284104,276.6209592432326,252.48614303621724,313.79358432058496,320.0,374.46275742297024,449.53304958216427,502.930076144409,526.0796385713975,550.1128274478732,622.5442677321658,640.0,639.437730720959,534.8392656970523,547.7239536164109,484.713470184879,470.54262830894817,503.98565315810896,495.01267436578587,438.21707058869083,434.8152296372965,464.2738970015365,457.2604898060173,418.18002491243345,412.44787606867067
320.0,177.24759203872478,79.77300255364455,30.921646554829977,0.884670231592338,135.13476886665688,64.29970126935592,22.934494810760043,0.0,238.60784309213193,176.78471935095953,123.69018643113918,83.8497515010045,329.0814524911395,278.7356812953399,217.39236760208252,166.94795878473417,396.1215695389351,339.6094537266667,289.1368977987313,246.66986287744373,320.0,339.309543153862,407.5452882756881,473.73199629507343,525.8371472889689,388.96142927394897,470.4057735518201,519.360071625283,552.2647002690483,411.88989591332745,518.0900748940934,585.4786498864985,630.0820747588891,433.88070449665474,536.9082000149219,598.037674997805,640.0,450.6053399913189,526.3083176591196,563.8855396979092,591.4930631556429,320.0,173.30076089947985,70.78451400590234,23.729301385774363,0.0,163.4902486398273,116.66641558341831,69.1518202705075,26.765466459430172,257.2089136702519,206.8722755147231,143.60257957262894,79.95275336229292,344.2612774236397,295.38893332508763,228.96306819430794,165.38405332187534,419.5230375719214,389.9889884852441,352.67089756594817,316.5927553787747,320.0,340.85743333225855,402.3522583915503,458.0047531337583,505.1101289582409,480.2756376794618,547.0784307883566,587.5190037601426,614.3028757561201,490.28831841669955,564.2247792298748,608.295724424357,640.0,486.2111532532601,555.4874370095499,598.8057169840661,627.9619275863378,468.36940901724086,521.8139943587657,556.8893298554837,582.4197393408547,320.0,209.16077306147497,132.4370333141039,63.31938523110705,0.0,185.89857311494592,146.10875805401338,108.97896409514732,91.0332777343794,227.62968543063653,178.27545741456737,135.7837730757906,109.96190098124225,257.61427480895355,189.86040677386393,143.49832332590853,110.99956240489269,274.0674794096219,187.66956810407567,115.74078738487981,50.230315861642566,320.0,396.86737178315366,488.7528948392516,548.3210997753661,591.9572758174802,559.2715715290246,609.4853158052335,622.0615853569639,640.0,555.3754347165385,607.0594040640459,621.5937008297885,634.7423775307764,537.1210297945547,582.3046789574205,586.2196567575782,590.4055859042496,511.1203770889104,557.4291920917198,582.4071380427579,605.1473129723565,320.0,148.0651078750732,37.717626213527694,0.0,58.91935294081418,308.2226229541144,260.4163556096108,151.19103273968034,58.851409327530064,414.9566454267238,159.19603515304007,137.12359286864353,213.6287238108328,476.2094724936959,200.16489292559817,193.07199462156282,273.41391696551375,501.4768724284104,276.6209592432326,252.48614303621724,313.79358432058496,320.0,374.46275742297024,449.53304958216427,502.930076144409,526.0796385713975,550.1128274478732,622.5442677321658,640.0,639.437730720959,534.8392656970523,547.7239536164109,484.713470184879,470.54262830894817,503.98565315810896,495.01267436578587,438.21707058869083,434.8152296372965,464.2738970015365,457.2604898060173,418.18002491243345,412.44787606867067,320.0,138.38814127144616,40.619266680337546,0.0,76.40653688823352,407.7734934484531,303.072650398332,188.92250236968323,114.46269729415562,529.3516807464769,210.42050567202796,166.71532073795828,265.2405342070046,585.6126979460901,251.40706831365083,214.51462289143632,316.53553299993797,592.2205482650837,321.69828549121684,288.0475272123398,379.65594451681574,320.0,369.9348254889619,439.4572221722669,490.0241635083195,506.4323603519492,540.133655003262,588.7931676388828,617.6961367084442,640.0,519.9680268764026,544.7516209447683,478.36984516605474,462.82132587446836,486.83211622972743,498.5288613305426,440.7398816504652,431.4600536839306,446.3592537818856,454.48039656468757,419.70471924987896,411.12661640095735
320.0,173.30076089947985,70.78451400590234,23.729301385774363,0.0,163.4902486398273,116.66641558341831,69.1518202705075,26.765466459430172,257.2089136702519,206.8722755147231,143.60257957262894,79.95275336229292,344.2612774236397,295.38893332508763,228.96306819430794,165.38405332187534,419.5230375719214,389.9889884852441,352.67089756594817,316.5927553787747,320.0,340.85743333225855,402.3522583915503,458.0047531337583,505.1101289582409,480.2756376794618,547.0784307883566,587.5190037601426,614.3028757561201,490.28831841669955,564.2247792298748,608.295724424357,640.0,486.2111532532601,555.4874370095499,598.8057169840661,627.9619275863378,468.36940901724086,521.8139943587657,556.8893298554837,582.4197393408547,320.0,209.16077306147497,132.4370333141039,63.31938523110705,0.0,185.89857311494592,146.10875805401338,108.97896409514732,91.0332777343794,227.62968543063653,178.27545741456737,135.7837730757906,109.96190098124225,257.61427480895355,189.86040677386393,143.49832332590853,110.99956240489269,274.0674794096219,187.66956810407567,115.74078738487981,50.230315861642566,320.0,396.86737178315366,488.7528948392516,548.3210997753661,591.9572758174802,559.2715715290246,609.4853158052335,622.0615853569639,640.0,555.3754347165385,607.0594040640459,621.5937008297885,634.7423775307764,537.1210297945547,582.3046789574205,586.2196567575782,590.4055859042496,511.1203770889104,557.4291920917198,582.4071380427579,605.1473129723565,320.0,148.0651078750732,37.717626213527694,0.0,58.91935294081418,308.2226229541144,260.4163556096108,151.19103273968034,58.851409327530064,414.9566454267238,159.19603515304007,137.12359286864353,213.6287238108328,476.2094724936959,200.16489292559817,193.07199462156282,273.41391696551375,501.4768724284104,276.6209592432326,252.48614303621724,313.79358432058496,320.0,374.46275742297024,449.53304958216427,502.930076144409,526.0796385713975,550.1128274478732,622.5442677321658,640.0,639.437730720959,534.8392656970523,547.7239536164109,484.713470184879,470.54262830894817,503.98565315810896,495.01267436578587,438.21707058869083,434.8152296372965,464.2738970015365,457.2604898060173,418.18002491243345,412.44787606867067,320.0,138.38814127144616,40.619266680337546,0.0,76.40653688823352,407.7734934484531,303.072650398332,188.92250236968323,114.46269729415562,529.3516807464769,210.42050567202796,166.71532073795828,265.2405342070046,585.6126979460901,251.40706831365083,214.51462289143632,316.53553299993797,592.2205482650837,321.69828549121684,288.0475272123398,379.65594451681574,320.0,369.9348254889619,439.4572221722669,490.0241635083195,506.4323603519492,540.133655003262,588.7931676388828,617.6961367084442,640.0,519.9680268764026,544.7516209447683,478.36984516605474,462.82132587446836,486.83211622972743,498.5288613305426,440.7398816504652,431.4600536839306,446.3592537818856,454.48039656468757,419.70471924987896,411.12661640095735,320.0,143.57088984427392,39.61917499567795,0.0,87.42576081979888,393.1625976256381,311.11589690200674,185.6889164147857,78.5230549439276,508.0717741981447,190.961892042335,156.13566805288264,254.90547577478327,566.8175229352569,228.9935084056363,209.16635161757915,311.8257205441769,579.3014459328272,304.61015287638236,275.4671383220644,357.4305520989868,320.0,377.21439658917683,449.6813572116216,501.5563608103788,515.4639127768977,540.7195768493016,601.0373856547128,627.7205313790271,640.0,519.4545491356203,542.4792251871029,480.6093833671106,464.96138138784056,485.746391537729,493.09227696481463,438.88084315120744,433.7419924168845,446.86223474373037,451.1231335916266,417.79543567994597,414.3126336532001
320.0,209.16077306147497,132.4370333141039,63.31938523110705,0.0,185.89857311494592,146.10875805401338,108.97896409514732,91.0332777343794,227.62968543063653,178.27545741456737,135.7837730757906,109.96190098124225,257.61427480895355,189.86040677386393,143.49832332590853,110.99956240489269,274.0674794096219,187.66956810407567,115.74078738487981,50.230315861642566,320.0,396.86737178315366,488.7528948392516,548.3210997753661,591.9572758174802,559.2715715290246,609.4853158052335,622.0615853569639,640.0,555.3754347165385,607.0594040640459,621.5937008297885,634.7423775307764,537.1210297945547,582.3046789574205,586.2196567575782,590.4055859042496,511.1203770889104,557.4291920917198,582.4071380427579,605.1473129723565,320.0,148.0651078750732,37.717626213527694,0.0,58.91935294081418,308.2226229541144,260.4163556096108,151.19103273968034,58.851409327530064,414.9566454267238,159.19603515304007,137.12359286864353,213.6287238108328,476.2094724936959,200.16489292559817,193.07199462156282,273.41391696551375,501.4768724284104,276.6209592432326,252.48614303621724,313.79358432058496,320.0,374.46275742297024,449.53304958216427,502.930076144409,526.0796385713975,550.1128274478732,622.5442677321658,640.0,639.437730720959,534.8392656970523,547.7239536164109,484.713470184879,470.54262830894817,503.98565315810896,495.01267436578587,438.21707058869083,434.8152296372965,464.2738970015365,457.2604898060173,418.18002491243345,412.44787606867067,320.0,138.38814127144616,40.619266680337546,0.0,76.40653688823352,407.7734934484531,303.072650398332,188.92250236968323,114.46269729415562,529.3516807464769,210.42050567202796,166.71532073795828,265.2405342070046,585.6126979460901,251.40706831365083,214.51462289143632,316.53553299993797,592.2205482650837,321.69828549121684,288.0475272123398,379.65594451681574,320.0,369.9348254889619,439.4572221722669,490.0241635083195,506.4323603519492,540.133655003262,588.7931676388828,617.6961367084442,640.0,519.9680268764026,544.7516209447683,478.36984516605474,462.82132587446836,486.83211622972743,498.5288613305426,440.7398816504652,431.4600536839306,446.3592537818856,454.48039656468757,419.70471924987896,411.12661640095735,320.0,143.57088984427392,39.61917499567795,0.0,87.42576081979888,393.1625976256381,311.11589690200674,185.6889164147857,78.5230549439276,508.0717741981447,190.961892042335,156.13566805288264,254.90547577478327,566.8175229352569,228.9935084056363,209.16635161757915,311.8257205441769,579.3014459328272,304.61015287638236,275.4671383220644,357.4305520989868,320.0,377.21439658917683,449.6813572116216,501.5563608103788,515.4639127768977,540.7195768493016,601.0373856547128,627.7205313790271,640.0,519.4545491356203,542.4792251871029,480.6093833671106,464.96138138784056,485.746391537729,493.09227696481463,438.88084315120744,433.7419924168845,446.86223474373037,451.1231335916266,417.79543567994597,414.3126336532001,320.0,150.9991339880921,40.52775057483791,0.0,67.58547125552843,346.71308742257173,269.9254028156974,154.6892476339164,60.00980164121705,456.08965326050475,183.4122379756092,163.3066171377663,256.0123044070479,517.5847726096483,219.75044781141025,205.30738101348282,293.4417064125221,539.880797623574,294.2833498267547,270.5154650501111,341.4726184887105,320.0,379.4048597864157,452.5630876506422,502.84682693676075,516.0826602637246,549.9447021951332,609.928709398807,631.2774400752396,640.0,530.3073244750567,545.9574658588011,485.59458152122284,468.4998618737777,496.2646957019269,495.64059083810037,445.1543101022862,440.13736188742655,455.7967626416431,453.021688546661,419.8563123319601,416.23438436651384
320.0,148.0651078750732,37.717626213527694,0.0,58.91935294081418,308.2226229541144,260.4163556096108,151.19103273968034,58.851409327530064,414.9566454267238,159.19603515304007,137.12359286864353,213.6287238108328,476.2094724936959,200.16489292559817,193.07199462156282,273.41391696551375,501.4768724284104,276.6209592432326,252.48614303621724,313.79358432058496,320.0,374.46275742297024,449.53304958216427,502.930076144409,526.0796385713975,550.1128274478732,622.5442677321658,640.0,639.437730720959,534.8392656970523,547.7239536164109,484.713470184879,470.54262830894817,503.98565315810896,495.01267436578587,438.21707058869083,434.8152296372965,464.2738970015365,457.2604898060173,418.18002491243345,412.44787606867067,320.0,138.38814127144616,40.619266680337546,0.0,76.40653688823352,407.7734934484531,303.072650398332,188.92250236968323,114.46269729415562,529.3516807464769,210.42050567202796,166.71532073795828,265.2405342070046,585.6126979460901,251.40706831365083,214.51462289143632,316.53553299993797,592.2205482650837,321.69828549121684,288.0475272123398,379.65594451681574,320.0,369.9348254889619,439.4572221722669,490.0241635083195,506.4323603519492,540.133655003262,588.7931676388828,617.6961367084442,640.0,519.9680268764026,544.7516209447683,478.36984516605474,462.82132587446836,486.83211622972743,498.5288613305426,440.7398816504652,431.4600536839306,446.3592537818856,454.48039656468757,419.70471924987896,411.12661640095735,320.0,143.57088984427392,39.61917499567795,0.0,87.42576081979888,393.1625976256381,311.11589690200674,185.6889164147857,78.5230549439276,508.0717741981447,190.961892042335,156.13566805288264,254.90547577478327,566.8175229352569,228.9935084056363,209.16635161757915,311.8257205441769,579.3014459328272,304.61015287638236,275.4671383220644,357.4305520989868,320.0,377.21439658917683,449.6813572116216,501.5563608103788,515.4639127768977,540.7195768493016,601.0373856547128,627.7205313790271,640.0,519.4545491356203,542.4792251871029,480.6093833671106,464.96138138784056,485.746391537729,493.09227696481463,438.88084315120744,433.7419924168845,446.86223474373037,451.1231335916266,417.79543567994597,414.3126336532001,320.0,150.9991339880921,40.52775057483791,0.0,67.58547125552843,346.71308742257173,269.9254028156974,154.6892476339164,60.00980164121705,456.08965326050475,183.4122379756092,163.3066171377663,256.0123044070479,517.5847726096483,219.75044781141025,205.30738101348282,293.4417064125221,539.880797623574,294.2833498267547,270.5154650501111,341.4726184887105,320.0,379.4048597864157,452.5630876506422,502.84682693676075,516.0826602637246,549.9447021951332,609.928709398807,631.2774400752396,640.0,530.3073244750567,545.9574658588011,485.59458152122284,468.4998618737777,496.2646957019269,495.64059083810037,445.1543101022862,440.13736188742655,455.7967626416431,453.021688546661,419.8563123319601,416.23438436651384,320.0,146.63104946906387,38.7834450297575,0.0,59.445371432167974,324.6296717808527,253.62139016632995,138.34230173836147,43.9283062643853,438.82776283182363,164.68553858634272,144.41907563681445,237.31185289739955,499.64713265519015,204.03431199592788,186.92260519275564,273.5370937638878,518.3373897487276,271.7632094640553,245.38075662290223,312.98321448261015,320.0,380.2289831981794,453.03049773048673,502.7866324490354,517.5236397667829,548.9976249959477,612.694599491979,633.6404665119469,640.0,529.66121250095,544.4134685953677,485.38976231004796,470.9721856857424,496.06571995997194,492.67969792258447,443.2366449644405,440.4754259622115,456.2133539106788,451.0210604241633,418.8448945384473,417.12637441379985
320.0,138.38814127144616,40.619266680337546,0.0,76.40653688823352,407.7734934484531,303.072650398332,188.92250236968323,114.46269729415562,529.3516807464769,210.42050567202796,166.71532073795828,265.2405342070046,585.6126979460901,251.40706831365083,214.51462289143632,316.53553299993797,592.2205482650837,321.69828549121684,288.0475272123398,379.65594451681574,320.0,369.9348254889619,439.4572221722669,490.0241635083195,506.4323603519492,540.133655003262,588.7931676388828,617.6961367084442,640.0,519.9680268764026,544.7516209447683,478.36984516605474,462.82132587446836,486.83211622972743,498.5288613305426,440.7398816504652,431.4600536839306,446.3592537818856,454.48039656468757,419.70471924987896,411.12661640095735,320.0,143.57088984427392,39.61917499567795,0.0,87.42576081979888,393.1625976256381,311.11589690200674,185.6889164147857,78.5230549439276,508.0717741981447,190.961892042335,156.13566805288264,254.90547577478327,566.8175229352569,228.9935084056363,209.16635161757915,311.8257205441769,579.3014459328272,304.61015287638236,275.4671383220644,357.4305520989868,320.0,377.21439658917683,449.6813572116216,501.5563608103788,515.4639127768977,540.7195768493016,601.0373856547128,627.7205313790271,640.0,519.4545491356203,542.4792251871029,480.6093833671106,464.96138138784056,485.746391537729,493.09227696481463,438.88084315120744,433.7419924168845,446.86223474373037,451.1231335916266,417.79543567994597,414.3126336532001,320.0,150.9991339880921,40.52775057483791,0.0,67.58547125552843,346.71308742257173,269.9254028156974,154.6892476339164,60.00980164121705,456.08965326050475,183.4122379756092,163.3066171377663,256.0123044070479,517.5847726096483,219.75044781141025,205.30738101348282,293.4417064125221,539.880797623574,294.2833498267547,270.5154650501111,341.4726184887105,320.0,379.4048597864157,452.5630876506422,502.84682693676075,516.0826602637246,549.9447021951332,609.928709398807,631.2774400752396,640.0,530.3073244750567,545.9574658588011,485.59458152122284,468.4998618737777,496.2646957019269,495.64059083810037,445.1543101022862,440.13736188742655,455.7967626416431,453.021688546661,419.8563123319601,416.23438436651384,320.0,146.63104946906387,38.7834450297575,0.0,59.445371432167974,324.6296717808527,253.62139016632995,138.34230173836147,43.9283062643853,438.82776283182363,164.68553858634272,144.41907563681445,237.31185289739955,499.64713265519015,204.03431199592788,186.92260519275564,273.5370937638878,518.3373897487276,271.7632094640553,245.38075662290223,312.98321448261015,320.0,380.2289831981794,453.03049773048673,502.7866324490354,517.5236397667829,548.9976249959477,612.694599491979,633.6404665119469,640.0,529.66121250095,544.4134685953677,485.38976231004796,470.9721856857424,496.06571995997194,492.67969792258447,443.2366449644405,440.4754259622115,456.2133539106788,451.0210604241633,418.8448945384473,417.12637441379985,320.0,143.54899122112732,34.24909436838993,0.0,66.79229639432015,325.53615052246477,251.688269515696,129.73264080380972,30.077375700430252,446.182449644103,163.06647354660828,142.1905251629493,236.5972995958512,511.3695129503541,206.4494190297378,189.77686226908386,278.2742985020089,533.3094339916838,282.5460798447266,253.47833382087902,319.6176466899491,320.0,380.66158874054105,454.6624815028805,506.0130917169482,522.7814554014785,553.6441855567815,619.7636559079453,638.5303867677991,640.0,534.8507499523256,547.580844885562,486.0912386065379,470.4294172648305,501.44663720858716,493.75129573054346,443.0439289497542,440.62362680971694,461.13957525961666,453.3145737237387,420.5613749250261,419.41346863737266
320.0,143.57088984427392,39.61917499567795,0.0,87.42576081979888,393.1625976256381,311.11589690200674,185.6889164147857,78.5230549439276,508.0717741981447,190.961892042335,156.13566805288264,254.90547577478327,566.8175229352569,228.9935084056363,209.16635161757915,311.8257205441769,579.3014459328272,304.61015287638236,275.4671383220644,357.4305520989868,320.0,377.21439658917683,449.6813572116216,501.5563608103788,515.4639127768977,540.7195768493016,601.0373856547128,627.7205313790271,640.0,519.4545491356203,542.4792251871029,480.6093833671106,464.96138138784056,485.746391537729,493.09227696481463,438.88084315120744,433.7419924168845,446.86223474373037,451.1231335916266,417.79543567994597,414.3126336532001,320.0,150.9991339880921,40.52775057483791,0.0,67.58547125552843,346.71308742257173,269.9254028156974,154.6892476339164,60.00980164121705,456.08965326050475,183.4122379756092,163.3066171377663,256.0123044070479,517.5847726096483,219.75044781141025,205.30738101348282,293.4417064125221,539.880797623574,294.2833498267547,270.5154650501111,341.4726184887105,320.0,379.4048597864157,452.5630876506422,502.84682693676075,516.0826602637246,549.9447021951332,609.928709398807,631.2774400752396,640.0,530.3073244750567,545.9574658588011,485.59458152122284,468.4998618737777,496.2646957019269,495.64059083810037,445.1543101022862,440.13736188742655,455.7967626416431,453.021688546661,419.8563123319601,416.23438436651384,320.0,146.63104946906387,38.7834450297575,0.0,59.445371432167974,324.6296717808527,253.62139016632995,138.34230173836147,43.9283062643853,438.82776283182363,164.68553858634272,144.41907563681445,237.31185289739955,499.64713265519015,204.03431199592788,186.92260519275564,273.5370937638878,518.3373897487276,271.7632094640553,245.38075662290223,312.98321448261015,320.0,380.2289831981794,453.03049773048673,502.7866324490354,517.5236397667829,548.9976249959477,612.694599491979,633.6404665119469,640.0,529.66121250095,544.4134685953677,485.38976231004796,470.9721856857424,496.06571995997194,492.67969792258447,443.2366449644405,440.4754259622115,456.2133539106788,451.0210604241633,418.8448945384473,417.12637441379985,320.0,143.54899122112732,34.24909436838993,0.0,66.79229639432015,325.53615052246477,251.688269515696,129.73264080380972,30.077375700430252,446.182449644103,163.06647354660828,142.1905251629493,236.5972995958512,511.3695129503541,206.4494190297378,189.77686226908386,278.2742985020089,533.3094339916838,282.5460798447266,253.47833382087902,319.6176466899491,320.0,380.66158874054105,454.6624815028805,506.0130917169482,522.7814554014785,553.6441855567815,619.7636559079453,638.5303867677991,640.0,534.8507499523256,547.580844885562,486.0912386065379,470.4294172648305,501.44663720858716,493.75129573054346,443.0439289497542,440.62362680971694,461.13957525961666,453.3145737237387,420.5613749250261,419.41346863737266,320.0,144.93263375208323,32.90173949000075,0.0,70.52064327804757,309.6778976387142,242.37894989251686,128.48762339545505,31.379623244512118,422.63345433713357,156.01706801619423,139.75874286822474,227.43098778938491,485.38546575529824,191.88905885007276,186.22817636567933,275.05533221060233,506.5779563758982,266.30736727330975,250.3812949216458,322.5799141758826,320.0,380.28893464117976,452.4197848276879,504.1667833393974,520.6605569656253,553.5775440616944,619.1362999368431,637.5130634689415,640.0,536.8801796657644,546.4178791487032,484.8467833218416,469.5496672522979,503.7049963286493,490.6931079991556,439.9435020164998,439.4443001457568,462.400058285161,449.56923315951656,417.4049251838857,419.08303221527945
320.0,150.9991339880921,40.52775057483791,0.0,67.58547125552843,346.71308742257173,269.9254028156974,154.6892476339164,60.00980164121705,456.08965326050475,183.4122379756092,163.3066171377663,256.0123044070479,517.5847726096483,219.75044781141025,205.30738101348282,293.4417064125221,539.880797623574,294.2833498267547,270.5154650501111,341.4726184887105,320.0,379.4048597864157,452.5630876506422,502.84682693676075,516.0826602637246,549.9447021951332,609.928709398807,631.2774400752396,640.0,530.3073244750567,545.9574658588011,485.59458152122284,468.4998618737777,496.2646957019269,495.64059083810037,445.1543101022862,440.13736188742655,455.7967626416431,453.021688546661,419.8563123319601,416.23438436651384,320.0,146.63104946906387,38.7834450297575,0.0,59.445371432167974,324.6296717808527,253.62139016632995,138.34230173836147,43.9283062643853,438.82776283182363,164.68553858634272,144.41907563681445,237.31185289739955,499.64713265519015,204.03431199592788,186.92260519275564,273.5370937638878,518.3373897487276,271.7632094640553,245.38075662290223,312.98321448261015,320.0,380.2289831981794,453.03049773048673,502.7866324490354,517.5236397667829,548.9976249959477,612.694599491979,633.6404665119469,640.0,529.66121250095,544.4134685953677,485.38976231004796,470.9721856857424,496.06571995997194,492.67969792258447,443.2366449644405,440.4754259622115,456.2133539106788,451.0210604241633,418.8448945384473,417.12637441379985,320.0,143.54899122112732,34.24909436838993,0.0,66.79229639432015,325.53615052246477,251.688269515696,129.73264080380972,30.077375700430252,446.182449644103,163.06647354660828,142.1905251629493,236.5972995958512,511.3695129503541,206.4494190297378,189.77686226908386,278.2742985020089,533.3094339916838,282.5460798447266,253.47833382087902,319.6176466899491,320.0,380.66158874054105,454.6624815028805,506.0130917169482,522.7814554014785,553.6441855567815,619.7636559079453,638.5303867677991,640.0,534.8507499523256,547.580844885562,486.0912386065379,470.4294172648305,501.44663720858716,493.75129573054346,443.0439289497542,440.62362680971694,461.13957525961666,453.3145737237387,420.5613749250261,419.41346863737266,320.0,144.93263375208323,32.90173949000075,0.0,70.52064327804757,309.6778976387142,242.37894989251686,128.48762339545505,31.379623244512118,422.63345433713357,156.01706801619423,139.75874286822474,227.43098778938491,485.38546575529824,191.88905885007276,186.22817636567933,275.05533221060233,506.5779563758982,266.30736727330975,250.3812949216458,322.5799141758826,320.0,380.28893464117976,452.4197848276879,504.1667833393974,520.6605569656253,553.5775440616944,619.1362999368431,637.5130634689415,640.0,536.8801796657644,546.4178791487032,484.8467833218416,469.5496672522979,503.7049963286493,490.6931079991556,439.9435020164998,439.4443001457568,462.400058285161,449.56923315951656,417.4049251838857,419.08303221527945,320.0,145.56744622708692,38.99503975832067,0.0,53.282014257306685,300.26267350373433,230.90410445830366,116.8657580693251,25.17535797273223,409.165974664081,150.56228392886624,130.52951134350351,215.02029189777912,466.6096637237049,183.5636367220515,172.45476520783487,257.7288351933213,482.04821266204567,250.38092586249806,231.97076586821478,301.2668945141649,320.0,380.382532160971,453.4676102913704,504.3467241925508,524.2683429535294,553.1500227860597,621.609155400226,639.46318218288,640.0,536.0484727375933,548.2061459563778,487.3865705032965,471.4134408634215,504.06713099475974,492.8429319537038,441.2874842962125,439.43496184957553,464.14845214418756,453.21148024488963,419.7269812557908,419.42398103863036
320.0,146.63104946906387,38.7834450297575,0.0,59.445371432167974,324.6296717808527,253.62139016632995,138.34230173836147,43.9283062643853,438.82776283182363,164.68553858634272,144.41907563681445,237.31185289739955,499.64713265519015,204.03431199592788,186.92260519275564,273.5370937638878,518.3373897487276,271.7632094640553,245.38075662290223,312.98321448261015,320.0,380.2289831981794,453.03049773048673,502.7866324490354,517.5236397667829,548.9976249959477,612.694599491979,633.6404665119469,640.0,529.66121250095,544.4134685953677,485.38976231004796,470.9721856857424,496.06571995997194,492.67969792258447,443.2366449644405,440.4754259622115,456.2133539106788,451.0210604241633,418.8448945384473,417.12637441379985,320.0,143.54899122112732,34.24909436838993,0.0,66.79229639432015,325.53615052246477,251.688269515696,129.73264080380972,30.077375700430252,446.182449644103,163.06647354660828,142.1905251629493,236.5972995958512,511.3695129503541,206.4494190297378,189.77686226908386,278.2742985020089,533.3094339916838,282.5460798447266,253.47833382087902,319.6176466899491,320.0,380.66158874054105,454.6624815028805,506.0130917169482,522.7814554014785,553.6441855567815,619.7636559079453,638.5303867677991,640.0,534.8507499523256,547.580844885562,486.0912386065379,470.4294172648305,501.44663720858716,493.75129573054346,443.0439289497542,440.62362680971694,461.13957525961666,453.3145737237387,420.5613749250261,419.41346863737266,320.0,144.93263375208323,32.90173949000075,0.0,70.52064327804757,309.6778976387142,242.37894989251686,128.48762339545505,31.379623244512118,422.63345433713357,156.01706801619423,139.75874286822474,227.43098778938491,485.38546575529824,191.88905885007276,186.22817636567933,275.05533221060233,506.5779563758982,266.30736727330975,250.3812949216458,322.5799141758826,320.0,380.28893464117976,452.4197848276879,504.1667833393974,520.6605569656253,553.5775440616944,619.1362999368431,637.5130634689415,640.0,536.8801796657644,546.4178791487032,484.8467833218416,469.5496672522979,503.7049963286493,490.6931079991556,439.9435020164998,439.4443001457568,462.400058285161,449.56923315951656,417.4049251838857,419.08303221527945,320.0,145.56744622708692,38.99503975832067,0.0,53.282014257306685,300.26267350373433,230.90410445830366,116.8657580693251,25.17535797273223,409.165974664081,150.56228392886624,130.52951134350351,215.02029189777912,466.6096637237049,183.5636367220515,172.45476520783487,257.7288351933213,482.04821266204567,250.38092586249806,231.97076586821478,301.2668945141649,320.0,380.382532160971,453.4676102913704,504.3467241925508,524.2683429535294,553.1500227860597,621.609155400226,639.46318218288,640.0,536.0484727375933,548.2061459563778,487.3865705032965,471.4134408634215,504.06713099475974,492.8429319537038,441.2874842962125,439.43496184957553,464.14845214418756,453.21148024488963,419.7269812557908,419.42398103863036,320.0,145.3605115308341,41.589554754996186,0.0,44.93524291309609,293.56832878738624,230.23934199983808,123.86461496815016,36.28620493379276,403.10365121930886,143.7202484177808,124.4386973897764,207.17143799767246,461.1298199224873,181.41690947301254,170.73886041545566,253.9096071552442,477.75984105902637,250.88953529826208,232.2506607434406,299.7079556289782,320.0,380.8645066264934,453.139826861252,503.3460101335843,525.9227847306837,553.2121482554539,619.1926947832737,637.9337243300905,640.0,535.8045962413371,546.0119840846496,485.5867373592714,470.927087580428,503.8352684591556,492.4392588536622,441.0875809517525,439.5259541838809,463.737481736129,453.68975366610744,420.53297726913456,420.14192813931055
320.0,143.54899122112732,34.24909436838993,0.0,66.79229639432015,325.53615052246477,251.688269515696,129.73264080380972,30.077375700430252,446.182449644103,163.06647354660828,142.1905251629493,236.5972995958512,511.3695129503541,206.4494190297378,189.77686226908386,278.2742985020089,533.3094339916838,282.5460798447266,253.47833382087902,319.6176466899491,320.0,380.66158874054105,454.6624815028805,506.0130917169482,522.7814554014785,553.6441855567815,619.7636559079453,638.5303867677991,640.0,534.8507499523256,547.580844885562,486.0912386065379,470.4294172648305,501.44663720858716,493.75129573054346,443.0439289497542,440.62362680971694,461.13957525961666,453.3145737237387,420.5613749250261,419.41346863737266,320.0,144.93263375208323,32.90173949000075,0.0,70.52064327804757,309.6778976387142,242.37894989251686,128.48762339545505,31.379623244512118,422.63345433713357,156.01706801619423,139.75874286822474,227.43098778938491,485.38546575529824,191.88905885007276,186.22817636567933,275.05533221060233,506.5779563758982,266.30736727330975,250.3812949216458,322.5799141758826,320.0,380.28893464117976,452.4197848276879,504.1667833393974,520.6605569656253,553.5775440616944,619.1362999368431,637.5130634689415,640.0,536.8801796657644,546.4178791487032,484.8467833218416,469.5496672522979,503.7049963286493,490.6931079991556,439.9435020164998,439.4443001457568,462.400058285161,449.56923315951656,417.4049251838857,419.08303221527945,320.0,145.56744622708692,38.99503975832067,0.0,53.282014257306685,300.26267350373433,230.90410445830366,116.8657580693251,25.17535797273223,409.165974664081,150.56228392886624,130.52951134350351,215.02029189777912,466.6096637237049,183.5636367220515,172.45476520783487,257.7288351933213,482.04821266204567,250.38092586249806,231.97076586821478,301.2668945141649,320.0,380.382532160971,453.4676102913704,504.3467241925508,524.2683429535294,553.1500227860597,621.609155400226,639.46318218288,640.0,536.0484727375933,548.2061459563778,487.3865705032965,471.4134408634215,504.06713099475974,492.8429319537038,441.2874842962125,439.43496184957553,464.14845214418756,453.21148024488963,419.7269812557908,419.42398103863036,320.0,145.3605115308341,41.589554754996186,0.0,44.93524291309609,293.56832878738624,230.23934199983808,123.86461496815016,36.28620493379276,403.10365121930886,143.7202484177808,124.4386973897764,207.17143799767246,461.1298199224873,181.41690947301254,170.73886041545566,253.9096071552442,477.75984105902637,250.88953529826208,232.2506607434406,299.7079556289782,320.0,380.8645066264934,453.139826861252,503.3460101335843,525.9227847306837,553.2121482554539,619.1926947832737,637.9337243300905,640.0,535.8045962413371,546.0119840846496,485.5867373592714,470.927087580428,503.8352684591556,492.4392588536622,441.0875809517525,439.5259541838809,463.737481736129,453.68975366610744,420.53297726913456,420.14192813931055,320.0,144.41046510982676,40.88396527307134,0.0,36.28872559598517,287.87041934735464,221.6845130909855,112.52943014069328,23.520129023956372,394.80649181025115,134.1041936835071,116.71799360189229,199.89033443617782,451.9019320749578,171.95617996586336,165.48065068074564,249.71177021162106,468.9116903065114,242.74495647736046,227.15155830710947,295.1633323130235,320.0,380.71019454628834,452.42299577855897,502.94712929229013,527.787531716839,553.9169365950381,621.2094203498706,638.99387209046,640.0,537.0665003467818,544.9142588192117,484.4833808228667,470.8211875050669,504.84749039718037,490.40730103204595,439.661619346103,439.5818306265204,464.03707317858976,451.628470466985,418.9066907274855,419.79697370883946
320.0,144.93263375208323,32.90173949000075,0.0,70.52064327804757,309.6778976387142,242.37894989251686,128.48762339545505,31.379623244512118,422.63345433713357,156.01706801619423,139.75874286822474,227.43098778938491,485.38546575529824,191.88905885007276,186.22817636567933,275.05533221060233,506.5779563758982,266.30736727330975,250.3812949216458,322.5799141758826,320.0,380.28893464117976,452.4197848276879,504.1667833393974,520.6605569656253,553.5775440616944,619.1362999368431,637.5130634689415,640.0,536.8801796657644,546.4178791487032,484.8467833218416,469.5496672522979,503.7049963286493,490.6931079991556,439.9435020164998,439.4443001457568,462.400058285161,449.56923315951656,417.4049251838857,419.08303221527945,320.0,145.56744622708692,38.99503975832067,0.0,53.282014257306685,300.26267350373433,230.90410445830366,116.8657580693251,25.17535797273223,409.165974664081,150.56228392886624,130.52951134350351,215.02029189777912,466.6096637237049,183.5636367220515,172.45476520783487,257.7288351933213,482.04821266204567,250.38092586249806,231.97076586821478,301.2668945141649,320.0,380.382532160971,453.4676102913704,504.3467241925508,524.2683429535294,553.1500227860597,621.609155400226,639.46318218288,640.0,536.0484727375933,548.2061459563778,487.3865705032965,471.4134408634215,504.06713099475974,492.8429319537038,441.2874842962125,439.43496184957553,464.14845214418756,453.21148024488963,419.7269812557908,419.42398103863036,320.0,145.3605115308341,41.589554754996186,0.0,44.93524291309609,293.56832878738624,230.23934199983808,123.86461496815016,36.28620493379276,403.10365121930886,143.7202484177808,124.4386973897764,207.17143799767246,461.1298199224873,181.41690947301254,170.73886041545566,253.9096071552442,477.75984105902637,250.88953529826208,232.2506607434406,299.7079556289782,320.0,380.8645066264934,453.139826861252,503.3460101335843,525.9227847306837,553.2121482554539,619.1926947832737,637.9337243300905,640.0,535.8045962413371,546.0119840846496,485.5867373592714,470.927087580428,503.8352684591556,492.4392588536622,441.0875809517525,439.5259541838809,463.737481736129,453.68975366610744,420.53297726913456,420.14192813931055,320.0,144.41046510982676,40.88396527307134,0.0,36.28872559598517,287.87041934735464,221.6845130909855,112.52943014069328,23.520129023956372,394.80649181025115,134.1041936835071,116.71799360189229,199.89033443617782,451.9019320749578,171.95617996586336,165.48065068074564,249.71177021162106,468.9116903065114,242.74495647736046,227.15155830710947,295.1633323130235,320.0,380.71019454628834,452.42299577855897,502.94712929229013,527.787531716839,553.9169365950381,621.2094203498706,638.99387209046,640.0,537.0665003467818,544.9142588192117,484.4833808228667,470.8211875050669,504.84749039718037,490.40730103204595,439.661619346103,439.5818306265204,464.03707317858976,451.628470466985,418.9066907274855,419.79697370883946,320.0,145.98460130283723,40.92459494430881,0.0,45.71899751608714,293.2617267671811,229.4372461922451,124.140880469882,35.34043669507969,402.1543030950648,138.42908287542514,125.11574264667439,207.83969296360914,460.22360624722415,178.01042966944667,172.1765459247422,253.02981476729167,477.3721608238922,248.57658510962452,229.97112218411246,292.4759616973785,320.0,381.43160313577084,454.10408698857793,504.8398967791637,528.207383399862,552.9782108887568,617.3901302171354,636.6376155631583,640.0,536.0613891975449,543.2321133193293,483.52331393284516,469.63417341748277,503.924025173792,490.9962266477137,440.74738460836556,439.3146217270492,463.15993744339494,452.7060955773121,420.8430583917951,420.4782365738121
320.0,145.56744622708692,38.99503975832067,0.0,53.282014257306685,300.26267350373433,230.90410445830366,116.8657580693251,25.17535797273223,409.165974664081,150.56228392886624,130.52951134350351,215.02029189777912,466.6096637237049,183.5636367220515,172.45476520783487,257.7288351933213,482.04821266204567,250.38092586249806,231.97076586821478,301.2668945141649,320.0,380.382532160971,453.4676102913704,504.3467241925508,524.2683429535294,553.1500227860597,621.609155400226,639.46318218288,640.0,536.0484727375933,548.2061459563778,487.3865705032965,471.4134408634215,504.06713099475974,492.8429319537038,441.2874842962125,439.43496184957553,464.14845214418756,453.21148024488963,419.7269812557908,419.42398103863036,320.0,145.3605115308341,41.589554754996186,0.0,44.93524291309609,293.56832878738624,230.23934199983808,123.86461496815016,36.28620493379276,403.10365121930886,143.7202484177808,124.4386973897764,207.17143799767246,461.1298199224873,181.41690947301254,170.73886041545566,253.9096071552442,477.75984105902637,250.88953529826208,232.2506607434406,299.7079556289782,320.0,380.8645066264934,453.139826861252,503.3460101335843,525.9227847306837,553.2121482554539,619.1926947832737,637.9337243300905,640.0,535.8045962413371,546.0119840846496,485.5867373592714,470.927087580428,503.8352684591556,492.4392588536622,441.0875809517525,439.5259541838809,463.737481736129,453.68975366610744,420.53297726913456,420.14192813931055,320.0,144.41046510982676,40.88396527307134,0.0,36.28872559598517,287.87041934735464,221.6845130909855,112.52943014069328,23.520129023956372,394.80649181025115,134.1041936835071,116.71799360189229,199.89033443617782,451.9019320749578,171.95617996586336,165.48065068074564,249.71177021162106,468.9116903065114,242.74495647736046,227.15155830710947,295.1633323130235,320.0,380.71019454628834,452.42299577855897,502.94712929229013,527.787531716839,553.9169365950381,621.2094203498706,638.99387209046,640.0,537.0665003467818,544.9142588192117,484.4833808228667,470.8211875050669,504.84749039718037,490.40730103204595,439.661619346103,439.5818306265204,464.03707317858976,451.628470466985,418.9066907274855,419.79697370883946,320.0,145.98460130283723,40.92459494430881,0.0,45.71899751608714,293.2617267671811,229.4372461922451,124.140880469882,35.34043669507969,402.1543030950648,138.42908287542514,125.11574264667439,207.83969296360914,460.22360624722415,178.01042966944667,172.1765459247422,253.02981476729167,477.3721608238922,248.57658510962452,229.97112218411246,292.4759616973785,320.0,381.43160313577084,454.10408698857793,504.8398967791637,528.207383399862,552.9782108887568,617.3901302171354,636.6376155631583,640.0,536.0613891975449,543.2321133193293,483.52331393284516,469.63417341748277,503.924025173792,490.9962266477137,440.74738460836556,439.3146217270492,463.15993744339494,452.7060955773121,420.8430583917951,420.4782365738121,320.0,144.4517724649629,39.75015760632368,0.0,47.37122351001409,299.436254303865,230.83759274525968,122.10532951845207,32.78473400901993,407.70840405411957,141.08995684011444,127.42243344163717,213.28238203772855,463.91474710246837,177.87420590660008,171.07269288589302,254.2962998884632,477.75689830755056,245.67470054798508,229.07860918481163,295.45764026962803,320.0,381.12908912176243,453.9594736675916,505.19847241855723,528.0970723849284,552.4750773763685,617.9343795507357,636.8470925004791,640.0,535.2993041715695,544.4275349138545,483.7313446208321,469.88943797455846,503.3113875937374,492.15199510163507,441.1389655309492,439.9619661691667,463.11826786885024,453.41250466137114,420.80079289629225,420.48051679524525
320.0,145.3605115308341,41.589554754996186,0.0,44.93524291309609,293.56832878738624,230.23934199983808,123.86461496815016,36.28620493379276,403.10365121930886,143.7202484177808,124.4386973897764,207.17143799767246,461.1298199224873,181.41690947301254,170.73886041545566,253.9096071552442,477.75984105902637,250.88953529826208,232.2506607434406,299.7079556289782,320.0,380.8645066264934,453.139826861252,503.3460101335843,525.9227847306837,553.2121482554539,619.1926947832737,637.9337243300905,640.0,535.8045962413371,546.0119840846496,485.5867373592714,470.927087580428,503.8352684591556,492.4392588536622,441.0875809517525,439.5259541838809,463.737481736129,453.68975366610744,420.53297726913456,420.14192813931055,320.0,144.41046510982676,40.88396527307134,0.0,36.28872559598517,287.87041934735464,221.6845130909855,112.52943014069328,23.520129023956372,394.80649181025115,134.1041936835071,116.71799360189229,199.89033443617782,451.9019320749578,171.95617996586336,165.48065068074564,249.71177021162106,468.9116903065114,242.74495647736046,227.15155830710947,295.1633323130235,320.0,380.71019454628834,452.42299577855897,502.94712929229013,527.787531716839,553.9169365950381,621.2094203498706,638.99387209046,640.0,537.0665003467818,544.9142588192117,484.4833808228667,470.8211875050669,504.84749039718037,490.40730103204595,439.661619346103,439.5818306265204,464.03707317858976,451.628470466985,418.9066907274855,419.79697370883946,320.0,145.98460130283723,40.92459494430881,0.0,45.71899751608714,293.2617267671811,229.4372461922451,124.140880469882,35.34043669507969,402.1543030950648,138.42908287542514,125.11574264667439,207.83969296360914,460.22360624722415,178.01042966944667,172.1765459247422,253.02981476729167,477.3721608238922,248.57658510962452,229.97112218411246,292.4759616973785,320.0,381.43160313577084,454.10408698857793,504.8398967791637,528.207383399862,552.9782108887568,617.3901302171354,636.6376155631583,640.0,536.0613891975449,543.2321133193293,483.52331393284516,469.63417341748277,503.924025173792,490.9962266477137,440.74738460836556,439.3146217270492,463.15993744339494,452.7060955773121,420.8430583917951,420.4782365738121,320.0,144.4517724649629,39.75015760632368,0.0,47.37122351001409,299.436254303865,230.83759274525968,122.10532951845207,32.78473400901993,407.70840405411957,141.08995684011444,127.42243344163717,213.28238203772855,463.91474710246837,177.87420590660008,171.07269288589302,254.2962998884632,477.75689830755056,245.67470054798508,229.07860918481163,295.45764026962803,320.0,381.12908912176243,453.9594736675916,505.19847241855723,528.0970723849284,552.4750773763685,617.9343795507357,636.8470925004791,640.0,535.2993041715695,544.4275349138545,483.7313446208321,469.88943797455846,503.3113875937374,492.15199510163507,441.1389655309492,439.9619661691667,463.11826786885024,453.41250466137114,420.80079289629225,420.48051679524525,320.0,147.1477074908983,41.0350266119832,0.0,51.90232727966895,303.98620691744907,233.84661255891677,124.34650574737023,35.40153414712114,411.33755024309096,146.68305756763596,132.39352100854342,216.9455533822899,467.36102757252957,182.25214494251114,175.56281503724767,257.70898474488706,479.8051514981645,247.06596105393453,231.71719332586918,298.83918120237985,320.0,380.88823207348,453.7672239572155,506.1323638784619,528.6149894659384,551.1818244731874,619.3329788398954,637.7202345963988,640.0,534.4655258051658,545.4720669975077,484.1241591366012,469.0802191785622,503.11321510071963,492.0802673593013,440.03374403763354,438.1399851953729,463.93727743783586,453.34427065311183,419.66711839759625,418.8955537937952
320.0,144.41046510982676,40.88396527307134,0.0,36.28872559598517,287.87041934735464,221.6845130909855,112.52943014069328,23.520129023956372,394.80649181025115,134.1041936835071,116.71799360189229,199.89033443617782,451.9019320749578,171.95617996586336,165.48065068074564,249.71177021162106,468.9116903065114,242.74495647736046,227.15155830710947,295.1633323130235,320.0,380.71019454628834,452.42299577855897,502.94712929229013,527.787531716839,553.9169365950381,621.2094203498706,638.99387209046,640.0,537.0665003467818,544.9142588192117,484.4833808228667,470.8211875050669,504.84749039718037,490.40730103204595,439.661619346103,439.5818306265204,464.03707317858976,451.628470466985,418.9066907274855,419.79697370883946,320.0,145.98460130283723,40.92459494430881,0.0,45.71899751608714,293.2617267671811,229.4372461922451,124.140880469882,35.34043669507969,402.1543030950648,138.42908287542514,125.11574264667439,207.83969296360914,460.22360624722415,178.01042966944667,172.1765459247422,253.02981476729167,477.3721608238922,248.57658510962452,229.97112218411246,292.4759616973785,320.0,381.43160313577084,454.10408698857793,504.8398967791637,528.207383399862,552.9782108887568,617.3901302171354,636.6376155631583,640.0,536.0613891975449,543.2321133193293,483.52331393284516,469.63417341748277,503.924025173792,490.9962266477137,440.74738460836556,439.3146217270492,463.15993744339494,452.7060955773121,420.8430583917951,420.4782365738121,320.0,144.4517724649629,39.75015760632368,0.0,47.37122351001409,299.436254303865,230.83759274525968,122.10532951845207,32.78473400901993,407.70840405411957,141.08995684011444,127.42243344163717,213.28238203772855,463.91474710246837,177.87420590660008,171.07269288589302,254.2962998884632,477.75689830755056,245.67470054798508,229.07860918481163,295.45764026962803,320.0,381.12908912176243,453.9594736675916,505.19847241855723,528.0970723849284,552.4750773763685,617.9343795507357,636.8470925004791,640.0,535.2993041715695,544.4275349138545,483.7313446208321,469.88943797455846,503.3113875937374,492.15199510163507,441.1389655309492,439.9619661691667,463.11826786885024,453.41250466137114,420.80079289629225,420.48051679524525,320.0,147.1477074908983,41.0350266119832,0.0,51.90232727966895,303.98620691744907,233.84661255891677,124.34650574737023,35.40153414712114,411.33755024309096,146.68305756763596,132.39352100854342,216.9455533822899,467.36102757252957,182.25214494251114,175.56281503724767,257.70898474488706,479.8051514981645,247.06596105393453,231.71719332586918,298.83918120237985,320.0,380.88823207348,453.7672239572155,506.1323638784619,528.6149894659384,551.1818244731874,619.3329788398954,637.7202345963988,640.0,534.4655258051658,545.4720669975077,484.1241591366012,469.0802191785622,503.11321510071963,492.0802673593013,440.03374403763354,438.1399851953729,463.93727743783586,453.34427065311183,419.66711839759625,418.8955537937952,320.0,145.46951998704128,41.385288241752335,0.0,38.465926339218754,287.9656833630304,219.28743783109255,107.04102997906205,17.59181200242375,393.8919745864905,136.8660751246378,119.15581073054841,203.08009815038127,448.38741803303276,168.78841873496395,162.2645140776204,248.6335379132845,461.9596239568522,232.1220520389002,217.78566500482953,288.4693460040916,320.0,380.6497056722512,452.04850955067093,502.099152488393,525.7456300045675,554.0622423305192,622.0887856100429,639.8007201014789,640.0,537.4673196793988,546.415599168895,486.1182410207971,471.50511175891427,505.70275520673306,490.9304378602328,439.742849477243,439.1716815066155,465.27880813887685,452.62591028228337,419.6493264775302,420.32055552991716
320.0,145.98460130283723,40.92459494430881,0.0,45.71899751608714,293.2617267671811,229.4372461922451,124.140880469882,35.34043669507969,402.1543030950648,138.42908287542514,125.11574264667439,207.83969296360914,460.22360624722415,178.01042966944667,172.1765459247422,253.02981476729167,477.3721608238922,248.57658510962452,229.97112218411246,292.4759616973785,320.0,381.43160313577084,454.10408698857793,504.8398967791637,528.207383399862,552.9782108887568,617.3901302171354,636.6376155631583,640.0,536.0613891975449,543.2321133193293,483.52331393284516,469.63417341748277,503.924025173792,490.9962266477137,440.74738460836556,439.3146217270492,463.15993744339494,452.7060955773121,420.8430583917951,420.4782365738121,320.0,144.4517724649629,39.75015760632368,0.0,47.37122351001409,299.436254303865,230.83759274525968,122.10532951845207,32.78473400901993,407.70840405411957,141.08995684011444,127.42243344163717,213.28238203772855,463.91474710246837,177.87420590660008,171.07269288589302,254.2962998884632,477.75689830755056,245.67470054798508,229.07860918481163,295.45764026962803,320.0,381.12908912176243,453.9594736675916,505.19847241855723,528.0970723849284,552.4750773763685,617.9343795507357,636.8470925004791,640.0,535.2993041715695,544.4275349138545,483.7313446208321,469.88943797455846,503.3113875937374,492.15199510163507,441.1389655309492,439.9619661691667,463.11826786885024,453.41250466137114,420.80079289629225,420.48051679524525,320.0,147.1477074908983,41.0350266119832,0.0,51.90232727966895,303.98620691744907,233.84661255891677,124.34650574737023,35.40153414712114,411.33755024309096,146.68305756763596,132.39352100854342,216.9455533822899,467.36102757252957,182.25214494251114,175.56281503724767,257.70898474488706,479.8051514981645,247.06596105393453,231.71719332586918,298.83918120237985,320.0,380.88823207348,453.7672239572155,506.1323638784619,528.6149894659384,551.1818244731874,619.3329788398954,637.7202345963988,640.0,534.4655258051658,545.4720669975077,484.1241591366012,469.0802191785622,503.11321510071963,492.0802673593013,440.03374403763354,438.1399851953729,463.93727743783586,453.34427065311183,419.66711839759625,418.8955537937952,320.0,145.46951998704128,41.385288241752335,0.0,38.465926339218754,287.9656833630304,219.28743783109255,107.04102997906205,17.59181200242375,393.8919745864905,136.8660751246378,119.15581073054841,203.08009815038127,448.38741803303276,168.78841873496395,162.2645140776204,248.6335379132845,461.9596239568522,232.1220520389002,217.78566500482953,288.4693460040916,320.0,380.6497056722512,452.04850955067093,502.099152488393,525.7456300045675,554.0622423305192,622.0887856100429,639.8007201014789,640.0,537.4673196793988,546.415599168895,486.1182410207971,471.50511175891427,505.70275520673306,490.9304378602328,439.742849477243,439.1716815066155,465.27880813887685,452.62591028228337,419.6493264775302,420.32055552991716,320.0,147.03895995344044,40.38462725556053,0.0,46.64092659531218,281.13084418130404,223.8658810850053,117.87503084599774,29.28414986067429,388.1726336227947,133.38246836799237,116.91940817624581,196.13722898902068,446.4959079488973,171.89308847333615,167.6720357531511,249.39369948621754,465.65155386298215,239.96988574096036,227.5412147571093,295.3798388343691,320.0,379.4218076784891,452.79259705613595,505.29188273202806,528.1260944718387,554.0202160795064,623.0900104956136,640.0,639.8729210339452,537.9491967036417,544.8307546940288,484.36481734520385,471.064866287014,506.0265191056945,489.10685439952925,438.7051072051963,439.3750724932882,465.55022759356234,450.23981486982325,417.0341828839457,417.9385030595704
320.0,144.4517724649629,39.75015760632368,0.0,47.37122351001409,299.436254303865,230.83759274525968,122.10532951845207,32.78473400901993,407.70840405411957,141.08995684011444,127.42243344163717,213.28238203772855,463.91474710246837,177.87420590660008,171.07269288589302,254.2962998884632,477.75689830755056,245.67470054798508,229.07860918481163,295.45764026962803,320.0,381.12908912176243,453.9594736675916,505.19847241855723,528.0970723849284,552.4750773763685,617.9343795507357,636.8470925004791,640.0,535.2993041715695,544.4275349138545,483.7313446208321,469.88943797455846,503.3113875937374,492.15199510163507,441.1389655309492,439.9619661691667,463.11826786885024,453.41250466137114,420.80079289629225,420.48051679524525,320.0,147.1477074908983,41.0350266119832,0.0,51.90232727966895,303.98620691744907,233.84661255891677,124.34650574737023,35.40153414712114,411.33755024309096,146.68305756763596,132.39352100854342,216.9455533822899,467.36102757252957,182.25214494251114,175.56281503724767,257.70898474488706,479.8051514981645,247.06596105393453,231.71719332586918,298.83918120237985,320.0,380.88823207348,453.7672239572155,506.1323638784619,528.6149894659384,551.1818244731874,619.3329788398954,637.7202345963988,640.0,534.4655258051658,545.4720669975077,484.1241591366012,469.0802191785622,503.11321510071963,492.0802673593013,440.03374403763354,438.1399851953729,463.93727743783586,453.34427065311183,419.66711839759625,418.8955537937952,320.0,145.46951998704128,41.385288241752335,0.0,38.465926339218754,287.9656833630304,219.28743783109255,107.04102997906205,17.59181200242375,393.8919745864905,136.8660751246378,119.15581073054841,203.08009815038127,448.38741803303276,168.78841873496395,162.2645140776204,248.6335379132845,461.9596239568522,232.1220520389002,217.78566500482953,288.4693460040916,320.0,380.6497056722512,452.04850955067093,502.099152488393,525.7456300045675,554.0622423305192,622.0887856100429,639.8007201014789,640.0,537.4673196793988,546.415599168895,486.1182410207971,471.50511175891427,505.70275520673306,490.9304378602328,439.742849477243,439.1716815066155,465.27880813887685,452.62591028228337,419.6493264775302,420.32055552991716,320.0,147.03895995344044,40.38462725556053,0.0,46.64092659531218,281.13084418130404,223.8658810850053,117.87503084599774,29.28414986067429,388.1726336227947,133.38246836799237,116.91940817624581,196.13722898902068,446.4959079488973,171.89308847333615,167.6720357531511,249.39369948621754,465.65155386298215,239.96988574096036,227.5412147571093,295.3798388343691,320.0,379.4218076784891,452.79259705613595,505.29188273202806,528.1260944718387,554.0202160795064,623.0900104956136,640.0,639.8729210339452,537.9491967036417,544.8307546940288,484.36481734520385,471.064866287014,506.0265191056945,489.10685439952925,438.7051072051963,439.3750724932882,465.55022759356234,450.23981486982325,417.0341828839457,417.9385030595704,320.0,147.18311645546203,40.466991027657,0.0,39.799226713532505,280.16302802700955,223.46832226436038,119.25891776893906,30.186735732124703,387.08066672833223,134.37198705022664,120.83768310054575,199.44566682083064,445.4618325779299,175.10059013967256,172.0015954120803,251.53445638701322,465.1358742022014,242.7510350568865,229.35137323096848,293.8364258625474,320.0,378.6877107372052,451.43303297394334,503.81510915557897,527.8678325153728,554.5412025782739,622.946929364738,639.922429084902,640.0,539.3785038882688,545.039078035577,484.6038338110628,470.5856612969349,507.9092622744918,490.6990892254656,440.276971498638,439.5691724161875,467.16856303697944,452.29205271945284,418.8913237339918,418.40157564145403
320.0,147.1477074908983,41.0350266119832,0.0,51.90232727966895,303.98620691744907,233.84661255891677,124.34650574737023,35.40153414712114,411.33755024309096,146.68305756763596,132.39352100854342,216.9455533822899,467.36102757252957,182.25214494251114,175.56281503724767,257.70898474488706,479.8051514981645,247.06596105393453,231.71719332586918,298.83918120237985,320.0,380.88823207348,453.7672239572155,506.1323638784619,528.6149894659384,551.1818244731874,619.3329788398954,637.7202345963988,640.0,534.4655258051658,545.4720669975077,484.1241591366012,469.0802191785622,503.11321510071963,492.0802673593013,440.03374403763354,438.1399851953729,463.93727743783586,453.34427065311183,419.66711839759625,418.8955537937952,320.0,145.46951998704128,41.385288241752335,0.0,38.465926339218754,287.9656833630304,219.28743783109255,107.04102997906205,17.59181200242375,393.8919745864905,136.8660751246378,119.15581073054841,203.08009815038127,448.38741803303276,168.78841873496395,162.2645140776204,248.6335379132845,461.9596239568522,232.1220520389002,217.78566500482953,288.4693460040916,320.0,380.6497056722512,452.04850955067093,502.099152488393,525.7456300045675,554.0622423305192,622.0887856100429,639.8007201014789,640.0,537.4673196793988,546.415599168895,486.1182410207971,471.50511175891427,505.70275520673306,490.9304378602328,439.742849477243,439.1716815066155,465.27880813887685,452.62591028228337,419.6493264775302,420.32055552991716,320.0,147.03895995344044,40.38462725556053,0.0,46.64092659531218,281.13084418130404,223.8658810850053,117.87503084599774,29.28414986067429,388.1726336227947,133.38246836799237,116.91940817624581,196.13722898902068,446.4959079488973,171.89308847333615,167.6720357531511,249.39369948621754,465.65155386298215,239.96988574096036,227.5412147571093,295.3798388343691,320.0,379.4218076784891,452.79259705613595,505.29188273202806,528.1260944718387,554.0202160795064,623.0900104956136,640.0,639.8729210339452,537.9491967036417,544.8307546940288,484.36481734520385,471.064866287014,506.0265191056945,489.10685439952925,438.7051072051963,439.3750724932882,465.55022759356234,450.23981486982325,417.0341828839457,417.9385030595704,320.0,147.18311645546203,40.466991027657,0.0,39.799226713532505,280.16302802700955,223.46832226436038,119.25891776893906,30.186735732124703,387.08066672833223,134.37198705022664,120.83768310054575,199.44566682083064,445.4618325779299,175.10059013967256,172.0015954120803,251.53445638701322,465.1358742022014,242.7510350568865,229.35137323096848,293.8364258625474,320.0,378.6877107372052,451.43303297394334,503.81510915557897,527.8678325153728,554.5412025782739,622.946929364738,639.922429084902,640.0,539.3785038882688,545.039078035577,484.6038338110628,470.5856612969349,507.9092622744918,490.6990892254656,440.276971498638,439.5691724161875,467.16856303697944,452.29205271945284,418.8913237339918,418.40157564145403,320.0,149.6588961663967,40.183299293377445,0.0,45.49522266826301,275.57658990069723,215.85745475033454,114.54956921848958,27.02453224405474,381.33248820339463,135.41019320609433,123.12444538347768,196.86935699697162,441.7947742798789,178.68441439537997,177.29473906613143,252.2204850106815,465.16059816419,245.6987581285067,229.29126464305,286.87442777660397,320.0,378.8531856580535,452.2817860888984,504.42851020154967,525.4426874795574,557.2384760272041,622.1737929012102,639.646977882544,640.0,542.6466508013489,542.6798664606431,485.0069927703777,471.5284278673178,509.7430156886187,487.9026200331593,441.6670990153728,441.74035392441044,467.0123388561181,448.2919594419318,417.7558846418461,418.3441232532172
320.0,145.46951998704128,41.385288241752335,0.0,38.465926339218754,287.9656833630304,219.28743783109255,107.04102997906205,17.59181200242375,393.8919745864905,136.8660751246378,119.15581073054841,203.08009815038127,448.38741803303276,168.78841873496395,162.2645140776204,248.6335379132845,461.9596239568522,232.1220520389002,217.78566500482953,288.4693460040916,320.0,380.6497056722512,452.04850955067093,502.099152488393,525.7456300045675,554.0622423305192,622.0887856100429,639.8007201014789,640.0,537.4673196793988,546.415599168895,486.1182410207971,471.50511175891427,505.70275520673306,490.9304378602328,439.742849477243,439.1716815066155,465.27880813887685,452.62591028228337,419.6493264775302,420.32055552991716,320.0,147.03895995344044,40.38462725556053,0.0,46.64092659531218,281.13084418130404,223.8658810850053,117.87503084599774,29.28414986067429,388.1726336227947,133.38246836799237,116.91940817624581,196.13722898902068,446.4959079488973,171.89308847333615,167.6720357531511,249.39369948621754,465.65155386298215,239.96988574096036,227.5412147571093,295.3798388343691,320.0,379.4218076784891,452.79259705613595,505.29188273202806,528.1260944718387,554.0202160795064,623.0900104956136,640.0,639.8729210339452,537.9491967036417,544.8307546940288,484.36481734520385,471.064866287014,506.0265191056945,489.10685439952925,438.7051072051963,439.3750724932882,465.55022759356234,450.23981486982325,417.0341828839457,417.9385030595704,320.0,147.18311645546203,40.466991027657,0.0,39.799226713532505,280.16302802700955,223.46832226436038,119.25891776893906,30.186735732124703,387.08066672833223,134.37198705022664,120.83768310054575,199.44566682083064,445.4618325779299,175.10059013967256,172.0015954120803,251.53445638701322,465.1358742022014,242.7510350568865,229.35137323096848,293.8364258625474,320.0,378.6877107372052,451.43303297394334,503.81510915557897,527.8678325153728,554.5412025782739,622.946929364738,639.922429084902,640.0,539.3785038882688,545.039078035577,484.6038338110628,470.5856612969349,507.9092622744918,490.6990892254656,440.276971498638,439.5691724161875,467.16856303697944,452.29205271945284,418.8913237339918,418.40157564145403,320.0,149.6588961663967,40.183299293377445,0.0,45.49522266826301,275.57658990069723,215.85745475033454,114.54956921848958,27.02453224405474,381.33248820339463,135.41019320609433,123.12444538347768,196.86935699697162,441.7947742798789,178.68441439537997,177.29473906613143,252.2204850106815,465.16059816419,245.6987581285067,229.29126464305,286.87442777660397,320.0,378.8531856580535,452.2817860888984,504.42851020154967,525.4426874795574,557.2384760272041,622.1737929012102,639.646977882544,640.0,542.6466508013489,542.6798664606431,485.0069927703777,471.5284278673178,509.7430156886187,487.9026200331593,441.6670990153728,441.74035392441044,467.0123388561181,448.2919594419318,417.7558846418461,418.3441232532172,320.0,147.7300999921266,40.37580009739679,0.0,38.280986915582616,267.32247971142544,212.47540147028377,104.33390196747413,14.736384128400516,372.4910316189743,128.5266660251307,113.27294730365355,193.13050299334844,432.0869222895835,164.8062473937602,162.58676627970385,246.39021132777532,454.31388021357316,235.09759219892283,224.66999682148096,294.55911024795364,320.0,376.57902794119275,447.17998582106816,499.39734906013786,525.32695839813,553.3587850744109,624.4754026898624,640.0,639.7125718793072,539.6510870692632,545.5694830036381,481.4495159808823,467.43676777383286,509.5926640245426,488.9124958876464,435.44613199951095,436.7644233562437,469.6211074323195,450.135762024914,414.27904693910796,415.56711271965673
320.0,147.03895995344044,40.38462725556053,0.0,46.64092659531218,281.13084418130404,223.8658810850053,117.87503084599774,29.28414986067429,388.1726336227947,133.38246836799237,116.91940817624581,196.13722898902068,446.4959079488973,171.89308847333615,167.6720357531511,249.39369948621754,465.65155386298215,239.96988574096036,227.5412147571093,295.3798388343691,320.0,379.4218076784891,452.79259705613595,505.29188273202806,528.1260944718387,554.0202160795064,623.0900104956136,640.0,639.8729210339452,537.9491967036417,544.8307546940288,484.36481734520385,471.064866287014,506.0265191056945,489.10685439952925,438.7051072051963,439.3750724932882,465.55022759356234,450.23981486982325,417.0341828839457,417.9385030595704,320.0,147.18311645546203,40.466991027657,0.0,39.799226713532505,280.16302802700955,223.46832226436038,119.25891776893906,30.186735732124703,387.08066672833223,134.37198705022664,120.83768310054575,199.44566682083064,445.4618325779299,175.10059013967256,172.0015954120803,251.53445638701322,465.1358742022014,242.7510350568865,229.35137323096848,293.8364258625474,320.0,378.6877107372052,451.43303297394334,503.81510915557897,527.8678325153728,554.5412025782739,622.946929364738,639.922429084902,640.0,539.3785038882688,545.039078035577,484.6038338110628,470.5856612969349,507.9092622744918,490.6990892254656,440.276971498638,439.5691724161875,467.16856303697944,452.29205271945284,418.8913237339918,418.40157564145403,320.0,149.6588961663967,40.183299293377445,0.0,45.49522266826301,275.57658990069723,215.85745475033454,114.54956921848958,27.02453224405474,381.33248820339463,135.41019320609433,123.12444538347768,196.86935699697162,441.7947742798789,178.68441439537997,177.29473906613143,252.2204850106815,465.16059816419,245.6987581285067,229.29126464305,286.87442777660397,320.0,378.8531856580535,452.2817860888984,504.42851020154967,525.4426874795574,557.2384760272041,622.1737929012102,639.646977882544,640.0,542.6466508013489,542.6798664606431,485.0069927703777,471.5284278673178,509.7430156886187,487.9026200331593,441.6670990153728,441.74035392441044,467.0123388561181,448.2919594419318,417.7558846418461,418.3441232532172,320.0,147.7300999921266,40.37580009739679,0.0,38.280986915582616,267.32247971142544,212.47540147028377,104.33390196747413,14.736384128400516,372.4910316189743,128.5266660251307,113.27294730365355,193.13050299334844,432.0869222895835,164.8062473937602,162.58676627970385,246.39021132777532,454.31388021357316,235.09759219892283,224.66999682148096,294.55911024795364,320.0,376.57902794119275,447.17998582106816,499.39734906013786,525.32695839813,553.3587850744109,624.4754026898624,640.0,639.7125718793072,539.6510870692632,545.5694830036381,481.4495159808823,467.43676777383286,509.5926640245426,488.9124958876464,435.44613199951095,436.7644233562437,469.6211074323195,450.135762024914,414.27904693910796,415.56711271965673,320.0,149.42598809196545,42.228010134359636,0.0,38.73774303918003,272.441977522359,215.0126281942455,107.31511176610815,17.0232269545578,379.01103268194043,130.7208591147616,117.6043226663019,197.70452955577585,437.72150359218494,169.39329746424565,167.00275003537485,248.43242093961186,457.14738714246187,235.7794252828037,226.761252845264,296.1497943988919,320.0,376.55932522075517,448.3861801684953,501.9092944964206,529.527053669476,554.9372709647602,624.8192590585572,640.0,639.5180585961468,541.0398354647089,546.5318982187724,482.79341605879335,469.2821265247602,510.56628346532017,491.1584868859776,437.13328019479735,437.2712301856099,470.5047510714327,451.5140536998485,415.16411711248793,415.6032199138222
320.0,147.18311645546203,40.466991027657,0.0,39.799226713532505,280.16302802700955,223.46832226436038,119.25891776893906,30.186735732124703,387.08066672833223,134.37198705022664,120.83768310054575,199.44566682083064,445.4618325779299,175.10059013967256,172.0015954120803,251.53445638701322,465.1358742022014,242.7510350568865,229.35137323096848,293.8364258625474,320.0,378.6877107372052,451.43303297394334,503.81510915557897,527.8678325153728,554.5412025782739,622.946929364738,639.922429084902,640.0,539.3785038882688,545.039078035577,484.6038338110628,470.5856612969349,507.9092622744918,490.6990892254656,440.276971498638,439.5691724161875,467.16856303697944,452.29205271945284,418.8913237339918,418.40157564145403,320.0,149.6588961663967,40.183299293377445,0.0,45.49522266826301,275.57658990069723,215.85745475033454,114.54956921848958,27.02453224405474,381.33248820339463,135.41019320609433,123.12444538347768,196.86935699697162,441.7947742798789,178.68441439537997,177.29473906613143,252.2204850106815,465.16059816419,245.6987581285067,229.29126464305,286.87442777660397,320.0,378.8531856580535,452.2817860888984,504.42851020154967,525.4426874795574,557.2384760272041,622.1737929012102,639.646977882544,640.0,542.6466508013489,542.6798664606431,485.0069927703777,471.5284278673178,509.7430156886187,487.9026200331593,441.6670990153728,441.74035392441044,467.0123388561181,448.2919594419318,417.7558846418461,418.3441232532172,320.0,147.7300999921266,40.37580009739679,0.0,38.280986915582616,267.32247971142544,212.47540147028377,104.33390196747413,14.736384128400516,372.4910316189743,128.5266660251307,113.27294730365355,193.13050299334844,432.0869222895835,164.8062473937602,162.58676627970385,246.39021132777532,454.31388021357316,235.09759219892283,224.66999682148096,294.55911024795364,320.0,376.57902794119275,447.17998582106816,499.39734906013786,525.32695839813,553.3587850744109,624.4754026898624,640.0,639.7125718793072,539.6510870692632,545.5694830036381,481.4495159808823,467.43676777383286,509.5926640245426,488.9124958876464,435.44613199951095,436.7644233562437,469.6211074323195,450.135762024914,414.27904693910796,415.56711271965673,320.0,149.42598809196545,42.228010134359636,0.0,38.73774303918003,272.441977522359,215.0126281942455,107.31511176610815,17.0232269545578,379.01103268194043,130.7208591147616,117.6043226663019,197.70452955577585,437.72150359218494,169.39329746424565,167.00275003537485,248.43242093961186,457.14738714246187,235.7794252828037,226.761252845264,296.1497943988919,320.0,376.55932522075517,448.3861801684953,501.9092944964206,529.527053669476,554.9372709647602,624.8192590585572,640.0,639.5180585961468,541.0398354647089,546.5318982187724,482.79341605879335,469.2821265247602,510.56628346532017,491.1584868859776,437.13328019479735,437.2712301856099,470.5047510714327,451.5140536998485,415.16411711248793,415.6032199138222,320.0,150.6117748114355,44.518353703993625,0.0,35.54367614169303,271.11974615796754,210.42058889857665,107.12496893767567,20.009417091244927,373.0635337649261,129.47823626327062,119.46042767613594,197.3276260053061,429.5081652616202,168.65563409515627,167.50310623243092,244.73984782693006,448.29776164531927,234.83961785799957,221.751067610291,282.98332761164124,320.0,376.866162481411,446.9513135073844,498.6815402494551,526.1295457034162,554.5151803092226,622.7212863435501,639.5492993567575,640.0,540.1105628106268,544.8834851658619,484.6381840853135,471.5598681723932,509.41239221892147,491.49514124134134,440.98349329028565,440.5812566010943,469.0311518666747,452.63694069523876,419.4060410389372,419.59469722391975
320.0,149.6588961663967,40.183299293377445,0.0,45.49522266826301,275.57658990069723,215.85745475033454,114.54956921848958,27.02453224405474,381.33248820339463,135.41019320609433,123.12444538347768,196.86935699697162,441.7947742798789,178.68441439537997,177.29473906613143,252.2204850106815,465.16059816419,245.6987581285067,229.29126464305,286.87442777660397,320.0,378.8531856580535,452.2817860888984,504.42851020154967,525.4426874795574,557.2384760272041,622.1737929012102,639.646977882544,640.0,542.6466508013489,542.6798664606431,485.0069927703777,471.5284278673178,509.7430156886187,487.9026200331593,441.6670990153728,441.74035392441044,467.0123388561181,448.2919594419318,417.7558846418461,418.3441232532172,320.0,147.7300999921266,40.37580009739679,0.0,38.280986915582616,267.32247971142544,212.47540147028377,104.33390196747413,14.736384128400516,372.4910316189743,128.5266660251307,113.27294730365355,193.13050299334844,432.0869222895835,164.8062473937602,162.58676627970385,246.39021132777532,454.31388021357316,235.09759219892283,224.66999682148096,294.55911024795364,320.0,376.57902794119275,447.17998582106816,499.39734906013786,525.32695839813,553.3587850744109,624.4754026898624,640.0,639.7125718793072,539.6510870692632,545.5694830036381,481.4495159808823,467.43676777383286,509.5926640245426,488.9124958876464,435.44613199951095,436.7644233562437,469.6211074323195,450.135762024914,414.27904693910796,415.56711271965673,320.0,149.42598809196545,42.228010134359636,0.0,38.73774303918003,272.441977522359,215.0126281942455,107.31511176610815,17.0232269545578,379.01103268194043,130.7208591147616,117.6043226663019,197.70452955577585,437.72150359218494,169.39329746424565,167.00275003537485,248.43242093961186,457.14738714246187,235.7794252828037,226.761252845264,296.1497943988919,320.0,376.55932522075517,448.3861801684953,501.9092944964206,529.527053669476,554.9372709647602,624.8192590585572,640.0,639.5180585961468,541.0398354647089,546.5318982187724,482.79341605879335,469.2821265247602,510.56628346532017,491.1584868859776,437.13328019479735,437.2712301856099,470.5047510714327,451.5140536998485,415.16411711248793,415.6032199138222,320.0,150.6117748114355,44.518353703993625,0.0,35.54367614169303,271.11974615796754,210.42058889857665,107.12496893767567,20.009417091244927,373.0635337649261,129.47823626327062,119.46042767613594,197.3276260053061,429.5081652616202,168.65563409515627,167.50310623243092,244.73984782693006,448.29776164531927,234.83961785799957,221.751067610291,282.98332761164124,320.0,376.866162481411,446.9513135073844,498.6815402494551,526.1295457034162,554.5151803092226,622.7212863435501,639.5492993567575,640.0,540.1105628106268,544.8834851658619,484.6381840853135,471.5598681723932,509.41239221892147,491.49514124134134,440.98349329028565,440.5812566010943,469.0311518666747,452.63694069523876,419.4060410389372,419.59469722391975,320.0,149.23889554097764,44.955024777135066,0.0,35.18565504797766,264.192873063063,202.8756388219889,102.45040155551135,18.913546868973185,370.3251532993203,129.0685276872543,116.67693474624176,192.4923851341499,430.1890446203916,173.9057772133678,167.33353205799983,241.0548630918733,452.3925755506888,242.63604870238777,223.8161887817292,280.6571819932467,320.0,378.214339490874,448.00669298543755,498.59420540960195,524.3865323165644,555.823938678357,622.2922039393076,639.3784031575435,640.0,540.8903000011965,545.9036864151982,485.41855309388836,472.07568958266774,509.54194437785236,492.7835029253008,441.9240737876829,441.0163234576643,468.3940371100873,453.63010531791906,420.8517763397825,420.7754309296222
320.0,147.7300999921266,40.37580009739679,0.0,38.280986915582616,267.32247971142544,212.47540147028377,104.33390196747413,14.736384128400516,372.4910316189743,128.5266660251307,113.27294730365355,193.13050299334844,432.0869222895835,164.8062473937602,162.58676627970385,246.39021132777532,454.31388021357316,235.09759219892283,224.66999682148096,294.55911024795364,320.0,376.57902794119275,447.17998582106816,499.39734906013786,525.32695839813,553.3587850744109,624.4754026898624,640.0,639.7125718793072,539.6510870692632,545.5694830036381,481.4495159808823,467.43676777383286,509.5926640245426,488.9124958876464,435.44613199951095,436.7644233562437,469.6211074323195,450.135762024914,414.27904693910796,415.56711271965673,320.0,149.42598809196545,42.228010134359636,0.0,38.73774303918003,272.441977522359,215.0126281942455,107.31511176610815,17.0232269545578,379.01103268194043,130.7208591147616,117.6043226663019,197.70452955577585,437.72150359218494,169.39329746424565,167.00275003537485,248.43242093961186,457.14738714246187,235.7794252828037,226.761252845264,296.1497943988919,320.0,376.55932522075517,448.3861801684953,501.9092944964206,529.527053669476,554.9372709647602,624.8192590585572,640.0,639.5180585961468,541.0398354647089,546.5318982187724,482.79341605879335,469.2821265247602,510.56628346532017,491.1584868859776,437.13328019479735,437.2712301856099,470.5047510714327,451.5140536998485,415.16411711248793,415.6032199138222,320.0,150.6117748114355,44.518353703993625,0.0,35.54367614169303,271.11974615796754,210.42058889857665,107.12496893767567,20.009417091244927,373.0635337649261,129.47823626327062,119.46042767613594,197.3276260053061,429.5081652616202,168.65563409515627,167.50310623243092,244.73984782693006,448.29776164531927,234.83961785799957,221.751067610291,282.98332761164124,320.0,376.866162481411,446.9513135073844,498.6815402494551,526.1295457034162,554.5151803092226,622.7212863435501,639.5492993567575,640.0,540.1105628106268,544.8834851658619,484.6381840853135,471.5598681723932,509.41239221892147,491.49514124134134,440.98349329028565,440.5812566010943,469.0311518666747,452.63694069523876,419.4060410389372,419.59469722391975,320.0,149.23889554097764,44.955024777135066,0.0,35.18565504797766,264.192873063063,202.8756388219889,102.45040155551135,18.913546868973185,370.3251532993203,129.0685276872543,116.67693474624176,192.4923851341499,430.1890446203916,173.9057772133678,167.33353205799983,241.0548630918733,452.3925755506888,242.63604870238777,223.8161887817292,280.6571819932467,320.0,378.214339490874,448.00669298543755,498.59420540960195,524.3865323165644,555.823938678357,622.2922039393076,639.3784031575435,640.0,540.8903000011965,545.9036864151982,485.41855309388836,472.07568958266774,509.54194437785236,492.7835029253008,441.9240737876829,441.0163234576643,468.3940371100873,453.63010531791906,420.8517763397825,420.7754309296222,320.0,150.2285786231165,44.466808504887126,0.0,40.81963427932453,266.8981375375491,201.2833727051764,99.64569466940102,15.70514721939469,370.36896289515,126.94946960045581,115.96688354968285,191.5999735387071,427.9330756913902,169.6374418758496,166.86206766550933,241.69164484676992,447.4815179961688,236.38099424751408,223.92212982109464,284.9866448716663,320.0,378.7331558063174,449.64731816276753,500.9394351928463,527.2636585062346,556.7689538728575,622.2635919380416,639.043519799422,640.0,541.1855635423581,544.8144282919436,484.61394619621353,472.0680820425465,509.3258772223347,491.1311675652781,440.5182662234231,440.66141446581867,468.24414941026794,451.3415798602636,418.24684231557194,419.1446999025974
320.0,149.42598809196545,42.228010134359636,0.0,38.73774303918003,272.441977522359,215.0126281942455,107.31511176610815,17.0232269545578,379.01103268194043,130.7208591147616,117.6043226663019,197.70452955577585,437.72150359218494,169.39329746424565,167.00275003537485,248.43242093961186,457.14738714246187,235.7794252828037,226.761252845264,296.1497943988919,320.0,376.55932522075517,448.3861801684953,501.9092944964206,529.527053669476,554.9372709647602,624.8192590585572,640.0,639.5180585961468,541.0398354647089,546.5318982187724,482.79341605879335,469.2821265247602,510.56628346532017,491.1584868859776,437.13328019479735,437.2712301856099,470.5047510714327,451.5140536998485,415.16411711248793,415.6032199138222,320.0,150.6117748114355,44.518353703993625,0.0,35.54367614169303,271.11974615796754,210.42058889857665,107.12496893767567,20.009417091244927,373.0635337649261,129.47823626327062,119.46042767613594,197.3276260053061,429.5081652616202,168.65563409515627,167.50310623243092,244.73984782693006,448.29776164531927,234.83961785799957,221.751067610291,282.98332761164124,320.0,376.866162481411,446.9513135073844,498.6815402494551,526.1295457034162,554.5151803092226,622.7212863435501,639.5492993567575,640.0,540.1105628106268,544.8834851658619,484.6381840853135,471.5598681723932,509.41239221892147,491.49514124134134,440.98349329028565,440.5812566010943,469.0311518666747,452.63694069523876,419.4060410389372,419.59469722391975,320.0,149.23889554097764,44.955024777135066,0.0,35.18565504797766,264.192873063063,202.8756388219889,102.45040155551135,18.913546868973185,370.3251532993203,129.0685276872543,116.67693474624176,192.4923851341499,430.1890446203916,173.9057772133678,167.33353205799983,241.0548630918733,452.3925755506888,242.63604870238777,223.8161887817292,280.6571819932467,320.0,378.214339490874,448.00669298543755,498.59420540960195,524.3865323165644,555.823938678357,622.2922039393076,639.3784031575435,640.0,540.8903000011965,545.9036864151982,485.41855309388836,472.07568958266774,509.54194437785236,492.7835029253008,441.9240737876829,441.0163234576643,468.3940371100873,453.63010531791906,420.8517763397825,420.7754309296222,320.0,150.2285786231165,44.466808504887126,0.0,40.81963427932453,266.8981375375491,201.2833727051764,99.64569466940102,15.70514721939469,370.36896289515,126.94946960045581,115.96688354968285,191.5999735387071,427.9330756913902,169.6374418758496,166.86206766550933,241.69164484676992,447.4815179961688,236.38099424751408,223.92212982109464,284.9866448716663,320.0,378.7331558063174,449.64731816276753,500.9394351928463,527.2636585062346,556.7689538728575,622.2635919380416,639.043519799422,640.0,541.1855635423581,544.8144282919436,484.61394619621353,472.0680820425465,509.3258772223347,491.1311675652781,440.5182662234231,440.66141446581867,468.24414941026794,451.3415798602636,418.24684231557194,419.1446999025974,320.0,166.68771127449585,58.16018902041708,0.0,10.24479542700061,208.28712239009243,182.22794748725545,112.61793770763208,43.93500842912533,282.61796236402836,224.2057939393233,161.61921692630224,120.5514515108431,337.0251430239098,249.31737421931683,185.44357193178607,146.01801216994892,367.6727387899134,290.2084384499017,217.97358941317106,168.779721324443,320.0,370.29087891586494,430.02899394396553,475.8552632702723,507.5273225303818,525.28021159054,610.3616368476918,636.4927132517048,640.0,506.0448768995782,570.7226006887897,579.9478061180741,575.6086968850043,468.462384909894,501.77207077296345,506.5062656230623,505.56862053804315,419.9594487905183,443.8788000531573,453.9898324760186,459.16541033075373
320.0,150.6117748114355,44.518353703993625,0.0,35.54367614169303,271.11974615796754,210.42058889857665,107.12496893767567,20.009417091244927,373.0635337649261,129.47823626327062,119.46042767613594,197.3276260053061,429.5081652616202,168.65563409515627,167.50310623243092,244.73984782693006,448.29776164531927,234.83961785799957,221.751067610291,282.98332761164124,320.0,376.866162481411,446.9513135073844,498.6815402494551,526.1295457034162,554.5151803092226,622.7212863435501,639.5492993567575,640.0,540.1105628106268,544.8834851658619,484.6381840853135,471.5598681723932,509.41239221892147,491.49514124134134,440.98349329028565,440.5812566010943,469.0311518666747,452.63694069523876,419.4060410389372,419.59469722391975,320.0,149.23889554097764,44.955024777135066,0.0,35.18565504797766,264.192873063063,202.8756388219889,102.45040155551135,18.913546868973185,370.3251532993203,129.0685276872543,116.67693474624176,192.4923851341499,430.1890446203916,173.9057772133678,167.33353205799983,241.0548630918733,452.3925755506888,242.63604870238777,223.8161887817292,280.6571819932467,320.0,378.214339490874,448.00669298543755,498.59420540960195,524.3865323165644,555.823938678357,622.2922039393076,639.3784031575435,640.0,540.8903000011965,545.9036864151982,485.41855309388836,472.07568958266774,509.54194437785236,492.7835029253008,441.9240737876829,441.0163234576643,468.3940371100873,453.63010531791906,420.8517763397825,420.7754309296222,320.0,150.2285786231165,44.466808504887126,0.0,40.81963427932453,266.8981375375491,201.2833727051764,99.64569466940102,15.70514721939469,370.36896289515,126.94946960045581,115.96688354968285,191.5999735387071,427.9330756913902,169.6374418758496,166.86206766550933,241.69164484676992,447.4815179961688,236.38099424751408,223.92212982109464,284.9866448716663,320.0,378.7331558063174,449.64731816276753,500.9394351928463,527.2636585062346,556.7689538728575,622.2635919380416,639.043519799422,640.0,541.1855635423581,544.8144282919436,484.61394619621353,472.0680820425465,509.3258772223347,491.1311675652781,440.5182662234231,440.66141446581867,468.24414941026794,451.3415798602636,418.24684231557194,419.1446999025974,320.0,166.68771127449585,58.16018902041708,0.0,10.24479542700061,208.28712239009243,182.22794748725545,112.61793770763208,43.93500842912533,282.61796236402836,224.2057939393233,161.61921692630224,120.5514515108431,337.0251430239098,249.31737421931683,185.44357193178607,146.01801216994892,367.6727387899134,290.2084384499017,217.97358941317106,168.779721324443,320.0,370.29087891586494,430.02899394396553,475.8552632702723,507.5273225303818,525.28021159054,610.3616368476918,636.4927132517048,640.0,506.0448768995782,570.7226006887897,579.9478061180741,575.6086968850043,468.462384909894,501.77207077296345,506.5062656230623,505.56862053804315,419.9594487905183,443.8788000531573,453.9898324760186,459.16541033075373,320.0,184.1894610810621,96.30728002389446,40.7703863359942,0.0,166.13508868497138,124.01695505085945,81.30321204100852,43.97386258885655,201.9828936764904,155.54232257254785,108.30473967393937,63.49841375351798,226.9521707901346,171.04015037458385,126.16330416273993,87.82093587714303,233.44159817530587,176.59520598200518,135.87808528575349,101.85750668442924,320.0,343.53474426502095,408.58428523391467,453.0076286278546,485.0072425832974,496.94825320784844,565.5647371405279,605.193189643879,632.3145053353838,505.5445411651443,579.0472073703246,614.8689343046296,640.0,506.63280620920045,580.7491201429452,612.6595088704441,635.4719148336771,502.7988400312574,561.3216181044022,593.4076299192009,618.1602088310751
320.0,149.23889554097764,44.955024777135066,0.0,35.18565504797766,264.192873063063,202.8756388219889,102.45040155551135,18.913546868973185,370.3251532993203,129.0685276872543,116.67693474624176,192.4923851341499,430.1890446203916,173.9057772133678,167.33353205799983,241.0548630918733,452.3925755506888,242.63604870238777,223.8161887817292,280.6571819932467,320.0,378.214339490874,448.00669298543755,498.59420540960195,524.3865323165644,555.823938678357,622.2922039393076,639.3784031575435,640.0,540.8903000011965,545.9036864151982,485.41855309388836,472.07568958266774,509.54194437785236,492.7835029253008,441.9240737876829,441.0163234576643,468.3940371100873,453.63010531791906,420.8517763397825,420.7754309296222,320.0,150.2285786231165,44.466808504887126,0.0,40.81963427932453,266.8981375375491,201.2833727051764,99.64569466940102,15.70514721939469,370.36896289515,126.94946960045581,115.96688354968285,191.5999735387071,427.9330756913902,169.6374418758496,166.86206766550933,241.69164484676992,447.4815179961688,236.38099424751408,223.92212982109464,284.9866448716663,320.0,378.7331558063174,449.64731816276753,500.9394351928463,527.2636585062346,556.7689538728575,622.2635919380416,639.043519799422,640.0,541.1855635423581,544.8144282919436,484.61394619621353,472.0680820425465,509.3258772223347,491.1311675652781,440.5182662234231,440.66141446581867,468.24414941026794,451.3415798602636,418.24684231557194,419.1446999025974,320.0,166.68771127449585,58.16018902041708,0.0,10.24479542700061,208.28712239009243,182.22794748725545,112.61793770763208,43.93500842912533,282.61796236402836,224.2057939393233,161.61921692630224,120.5514515108431,337.0251430239098,249.31737421931683,185.44357193178607,146.01801216994892,367.6727387899134,290.2084384499017,217.97358941317106,168.779721324443,320.0,370.29087891586494,430.02899394396553,475.8552632702723,507.5273225303818,525.28021159054,610.3616368476918,636.4927132517048,640.0,506.0448768995782,570.7226006887897,579.9478061180741,575.6086968850043,468.462384909894,501.77207077296345,506.5062656230623,505.56862053804315,419.9594487905183,443.8788000531573,453.9898324760186,459.16541033075373,320.0,184.1894610810621,96.30728002389446,40.7703863359942,0.0,166.13508868497138,124.01695505085945,81.30321204100852,43.97386258885655,201.9828936764904,155.54232257254785,108.30473967393937,63.49841375351798,226.9521707901346,171.04015037458385,126.16330416273993,87.82093587714303,233.44159817530587,176.59520598200518,135.87808528575349,101.85750668442924,320.0,343.53474426502095,408.58428523391467,453.0076286278546,485.0072425832974,496.94825320784844,565.5647371405279,605.193189643879,632.3145053353838,505.5445411651443,579.0472073703246,614.8689343046296,640.0,506.63280620920045,580.7491201429452,612.6595088704441,635.4719148336771,502.7988400312574,561.3216181044022,593.4076299192009,618.1602088310751,320.0,183.85209311726723,92.07485856163672,42.775046175165244,0.0,189.86382522369135,140.66648893438963,94.98647559203587,55.202844805797895,228.32660561604393,173.7982956528473,121.28907172065743,75.41365470549755,251.42882719254106,182.33595272345113,138.79031812597475,102.34133797592304,257.32228267211536,198.0647264009338,160.93049773977472,129.20598963694124,320.0,358.2144123932792,423.5113827285363,467.2017189925426,495.95859898663434,494.4261839021303,560.8294774897224,605.8460981048491,637.7900029906178,492.2395024512799,560.1179820251616,606.9633372777695,640.0,484.18826916090154,549.8383642281044,587.8204158846515,613.0986145457954,473.4598268621067,516.8762053133642,548.3178188824893,573.124248412704
320.0,150.2285786231165,44.466808504887126,0.0,40.81963427932453,266.8981375375491,201.2833727051764,99.64569466940102,15.70514721939469,370.36896289515,126.94946960045581,115.96688354968285,191.5999735387071,427.9330756913902,169.6374418758496,166.86206766550933,241.69164484676992,447.4815179961688,236.38099424751408,223.92212982109464,284.9866448716663,320.0,378.7331558063174,449.64731816276753,500.9394351928463,527.2636585062346,556.7689538728575,622.2635919380416,639.043519799422,640.0,541.1855635423581,544.8144282919436,484.61394619621353,472.0680820425465,509.3258772223347,491.1311675652781,440.5182662234231,440.66141446581867,468.24414941026794,451.3415798602636,418.24684231557194,419.1446999025974,320.0,166.68771127449585,58.16018902041708,0.0,10.24479542700061,208.28712239009243,182.22794748725545,112.61793770763208,43.93500842912533,282.61796236402836,224.2057939393233,161.61921692630224,120.5514515108431,337.0251430239098,249.31737421931683,185.44357193178607,146.01801216994892,367.6727387899134,290.2084384499017,217.97358941317106,168.779721324443,320.0,370.29087891586494,430.02899394396553,475.8552632702723,507.5273225303818,525.28021159054,610.3616368476918,636.4927132517048,640.0,506.0448768995782,570.7226006887897,579.9478061180741,575.6086968850043,468.462384909894,501.77207077296345,506.5062656230623,505.56862053804315,419.9594487905183,443.8788000531573,453.9898324760186,459.16541033075373,320.0,184.1894610810621,96.30728002389446,40.7703863359942,0.0,166.13508868497138,124.01695505085945,81.30321204100852,43.97386258885655,201.9828936764904,155.54232257254785,108.30473967393937,63.49841375351798,226.9521707901346,171.04015037458385,126.16330416273993,87.82093587714303,233.44159817530587,176.59520598200518,135.87808528575349,101.85750668442924,320.0,343.53474426502095,408.58428523391467,453.0076286278546,485.0072425832974,496.94825320784844,565.5647371405279,605.193189643879,632.3145053353838,505.5445411651443,579.0472073703246,614.8689343046296,640.0,506.63280620920045,580.7491201429452,612.6595088704441,635.4719148336771,502.7988400312574,561.3216181044022,593.4076299192009,618.1602088310751,320.0,183.85209311726723,92.07485856163672,42.775046175165244,0.0,189.86382522369135,140.66648893438963,94.98647559203587,55.202844805797895,228.32660561604393,173.7982956528473,121.28907172065743,75.41365470549755,251.42882719254106,182.33595272345113,138.79031812597475,102.34133797592304,257.32228267211536,198.0647264009338,160.93049773977472,129.20598963694124,320.0,358.2144123932792,423.5113827285363,467.2017189925426,495.95859898663434,494.4261839021303,560.8294774897224,605.8460981048491,637.7900029906178,492.2395024512799,560.1179820251616,606.9633372777695,640.0,484.18826916090154,549.8383642281044,587.8204158846515,613.0986145457954,473.4598268621067,516.8762053133642,548.3178188824893,573.124248412704,320.0,225.2471882726973,128.33240212925352,53.89049878404512,0.0,104.16014075254463,4.128869063124853,29.082599298991965,73.06331409244132,135.06629514318686,27.563736577636348,42.80046302700612,89.2284899343127,166.7050526354872,71.43119779193847,83.63690586335196,121.71272084657531,198.33767795429736,121.98847702321302,121.69604899989878,146.83297791878584,320.0,173.2378371257458,142.92129669767928,163.5571248900784,200.84703529764124,523.1529962291684,533.0736725242729,386.53165685770034,324.4029441536346,609.9958452168763,589.1218544970179,433.9800457814314,365.73693354486323,640.0,579.6303031190148,429.4491928573761,369.4697078027728,630.7221103145587,568.515571429054,447.91237348460197,387.3383828773393
