320.0,326.79523343092706,379.60264317757,424.0866246674767,443.9051039542398,495.21714746877865,583.8418851225215,617.1289372753813,633.7841674591323,523.8476777040919,605.9085045683487,630.6883834950677,640.0,537.0482931212797,609.0429216021067,630.9741349933183,638.2732159711109,538.0836784201358,600.146467863364,622.2138485519438,631.3278274072369,320.0,431.8693490860402,526.0107148449706,596.2894411090949,640.0,488.9528356454829,546.9859060321842,581.7735210639548,608.4134136084624,435.44767177798263,500.23114645723524,540.7909372336258,574.4419841665173,388.95691222759706,455.0784505870302,494.7231218966546,526.3570212041317,354.02418409901514,411.99868018882654,453.01436794436574,486.38637448484735,320.0,330.09124382499004,366.08848336077784,405.5736043713174,435.0653207947691,446.284948044744,531.982511236225,574.2619034099596,600.6197067443557,473.3487663083596,562.7468366041048,609.0833686399036,640.0,488.0704267799971,567.1385953954409,608.9028465103277,635.1437668980157,491.683839491236,548.8953338545602,576.9191122836289,595.8480346979868,320.0,434.1051273201536,523.9824711880603,591.1992429443378,640.0,501.804444473366,538.0270650903183,554.5375660840665,566.220610845408,440.0115630691589,486.6954475295703,513.0006189495678,534.1350661585257,382.613088443213,429.1721918698609,457.542737679262,480.1985043595524,334.8256366758529,375.67420577107276,405.54757014115205,431.25774907088737,320.0,323.3455356119244,357.30396613782557,395.731404578749,427.7592643671898,440.8029666860768,533.3385093696472,579.6688471854735,608.6707234986374,466.6208542049052,559.6579275650041,607.8598111427802,640.0,480.3813013417966,559.9653114759309,603.0530895601844,630.9592807125678,482.9693194987872,543.8713800379803,573.7276655735695,594.7424638159873,320.0,433.65173356070966,526.5513948560308,595.7852112066728,640.0,493.6444235386904,531.7136757716819,550.2429979270792,561.630103446775,426.62244994811147,477.7066877262423,508.805220425481,533.9469976208343,366.620362868654,419.8769252390309,451.6297311285804,476.5844892240102,318.94517535924774,367.7626141142157,399.53597616324527,427.02174285817665,320.0,315.11479146722274,346.68298850387197,393.29730130563325,433.74131895137043,430.0870941261704,519.8876830589504,566.2975437899181,600.4385717601467,458.0548845011016,551.7317100481187,603.0895671692592,640.0,472.2849954135618,552.9062179051286,594.4035813519945,618.5008301564432,475.6553223075902,535.7881503046626,562.5202111022209,578.110488298094,320.0,441.5201575960168,536.3161521281609,600.9701404723783,640.0,514.2719116712964,567.170501678702,594.2388001159138,610.5591907104993,451.8142451109817,511.4101740756894,549.8008447661672,579.6020876203411,393.52957120652866,451.6363700228022,488.3932875336984,514.8408496837249,345.93407545523996,398.50239291871685,432.8031542620297,460.24181504714124,320.0,317.7727991519676,359.62403432578463,413.77573750979985,456.68692018139245,424.584431004092,518.6522375629762,567.8176590888881,599.6344022656041,451.5127138024361,551.7509788230179,605.0834752822852,640.0,468.4606224599564,554.7145358632501,595.7264793347316,617.3031384520968,474.4637061084252,537.1178638324532,565.170254473644,582.1562873941775,320.0,439.46922819455597,534.2586429673618,595.7950248738675,640.0,514.569953472982,560.5646128424913,585.2175321021143,601.3702975254844,448.01875068506354,505.1564325152536,539.0956426579261,566.0058848611316,386.48509580898326,450.30409621715626,488.4190481899776,514.7922534704254,336.879660085061,398.4999216860336,433.81289691442976,460.1926846821114
320.0,330.09124382499004,366.08848336077784,405.5736043713174,435.0653207947691,446.284948044744,531.982511236225,574.2619034099596,600.6197067443557,473.3487663083596,562.7468366041048,609.0833686399036,640.0,488.0704267799971,567.1385953954409,608.9028465103277,635.1437668980157,491.683839491236,548.8953338545602,576.9191122836289,595.8480346979868,320.0,434.1051273201536,523.9824711880603,591.1992429443378,640.0,501.804444473366,538.0270650903183,554.5375660840665,566.220610845408,440.0115630691589,486.6954475295703,513.0006189495678,534.1350661585257,382.613088443213,429.1721918698609,457.542737679262,480.1985043595524,334.8256366758529,375.67420577107276,405.54757014115205,431.25774907088737,320.0,323.3455356119244,357.30396613782557,395.731404578749,427.7592643671898,440.8029666860768,533.3385093696472,579.6688471854735,608.6707234986374,466.6208542049052,559.6579275650041,607.8598111427802,640.0,480.3813013417966,559.9653114759309,603.0530895601844,630.9592807125678,482.9693194987872,543.8713800379803,573.7276655735695,594.7424638159873,320.0,433.65173356070966,526.5513948560308,595.7852112066728,640.0,493.6444235386904,531.7136757716819,550.2429979270792,561.630103446775,426.62244994811147,477.7066877262423,508.805220425481,533.9469976208343,366.620362868654,419.8769252390309,451.6297311285804,476.5844892240102,318.94517535924774,367.7626141142157,399.53597616324527,427.02174285817665,320.0,315.11479146722274,346.68298850387197,393.29730130563325,433.74131895137043,430.0870941261704,519.8876830589504,566.2975437899181,600.4385717601467,458.0548845011016,551.7317100481187,603.0895671692592,640.0,472.2849954135618,552.9062179051286,594.4035813519945,618.5008301564432,475.6553223075902,535.7881503046626,562.5202111022209,578.110488298094,320.0,441.5201575960168,536.3161521281609,600.9701404723783,640.0,514.2719116712964,567.170501678702,594.2388001159138,610.5591907104993,451.8142451109817,511.4101740756894,549.8008447661672,579.6020876203411,393.52957120652866,451.6363700228022,488.3932875336984,514.8408496837249,345.93407545523996,398.50239291871685,432.8031542620297,460.24181504714124,320.0,317.7727991519676,359.62403432578463,413.77573750979985,456.68692018139245,424.584431004092,518.6522375629762,567.8176590888881,599.6344022656041,451.5127138024361,551.7509788230179,605.0834752822852,640.0,468.4606224599564,554.7145358632501,595.7264793347316,617.3031384520968,474.4637061084252,537.1178638324532,565.170254473644,582.1562873941775,320.0,439.46922819455597,534.2586429673618,595.7950248738675,640.0,514.569953472982,560.5646128424913,585.2175321021143,601.3702975254844,448.01875068506354,505.1564325152536,539.0956426579261,566.0058848611316,386.48509580898326,450.30409621715626,488.4190481899776,514.7922534704254,336.879660085061,398.4999216860336,433.81289691442976,460.1926846821114,320.0,319.19424116416275,364.1355841516531,420.58819211169015,463.5724269242811,427.109564759193,521.3368303248238,570.1169948505553,601.6533353296245,453.0159462463778,552.9658822809135,605.6564562755648,640.0,469.04319329988965,554.763472861901,595.3674786174871,616.3614981585084,474.24478534211585,536.629720771671,564.8428863701188,581.9340173532255,320.0,440.537410197745,534.263817681401,594.2403710087683,640.0,513.7115306903661,559.15968159783,584.0005290048977,601.7988870324735,446.65618649185996,503.5461725760922,537.325556961337,565.2614356899032,385.0074134158581,448.4950545389355,486.0133985184924,512.6688502813278,335.5488881345671,397.68801348374706,432.5121472749635,458.6964320089108
320.0,323.3455356119244,357.30396613782557,395.731404578749,427.7592643671898,440.8029666860768,533.3385093696472,579.6688471854735,608.6707234986374,466.6208542049052,559.6579275650041,607.8598111427802,640.0,480.3813013417966,559.9653114759309,603.0530895601844,630.9592807125678,482.9693194987872,543.8713800379803,573.7276655735695,594.7424638159873,320.0,433.65173356070966,526.5513948560308,595.7852112066728,640.0,493.6444235386904,531.7136757716819,550.2429979270792,561.630103446775,426.62244994811147,477.7066877262423,508.805220425481,533.9469976208343,366.620362868654,419.8769252390309,451.6297311285804,476.5844892240102,318.94517535924774,367.7626141142157,399.53597616324527,427.02174285817665,320.0,315.11479146722274,346.68298850387197,393.29730130563325,433.74131895137043,430.0870941261704,519.8876830589504,566.2975437899181,600.4385717601467,458.0548845011016,551.7317100481187,603.0895671692592,640.0,472.2849954135618,552.9062179051286,594.4035813519945,618.5008301564432,475.6553223075902,535.7881503046626,562.5202111022209,578.110488298094,320.0,441.5201575960168,536.3161521281609,600.9701404723783,640.0,514.2719116712964,567.170501678702,594.2388001159138,610.5591907104993,451.8142451109817,511.4101740756894,549.8008447661672,579.6020876203411,393.52957120652866,451.6363700228022,488.3932875336984,514.8408496837249,345.93407545523996,398.50239291871685,432.8031542620297,460.24181504714124,320.0,317.7727991519676,359.62403432578463,413.77573750979985,456.68692018139245,424.584431004092,518.6522375629762,567.8176590888881,599.6344022656041,451.5127138024361,551.7509788230179,605.0834752822852,640.0,468.4606224599564,554.7145358632501,595.7264793347316,617.3031384520968,474.4637061084252,537.1178638324532,565.170254473644,582.1562873941775,320.0,439.46922819455597,534.2586429673618,595.7950248738675,640.0,514.569953472982,560.5646128424913,585.2175321021143,601.3702975254844,448.01875068506354,505.1564325152536,539.0956426579261,566.0058848611316,386.48509580898326,450.30409621715626,488.4190481899776,514.7922534704254,336.879660085061,398.4999216860336,433.81289691442976,460.1926846821114,320.0,319.19424116416275,364.1355841516531,420.58819211169015,463.5724269242811,427.109564759193,521.3368303248238,570.1169948505553,601.6533353296245,453.0159462463778,552.9658822809135,605.6564562755648,640.0,469.04319329988965,554.763472861901,595.3674786174871,616.3614981585084,474.24478534211585,536.629720771671,564.8428863701188,581.9340173532255,320.0,440.537410197745,534.263817681401,594.2403710087683,640.0,513.7115306903661,559.15968159783,584.0005290048977,601.7988870324735,446.65618649185996,503.5461725760922,537.325556961337,565.2614356899032,385.0074134158581,448.4950545389355,486.0133985184924,512.6688502813278,335.5488881345671,397.68801348374706,432.5121472749635,458.6964320089108,320.0,330.18844261225985,374.7351694377762,428.4174455888634,470.93383809939104,411.5817545216885,505.69899145282307,557.4894216112818,595.574378824658,434.1781777622973,540.2393161780924,598.2188372174234,640.0,453.549542257294,550.9353901236933,601.1368339241471,633.0698533307188,467.0200626003033,538.9548131109044,574.5226256788987,601.0464822324557,320.0,435.9489897537112,534.8419576648753,598.1970911413066,640.0,541.4643911481736,588.5687505122512,606.0604081363995,616.2117749885999,480.2347795350168,533.5346452658816,557.1938605176908,575.2236326335706,414.45975106255526,470.40289917536666,499.11344397008804,519.0277307060505,352.95460133648896,407.4363139309212,436.71818766097346,460.1488510859408
320.0,315.11479146722274,346.68298850387197,393.29730130563325,433.74131895137043,430.0870941261704,519.8876830589504,566.2975437899181,600.4385717601467,458.0548845011016,551.7317100481187,603.0895671692592,640.0,472.2849954135618,552.9062179051286,594.4035813519945,618.5008301564432,475.6553223075902,535.7881503046626,562.5202111022209,578.110488298094,320.0,441.5201575960168,536.3161521281609,600.9701404723783,640.0,514.2719116712964,567.170501678702,594.2388001159138,610.5591907104993,451.8142451109817,511.4101740756894,549.8008447661672,579.6020876203411,393.52957120652866,451.6363700228022,488.3932875336984,514.8408496837249,345.93407545523996,398.50239291871685,432.8031542620297,460.24181504714124,320.0,317.7727991519676,359.62403432578463,413.77573750979985,456.68692018139245,424.584431004092,518.6522375629762,567.8176590888881,599.6344022656041,451.5127138024361,551.7509788230179,605.0834752822852,640.0,468.4606224599564,554.7145358632501,595.7264793347316,617.3031384520968,474.4637061084252,537.1178638324532,565.170254473644,582.1562873941775,320.0,439.46922819455597,534.2586429673618,595.7950248738675,640.0,514.569953472982,560.5646128424913,585.2175321021143,601.3702975254844,448.01875068506354,505.1564325152536,539.0956426579261,566.0058848611316,386.48509580898326,450.30409621715626,488.4190481899776,514.7922534704254,336.879660085061,398.4999216860336,433.81289691442976,460.1926846821114,320.0,319.19424116416275,364.1355841516531,420.58819211169015,463.5724269242811,427.109564759193,521.3368303248238,570.1169948505553,601.6533353296245,453.0159462463778,552.9658822809135,605.6564562755648,640.0,469.04319329988965,554.763472861901,595.3674786174871,616.3614981585084,474.24478534211585,536.629720771671,564.8428863701188,581.9340173532255,320.0,440.537410197745,534.263817681401,594.2403710087683,640.0,513.7115306903661,559.15968159783,584.0005290048977,601.7988870324735,446.65618649185996,503.5461725760922,537.325556961337,565.2614356899032,385.0074134158581,448.4950545389355,486.0133985184924,512.6688502813278,335.5488881345671,397.68801348374706,432.5121472749635,458.6964320089108,320.0,330.18844261225985,374.7351694377762,428.4174455888634,470.93383809939104,411.5817545216885,505.69899145282307,557.4894216112818,595.574378824658,434.1781777622973,540.2393161780924,598.2188372174234,640.0,453.549542257294,550.9353901236933,601.1368339241471,633.0698533307188,467.0200626003033,538.9548131109044,574.5226256788987,601.0464822324557,320.0,435.9489897537112,534.8419576648753,598.1970911413066,640.0,541.4643911481736,588.5687505122512,606.0604081363995,616.2117749885999,480.2347795350168,533.5346452658816,557.1938605176908,575.2236326335706,414.45975106255526,470.40289917536666,499.11344397008804,519.0277307060505,352.95460133648896,407.4363139309212,436.71818766097346,460.1488510859408,320.0,332.2158744971117,380.22716647364274,436.59827355455013,484.64235028148164,401.50723446250015,500.3964103413916,554.7168905342983,592.5972996400899,423.8372044581582,535.848180437095,597.3457559887561,640.0,445.4007815385812,547.4845943458032,601.2950346717869,636.1692204148023,463.30974769258495,541.0821868391322,581.5853759769618,612.2923434461821,320.0,443.3613433618052,539.4461389473743,586.8730018451772,604.5940924939702,575.604727628188,622.9196343792137,634.1266685839157,640.0,514.6681164987674,570.4357123314797,590.7667246739452,605.8658023652135,443.223189476682,500.4112848997048,525.5711897649691,544.98348996698,368.3455750382575,417.8445223006148,442.4307638697922,465.92767213082635
320.0,317.7727991519676,359.62403432578463,413.77573750979985,456.68692018139245,424.584431004092,518.6522375629762,567.8176590888881,599.6344022656041,451.5127138024361,551.7509788230179,605.0834752822852,640.0,468.4606224599564,554.7145358632501,595.7264793347316,617.3031384520968,474.4637061084252,537.1178638324532,565.170254473644,582.1562873941775,320.0,439.46922819455597,534.2586429673618,595.7950248738675,640.0,514.569953472982,560.5646128424913,585.2175321021143,601.3702975254844,448.01875068506354,505.1564325152536,539.0956426579261,566.0058848611316,386.48509580898326,450.30409621715626,488.4190481899776,514.7922534704254,336.879660085061,398.4999216860336,433.81289691442976,460.1926846821114,320.0,319.19424116416275,364.1355841516531,420.58819211169015,463.5724269242811,427.109564759193,521.3368303248238,570.1169948505553,601.6533353296245,453.0159462463778,552.9658822809135,605.6564562755648,640.0,469.04319329988965,554.763472861901,595.3674786174871,616.3614981585084,474.24478534211585,536.629720771671,564.8428863701188,581.9340173532255,320.0,440.537410197745,534.263817681401,594.2403710087683,640.0,513.7115306903661,559.15968159783,584.0005290048977,601.7988870324735,446.65618649185996,503.5461725760922,537.325556961337,565.2614356899032,385.0074134158581,448.4950545389355,486.0133985184924,512.6688502813278,335.5488881345671,397.68801348374706,432.5121472749635,458.6964320089108,320.0,330.18844261225985,374.7351694377762,428.4174455888634,470.93383809939104,411.5817545216885,505.69899145282307,557.4894216112818,595.574378824658,434.1781777622973,540.2393161780924,598.2188372174234,640.0,453.549542257294,550.9353901236933,601.1368339241471,633.0698533307188,467.0200626003033,538.9548131109044,574.5226256788987,601.0464822324557,320.0,435.9489897537112,534.8419576648753,598.1970911413066,640.0,541.4643911481736,588.5687505122512,606.0604081363995,616.2117749885999,480.2347795350168,533.5346452658816,557.1938605176908,575.2236326335706,414.45975106255526,470.40289917536666,499.11344397008804,519.0277307060505,352.95460133648896,407.4363139309212,436.71818766097346,460.1488510859408,320.0,332.2158744971117,380.22716647364274,436.59827355455013,484.64235028148164,401.50723446250015,500.3964103413916,554.7168905342983,592.5972996400899,423.8372044581582,535.848180437095,597.3457559887561,640.0,445.4007815385812,547.4845943458032,601.2950346717869,636.1692204148023,463.30974769258495,541.0821868391322,581.5853759769618,612.2923434461821,320.0,443.3613433618052,539.4461389473743,586.8730018451772,604.5940924939702,575.604727628188,622.9196343792137,634.1266685839157,640.0,514.6681164987674,570.4357123314797,590.7667246739452,605.8658023652135,443.223189476682,500.4112848997048,525.5711897649691,544.98348996698,368.3455750382575,417.8445223006148,442.4307638697922,465.92767213082635,320.0,333.4564531002096,380.76423880351393,436.9965351298731,482.45414638326145,401.12160206240355,505.46368042148856,561.1328371381119,598.115934721488,422.18088533757657,537.3328883022507,599.189354642032,640.0,442.72889842742967,546.1239638411214,600.2438679594015,632.7497631261227,459.68218222785487,537.2518175797383,576.5455792358973,604.389759376973,320.0,433.1048483345654,533.7534227890628,598.0523233582614,640.0,553.5784951348473,599.3562392176558,607.3044263602515,612.1498276976843,491.9729202800935,547.1393246888081,565.1294013731876,578.4719736022721,422.3362068594497,479.34608217077414,503.121676323255,519.5600422835081,352.2261512175048,402.8144422082903,427.01930732780613,448.230611313189
320.0,319.19424116416275,364.1355841516531,420.58819211169015,463.5724269242811,427.109564759193,521.3368303248238,570.1169948505553,601.6533353296245,453.0159462463778,552.9658822809135,605.6564562755648,640.0,469.04319329988965,554.763472861901,595.3674786174871,616.3614981585084,474.24478534211585,536.629720771671,564.8428863701188,581.9340173532255,320.0,440.537410197745,534.263817681401,594.2403710087683,640.0,513.7115306903661,559.15968159783,584.0005290048977,601.7988870324735,446.65618649185996,503.5461725760922,537.325556961337,565.2614356899032,385.0074134158581,448.4950545389355,486.0133985184924,512.6688502813278,335.5488881345671,397.68801348374706,432.5121472749635,458.6964320089108,320.0,330.18844261225985,374.7351694377762,428.4174455888634,470.93383809939104,411.5817545216885,505.69899145282307,557.4894216112818,595.574378824658,434.1781777622973,540.2393161780924,598.2188372174234,640.0,453.549542257294,550.9353901236933,601.1368339241471,633.0698533307188,467.0200626003033,538.9548131109044,574.5226256788987,601.0464822324557,320.0,435.9489897537112,534.8419576648753,598.1970911413066,640.0,541.4643911481736,588.5687505122512,606.0604081363995,616.2117749885999,480.2347795350168,533.5346452658816,557.1938605176908,575.2236326335706,414.45975106255526,470.40289917536666,499.11344397008804,519.0277307060505,352.95460133648896,407.4363139309212,436.71818766097346,460.1488510859408,320.0,332.2158744971117,380.22716647364274,436.59827355455013,484.64235028148164,401.50723446250015,500.3964103413916,554.7168905342983,592.5972996400899,423.8372044581582,535.848180437095,597.3457559887561,640.0,445.4007815385812,547.4845943458032,601.2950346717869,636.1692204148023,463.30974769258495,541.0821868391322,581.5853759769618,612.2923434461821,320.0,443.3613433618052,539.4461389473743,586.8730018451772,604.5940924939702,575.604727628188,622.9196343792137,634.1266685839157,640.0,514.6681164987674,570.4357123314797,590.7667246739452,605.8658023652135,443.223189476682,500.4112848997048,525.5711897649691,544.98348996698,368.3455750382575,417.8445223006148,442.4307638697922,465.92767213082635,320.0,333.4564531002096,380.76423880351393,436.9965351298731,482.45414638326145,401.12160206240355,505.46368042148856,561.1328371381119,598.115934721488,422.18088533757657,537.3328883022507,599.189354642032,640.0,442.72889842742967,546.1239638411214,600.2438679594015,632.7497631261227,459.68218222785487,537.2518175797383,576.5455792358973,604.389759376973,320.0,433.1048483345654,533.7534227890628,598.0523233582614,640.0,553.5784951348473,599.3562392176558,607.3044263602515,612.1498276976843,491.9729202800935,547.1393246888081,565.1294013731876,578.4719736022721,422.3362068594497,479.34608217077414,503.121676323255,519.5600422835081,352.2261512175048,402.8144422082903,427.01930732780613,448.230611313189,320.0,337.7837395469299,386.2802322424371,442.07310490442217,492.10683977580595,384.2448154642559,490.3864451726115,550.4163815658371,596.8328817938103,398.27635508612354,521.7940425158695,590.2685956142732,640.0,419.4249400723968,531.6562074162546,593.6243608206003,636.8276967743891,443.2520906140185,527.1953365780548,571.394402629656,606.7322962864555,320.0,430.03336158261453,529.0691740171208,587.8020178879669,623.12656496483,569.9152720657967,630.7043627552805,640.0,637.8835470390352,522.5638313192724,584.9133972603286,596.9031266446026,599.359154990334,459.0719414290862,514.0250712923814,528.5851888377069,533.7229920169788,387.4429843452084,431.0241614310373,447.24446069644546,457.93227207176955
320.0,330.18844261225985,374.7351694377762,428.4174455888634,470.93383809939104,411.5817545216885,505.69899145282307,557.4894216112818,595.574378824658,434.1781777622973,540.2393161780924,598.2188372174234,640.0,453.549542257294,550.9353901236933,601.1368339241471,633.0698533307188,467.0200626003033,538.9548131109044,574.5226256788987,601.0464822324557,320.0,435.9489897537112,534.8419576648753,598.1970911413066,640.0,541.4643911481736,588.5687505122512,606.0604081363995,616.2117749885999,480.2347795350168,533.5346452658816,557.1938605176908,575.2236326335706,414.45975106255526,470.40289917536666,499.11344397008804,519.0277307060505,352.95460133648896,407.4363139309212,436.71818766097346,460.1488510859408,320.0,332.2158744971117,380.22716647364274,436.59827355455013,484.64235028148164,401.50723446250015,500.3964103413916,554.7168905342983,592.5972996400899,423.8372044581582,535.848180437095,597.3457559887561,640.0,445.4007815385812,547.4845943458032,601.2950346717869,636.1692204148023,463.30974769258495,541.0821868391322,581.5853759769618,612.2923434461821,320.0,443.3613433618052,539.4461389473743,586.8730018451772,604.5940924939702,575.604727628188,622.9196343792137,634.1266685839157,640.0,514.6681164987674,570.4357123314797,590.7667246739452,605.8658023652135,443.223189476682,500.4112848997048,525.5711897649691,544.98348996698,368.3455750382575,417.8445223006148,442.4307638697922,465.92767213082635,320.0,333.4564531002096,380.76423880351393,436.9965351298731,482.45414638326145,401.12160206240355,505.46368042148856,561.1328371381119,598.115934721488,422.18088533757657,537.3328883022507,599.189354642032,640.0,442.72889842742967,546.1239638411214,600.2438679594015,632.7497631261227,459.68218222785487,537.2518175797383,576.5455792358973,604.389759376973,320.0,433.1048483345654,533.7534227890628,598.0523233582614,640.0,553.5784951348473,599.3562392176558,607.3044263602515,612.1498276976843,491.9729202800935,547.1393246888081,565.1294013731876,578.4719736022721,422.3362068594497,479.34608217077414,503.121676323255,519.5600422835081,352.2261512175048,402.8144422082903,427.01930732780613,448.230611313189,320.0,337.7837395469299,386.2802322424371,442.07310490442217,492.10683977580595,384.2448154642559,490.3864451726115,550.4163815658371,596.8328817938103,398.27635508612354,521.7940425158695,590.2685956142732,640.0,419.4249400723968,531.6562074162546,593.6243608206003,636.8276967743891,443.2520906140185,527.1953365780548,571.394402629656,606.7322962864555,320.0,430.03336158261453,529.0691740171208,587.8020178879669,623.12656496483,569.9152720657967,630.7043627552805,640.0,637.8835470390352,522.5638313192724,584.9133972603286,596.9031266446026,599.359154990334,459.0719414290862,514.0250712923814,528.5851888377069,533.7229920169788,387.4429843452084,431.0241614310373,447.24446069644546,457.93227207176955,320.0,324.7050965611788,372.2298946056799,436.4462567546519,494.20206354529597,367.2312486932704,483.4011312594979,549.3374793203462,598.0115539453061,389.56412411580885,517.7239541602762,590.2392876236395,640.0,418.71542691645493,533.3668230298726,590.3286433726182,625.538961941018,447.99784468545175,528.5248864460743,555.0538898797038,570.1553482250227,320.0,426.55215538708427,528.9221896347125,594.691506957126,636.3407546775373,560.8683772034998,624.5286800828829,637.7734245783606,640.0,511.83000387360966,580.4390828768007,596.0757751830741,600.1881467544684,450.6882605033233,518.3370778226624,532.6104562866226,534.3171072129071,384.30221533580504,440.54417452148624,453.0388898111769,455.7925712774919
320.0,332.2158744971117,380.22716647364274,436.59827355455013,484.64235028148164,401.50723446250015,500.3964103413916,554.7168905342983,592.5972996400899,423.8372044581582,535.848180437095,597.3457559887561,640.0,445.4007815385812,547.4845943458032,601.2950346717869,636.1692204148023,463.30974769258495,541.0821868391322,581.5853759769618,612.2923434461821,320.0,443.3613433618052,539.4461389473743,586.8730018451772,604.5940924939702,575.604727628188,622.9196343792137,634.1266685839157,640.0,514.6681164987674,570.4357123314797,590.7667246739452,605.8658023652135,443.223189476682,500.4112848997048,525.5711897649691,544.98348996698,368.3455750382575,417.8445223006148,442.4307638697922,465.92767213082635,320.0,333.4564531002096,380.76423880351393,436.9965351298731,482.45414638326145,401.12160206240355,505.46368042148856,561.1328371381119,598.115934721488,422.18088533757657,537.3328883022507,599.189354642032,640.0,442.72889842742967,546.1239638411214,600.2438679594015,632.7497631261227,459.68218222785487,537.2518175797383,576.5455792358973,604.389759376973,320.0,433.1048483345654,533.7534227890628,598.0523233582614,640.0,553.5784951348473,599.3562392176558,607.3044263602515,612.1498276976843,491.9729202800935,547.1393246888081,565.1294013731876,578.4719736022721,422.3362068594497,479.34608217077414,503.121676323255,519.5600422835081,352.2261512175048,402.8144422082903,427.01930732780613,448.230611313189,320.0,337.7837395469299,386.2802322424371,442.07310490442217,492.10683977580595,384.2448154642559,490.3864451726115,550.4163815658371,596.8328817938103,398.27635508612354,521.7940425158695,590.2685956142732,640.0,419.4249400723968,531.6562074162546,593.6243608206003,636.8276967743891,443.2520906140185,527.1953365780548,571.394402629656,606.7322962864555,320.0,430.03336158261453,529.0691740171208,587.8020178879669,623.12656496483,569.9152720657967,630.7043627552805,640.0,637.8835470390352,522.5638313192724,584.9133972603286,596.9031266446026,599.359154990334,459.0719414290862,514.0250712923814,528.5851888377069,533.7229920169788,387.4429843452084,431.0241614310373,447.24446069644546,457.93227207176955,320.0,324.7050965611788,372.2298946056799,436.4462567546519,494.20206354529597,367.2312486932704,483.4011312594979,549.3374793203462,598.0115539453061,389.56412411580885,517.7239541602762,590.2392876236395,640.0,418.71542691645493,533.3668230298726,590.3286433726182,625.538961941018,447.99784468545175,528.5248864460743,555.0538898797038,570.1553482250227,320.0,426.55215538708427,528.9221896347125,594.691506957126,636.3407546775373,560.8683772034998,624.5286800828829,637.7734245783606,640.0,511.83000387360966,580.4390828768007,596.0757751830741,600.1881467544684,450.6882605033233,518.3370778226624,532.6104562866226,534.3171072129071,384.30221533580504,440.54417452148624,453.0388898111769,455.7925712774919,320.0,320.9018283155474,365.95890084253705,429.89770741458636,488.206417967186,360.20114506409726,479.4133895313794,546.5523626161578,596.1109448874665,384.4440108175457,518.4734598656623,591.0710439856672,640.0,415.2377648556962,533.2113396324867,594.1880697676772,633.6972619352191,446.6632265599367,532.0715368749088,566.8178868204886,590.89747759233,320.0,423.7834914820006,525.6389865006571,592.5398650820115,635.0200023235708,561.2941746269084,624.3958399029532,636.9567861092712,640.0,514.7255183901577,581.1061102368383,594.9920108393069,598.1775600394102,457.30229807188886,522.0621600457472,534.308500798916,535.3923349321714,394.44493967014347,447.81392120680835,457.8452773423178,460.1661926481616
320.0,333.4564531002096,380.76423880351393,436.9965351298731,482.45414638326145,401.12160206240355,505.46368042148856,561.1328371381119,598.115934721488,422.18088533757657,537.3328883022507,599.189354642032,640.0,442.72889842742967,546.1239638411214,600.2438679594015,632.7497631261227,459.68218222785487,537.2518175797383,576.5455792358973,604.389759376973,320.0,433.1048483345654,533.7534227890628,598.0523233582614,640.0,553.5784951348473,599.3562392176558,607.3044263602515,612.1498276976843,491.9729202800935,547.1393246888081,565.1294013731876,578.4719736022721,422.3362068594497,479.34608217077414,503.121676323255,519.5600422835081,352.2261512175048,402.8144422082903,427.01930732780613,448.230611313189,320.0,337.7837395469299,386.2802322424371,442.07310490442217,492.10683977580595,384.2448154642559,490.3864451726115,550.4163815658371,596.8328817938103,398.27635508612354,521.7940425158695,590.2685956142732,640.0,419.4249400723968,531.6562074162546,593.6243608206003,636.8276967743891,443.2520906140185,527.1953365780548,571.394402629656,606.7322962864555,320.0,430.03336158261453,529.0691740171208,587.8020178879669,623.12656496483,569.9152720657967,630.7043627552805,640.0,637.8835470390352,522.5638313192724,584.9133972603286,596.9031266446026,599.359154990334,459.0719414290862,514.0250712923814,528.5851888377069,533.7229920169788,387.4429843452084,431.0241614310373,447.24446069644546,457.93227207176955,320.0,324.7050965611788,372.2298946056799,436.4462567546519,494.20206354529597,367.2312486932704,483.4011312594979,549.3374793203462,598.0115539453061,389.56412411580885,517.7239541602762,590.2392876236395,640.0,418.71542691645493,533.3668230298726,590.3286433726182,625.538961941018,447.99784468545175,528.5248864460743,555.0538898797038,570.1553482250227,320.0,426.55215538708427,528.9221896347125,594.691506957126,636.3407546775373,560.8683772034998,624.5286800828829,637.7734245783606,640.0,511.83000387360966,580.4390828768007,596.0757751830741,600.1881467544684,450.6882605033233,518.3370778226624,532.6104562866226,534.3171072129071,384.30221533580504,440.54417452148624,453.0388898111769,455.7925712774919,320.0,320.9018283155474,365.95890084253705,429.89770741458636,488.206417967186,360.20114506409726,479.4133895313794,546.5523626161578,596.1109448874665,384.4440108175457,518.4734598656623,591.0710439856672,640.0,415.2377648556962,533.2113396324867,594.1880697676772,633.6972619352191,446.6632265599367,532.0715368749088,566.8178868204886,590.89747759233,320.0,423.7834914820006,525.6389865006571,592.5398650820115,635.0200023235708,561.2941746269084,624.3958399029532,636.9567861092712,640.0,514.7255183901577,581.1061102368383,594.9920108393069,598.1775600394102,457.30229807188886,522.0621600457472,534.308500798916,535.3923349321714,394.44493967014347,447.81392120680835,457.8452773423178,460.1661926481616,320.0,181.8710013192587,73.82963578150327,31.510718833706562,22.65079890564533,153.58274692188883,89.2144205857814,38.88364825623023,0.0,262.31394233063946,207.16897470116214,174.5960918631713,162.07348519127342,356.3678757643968,308.8665838072928,282.8580573104305,279.75255212599205,436.9397627625392,395.91360478369694,369.0013444601635,364.4286800349002,320.0,346.8391285081274,410.77950519356716,469.1769383539475,520.2175256315609,501.7697662734389,569.0566802452418,608.7475993399278,640.0,506.050864680093,571.0901170347365,543.0231248745882,512.4315221462482,495.1413980762862,548.0776556150944,513.9221050102531,482.60563512710195,473.4242676783822,513.2768111225587,487.6726257386157,460.5489732442411
320.0,337.7837395469299,386.2802322424371,442.07310490442217,492.10683977580595,384.2448154642559,490.3864451726115,550.4163815658371,596.8328817938103,398.27635508612354,521.7940425158695,590.2685956142732,640.0,419.4249400723968,531.6562074162546,593.6243608206003,636.8276967743891,443.2520906140185,527.1953365780548,571.394402629656,606.7322962864555,320.0,430.03336158261453,529.0691740171208,587.8020178879669,623.12656496483,569.9152720657967,630.7043627552805,640.0,637.8835470390352,522.5638313192724,584.9133972603286,596.9031266446026,599.359154990334,459.0719414290862,514.0250712923814,528.5851888377069,533.7229920169788,387.4429843452084,431.0241614310373,447.24446069644546,457.93227207176955,320.0,324.7050965611788,372.2298946056799,436.4462567546519,494.20206354529597,367.2312486932704,483.4011312594979,549.3374793203462,598.0115539453061,389.56412411580885,517.7239541602762,590.2392876236395,640.0,418.71542691645493,533.3668230298726,590.3286433726182,625.538961941018,447.99784468545175,528.5248864460743,555.0538898797038,570.1553482250227,320.0,426.55215538708427,528.9221896347125,594.691506957126,636.3407546775373,560.8683772034998,624.5286800828829,637.7734245783606,640.0,511.83000387360966,580.4390828768007,596.0757751830741,600.1881467544684,450.6882605033233,518.3370778226624,532.6104562866226,534.3171072129071,384.30221533580504,440.54417452148624,453.0388898111769,455.7925712774919,320.0,320.9018283155474,365.95890084253705,429.89770741458636,488.206417967186,360.20114506409726,479.4133895313794,546.5523626161578,596.1109448874665,384.4440108175457,518.4734598656623,591.0710439856672,640.0,415.2377648556962,533.2113396324867,594.1880697676772,633.6972619352191,446.6632265599367,532.0715368749088,566.8178868204886,590.89747759233,320.0,423.7834914820006,525.6389865006571,592.5398650820115,635.0200023235708,561.2941746269084,624.3958399029532,636.9567861092712,640.0,514.7255183901577,581.1061102368383,594.9920108393069,598.1775600394102,457.30229807188886,522.0621600457472,534.308500798916,535.3923349321714,394.44493967014347,447.81392120680835,457.8452773423178,460.1661926481616,320.0,181.8710013192587,73.82963578150327,31.510718833706562,22.65079890564533,153.58274692188883,89.2144205857814,38.88364825623023,0.0,262.31394233063946,207.16897470116214,174.5960918631713,162.07348519127342,356.3678757643968,308.8665838072928,282.8580573104305,279.75255212599205,436.9397627625392,395.91360478369694,369.0013444601635,364.4286800349002,320.0,346.8391285081274,410.77950519356716,469.1769383539475,520.2175256315609,501.7697662734389,569.0566802452418,608.7475993399278,640.0,506.050864680093,571.0901170347365,543.0231248745882,512.4315221462482,495.1413980762862,548.0776556150944,513.9221050102531,482.60563512710195,473.4242676783822,513.2768111225587,487.6726257386157,460.5489732442411,320.0,196.80487623933251,95.51895555037464,43.4390876283004,20.794206278584,184.7857741451737,100.16834157870989,41.366550286082486,0.0,274.10532408961456,170.04807802503737,108.56755587075014,80.0030705703598,338.7524180402519,241.17839376348715,196.51537461975585,187.5574250229513,384.3406987690458,301.32269700780785,262.90676953619874,258.55786540024627,320.0,338.5098542971121,403.67218056836936,469.9999814367578,521.8633782501917,465.02807690379973,554.3414782652279,603.3702679975274,640.0,481.7173226607066,568.248910801765,576.2536778423573,567.0357657987113,487.08054033885344,561.5561937185701,548.5989021698574,524.2088810263245,485.9497418781175,542.9729032353874,532.0771711103974,509.04085583971755
320.0,324.7050965611788,372.2298946056799,436.4462567546519,494.20206354529597,367.2312486932704,483.4011312594979,549.3374793203462,598.0115539453061,389.56412411580885,517.7239541602762,590.2392876236395,640.0,418.71542691645493,533.3668230298726,590.3286433726182,625.538961941018,447.99784468545175,528.5248864460743,555.0538898797038,570.1553482250227,320.0,426.55215538708427,528.9221896347125,594.691506957126,636.3407546775373,560.8683772034998,624.5286800828829,637.7734245783606,640.0,511.83000387360966,580.4390828768007,596.0757751830741,600.1881467544684,450.6882605033233,518.3370778226624,532.6104562866226,534.3171072129071,384.30221533580504,440.54417452148624,453.0388898111769,455.7925712774919,320.0,320.9018283155474,365.95890084253705,429.89770741458636,488.206417967186,360.20114506409726,479.4133895313794,546.5523626161578,596.1109448874665,384.4440108175457,518.4734598656623,591.0710439856672,640.0,415.2377648556962,533.2113396324867,594.1880697676772,633.6972619352191,446.6632265599367,532.0715368749088,566.8178868204886,590.89747759233,320.0,423.7834914820006,525.6389865006571,592.5398650820115,635.0200023235708,561.2941746269084,624.3958399029532,636.9567861092712,640.0,514.7255183901577,581.1061102368383,594.9920108393069,598.1775600394102,457.30229807188886,522.0621600457472,534.308500798916,535.3923349321714,394.44493967014347,447.81392120680835,457.8452773423178,460.1661926481616,320.0,181.8710013192587,73.82963578150327,31.510718833706562,22.65079890564533,153.58274692188883,89.2144205857814,38.88364825623023,0.0,262.31394233063946,207.16897470116214,174.5960918631713,162.07348519127342,356.3678757643968,308.8665838072928,282.8580573104305,279.75255212599205,436.9397627625392,395.91360478369694,369.0013444601635,364.4286800349002,320.0,346.8391285081274,410.77950519356716,469.1769383539475,520.2175256315609,501.7697662734389,569.0566802452418,608.7475993399278,640.0,506.050864680093,571.0901170347365,543.0231248745882,512.4315221462482,495.1413980762862,548.0776556150944,513.9221050102531,482.60563512710195,473.4242676783822,513.2768111225587,487.6726257386157,460.5489732442411,320.0,196.80487623933251,95.51895555037464,43.4390876283004,20.794206278584,184.7857741451737,100.16834157870989,41.366550286082486,0.0,274.10532408961456,170.04807802503737,108.56755587075014,80.0030705703598,338.7524180402519,241.17839376348715,196.51537461975585,187.5574250229513,384.3406987690458,301.32269700780785,262.90676953619874,258.55786540024627,320.0,338.5098542971121,403.67218056836936,469.9999814367578,521.8633782501917,465.02807690379973,554.3414782652279,603.3702679975274,640.0,481.7173226607066,568.248910801765,576.2536778423573,567.0357657987113,487.08054033885344,561.5561937185701,548.5989021698574,524.2088810263245,485.9497418781175,542.9729032353874,532.0771711103974,509.04085583971755,320.0,132.93387356887348,13.088066681472469,0.0,30.495637417368073,95.12957045748942,64.24577954267,36.753812057397,15.62293741209038,224.16791081650587,225.1129900577817,215.50260642749947,209.17931449026338,355.4348042460842,344.99540771454366,323.1037544811532,322.8662378644473,484.8231288252073,467.71190129827255,433.6336507376525,427.75073648357386,320.0,361.1322868850284,446.43913681281816,518.1964497579725,576.7536853756259,515.7225155697407,569.2361786568516,606.4530860874938,640.0,512.5799865814042,562.6206441684071,505.4819284872239,466.3927857990319,500.2679928585778,540.0402861117534,483.07720999344235,444.7341109043148,478.80175730536405,516.4633433530569,475.3824868372673,443.6142267439436
320.0,320.9018283155474,365.95890084253705,429.89770741458636,488.206417967186,360.20114506409726,479.4133895313794,546.5523626161578,596.1109448874665,384.4440108175457,518.4734598656623,591.0710439856672,640.0,415.2377648556962,533.2113396324867,594.1880697676772,633.6972619352191,446.6632265599367,532.0715368749088,566.8178868204886,590.89747759233,320.0,423.7834914820006,525.6389865006571,592.5398650820115,635.0200023235708,561.2941746269084,624.3958399029532,636.9567861092712,640.0,514.7255183901577,581.1061102368383,594.9920108393069,598.1775600394102,457.30229807188886,522.0621600457472,534.308500798916,535.3923349321714,394.44493967014347,447.81392120680835,457.8452773423178,460.1661926481616,320.0,181.8710013192587,73.82963578150327,31.510718833706562,22.65079890564533,153.58274692188883,89.2144205857814,38.88364825623023,0.0,262.31394233063946,207.16897470116214,174.5960918631713,162.07348519127342,356.3678757643968,308.8665838072928,282.8580573104305,279.75255212599205,436.9397627625392,395.91360478369694,369.0013444601635,364.4286800349002,320.0,346.8391285081274,410.77950519356716,469.1769383539475,520.2175256315609,501.7697662734389,569.0566802452418,608.7475993399278,640.0,506.050864680093,571.0901170347365,543.0231248745882,512.4315221462482,495.1413980762862,548.0776556150944,513.9221050102531,482.60563512710195,473.4242676783822,513.2768111225587,487.6726257386157,460.5489732442411,320.0,196.80487623933251,95.51895555037464,43.4390876283004,20.794206278584,184.7857741451737,100.16834157870989,41.366550286082486,0.0,274.10532408961456,170.04807802503737,108.56755587075014,80.0030705703598,338.7524180402519,241.17839376348715,196.51537461975585,187.5574250229513,384.3406987690458,301.32269700780785,262.90676953619874,258.55786540024627,320.0,338.5098542971121,403.67218056836936,469.9999814367578,521.8633782501917,465.02807690379973,554.3414782652279,603.3702679975274,640.0,481.7173226607066,568.248910801765,576.2536778423573,567.0357657987113,487.08054033885344,561.5561937185701,548.5989021698574,524.2088810263245,485.9497418781175,542.9729032353874,532.0771711103974,509.04085583971755,320.0,132.93387356887348,13.088066681472469,0.0,30.495637417368073,95.12957045748942,64.24577954267,36.753812057397,15.62293741209038,224.16791081650587,225.1129900577817,215.50260642749947,209.17931449026338,355.4348042460842,344.99540771454366,323.1037544811532,322.8662378644473,484.8231288252073,467.71190129827255,433.6336507376525,427.75073648357386,320.0,361.1322868850284,446.43913681281816,518.1964497579725,576.7536853756259,515.7225155697407,569.2361786568516,606.4530860874938,640.0,512.5799865814042,562.6206441684071,505.4819284872239,466.3927857990319,500.2679928585778,540.0402861117534,483.07720999344235,444.7341109043148,478.80175730536405,516.4633433530569,475.3824868372673,443.6142267439436,320.0,134.90506353344892,33.456064918738264,18.834709897904247,18.11594082868902,93.23030884999105,63.17167040270277,26.698765584505395,0.0,206.0415993099337,201.9155028178489,203.2505811105286,206.03499867565398,318.97250126379333,310.5419411396564,303.09247529254765,311.3666703909829,432.14710163554776,413.42322738825686,392.1821862569606,398.89933173265865,320.0,362.02868560543556,454.8389659047473,536.0661800769485,600.5215947053491,516.9622988256949,573.8618984418127,604.3513289689279,640.0,516.6784448377938,574.1410409063105,503.10258787689077,468.1748411151549,509.19936034950933,555.6004620505337,487.0309084731127,457.4886165273128,493.3157135615579,533.138916705276,483.1766375746668,455.8755010534959
320.0,181.8710013192587,73.82963578150327,31.510718833706562,22.65079890564533,153.58274692188883,89.2144205857814,38.88364825623023,0.0,262.31394233063946,207.16897470116214,174.5960918631713,162.07348519127342,356.3678757643968,308.8665838072928,282.8580573104305,279.75255212599205,436.9397627625392,395.91360478369694,369.0013444601635,364.4286800349002,320.0,346.8391285081274,410.77950519356716,469.1769383539475,520.2175256315609,501.7697662734389,569.0566802452418,608.7475993399278,640.0,506.050864680093,571.0901170347365,543.0231248745882,512.4315221462482,495.1413980762862,548.0776556150944,513.9221050102531,482.60563512710195,473.4242676783822,513.2768111225587,487.6726257386157,460.5489732442411,320.0,196.80487623933251,95.51895555037464,43.4390876283004,20.794206278584,184.7857741451737,100.16834157870989,41.366550286082486,0.0,274.10532408961456,170.04807802503737,108.56755587075014,80.0030705703598,338.7524180402519,241.17839376348715,196.51537461975585,187.5574250229513,384.3406987690458,301.32269700780785,262.90676953619874,258.55786540024627,320.0,338.5098542971121,403.67218056836936,469.9999814367578,521.8633782501917,465.02807690379973,554.3414782652279,603.3702679975274,640.0,481.7173226607066,568.248910801765,576.2536778423573,567.0357657987113,487.08054033885344,561.5561937185701,548.5989021698574,524.2088810263245,485.9497418781175,542.9729032353874,532.0771711103974,509.04085583971755,320.0,132.93387356887348,13.088066681472469,0.0,30.495637417368073,95.12957045748942,64.24577954267,36.753812057397,15.62293741209038,224.16791081650587,225.1129900577817,215.50260642749947,209.17931449026338,355.4348042460842,344.99540771454366,323.1037544811532,322.8662378644473,484.8231288252073,467.71190129827255,433.6336507376525,427.75073648357386,320.0,361.1322868850284,446.43913681281816,518.1964497579725,576.7536853756259,515.7225155697407,569.2361786568516,606.4530860874938,640.0,512.5799865814042,562.6206441684071,505.4819284872239,466.3927857990319,500.2679928585778,540.0402861117534,483.07720999344235,444.7341109043148,478.80175730536405,516.4633433530569,475.3824868372673,443.6142267439436,320.0,134.90506353344892,33.456064918738264,18.834709897904247,18.11594082868902,93.23030884999105,63.17167040270277,26.698765584505395,0.0,206.0415993099337,201.9155028178489,203.2505811105286,206.03499867565398,318.97250126379333,310.5419411396564,303.09247529254765,311.3666703909829,432.14710163554776,413.42322738825686,392.1821862569606,398.89933173265865,320.0,362.02868560543556,454.8389659047473,536.0661800769485,600.5215947053491,516.9622988256949,573.8618984418127,604.3513289689279,640.0,516.6784448377938,574.1410409063105,503.10258787689077,468.1748411151549,509.19936034950933,555.6004620505337,487.0309084731127,457.4886165273128,493.3157135615579,533.138916705276,483.1766375746668,455.8755010534959,320.0,121.83327733248194,22.900435133586427,24.396257377124584,18.03084275936874,103.51578457192807,69.98197283796048,24.386553661131188,0.0,232.12950557057434,220.24680342028103,209.8512236302215,219.15580459281338,359.8739074605682,333.3553804735023,312.68239430826867,328.4379945095929,493.4804970644865,444.8095854868101,413.1697271945246,427.91625246949815,320.0,366.3918207764479,461.9063913058118,541.8532469513101,605.7361202165229,528.9759610528255,589.335651994795,612.6316398257835,640.0,522.3602653256459,582.5345056042022,505.3675718821364,466.0932917928495,509.659430092555,556.5232437228776,483.48686542982716,452.1975483720184,488.9091107154246,534.5636922174973,483.936992091331,455.51721665554214
320.0,196.80487623933251,95.51895555037464,43.4390876283004,20.794206278584,184.7857741451737,100.16834157870989,41.366550286082486,0.0,274.10532408961456,170.04807802503737,108.56755587075014,80.0030705703598,338.7524180402519,241.17839376348715,196.51537461975585,187.5574250229513,384.3406987690458,301.32269700780785,262.90676953619874,258.55786540024627,320.0,338.5098542971121,403.67218056836936,469.9999814367578,521.8633782501917,465.02807690379973,554.3414782652279,603.3702679975274,640.0,481.7173226607066,568.248910801765,576.2536778423573,567.0357657987113,487.08054033885344,561.5561937185701,548.5989021698574,524.2088810263245,485.9497418781175,542.9729032353874,532.0771711103974,509.04085583971755,320.0,132.93387356887348,13.088066681472469,0.0,30.495637417368073,95.12957045748942,64.24577954267,36.753812057397,15.62293741209038,224.16791081650587,225.1129900577817,215.50260642749947,209.17931449026338,355.4348042460842,344.99540771454366,323.1037544811532,322.8662378644473,484.8231288252073,467.71190129827255,433.6336507376525,427.75073648357386,320.0,361.1322868850284,446.43913681281816,518.1964497579725,576.7536853756259,515.7225155697407,569.2361786568516,606.4530860874938,640.0,512.5799865814042,562.6206441684071,505.4819284872239,466.3927857990319,500.2679928585778,540.0402861117534,483.07720999344235,444.7341109043148,478.80175730536405,516.4633433530569,475.3824868372673,443.6142267439436,320.0,134.90506353344892,33.456064918738264,18.834709897904247,18.11594082868902,93.23030884999105,63.17167040270277,26.698765584505395,0.0,206.0415993099337,201.9155028178489,203.2505811105286,206.03499867565398,318.97250126379333,310.5419411396564,303.09247529254765,311.3666703909829,432.14710163554776,413.42322738825686,392.1821862569606,398.89933173265865,320.0,362.02868560543556,454.8389659047473,536.0661800769485,600.5215947053491,516.9622988256949,573.8618984418127,604.3513289689279,640.0,516.6784448377938,574.1410409063105,503.10258787689077,468.1748411151549,509.19936034950933,555.6004620505337,487.0309084731127,457.4886165273128,493.3157135615579,533.138916705276,483.1766375746668,455.8755010534959,320.0,121.83327733248194,22.900435133586427,24.396257377124584,18.03084275936874,103.51578457192807,69.98197283796048,24.386553661131188,0.0,232.12950557057434,220.24680342028103,209.8512236302215,219.15580459281338,359.8739074605682,333.3553804735023,312.68239430826867,328.4379945095929,493.4804970644865,444.8095854868101,413.1697271945246,427.91625246949815,320.0,366.3918207764479,461.9063913058118,541.8532469513101,605.7361202165229,528.9759610528255,589.335651994795,612.6316398257835,640.0,522.3602653256459,582.5345056042022,505.3675718821364,466.0932917928495,509.659430092555,556.5232437228776,483.48686542982716,452.1975483720184,488.9091107154246,534.5636922174973,483.936992091331,455.51721665554214,320.0,121.8043159784549,24.505723641102065,14.485846590242147,0.0,94.65594824574549,60.62354214211604,19.643654414281173,6.724687921950419,215.739525112774,198.21904222400275,186.33817957267664,206.5648487817748,339.1256169919788,316.01658518977996,289.6385432610024,310.8297280758201,469.3510103458712,431.81294385262805,395.43759127197507,413.6508527120274,320.0,370.1429929299686,467.9846088290715,551.5698961870621,615.2487138602589,530.8438274510013,585.563083197354,608.9153901106674,640.0,526.1796260029139,580.9609309054563,507.8349610888939,484.6530295433646,514.5048480201629,555.7664976393906,485.87249414205723,469.09654193442634,498.1257047512785,532.7878917032083,482.3731051294765,464.39064834395333
320.0,132.93387356887348,13.088066681472469,0.0,30.495637417368073,95.12957045748942,64.24577954267,36.753812057397,15.62293741209038,224.16791081650587,225.1129900577817,215.50260642749947,209.17931449026338,355.4348042460842,344.99540771454366,323.1037544811532,322.8662378644473,484.8231288252073,467.71190129827255,433.6336507376525,427.75073648357386,320.0,361.1322868850284,446.43913681281816,518.1964497579725,576.7536853756259,515.7225155697407,569.2361786568516,606.4530860874938,640.0,512.5799865814042,562.6206441684071,505.4819284872239,466.3927857990319,500.2679928585778,540.0402861117534,483.07720999344235,444.7341109043148,478.80175730536405,516.4633433530569,475.3824868372673,443.6142267439436,320.0,134.90506353344892,33.456064918738264,18.834709897904247,18.11594082868902,93.23030884999105,63.17167040270277,26.698765584505395,0.0,206.0415993099337,201.9155028178489,203.2505811105286,206.03499867565398,318.97250126379333,310.5419411396564,303.09247529254765,311.3666703909829,432.14710163554776,413.42322738825686,392.1821862569606,398.89933173265865,320.0,362.02868560543556,454.8389659047473,536.0661800769485,600.5215947053491,516.9622988256949,573.8618984418127,604.3513289689279,640.0,516.6784448377938,574.1410409063105,503.10258787689077,468.1748411151549,509.19936034950933,555.6004620505337,487.0309084731127,457.4886165273128,493.3157135615579,533.138916705276,483.1766375746668,455.8755010534959,320.0,121.83327733248194,22.900435133586427,24.396257377124584,18.03084275936874,103.51578457192807,69.98197283796048,24.386553661131188,0.0,232.12950557057434,220.24680342028103,209.8512236302215,219.15580459281338,359.8739074605682,333.3553804735023,312.68239430826867,328.4379945095929,493.4804970644865,444.8095854868101,413.1697271945246,427.91625246949815,320.0,366.3918207764479,461.9063913058118,541.8532469513101,605.7361202165229,528.9759610528255,589.335651994795,612.6316398257835,640.0,522.3602653256459,582.5345056042022,505.3675718821364,466.0932917928495,509.659430092555,556.5232437228776,483.48686542982716,452.1975483720184,488.9091107154246,534.5636922174973,483.936992091331,455.51721665554214,320.0,121.8043159784549,24.505723641102065,14.485846590242147,0.0,94.65594824574549,60.62354214211604,19.643654414281173,6.724687921950419,215.739525112774,198.21904222400275,186.33817957267664,206.5648487817748,339.1256169919788,316.01658518977996,289.6385432610024,310.8297280758201,469.3510103458712,431.81294385262805,395.43759127197507,413.6508527120274,320.0,370.1429929299686,467.9846088290715,551.5698961870621,615.2487138602589,530.8438274510013,585.563083197354,608.9153901106674,640.0,526.1796260029139,580.9609309054563,507.8349610888939,484.6530295433646,514.5048480201629,555.7664976393906,485.87249414205723,469.09654193442634,498.1257047512785,532.7878917032083,482.3731051294765,464.39064834395333,320.0,134.28555676995376,37.83692720497936,34.18199319555288,2.2019226317639777,67.25093235191198,16.732141107292364,0.0,5.520144968718739,203.41562503527456,189.74613624239237,184.07805172354844,194.77210238832922,335.10087984704796,317.1887297520092,295.00067645306945,306.42756709032096,472.71491944646345,442.96980401837664,410.95706739681066,416.572645415734,320.0,359.76210803771386,446.03832875145264,523.2255371643556,581.8563204848966,523.5199352129542,590.5745924868247,619.5164848808081,640.0,522.3571440670892,576.3701949971198,500.50040973708565,467.88156037051715,510.4150349115878,545.7812315360926,476.67234452686296,455.68504196419815,491.22761775034405,520.5662821119206,470.32048753387977,452.4895085700931
320.0,134.90506353344892,33.456064918738264,18.834709897904247,18.11594082868902,93.23030884999105,63.17167040270277,26.698765584505395,0.0,206.0415993099337,201.9155028178489,203.2505811105286,206.03499867565398,318.97250126379333,310.5419411396564,303.09247529254765,311.3666703909829,432.14710163554776,413.42322738825686,392.1821862569606,398.89933173265865,320.0,362.02868560543556,454.8389659047473,536.0661800769485,600.5215947053491,516.9622988256949,573.8618984418127,604.3513289689279,640.0,516.6784448377938,574.1410409063105,503.10258787689077,468.1748411151549,509.19936034950933,555.6004620505337,487.0309084731127,457.4886165273128,493.3157135615579,533.138916705276,483.1766375746668,455.8755010534959,320.0,121.83327733248194,22.900435133586427,24.396257377124584,18.03084275936874,103.51578457192807,69.98197283796048,24.386553661131188,0.0,232.12950557057434,220.24680342028103,209.8512236302215,219.15580459281338,359.8739074605682,333.3553804735023,312.68239430826867,328.4379945095929,493.4804970644865,444.8095854868101,413.1697271945246,427.91625246949815,320.0,366.3918207764479,461.9063913058118,541.8532469513101,605.7361202165229,528.9759610528255,589.335651994795,612.6316398257835,640.0,522.3602653256459,582.5345056042022,505.3675718821364,466.0932917928495,509.659430092555,556.5232437228776,483.48686542982716,452.1975483720184,488.9091107154246,534.5636922174973,483.936992091331,455.51721665554214,320.0,121.8043159784549,24.505723641102065,14.485846590242147,0.0,94.65594824574549,60.62354214211604,19.643654414281173,6.724687921950419,215.739525112774,198.21904222400275,186.33817957267664,206.5648487817748,339.1256169919788,316.01658518977996,289.6385432610024,310.8297280758201,469.3510103458712,431.81294385262805,395.43759127197507,413.6508527120274,320.0,370.1429929299686,467.9846088290715,551.5698961870621,615.2487138602589,530.8438274510013,585.563083197354,608.9153901106674,640.0,526.1796260029139,580.9609309054563,507.8349610888939,484.6530295433646,514.5048480201629,555.7664976393906,485.87249414205723,469.09654193442634,498.1257047512785,532.7878917032083,482.3731051294765,464.39064834395333,320.0,134.28555676995376,37.83692720497936,34.18199319555288,2.2019226317639777,67.25093235191198,16.732141107292364,0.0,5.520144968718739,203.41562503527456,189.74613624239237,184.07805172354844,194.77210238832922,335.10087984704796,317.1887297520092,295.00067645306945,306.42756709032096,472.71491944646345,442.96980401837664,410.95706739681066,416.572645415734,320.0,359.76210803771386,446.03832875145264,523.2255371643556,581.8563204848966,523.5199352129542,590.5745924868247,619.5164848808081,640.0,522.3571440670892,576.3701949971198,500.50040973708565,467.88156037051715,510.4150349115878,545.7812315360926,476.67234452686296,455.68504196419815,491.22761775034405,520.5662821119206,470.32048753387977,452.4895085700931,320.0,139.47744532191766,42.37598410994161,34.90836827430843,15.679420905020379,76.99496303070777,22.531148724845195,0.0,5.571562093025591,212.95703932025128,201.3061923193878,194.23939918764086,204.161184335154,345.22658125551624,329.0127652200384,304.3554744960807,318.2985065677612,482.63924144672274,451.439326576742,417.39917907514666,426.5526328534008,320.0,359.35838275486924,450.44442732995276,529.2591776633585,589.477525082079,529.2455668247371,594.2445230931044,621.1039934555652,640.0,525.8028175179256,574.4502672716937,495.2892334178298,468.1744607231708,512.4885762488801,546.2585865251458,473.900064812534,455.74571682889757,492.37869432992534,520.2549471950255,468.00108771082915,451.90006027008184
320.0,121.83327733248194,22.900435133586427,24.396257377124584,18.03084275936874,103.51578457192807,69.98197283796048,24.386553661131188,0.0,232.12950557057434,220.24680342028103,209.8512236302215,219.15580459281338,359.8739074605682,333.3553804735023,312.68239430826867,328.4379945095929,493.4804970644865,444.8095854868101,413.1697271945246,427.91625246949815,320.0,366.3918207764479,461.9063913058118,541.8532469513101,605.7361202165229,528.9759610528255,589.335651994795,612.6316398257835,640.0,522.3602653256459,582.5345056042022,505.3675718821364,466.0932917928495,509.659430092555,556.5232437228776,483.48686542982716,452.1975483720184,488.9091107154246,534.5636922174973,483.936992091331,455.51721665554214,320.0,121.8043159784549,24.505723641102065,14.485846590242147,0.0,94.65594824574549,60.62354214211604,19.643654414281173,6.724687921950419,215.739525112774,198.21904222400275,186.33817957267664,206.5648487817748,339.1256169919788,316.01658518977996,289.6385432610024,310.8297280758201,469.3510103458712,431.81294385262805,395.43759127197507,413.6508527120274,320.0,370.1429929299686,467.9846088290715,551.5698961870621,615.2487138602589,530.8438274510013,585.563083197354,608.9153901106674,640.0,526.1796260029139,580.9609309054563,507.8349610888939,484.6530295433646,514.5048480201629,555.7664976393906,485.87249414205723,469.09654193442634,498.1257047512785,532.7878917032083,482.3731051294765,464.39064834395333,320.0,134.28555676995376,37.83692720497936,34.18199319555288,2.2019226317639777,67.25093235191198,16.732141107292364,0.0,5.520144968718739,203.41562503527456,189.74613624239237,184.07805172354844,194.77210238832922,335.10087984704796,317.1887297520092,295.00067645306945,306.42756709032096,472.71491944646345,442.96980401837664,410.95706739681066,416.572645415734,320.0,359.76210803771386,446.03832875145264,523.2255371643556,581.8563204848966,523.5199352129542,590.5745924868247,619.5164848808081,640.0,522.3571440670892,576.3701949971198,500.50040973708565,467.88156037051715,510.4150349115878,545.7812315360926,476.67234452686296,455.68504196419815,491.22761775034405,520.5662821119206,470.32048753387977,452.4895085700931,320.0,139.47744532191766,42.37598410994161,34.90836827430843,15.679420905020379,76.99496303070777,22.531148724845195,0.0,5.571562093025591,212.95703932025128,201.3061923193878,194.23939918764086,204.161184335154,345.22658125551624,329.0127652200384,304.3554744960807,318.2985065677612,482.63924144672274,451.439326576742,417.39917907514666,426.5526328534008,320.0,359.35838275486924,450.44442732995276,529.2591776633585,589.477525082079,529.2455668247371,594.2445230931044,621.1039934555652,640.0,525.8028175179256,574.4502672716937,495.2892334178298,468.1744607231708,512.4885762488801,546.2585865251458,473.900064812534,455.74571682889757,492.37869432992534,520.2549471950255,468.00108771082915,451.90006027008184,320.0,151.75936019700143,54.061392398105454,47.06365852056996,23.60470647519162,64.25336360376164,9.619412056056774,0.0,11.586193618430343,189.9165958781945,171.70889165605212,175.2743131289812,186.4755363062412,314.5221339879447,294.2613650037838,277.3648801825258,287.74111236990296,442.8425560387692,411.90149572401975,382.07712541459165,386.4286510138722,320.0,349.1821759645382,435.69061448694214,518.350512058689,583.064887191844,519.4684697034006,587.6339271705722,618.369570782349,640.0,518.5484981758786,571.2630780994787,491.02538906055685,467.6546374300781,509.2178491388066,539.773706558414,464.2325890962301,450.7296320212982,495.4443704923393,518.7306295489491,463.33983487944613,448.4747571003655
320.0,121.8043159784549,24.505723641102065,14.485846590242147,0.0,94.65594824574549,60.62354214211604,19.643654414281173,6.724687921950419,215.739525112774,198.21904222400275,186.33817957267664,206.5648487817748,339.1256169919788,316.01658518977996,289.6385432610024,310.8297280758201,469.3510103458712,431.81294385262805,395.43759127197507,413.6508527120274,320.0,370.1429929299686,467.9846088290715,551.5698961870621,615.2487138602589,530.8438274510013,585.563083197354,608.9153901106674,640.0,526.1796260029139,580.9609309054563,507.8349610888939,484.6530295433646,514.5048480201629,555.7664976393906,485.87249414205723,469.09654193442634,498.1257047512785,532.7878917032083,482.3731051294765,464.39064834395333,320.0,134.28555676995376,37.83692720497936,34.18199319555288,2.2019226317639777,67.25093235191198,16.732141107292364,0.0,5.520144968718739,203.41562503527456,189.74613624239237,184.07805172354844,194.77210238832922,335.10087984704796,317.1887297520092,295.00067645306945,306.42756709032096,472.71491944646345,442.96980401837664,410.95706739681066,416.572645415734,320.0,359.76210803771386,446.03832875145264,523.2255371643556,581.8563204848966,523.5199352129542,590.5745924868247,619.5164848808081,640.0,522.3571440670892,576.3701949971198,500.50040973708565,467.88156037051715,510.4150349115878,545.7812315360926,476.67234452686296,455.68504196419815,491.22761775034405,520.5662821119206,470.32048753387977,452.4895085700931,320.0,139.47744532191766,42.37598410994161,34.90836827430843,15.679420905020379,76.99496303070777,22.531148724845195,0.0,5.571562093025591,212.95703932025128,201.3061923193878,194.23939918764086,204.161184335154,345.22658125551624,329.0127652200384,304.3554744960807,318.2985065677612,482.63924144672274,451.439326576742,417.39917907514666,426.5526328534008,320.0,359.35838275486924,450.44442732995276,529.2591776633585,589.477525082079,529.2455668247371,594.2445230931044,621.1039934555652,640.0,525.8028175179256,574.4502672716937,495.2892334178298,468.1744607231708,512.4885762488801,546.2585865251458,473.900064812534,455.74571682889757,492.37869432992534,520.2549471950255,468.00108771082915,451.90006027008184,320.0,151.75936019700143,54.061392398105454,47.06365852056996,23.60470647519162,64.25336360376164,9.619412056056774,0.0,11.586193618430343,189.9165958781945,171.70889165605212,175.2743131289812,186.4755363062412,314.5221339879447,294.2613650037838,277.3648801825258,287.74111236990296,442.8425560387692,411.90149572401975,382.07712541459165,386.4286510138722,320.0,349.1821759645382,435.69061448694214,518.350512058689,583.064887191844,519.4684697034006,587.6339271705722,618.369570782349,640.0,518.5484981758786,571.2630780994787,491.02538906055685,467.6546374300781,509.2178491388066,539.773706558414,464.2325890962301,450.7296320212982,495.4443704923393,518.7306295489491,463.33983487944613,448.4747571003655,320.0,147.04033206384736,51.522327473682196,39.70891933404164,13.14361627147025,60.661845427012906,9.713624222793271,0.0,12.162656120230395,192.79084114989678,182.45975977606926,183.26175108514508,183.3006106591665,319.7620583369591,304.27212441898286,286.71697012487175,292.08212990496855,448.6643424963737,416.98802907877547,389.6849311139602,397.66242087579275,320.0,351.74343189303636,440.8130532096017,525.5806944534822,589.6708973694513,530.2525386204459,595.4589624480229,619.1624032880343,640.0,527.8590679871754,572.0735283994268,487.16163078495896,475.52329864671776,517.5548980398466,544.7481445384221,462.5396226912526,457.22855106084216,504.21079876441354,523.8778733735222,464.1978511776592,454.27720431722923
320.0,134.28555676995376,37.83692720497936,34.18199319555288,2.2019226317639777,67.25093235191198,16.732141107292364,0.0,5.520144968718739,203.41562503527456,189.74613624239237,184.07805172354844,194.77210238832922,335.10087984704796,317.1887297520092,295.00067645306945,306.42756709032096,472.71491944646345,442.96980401837664,410.95706739681066,416.572645415734,320.0,359.76210803771386,446.03832875145264,523.2255371643556,581.8563204848966,523.5199352129542,590.5745924868247,619.5164848808081,640.0,522.3571440670892,576.3701949971198,500.50040973708565,467.88156037051715,510.4150349115878,545.7812315360926,476.67234452686296,455.68504196419815,491.22761775034405,520.5662821119206,470.32048753387977,452.4895085700931,320.0,139.47744532191766,42.37598410994161,34.90836827430843,15.679420905020379,76.99496303070777,22.531148724845195,0.0,5.571562093025591,212.95703932025128,201.3061923193878,194.23939918764086,204.161184335154,345.22658125551624,329.0127652200384,304.3554744960807,318.2985065677612,482.63924144672274,451.439326576742,417.39917907514666,426.5526328534008,320.0,359.35838275486924,450.44442732995276,529.2591776633585,589.477525082079,529.2455668247371,594.2445230931044,621.1039934555652,640.0,525.8028175179256,574.4502672716937,495.2892334178298,468.1744607231708,512.4885762488801,546.2585865251458,473.900064812534,455.74571682889757,492.37869432992534,520.2549471950255,468.00108771082915,451.90006027008184,320.0,151.75936019700143,54.061392398105454,47.06365852056996,23.60470647519162,64.25336360376164,9.619412056056774,0.0,11.586193618430343,189.9165958781945,171.70889165605212,175.2743131289812,186.4755363062412,314.5221339879447,294.2613650037838,277.3648801825258,287.74111236990296,442.8425560387692,411.90149572401975,382.07712541459165,386.4286510138722,320.0,349.1821759645382,435.69061448694214,518.350512058689,583.064887191844,519.4684697034006,587.6339271705722,618.369570782349,640.0,518.5484981758786,571.2630780994787,491.02538906055685,467.6546374300781,509.2178491388066,539.773706558414,464.2325890962301,450.7296320212982,495.4443704923393,518.7306295489491,463.33983487944613,448.4747571003655,320.0,147.04033206384736,51.522327473682196,39.70891933404164,13.14361627147025,60.661845427012906,9.713624222793271,0.0,12.162656120230395,192.79084114989678,182.45975977606926,183.26175108514508,183.3006106591665,319.7620583369591,304.27212441898286,286.71697012487175,292.08212990496855,448.6643424963737,416.98802907877547,389.6849311139602,397.66242087579275,320.0,351.74343189303636,440.8130532096017,525.5806944534822,589.6708973694513,530.2525386204459,595.4589624480229,619.1624032880343,640.0,527.8590679871754,572.0735283994268,487.16163078495896,475.52329864671776,517.5548980398466,544.7481445384221,462.5396226912526,457.22855106084216,504.21079876441354,523.8778733735222,464.1978511776592,454.27720431722923,320.0,145.51810231100742,53.92025585389837,43.861101249634146,19.59829129288954,68.5948505370109,12.855851820802059,0.0,12.117913255800715,199.48655685496215,181.47461839139316,183.27009292057298,189.37646610968503,325.71139812252414,302.46882636067505,285.2718172702603,296.0170944035626,455.7911080504889,417.3462979336523,389.04794755337264,400.1279269491659,320.0,354.7460850809205,444.1377567685066,527.9214304991184,590.8168312679041,529.6760797600232,593.8213881017776,619.2829899259197,640.0,526.8590571137953,574.5094760231336,489.1605430090679,471.64818367679595,516.1643393005122,548.246769506971,465.65239192872275,455.145440276811,500.94467571626546,524.9220102263132,465.98351785255295,453.44606704082094
320.0,139.47744532191766,42.37598410994161,34.90836827430843,15.679420905020379,76.99496303070777,22.531148724845195,0.0,5.571562093025591,212.95703932025128,201.3061923193878,194.23939918764086,204.161184335154,345.22658125551624,329.0127652200384,304.3554744960807,318.2985065677612,482.63924144672274,451.439326576742,417.39917907514666,426.5526328534008,320.0,359.35838275486924,450.44442732995276,529.2591776633585,589.477525082079,529.2455668247371,594.2445230931044,621.1039934555652,640.0,525.8028175179256,574.4502672716937,495.2892334178298,468.1744607231708,512.4885762488801,546.2585865251458,473.900064812534,455.74571682889757,492.37869432992534,520.2549471950255,468.00108771082915,451.90006027008184,320.0,151.75936019700143,54.061392398105454,47.06365852056996,23.60470647519162,64.25336360376164,9.619412056056774,0.0,11.586193618430343,189.9165958781945,171.70889165605212,175.2743131289812,186.4755363062412,314.5221339879447,294.2613650037838,277.3648801825258,287.74111236990296,442.8425560387692,411.90149572401975,382.07712541459165,386.4286510138722,320.0,349.1821759645382,435.69061448694214,518.350512058689,583.064887191844,519.4684697034006,587.6339271705722,618.369570782349,640.0,518.5484981758786,571.2630780994787,491.02538906055685,467.6546374300781,509.2178491388066,539.773706558414,464.2325890962301,450.7296320212982,495.4443704923393,518.7306295489491,463.33983487944613,448.4747571003655,320.0,147.04033206384736,51.522327473682196,39.70891933404164,13.14361627147025,60.661845427012906,9.713624222793271,0.0,12.162656120230395,192.79084114989678,182.45975977606926,183.26175108514508,183.3006106591665,319.7620583369591,304.27212441898286,286.71697012487175,292.08212990496855,448.6643424963737,416.98802907877547,389.6849311139602,397.66242087579275,320.0,351.74343189303636,440.8130532096017,525.5806944534822,589.6708973694513,530.2525386204459,595.4589624480229,619.1624032880343,640.0,527.8590679871754,572.0735283994268,487.16163078495896,475.52329864671776,517.5548980398466,544.7481445384221,462.5396226912526,457.22855106084216,504.21079876441354,523.8778733735222,464.1978511776592,454.27720431722923,320.0,145.51810231100742,53.92025585389837,43.861101249634146,19.59829129288954,68.5948505370109,12.855851820802059,0.0,12.117913255800715,199.48655685496215,181.47461839139316,183.27009292057298,189.37646610968503,325.71139812252414,302.46882636067505,285.2718172702603,296.0170944035626,455.7911080504889,417.3462979336523,389.04794755337264,400.1279269491659,320.0,354.7460850809205,444.1377567685066,527.9214304991184,590.8168312679041,529.6760797600232,593.8213881017776,619.2829899259197,640.0,526.8590571137953,574.5094760231336,489.1605430090679,471.64818367679595,516.1643393005122,548.246769506971,465.65239192872275,455.145440276811,500.94467571626546,524.9220102263132,465.98351785255295,453.44606704082094,320.0,152.36988560542923,53.24489242731795,34.218672639592455,17.35083344961413,69.41281565691878,12.149356807383299,0.0,10.261499436787858,200.8179251873506,187.6883570730023,188.8968102586694,190.58138819426986,326.1451634433841,304.08170120747053,288.8371465108892,298.50748109864384,452.94296054400957,415.60243438250075,388.2568513305971,399.2238300630849,320.0,351.7607696906243,436.5106962027407,518.626816967279,583.3556053915336,529.1308612779956,592.6379012521014,618.2951471574227,640.0,524.8182289585197,568.7169510950521,484.60070482311716,474.66871001515995,512.6327818714474,540.0128810222908,458.5763497825089,454.9233579173699,497.7736308959577,520.6676332938096,462.78903858031316,453.77575791604875
320.0,151.75936019700143,54.061392398105454,47.06365852056996,23.60470647519162,64.25336360376164,9.619412056056774,0.0,11.586193618430343,189.9165958781945,171.70889165605212,175.2743131289812,186.4755363062412,314.5221339879447,294.2613650037838,277.3648801825258,287.74111236990296,442.8425560387692,411.90149572401975,382.07712541459165,386.4286510138722,320.0,349.1821759645382,435.69061448694214,518.350512058689,583.064887191844,519.4684697034006,587.6339271705722,618.369570782349,640.0,518.5484981758786,571.2630780994787,491.02538906055685,467.6546374300781,509.2178491388066,539.773706558414,464.2325890962301,450.7296320212982,495.4443704923393,518.7306295489491,463.33983487944613,448.4747571003655,320.0,147.04033206384736,51.522327473682196,39.70891933404164,13.14361627147025,60.661845427012906,9.713624222793271,0.0,12.162656120230395,192.79084114989678,182.45975977606926,183.26175108514508,183.3006106591665,319.7620583369591,304.27212441898286,286.71697012487175,292.08212990496855,448.6643424963737,416.98802907877547,389.6849311139602,397.66242087579275,320.0,351.74343189303636,440.8130532096017,525.5806944534822,589.6708973694513,530.2525386204459,595.4589624480229,619.1624032880343,640.0,527.8590679871754,572.0735283994268,487.16163078495896,475.52329864671776,517.5548980398466,544.7481445384221,462.5396226912526,457.22855106084216,504.21079876441354,523.8778733735222,464.1978511776592,454.27720431722923,320.0,145.51810231100742,53.92025585389837,43.861101249634146,19.59829129288954,68.5948505370109,12.855851820802059,0.0,12.117913255800715,199.48655685496215,181.47461839139316,183.27009292057298,189.37646610968503,325.71139812252414,302.46882636067505,285.2718172702603,296.0170944035626,455.7911080504889,417.3462979336523,389.04794755337264,400.1279269491659,320.0,354.7460850809205,444.1377567685066,527.9214304991184,590.8168312679041,529.6760797600232,593.8213881017776,619.2829899259197,640.0,526.8590571137953,574.5094760231336,489.1605430090679,471.64818367679595,516.1643393005122,548.246769506971,465.65239192872275,455.145440276811,500.94467571626546,524.9220102263132,465.98351785255295,453.44606704082094,320.0,152.36988560542923,53.24489242731795,34.218672639592455,17.35083344961413,69.41281565691878,12.149356807383299,0.0,10.261499436787858,200.8179251873506,187.6883570730023,188.8968102586694,190.58138819426986,326.1451634433841,304.08170120747053,288.8371465108892,298.50748109864384,452.94296054400957,415.60243438250075,388.2568513305971,399.2238300630849,320.0,351.7607696906243,436.5106962027407,518.626816967279,583.3556053915336,529.1308612779956,592.6379012521014,618.2951471574227,640.0,524.8182289585197,568.7169510950521,484.60070482311716,474.66871001515995,512.6327818714474,540.0128810222908,458.5763497825089,454.9233579173699,497.7736308959577,520.6676332938096,462.78903858031316,453.77575791604875,320.0,145.0595454520381,47.52311313580725,34.68717420135749,13.874869680542986,62.73164711973317,9.35148625252856,0.0,10.977463303695743,200.7893036784169,189.50197675802227,189.44771027827488,188.16669858163573,332.7298772179918,313.6710457156321,295.11377568268483,300.50280024302657,465.69112456530627,432.25389500526796,401.0559646713113,407.15887586810686,320.0,352.3632239167832,438.361518135182,520.877052036782,586.7641080743288,533.0466957452268,597.1774003466494,621.0116410665406,640.0,528.3912967334188,570.1804437893583,483.6174182712456,473.50685993845445,516.1874997976643,540.5021247079446,457.9119349259044,454.8080014043927,501.49907228414014,519.1941200139645,460.1122448990248,451.7025974895331
320.0,147.04033206384736,51.522327473682196,39.70891933404164,13.14361627147025,60.661845427012906,9.713624222793271,0.0,12.162656120230395,192.79084114989678,182.45975977606926,183.26175108514508,183.3006106591665,319.7620583369591,304.27212441898286,286.71697012487175,292.08212990496855,448.6643424963737,416.98802907877547,389.6849311139602,397.66242087579275,320.0,351.74343189303636,440.8130532096017,525.5806944534822,589.6708973694513,530.2525386204459,595.4589624480229,619.1624032880343,640.0,527.8590679871754,572.0735283994268,487.16163078495896,475.52329864671776,517.5548980398466,544.7481445384221,462.5396226912526,457.22855106084216,504.21079876441354,523.8778733735222,464.1978511776592,454.27720431722923,320.0,145.51810231100742,53.92025585389837,43.861101249634146,19.59829129288954,68.5948505370109,12.855851820802059,0.0,12.117913255800715,199.48655685496215,181.47461839139316,183.27009292057298,189.37646610968503,325.71139812252414,302.46882636067505,285.2718172702603,296.0170944035626,455.7911080504889,417.3462979336523,389.04794755337264,400.1279269491659,320.0,354.7460850809205,444.1377567685066,527.9214304991184,590.8168312679041,529.6760797600232,593.8213881017776,619.2829899259197,640.0,526.8590571137953,574.5094760231336,489.1605430090679,471.64818367679595,516.1643393005122,548.246769506971,465.65239192872275,455.145440276811,500.94467571626546,524.9220102263132,465.98351785255295,453.44606704082094,320.0,152.36988560542923,53.24489242731795,34.218672639592455,17.35083344961413,69.41281565691878,12.149356807383299,0.0,10.261499436787858,200.8179251873506,187.6883570730023,188.8968102586694,190.58138819426986,326.1451634433841,304.08170120747053,288.8371465108892,298.50748109864384,452.94296054400957,415.60243438250075,388.2568513305971,399.2238300630849,320.0,351.7607696906243,436.5106962027407,518.626816967279,583.3556053915336,529.1308612779956,592.6379012521014,618.2951471574227,640.0,524.8182289585197,568.7169510950521,484.60070482311716,474.66871001515995,512.6327818714474,540.0128810222908,458.5763497825089,454.9233579173699,497.7736308959577,520.6676332938096,462.78903858031316,453.77575791604875,320.0,145.0595454520381,47.52311313580725,34.68717420135749,13.874869680542986,62.73164711973317,9.35148625252856,0.0,10.977463303695743,200.7893036784169,189.50197675802227,189.44771027827488,188.16669858163573,332.7298772179918,313.6710457156321,295.11377568268483,300.50280024302657,465.69112456530627,432.25389500526796,401.0559646713113,407.15887586810686,320.0,352.3632239167832,438.361518135182,520.877052036782,586.7641080743288,533.0466957452268,597.1774003466494,621.0116410665406,640.0,528.3912967334188,570.1804437893583,483.6174182712456,473.50685993845445,516.1874997976643,540.5021247079446,457.9119349259044,454.8080014043927,501.49907228414014,519.1941200139645,460.1122448990248,451.7025974895331,320.0,147.31920337560007,49.72300870789911,36.681520437274116,15.428046103843087,62.487423434960306,5.870375490582546,0.0,16.392083866122448,200.26393861763128,182.96875899625377,186.61748450983507,189.346410894143,331.56136686746567,307.4384047265487,291.09516557535846,298.9379564560755,463.69376135307454,424.61773632585243,394.83987221918875,403.64113307084574,320.0,351.2890020337296,439.4252069063867,524.3528753619116,590.1704592098838,537.0543165762928,604.3045330250437,625.6200167065429,640.0,531.8448542747676,573.9290928279505,485.3034387210947,476.3521847570992,519.4172175565961,545.4938459155719,460.7206156538783,457.9017293049181,504.8338782284294,523.932215783536,463.11430609873446,454.40117538230817
320.0,145.51810231100742,53.92025585389837,43.861101249634146,19.59829129288954,68.5948505370109,12.855851820802059,0.0,12.117913255800715,199.48655685496215,181.47461839139316,183.27009292057298,189.37646610968503,325.71139812252414,302.46882636067505,285.2718172702603,296.0170944035626,455.7911080504889,417.3462979336523,389.04794755337264,400.1279269491659,320.0,354.7460850809205,444.1377567685066,527.9214304991184,590.8168312679041,529.6760797600232,593.8213881017776,619.2829899259197,640.0,526.8590571137953,574.5094760231336,489.1605430090679,471.64818367679595,516.1643393005122,548.246769506971,465.65239192872275,455.145440276811,500.94467571626546,524.9220102263132,465.98351785255295,453.44606704082094,320.0,152.36988560542923,53.24489242731795,34.218672639592455,17.35083344961413,69.41281565691878,12.149356807383299,0.0,10.261499436787858,200.8179251873506,187.6883570730023,188.8968102586694,190.58138819426986,326.1451634433841,304.08170120747053,288.8371465108892,298.50748109864384,452.94296054400957,415.60243438250075,388.2568513305971,399.2238300630849,320.0,351.7607696906243,436.5106962027407,518.626816967279,583.3556053915336,529.1308612779956,592.6379012521014,618.2951471574227,640.0,524.8182289585197,568.7169510950521,484.60070482311716,474.66871001515995,512.6327818714474,540.0128810222908,458.5763497825089,454.9233579173699,497.7736308959577,520.6676332938096,462.78903858031316,453.77575791604875,320.0,145.0595454520381,47.52311313580725,34.68717420135749,13.874869680542986,62.73164711973317,9.35148625252856,0.0,10.977463303695743,200.7893036784169,189.50197675802227,189.44771027827488,188.16669858163573,332.7298772179918,313.6710457156321,295.11377568268483,300.50280024302657,465.69112456530627,432.25389500526796,401.0559646713113,407.15887586810686,320.0,352.3632239167832,438.361518135182,520.877052036782,586.7641080743288,533.0466957452268,597.1774003466494,621.0116410665406,640.0,528.3912967334188,570.1804437893583,483.6174182712456,473.50685993845445,516.1874997976643,540.5021247079446,457.9119349259044,454.8080014043927,501.49907228414014,519.1941200139645,460.1122448990248,451.7025974895331,320.0,147.31920337560007,49.72300870789911,36.681520437274116,15.428046103843087,62.487423434960306,5.870375490582546,0.0,16.392083866122448,200.26393861763128,182.96875899625377,186.61748450983507,189.346410894143,331.56136686746567,307.4384047265487,291.09516557535846,298.9379564560755,463.69376135307454,424.61773632585243,394.83987221918875,403.64113307084574,320.0,351.2890020337296,439.4252069063867,524.3528753619116,590.1704592098838,537.0543165762928,604.3045330250437,625.6200167065429,640.0,531.8448542747676,573.9290928279505,485.3034387210947,476.3521847570992,519.4172175565961,545.4938459155719,460.7206156538783,457.9017293049181,504.8338782284294,523.932215783536,463.11430609873446,454.40117538230817,320.0,148.35558604021938,50.60845601293528,38.53131036853358,19.769919195255056,60.68620915521569,4.248483254683208,0.0,17.276047882876185,197.13717016699292,177.86504169608892,181.42404465313265,185.3196585153122,327.90859995261076,303.0520323344431,287.1477190524601,296.1167336811784,459.9410661195736,421.0511155991311,393.1440743788162,404.07810785580693,320.0,350.9924173506424,439.22036478143605,524.0692735032989,589.0348656586312,536.0145351710087,604.1444158099548,625.7895897159103,640.0,531.2709743413011,572.717092087336,484.4449512495703,475.42800959888905,519.4722131419637,545.1936544619546,460.6273402782529,457.8310598900064,505.94463829740505,524.8863109401489,463.88366457271684,455.3263613841524
320.0,152.36988560542923,53.24489242731795,34.218672639592455,17.35083344961413,69.41281565691878,12.149356807383299,0.0,10.261499436787858,200.8179251873506,187.6883570730023,188.8968102586694,190.58138819426986,326.1451634433841,304.08170120747053,288.8371465108892,298.50748109864384,452.94296054400957,415.60243438250075,388.2568513305971,399.2238300630849,320.0,351.7607696906243,436.5106962027407,518.626816967279,583.3556053915336,529.1308612779956,592.6379012521014,618.2951471574227,640.0,524.8182289585197,568.7169510950521,484.60070482311716,474.66871001515995,512.6327818714474,540.0128810222908,458.5763497825089,454.9233579173699,497.7736308959577,520.6676332938096,462.78903858031316,453.77575791604875,320.0,145.0595454520381,47.52311313580725,34.68717420135749,13.874869680542986,62.73164711973317,9.35148625252856,0.0,10.977463303695743,200.7893036784169,189.50197675802227,189.44771027827488,188.16669858163573,332.7298772179918,313.6710457156321,295.11377568268483,300.50280024302657,465.69112456530627,432.25389500526796,401.0559646713113,407.15887586810686,320.0,352.3632239167832,438.361518135182,520.877052036782,586.7641080743288,533.0466957452268,597.1774003466494,621.0116410665406,640.0,528.3912967334188,570.1804437893583,483.6174182712456,473.50685993845445,516.1874997976643,540.5021247079446,457.9119349259044,454.8080014043927,501.49907228414014,519.1941200139645,460.1122448990248,451.7025974895331,320.0,147.31920337560007,49.72300870789911,36.681520437274116,15.428046103843087,62.487423434960306,5.870375490582546,0.0,16.392083866122448,200.26393861763128,182.96875899625377,186.61748450983507,189.346410894143,331.56136686746567,307.4384047265487,291.09516557535846,298.9379564560755,463.69376135307454,424.61773632585243,394.83987221918875,403.64113307084574,320.0,351.2890020337296,439.4252069063867,524.3528753619116,590.1704592098838,537.0543165762928,604.3045330250437,625.6200167065429,640.0,531.8448542747676,573.9290928279505,485.3034387210947,476.3521847570992,519.4172175565961,545.4938459155719,460.7206156538783,457.9017293049181,504.8338782284294,523.932215783536,463.11430609873446,454.40117538230817,320.0,148.35558604021938,50.60845601293528,38.53131036853358,19.769919195255056,60.68620915521569,4.248483254683208,0.0,17.276047882876185,197.13717016699292,177.86504169608892,181.42404465313265,185.3196585153122,327.90859995261076,303.0520323344431,287.1477190524601,296.1167336811784,459.9410661195736,421.0511155991311,393.1440743788162,404.07810785580693,320.0,350.9924173506424,439.22036478143605,524.0692735032989,589.0348656586312,536.0145351710087,604.1444158099548,625.7895897159103,640.0,531.2709743413011,572.717092087336,484.4449512495703,475.42800959888905,519.4722131419637,545.1936544619546,460.6273402782529,457.8310598900064,505.94463829740505,524.8863109401489,463.88366457271684,455.3263613841524,320.0,146.48400651981467,39.288013701042075,23.83917627169609,6.6325487937332355,59.338225950221954,8.788656281874523,0.0,12.752821185539403,194.4213388892002,182.94185967822884,181.12978479283544,182.97899677775644,323.2780104460341,306.9460645483699,288.20623338621573,293.65789100591996,451.5004606923338,418.55152451039385,392.5930348953391,401.82351487581514,320.0,345.2030495139308,436.33779018019675,524.9633607807214,590.5246737053569,528.4945250387277,600.5940695177708,622.9651942075311,640.0,525.8651364158884,565.1050329260983,477.6112361196382,468.68906784883853,515.5680963266541,537.7297937400169,453.7146935012066,450.7898073921066,503.91651650185406,521.5394516712722,460.0441118354108,451.18785226277043
320.0,145.0595454520381,47.52311313580725,34.68717420135749,13.874869680542986,62.73164711973317,9.35148625252856,0.0,10.977463303695743,200.7893036784169,189.50197675802227,189.44771027827488,188.16669858163573,332.7298772179918,313.6710457156321,295.11377568268483,300.50280024302657,465.69112456530627,432.25389500526796,401.0559646713113,407.15887586810686,320.0,352.3632239167832,438.361518135182,520.877052036782,586.7641080743288,533.0466957452268,597.1774003466494,621.0116410665406,640.0,528.3912967334188,570.1804437893583,483.6174182712456,473.50685993845445,516.1874997976643,540.5021247079446,457.9119349259044,454.8080014043927,501.49907228414014,519.1941200139645,460.1122448990248,451.7025974895331,320.0,147.31920337560007,49.72300870789911,36.681520437274116,15.428046103843087,62.487423434960306,5.870375490582546,0.0,16.392083866122448,200.26393861763128,182.96875899625377,186.61748450983507,189.346410894143,331.56136686746567,307.4384047265487,291.09516557535846,298.9379564560755,463.69376135307454,424.61773632585243,394.83987221918875,403.64113307084574,320.0,351.2890020337296,439.4252069063867,524.3528753619116,590.1704592098838,537.0543165762928,604.3045330250437,625.6200167065429,640.0,531.8448542747676,573.9290928279505,485.3034387210947,476.3521847570992,519.4172175565961,545.4938459155719,460.7206156538783,457.9017293049181,504.8338782284294,523.932215783536,463.11430609873446,454.40117538230817,320.0,148.35558604021938,50.60845601293528,38.53131036853358,19.769919195255056,60.68620915521569,4.248483254683208,0.0,17.276047882876185,197.13717016699292,177.86504169608892,181.42404465313265,185.3196585153122,327.90859995261076,303.0520323344431,287.1477190524601,296.1167336811784,459.9410661195736,421.0511155991311,393.1440743788162,404.07810785580693,320.0,350.9924173506424,439.22036478143605,524.0692735032989,589.0348656586312,536.0145351710087,604.1444158099548,625.7895897159103,640.0,531.2709743413011,572.717092087336,484.4449512495703,475.42800959888905,519.4722131419637,545.1936544619546,460.6273402782529,457.8310598900064,505.94463829740505,524.8863109401489,463.88366457271684,455.3263613841524,320.0,146.48400651981467,39.288013701042075,23.83917627169609,6.6325487937332355,59.338225950221954,8.788656281874523,0.0,12.752821185539403,194.4213388892002,182.94185967822884,181.12978479283544,182.97899677775644,323.2780104460341,306.9460645483699,288.20623338621573,293.65789100591996,451.5004606923338,418.55152451039385,392.5930348953391,401.82351487581514,320.0,345.2030495139308,436.33779018019675,524.9633607807214,590.5246737053569,528.4945250387277,600.5940695177708,622.9651942075311,640.0,525.8651364158884,565.1050329260983,477.6112361196382,468.68906784883853,515.5680963266541,537.7297937400169,453.7146935012066,450.7898073921066,503.91651650185406,521.5394516712722,460.0441118354108,451.18785226277043,320.0,148.787946927698,46.67175684402321,32.47254216777668,21.674083752416948,63.029240125045476,10.050941442708222,0.0,13.563439414884328,201.30605014973014,188.697877095392,190.5634124816243,192.03469504972946,332.21086362437745,314.2031607120152,296.8312330610151,302.6248153036036,463.2452573974077,429.0287929076584,398.18642701493667,404.4369476724339,320.0,350.82382558088256,436.7740719304245,519.245956001575,585.5098452983186,533.1019454830268,599.623796867907,622.2882536458795,640.0,528.8830073600155,568.8955240281189,482.1714924568971,473.8412603985862,516.260008624418,539.1504979880392,456.4202813387446,455.0026518453823,500.6389373841364,519.0361239335386,459.6570167702513,451.8505228592861
320.0,147.31920337560007,49.72300870789911,36.681520437274116,15.428046103843087,62.487423434960306,5.870375490582546,0.0,16.392083866122448,200.26393861763128,182.96875899625377,186.61748450983507,189.346410894143,331.56136686746567,307.4384047265487,291.09516557535846,298.9379564560755,463.69376135307454,424.61773632585243,394.83987221918875,403.64113307084574,320.0,351.2890020337296,439.4252069063867,524.3528753619116,590.1704592098838,537.0543165762928,604.3045330250437,625.6200167065429,640.0,531.8448542747676,573.9290928279505,485.3034387210947,476.3521847570992,519.4172175565961,545.4938459155719,460.7206156538783,457.9017293049181,504.8338782284294,523.932215783536,463.11430609873446,454.40117538230817,320.0,148.35558604021938,50.60845601293528,38.53131036853358,19.769919195255056,60.68620915521569,4.248483254683208,0.0,17.276047882876185,197.13717016699292,177.86504169608892,181.42404465313265,185.3196585153122,327.90859995261076,303.0520323344431,287.1477190524601,296.1167336811784,459.9410661195736,421.0511155991311,393.1440743788162,404.07810785580693,320.0,350.9924173506424,439.22036478143605,524.0692735032989,589.0348656586312,536.0145351710087,604.1444158099548,625.7895897159103,640.0,531.2709743413011,572.717092087336,484.4449512495703,475.42800959888905,519.4722131419637,545.1936544619546,460.6273402782529,457.8310598900064,505.94463829740505,524.8863109401489,463.88366457271684,455.3263613841524,320.0,146.48400651981467,39.288013701042075,23.83917627169609,6.6325487937332355,59.338225950221954,8.788656281874523,0.0,12.752821185539403,194.4213388892002,182.94185967822884,181.12978479283544,182.97899677775644,323.2780104460341,306.9460645483699,288.20623338621573,293.65789100591996,451.5004606923338,418.55152451039385,392.5930348953391,401.82351487581514,320.0,345.2030495139308,436.33779018019675,524.9633607807214,590.5246737053569,528.4945250387277,600.5940695177708,622.9651942075311,640.0,525.8651364158884,565.1050329260983,477.6112361196382,468.68906784883853,515.5680963266541,537.7297937400169,453.7146935012066,450.7898073921066,503.91651650185406,521.5394516712722,460.0441118354108,451.18785226277043,320.0,148.787946927698,46.67175684402321,32.47254216777668,21.674083752416948,63.029240125045476,10.050941442708222,0.0,13.563439414884328,201.30605014973014,188.697877095392,190.5634124816243,192.03469504972946,332.21086362437745,314.2031607120152,296.8312330610151,302.6248153036036,463.2452573974077,429.0287929076584,398.18642701493667,404.4369476724339,320.0,350.82382558088256,436.7740719304245,519.245956001575,585.5098452983186,533.1019454830268,599.623796867907,622.2882536458795,640.0,528.8830073600155,568.8955240281189,482.1714924568971,473.8412603985862,516.260008624418,539.1504979880392,456.4202813387446,455.0026518453823,500.6389373841364,519.0361239335386,459.6570167702513,451.8505228592861,320.0,148.50781334243138,48.62838537518235,31.270104877302117,13.937287070847958,67.12622235680513,8.50312434233615,0.0,15.193244429681044,204.10661049549788,188.22011397901443,189.01016471020637,192.0745794148475,335.3774447728148,315.0051697410141,295.57046738279433,301.7691676298589,467.8845331358375,431.4945074757976,399.56009916682626,406.41395850598036,320.0,351.50149932489614,437.92401491908487,520.9056858628994,587.1017010933683,534.6607833308524,602.2897376326077,624.4836804757444,640.0,529.8357101792615,570.3291740063719,482.3247599265512,472.2527470966853,516.8982231645565,541.5650269384054,457.9115742832512,454.42238935739687,500.86567931962577,520.1366849902877,460.69154408109875,452.19348523476623
320.0,148.35558604021938,50.60845601293528,38.53131036853358,19.769919195255056,60.68620915521569,4.248483254683208,0.0,17.276047882876185,197.13717016699292,177.86504169608892,181.42404465313265,185.3196585153122,327.90859995261076,303.0520323344431,287.1477190524601,296.1167336811784,459.9410661195736,421.0511155991311,393.1440743788162,404.07810785580693,320.0,350.9924173506424,439.22036478143605,524.0692735032989,589.0348656586312,536.0145351710087,604.1444158099548,625.7895897159103,640.0,531.2709743413011,572.717092087336,484.4449512495703,475.42800959888905,519.4722131419637,545.1936544619546,460.6273402782529,457.8310598900064,505.94463829740505,524.8863109401489,463.88366457271684,455.3263613841524,320.0,146.48400651981467,39.288013701042075,23.83917627169609,6.6325487937332355,59.338225950221954,8.788656281874523,0.0,12.752821185539403,194.4213388892002,182.94185967822884,181.12978479283544,182.97899677775644,323.2780104460341,306.9460645483699,288.20623338621573,293.65789100591996,451.5004606923338,418.55152451039385,392.5930348953391,401.82351487581514,320.0,345.2030495139308,436.33779018019675,524.9633607807214,590.5246737053569,528.4945250387277,600.5940695177708,622.9651942075311,640.0,525.8651364158884,565.1050329260983,477.6112361196382,468.68906784883853,515.5680963266541,537.7297937400169,453.7146935012066,450.7898073921066,503.91651650185406,521.5394516712722,460.0441118354108,451.18785226277043,320.0,148.787946927698,46.67175684402321,32.47254216777668,21.674083752416948,63.029240125045476,10.050941442708222,0.0,13.563439414884328,201.30605014973014,188.697877095392,190.5634124816243,192.03469504972946,332.21086362437745,314.2031607120152,296.8312330610151,302.6248153036036,463.2452573974077,429.0287929076584,398.18642701493667,404.4369476724339,320.0,350.82382558088256,436.7740719304245,519.245956001575,585.5098452983186,533.1019454830268,599.623796867907,622.2882536458795,640.0,528.8830073600155,568.8955240281189,482.1714924568971,473.8412603985862,516.260008624418,539.1504979880392,456.4202813387446,455.0026518453823,500.6389373841364,519.0361239335386,459.6570167702513,451.8505228592861,320.0,148.50781334243138,48.62838537518235,31.270104877302117,13.937287070847958,67.12622235680513,8.50312434233615,0.0,15.193244429681044,204.10661049549788,188.22011397901443,189.01016471020637,192.0745794148475,335.3774447728148,315.0051697410141,295.57046738279433,301.7691676298589,467.8845331358375,431.4945074757976,399.56009916682626,406.41395850598036,320.0,351.50149932489614,437.92401491908487,520.9056858628994,587.1017010933683,534.6607833308524,602.2897376326077,624.4836804757444,640.0,529.8357101792615,570.3291740063719,482.3247599265512,472.2527470966853,516.8982231645565,541.5650269384054,457.9115742832512,454.42238935739687,500.86567931962577,520.1366849902877,460.69154408109875,452.19348523476623,320.0,143.5327392795952,42.14362854129371,27.992309493934044,9.112985007698796,65.14733929972323,14.763112531357706,0.0,5.24515411635042,198.68672944517743,184.3677876499484,183.02316169421343,185.0041040858968,325.95454697939584,305.9894663334155,288.2711903634155,295.94475688022993,452.46323634641254,416.58059319814316,388.7678232279259,398.5210641016053,320.0,348.87678743533246,439.1844628019435,526.3693618770653,592.5436131599288,531.485638117691,597.2138168554561,618.8087351119157,640.0,527.458836681765,567.7475907967334,481.1285044744219,474.40969617138825,515.8587355838457,541.0416315777883,457.66801498850066,456.0282990275093,502.47790160991093,522.6075460577579,461.9536270975983,452.83639021699344
320.0,146.48400651981467,39.288013701042075,23.83917627169609,6.6325487937332355,59.338225950221954,8.788656281874523,0.0,12.752821185539403,194.4213388892002,182.94185967822884,181.12978479283544,182.97899677775644,323.2780104460341,306.9460645483699,288.20623338621573,293.65789100591996,451.5004606923338,418.55152451039385,392.5930348953391,401.82351487581514,320.0,345.2030495139308,436.33779018019675,524.9633607807214,590.5246737053569,528.4945250387277,600.5940695177708,622.9651942075311,640.0,525.8651364158884,565.1050329260983,477.6112361196382,468.68906784883853,515.5680963266541,537.7297937400169,453.7146935012066,450.7898073921066,503.91651650185406,521.5394516712722,460.0441118354108,451.18785226277043,320.0,148.787946927698,46.67175684402321,32.47254216777668,21.674083752416948,63.029240125045476,10.050941442708222,0.0,13.563439414884328,201.30605014973014,188.697877095392,190.5634124816243,192.03469504972946,332.21086362437745,314.2031607120152,296.8312330610151,302.6248153036036,463.2452573974077,429.0287929076584,398.18642701493667,404.4369476724339,320.0,350.82382558088256,436.7740719304245,519.245956001575,585.5098452983186,533.1019454830268,599.623796867907,622.2882536458795,640.0,528.8830073600155,568.8955240281189,482.1714924568971,473.8412603985862,516.260008624418,539.1504979880392,456.4202813387446,455.0026518453823,500.6389373841364,519.0361239335386,459.6570167702513,451.8505228592861,320.0,148.50781334243138,48.62838537518235,31.270104877302117,13.937287070847958,67.12622235680513,8.50312434233615,0.0,15.193244429681044,204.10661049549788,188.22011397901443,189.01016471020637,192.0745794148475,335.3774447728148,315.0051697410141,295.57046738279433,301.7691676298589,467.8845331358375,431.4945074757976,399.56009916682626,406.41395850598036,320.0,351.50149932489614,437.92401491908487,520.9056858628994,587.1017010933683,534.6607833308524,602.2897376326077,624.4836804757444,640.0,529.8357101792615,570.3291740063719,482.3247599265512,472.2527470966853,516.8982231645565,541.5650269384054,457.9115742832512,454.42238935739687,500.86567931962577,520.1366849902877,460.69154408109875,452.19348523476623,320.0,143.5327392795952,42.14362854129371,27.992309493934044,9.112985007698796,65.14733929972323,14.763112531357706,0.0,5.24515411635042,198.68672944517743,184.3677876499484,183.02316169421343,185.0041040858968,325.95454697939584,305.9894663334155,288.2711903634155,295.94475688022993,452.46323634641254,416.58059319814316,388.7678232279259,398.5210641016053,320.0,348.87678743533246,439.1844628019435,526.3693618770653,592.5436131599288,531.485638117691,597.2138168554561,618.8087351119157,640.0,527.458836681765,567.7475907967334,481.1285044744219,474.40969617138825,515.8587355838457,541.0416315777883,457.66801498850066,456.0282990275093,502.47790160991093,522.6075460577579,461.9536270975983,452.83639021699344,320.0,147.05132801487065,47.157297860854555,30.782341486640007,12.026762854193066,63.78675937997974,9.08062996109578,0.0,11.890228806744062,200.83732344830887,183.72836977294938,187.79994490709174,191.01437836148367,333.24897588369754,310.410258312198,294.68855547852695,301.71118319469764,467.1687919279062,430.64218107054586,400.7252990882409,407.89293083177296,320.0,351.6322162049682,438.96959572235517,523.3956198706328,590.4779374652096,537.0637787265662,605.7387105984963,626.5621653483294,640.0,532.4904520289832,572.8594006054427,483.6891353901382,473.58351565089583,520.0718823109289,544.8937761852831,460.1027473096209,456.5577781901087,504.69430629756425,523.1214048562967,462.5605643079736,453.82513088569
320.0,148.787946927698,46.67175684402321,32.47254216777668,21.674083752416948,63.029240125045476,10.050941442708222,0.0,13.563439414884328,201.30605014973014,188.697877095392,190.5634124816243,192.03469504972946,332.21086362437745,314.2031607120152,296.8312330610151,302.6248153036036,463.2452573974077,429.0287929076584,398.18642701493667,404.4369476724339,320.0,350.82382558088256,436.7740719304245,519.245956001575,585.5098452983186,533.1019454830268,599.623796867907,622.2882536458795,640.0,528.8830073600155,568.8955240281189,482.1714924568971,473.8412603985862,516.260008624418,539.1504979880392,456.4202813387446,455.0026518453823,500.6389373841364,519.0361239335386,459.6570167702513,451.8505228592861,320.0,148.50781334243138,48.62838537518235,31.270104877302117,13.937287070847958,67.12622235680513,8.50312434233615,0.0,15.193244429681044,204.10661049549788,188.22011397901443,189.01016471020637,192.0745794148475,335.3774447728148,315.0051697410141,295.57046738279433,301.7691676298589,467.8845331358375,431.4945074757976,399.56009916682626,406.41395850598036,320.0,351.50149932489614,437.92401491908487,520.9056858628994,587.1017010933683,534.6607833308524,602.2897376326077,624.4836804757444,640.0,529.8357101792615,570.3291740063719,482.3247599265512,472.2527470966853,516.8982231645565,541.5650269384054,457.9115742832512,454.42238935739687,500.86567931962577,520.1366849902877,460.69154408109875,452.19348523476623,320.0,143.5327392795952,42.14362854129371,27.992309493934044,9.112985007698796,65.14733929972323,14.763112531357706,0.0,5.24515411635042,198.68672944517743,184.3677876499484,183.02316169421343,185.0041040858968,325.95454697939584,305.9894663334155,288.2711903634155,295.94475688022993,452.46323634641254,416.58059319814316,388.7678232279259,398.5210641016053,320.0,348.87678743533246,439.1844628019435,526.3693618770653,592.5436131599288,531.485638117691,597.2138168554561,618.8087351119157,640.0,527.458836681765,567.7475907967334,481.1285044744219,474.40969617138825,515.8587355838457,541.0416315777883,457.66801498850066,456.0282990275093,502.47790160991093,522.6075460577579,461.9536270975983,452.83639021699344,320.0,147.05132801487065,47.157297860854555,30.782341486640007,12.026762854193066,63.78675937997974,9.08062996109578,0.0,11.890228806744062,200.83732344830887,183.72836977294938,187.79994490709174,191.01437836148367,333.24897588369754,310.410258312198,294.68855547852695,301.71118319469764,467.1687919279062,430.64218107054586,400.7252990882409,407.89293083177296,320.0,351.6322162049682,438.96959572235517,523.3956198706328,590.4779374652096,537.0637787265662,605.7387105984963,626.5621653483294,640.0,532.4904520289832,572.8594006054427,483.6891353901382,473.58351565089583,520.0718823109289,544.8937761852831,460.1027473096209,456.5577781901087,504.69430629756425,523.1214048562967,462.5605643079736,453.82513088569,320.0,148.00320832563295,47.474728383952595,29.376817349041062,7.271459944886203,59.53391140918518,5.596303070393674,0.0,14.66526950261175,193.61707060131897,182.22912218094143,183.78024117683296,184.2907926050856,323.151644592747,305.97681769041833,290.0236993409712,294.2635305268087,454.127798925065,419.54546237456134,392.3436278751918,399.9724539579048,320.0,349.9547108862316,439.00692175622515,526.1592675106143,593.6734152166052,537.8211774996373,609.3901882968842,628.6607386815105,640.0,533.6153131677914,573.0063025437508,483.4204084637252,474.910783606891,522.2743197864366,545.1197440011085,459.14104404419356,457.6419089930869,508.9708298962711,527.4716861848501,464.7127438690387,455.39050439835717
320.0,148.50781334243138,48.62838537518235,31.270104877302117,13.937287070847958,67.12622235680513,8.50312434233615,0.0,15.193244429681044,204.10661049549788,188.22011397901443,189.01016471020637,192.0745794148475,335.3774447728148,315.0051697410141,295.57046738279433,301.7691676298589,467.8845331358375,431.4945074757976,399.56009916682626,406.41395850598036,320.0,351.50149932489614,437.92401491908487,520.9056858628994,587.1017010933683,534.6607833308524,602.2897376326077,624.4836804757444,640.0,529.8357101792615,570.3291740063719,482.3247599265512,472.2527470966853,516.8982231645565,541.5650269384054,457.9115742832512,454.42238935739687,500.86567931962577,520.1366849902877,460.69154408109875,452.19348523476623,320.0,143.5327392795952,42.14362854129371,27.992309493934044,9.112985007698796,65.14733929972323,14.763112531357706,0.0,5.24515411635042,198.68672944517743,184.3677876499484,183.02316169421343,185.0041040858968,325.95454697939584,305.9894663334155,288.2711903634155,295.94475688022993,452.46323634641254,416.58059319814316,388.7678232279259,398.5210641016053,320.0,348.87678743533246,439.1844628019435,526.3693618770653,592.5436131599288,531.485638117691,597.2138168554561,618.8087351119157,640.0,527.458836681765,567.7475907967334,481.1285044744219,474.40969617138825,515.8587355838457,541.0416315777883,457.66801498850066,456.0282990275093,502.47790160991093,522.6075460577579,461.9536270975983,452.83639021699344,320.0,147.05132801487065,47.157297860854555,30.782341486640007,12.026762854193066,63.78675937997974,9.08062996109578,0.0,11.890228806744062,200.83732344830887,183.72836977294938,187.79994490709174,191.01437836148367,333.24897588369754,310.410258312198,294.68855547852695,301.71118319469764,467.1687919279062,430.64218107054586,400.7252990882409,407.89293083177296,320.0,351.6322162049682,438.96959572235517,523.3956198706328,590.4779374652096,537.0637787265662,605.7387105984963,626.5621653483294,640.0,532.4904520289832,572.8594006054427,483.6891353901382,473.58351565089583,520.0718823109289,544.8937761852831,460.1027473096209,456.5577781901087,504.69430629756425,523.1214048562967,462.5605643079736,453.82513088569,320.0,148.00320832563295,47.474728383952595,29.376817349041062,7.271459944886203,59.53391140918518,5.596303070393674,0.0,14.66526950261175,193.61707060131897,182.22912218094143,183.78024117683296,184.2907926050856,323.151644592747,305.97681769041833,290.0236993409712,294.2635305268087,454.127798925065,419.54546237456134,392.3436278751918,399.9724539579048,320.0,349.9547108862316,439.00692175622515,526.1592675106143,593.6734152166052,537.8211774996373,609.3901882968842,628.6607386815105,640.0,533.6153131677914,573.0063025437508,483.4204084637252,474.910783606891,522.2743197864366,545.1197440011085,459.14104404419356,457.6419089930869,508.9708298962711,527.4716861848501,464.7127438690387,455.39050439835717,320.0,153.3846252237064,49.738576637129825,29.500573232220063,11.627601249125178,58.88982684847451,6.895982847542996,0.0,13.346881675967836,192.4335048346103,182.17780847709204,184.72561795830893,183.39328257211508,320.76907757388256,305.18695634274957,290.6799687126254,293.7379039798434,449.3547548651822,417.18382335181116,390.6681227742343,396.9233615789642,320.0,348.3710441240867,436.7411036247099,523.180471980121,591.0337078069413,536.2724401301431,607.8753984917987,626.691414687991,640.0,532.4561086817015,572.5098311198019,482.61965118418243,476.7962079904785,521.7136939531164,543.4622643057584,457.10394600808604,457.5970868964755,509.70308420344395,526.4436177829907,463.33187943026576,455.3219502799699
320.0,143.5327392795952,42.14362854129371,27.992309493934044,9.112985007698796,65.14733929972323,14.763112531357706,0.0,5.24515411635042,198.68672944517743,184.3677876499484,183.02316169421343,185.0041040858968,325.95454697939584,305.9894663334155,288.2711903634155,295.94475688022993,452.46323634641254,416.58059319814316,388.7678232279259,398.5210641016053,320.0,348.87678743533246,439.1844628019435,526.3693618770653,592.5436131599288,531.485638117691,597.2138168554561,618.8087351119157,640.0,527.458836681765,567.7475907967334,481.1285044744219,474.40969617138825,515.8587355838457,541.0416315777883,457.66801498850066,456.0282990275093,502.47790160991093,522.6075460577579,461.9536270975983,452.83639021699344,320.0,147.05132801487065,47.157297860854555,30.782341486640007,12.026762854193066,63.78675937997974,9.08062996109578,0.0,11.890228806744062,200.83732344830887,183.72836977294938,187.79994490709174,191.01437836148367,333.24897588369754,310.410258312198,294.68855547852695,301.71118319469764,467.1687919279062,430.64218107054586,400.7252990882409,407.89293083177296,320.0,351.6322162049682,438.96959572235517,523.3956198706328,590.4779374652096,537.0637787265662,605.7387105984963,626.5621653483294,640.0,532.4904520289832,572.8594006054427,483.6891353901382,473.58351565089583,520.0718823109289,544.8937761852831,460.1027473096209,456.5577781901087,504.69430629756425,523.1214048562967,462.5605643079736,453.82513088569,320.0,148.00320832563295,47.474728383952595,29.376817349041062,7.271459944886203,59.53391140918518,5.596303070393674,0.0,14.66526950261175,193.61707060131897,182.22912218094143,183.78024117683296,184.2907926050856,323.151644592747,305.97681769041833,290.0236993409712,294.2635305268087,454.127798925065,419.54546237456134,392.3436278751918,399.9724539579048,320.0,349.9547108862316,439.00692175622515,526.1592675106143,593.6734152166052,537.8211774996373,609.3901882968842,628.6607386815105,640.0,533.6153131677914,573.0063025437508,483.4204084637252,474.910783606891,522.2743197864366,545.1197440011085,459.14104404419356,457.6419089930869,508.9708298962711,527.4716861848501,464.7127438690387,455.39050439835717,320.0,153.3846252237064,49.738576637129825,29.500573232220063,11.627601249125178,58.88982684847451,6.895982847542996,0.0,13.346881675967836,192.4335048346103,182.17780847709204,184.72561795830893,183.39328257211508,320.76907757388256,305.18695634274957,290.6799687126254,293.7379039798434,449.3547548651822,417.18382335181116,390.6681227742343,396.9233615789642,320.0,348.3710441240867,436.7411036247099,523.180471980121,591.0337078069413,536.2724401301431,607.8753984917987,626.691414687991,640.0,532.4561086817015,572.5098311198019,482.61965118418243,476.7962079904785,521.7136939531164,543.4622643057584,457.10394600808604,457.5970868964755,509.70308420344395,526.4436177829907,463.33187943026576,455.3219502799699,320.0,152.84135777777206,46.13186189698905,28.741100702522886,14.603679570310419,58.12517276053501,6.582483471407954,0.0,13.738823482013288,192.9331857292566,183.051996509726,189.62391404147647,189.0230125741649,321.7243322715392,306.0184507115424,294.6140698148704,297.4904287823709,449.266177618353,418.1861268424698,392.46877511890847,396.771099731656,320.0,345.3573092093993,434.3071606847815,521.8488065064014,590.2443882330558,531.7553734972802,600.9317131705952,622.7540630141283,640.0,528.2917204272799,569.5082584712691,480.24892472563056,472.52815292355706,517.8873380540821,542.2075886652203,456.4927195203008,454.75384071428095,506.1054802129181,524.8345404562832,461.76073190308364,452.313346114155
320.0,147.05132801487065,47.157297860854555,30.782341486640007,12.026762854193066,63.78675937997974,9.08062996109578,0.0,11.890228806744062,200.83732344830887,183.72836977294938,187.79994490709174,191.01437836148367,333.24897588369754,310.410258312198,294.68855547852695,301.71118319469764,467.1687919279062,430.64218107054586,400.7252990882409,407.89293083177296,320.0,351.6322162049682,438.96959572235517,523.3956198706328,590.4779374652096,537.0637787265662,605.7387105984963,626.5621653483294,640.0,532.4904520289832,572.8594006054427,483.6891353901382,473.58351565089583,520.0718823109289,544.8937761852831,460.1027473096209,456.5577781901087,504.69430629756425,523.1214048562967,462.5605643079736,453.82513088569,320.0,148.00320832563295,47.474728383952595,29.376817349041062,7.271459944886203,59.53391140918518,5.596303070393674,0.0,14.66526950261175,193.61707060131897,182.22912218094143,183.78024117683296,184.2907926050856,323.151644592747,305.97681769041833,290.0236993409712,294.2635305268087,454.127798925065,419.54546237456134,392.3436278751918,399.9724539579048,320.0,349.9547108862316,439.00692175622515,526.1592675106143,593.6734152166052,537.8211774996373,609.3901882968842,628.6607386815105,640.0,533.6153131677914,573.0063025437508,483.4204084637252,474.910783606891,522.2743197864366,545.1197440011085,459.14104404419356,457.6419089930869,508.9708298962711,527.4716861848501,464.7127438690387,455.39050439835717,320.0,153.3846252237064,49.738576637129825,29.500573232220063,11.627601249125178,58.88982684847451,6.895982847542996,0.0,13.346881675967836,192.4335048346103,182.17780847709204,184.72561795830893,183.39328257211508,320.76907757388256,305.18695634274957,290.6799687126254,293.7379039798434,449.3547548651822,417.18382335181116,390.6681227742343,396.9233615789642,320.0,348.3710441240867,436.7411036247099,523.180471980121,591.0337078069413,536.2724401301431,607.8753984917987,626.691414687991,640.0,532.4561086817015,572.5098311198019,482.61965118418243,476.7962079904785,521.7136939531164,543.4622643057584,457.10394600808604,457.5970868964755,509.70308420344395,526.4436177829907,463.33187943026576,455.3219502799699,320.0,152.84135777777206,46.13186189698905,28.741100702522886,14.603679570310419,58.12517276053501,6.582483471407954,0.0,13.738823482013288,192.9331857292566,183.051996509726,189.62391404147647,189.0230125741649,321.7243322715392,306.0184507115424,294.6140698148704,297.4904287823709,449.266177618353,418.1861268424698,392.46877511890847,396.771099731656,320.0,345.3573092093993,434.3071606847815,521.8488065064014,590.2443882330558,531.7553734972802,600.9317131705952,622.7540630141283,640.0,528.2917204272799,569.5082584712691,480.24892472563056,472.52815292355706,517.8873380540821,542.2075886652203,456.4927195203008,454.75384071428095,506.1054802129181,524.8345404562832,461.76073190308364,452.313346114155,320.0,150.2225680700299,45.70090912139398,29.414392791339367,11.509259722873594,61.10966616550377,8.267126395175126,0.0,12.56135570299,195.91534343896953,183.54263199470938,189.6173691138819,191.02215636006002,325.2391165507622,307.75135277992274,294.2616223314379,298.13314150417153,454.65147896639485,421.581209439379,393.69723607068096,398.41878137340063,320.0,347.5293400602716,435.97860020993465,522.4665966884502,590.0301357803135,531.7429316357973,599.6111807131006,621.6255036738564,640.0,528.1573832661768,568.8583618325263,480.80939965462363,471.9685098025937,517.3256357295229,542.1231165137303,457.25073646429416,453.6971523380625,504.2226661700471,523.6410117495683,461.45369586564186,451.18870416144654
320.0,148.00320832563295,47.474728383952595,29.376817349041062,7.271459944886203,59.53391140918518,5.596303070393674,0.0,14.66526950261175,193.61707060131897,182.22912218094143,183.78024117683296,184.2907926050856,323.151644592747,305.97681769041833,290.0236993409712,294.2635305268087,454.127798925065,419.54546237456134,392.3436278751918,399.9724539579048,320.0,349.9547108862316,439.00692175622515,526.1592675106143,593.6734152166052,537.8211774996373,609.3901882968842,628.6607386815105,640.0,533.6153131677914,573.0063025437508,483.4204084637252,474.910783606891,522.2743197864366,545.1197440011085,459.14104404419356,457.6419089930869,508.9708298962711,527.4716861848501,464.7127438690387,455.39050439835717,320.0,153.3846252237064,49.738576637129825,29.500573232220063,11.627601249125178,58.88982684847451,6.895982847542996,0.0,13.346881675967836,192.4335048346103,182.17780847709204,184.72561795830893,183.39328257211508,320.76907757388256,305.18695634274957,290.6799687126254,293.7379039798434,449.3547548651822,417.18382335181116,390.6681227742343,396.9233615789642,320.0,348.3710441240867,436.7411036247099,523.180471980121,591.0337078069413,536.2724401301431,607.8753984917987,626.691414687991,640.0,532.4561086817015,572.5098311198019,482.61965118418243,476.7962079904785,521.7136939531164,543.4622643057584,457.10394600808604,457.5970868964755,509.70308420344395,526.4436177829907,463.33187943026576,455.3219502799699,320.0,152.84135777777206,46.13186189698905,28.741100702522886,14.603679570310419,58.12517276053501,6.582483471407954,0.0,13.738823482013288,192.9331857292566,183.051996509726,189.62391404147647,189.0230125741649,321.7243322715392,306.0184507115424,294.6140698148704,297.4904287823709,449.266177618353,418.1861268424698,392.46877511890847,396.771099731656,320.0,345.3573092093993,434.3071606847815,521.8488065064014,590.2443882330558,531.7553734972802,600.9317131705952,622.7540630141283,640.0,528.2917204272799,569.5082584712691,480.24892472563056,472.52815292355706,517.8873380540821,542.2075886652203,456.4927195203008,454.75384071428095,506.1054802129181,524.8345404562832,461.76073190308364,452.313346114155,320.0,150.2225680700299,45.70090912139398,29.414392791339367,11.509259722873594,61.10966616550377,8.267126395175126,0.0,12.56135570299,195.91534343896953,183.54263199470938,189.6173691138819,191.02215636006002,325.2391165507622,307.75135277992274,294.2616223314379,298.13314150417153,454.65147896639485,421.581209439379,393.69723607068096,398.41878137340063,320.0,347.5293400602716,435.97860020993465,522.4665966884502,590.0301357803135,531.7429316357973,599.6111807131006,621.6255036738564,640.0,528.1573832661768,568.8583618325263,480.80939965462363,471.9685098025937,517.3256357295229,542.1231165137303,457.25073646429416,453.6971523380625,504.2226661700471,523.6410117495683,461.45369586564186,451.18870416144654,320.0,150.2237188376438,47.86537914521534,27.83645678692801,0.0,71.66279103960068,20.81981231037355,9.240900185837916,14.412662717379874,195.5060582936624,193.68595862303488,197.80466082610104,195.60556005698294,314.04675732732255,309.12929260756283,296.68500395811816,293.4488209058515,430.8848395775717,410.76754884614815,389.3013943231938,387.7356390475711,320.0,348.06577743941517,439.6577259486811,525.558798623479,589.8790485058444,522.3546256582908,593.5186991669158,620.4680250999854,640.0,521.6592542306341,567.7361829175411,484.20723486542045,461.2749780608984,511.30843891847525,540.872238202717,458.3362569773772,442.71028865652966,496.42143667083565,522.6149881496938,462.10896840758903,444.68470421633594
320.0,153.3846252237064,49.738576637129825,29.500573232220063,11.627601249125178,58.88982684847451,6.895982847542996,0.0,13.346881675967836,192.4335048346103,182.17780847709204,184.72561795830893,183.39328257211508,320.76907757388256,305.18695634274957,290.6799687126254,293.7379039798434,449.3547548651822,417.18382335181116,390.6681227742343,396.9233615789642,320.0,348.3710441240867,436.7411036247099,523.180471980121,591.0337078069413,536.2724401301431,607.8753984917987,626.691414687991,640.0,532.4561086817015,572.5098311198019,482.61965118418243,476.7962079904785,521.7136939531164,543.4622643057584,457.10394600808604,457.5970868964755,509.70308420344395,526.4436177829907,463.33187943026576,455.3219502799699,320.0,152.84135777777206,46.13186189698905,28.741100702522886,14.603679570310419,58.12517276053501,6.582483471407954,0.0,13.738823482013288,192.9331857292566,183.051996509726,189.62391404147647,189.0230125741649,321.7243322715392,306.0184507115424,294.6140698148704,297.4904287823709,449.266177618353,418.1861268424698,392.46877511890847,396.771099731656,320.0,345.3573092093993,434.3071606847815,521.8488065064014,590.2443882330558,531.7553734972802,600.9317131705952,622.7540630141283,640.0,528.2917204272799,569.5082584712691,480.24892472563056,472.52815292355706,517.8873380540821,542.2075886652203,456.4927195203008,454.75384071428095,506.1054802129181,524.8345404562832,461.76073190308364,452.313346114155,320.0,150.2225680700299,45.70090912139398,29.414392791339367,11.509259722873594,61.10966616550377,8.267126395175126,0.0,12.56135570299,195.91534343896953,183.54263199470938,189.6173691138819,191.02215636006002,325.2391165507622,307.75135277992274,294.2616223314379,298.13314150417153,454.65147896639485,421.581209439379,393.69723607068096,398.41878137340063,320.0,347.5293400602716,435.97860020993465,522.4665966884502,590.0301357803135,531.7429316357973,599.6111807131006,621.6255036738564,640.0,528.1573832661768,568.8583618325263,480.80939965462363,471.9685098025937,517.3256357295229,542.1231165137303,457.25073646429416,453.6971523380625,504.2226661700471,523.6410117495683,461.45369586564186,451.18870416144654,320.0,150.2237188376438,47.86537914521534,27.83645678692801,0.0,71.66279103960068,20.81981231037355,9.240900185837916,14.412662717379874,195.5060582936624,193.68595862303488,197.80466082610104,195.60556005698294,314.04675732732255,309.12929260756283,296.68500395811816,293.4488209058515,430.8848395775717,410.76754884614815,389.3013943231938,387.7356390475711,320.0,348.06577743941517,439.6577259486811,525.558798623479,589.8790485058444,522.3546256582908,593.5186991669158,620.4680250999854,640.0,521.6592542306341,567.7361829175411,484.20723486542045,461.2749780608984,511.30843891847525,540.872238202717,458.3362569773772,442.71028865652966,496.42143667083565,522.6149881496938,462.10896840758903,444.68470421633594,320.0,133.0623497510052,41.021557431688564,29.057547815752912,0.0,121.34022254194906,95.0233008478794,69.79465694214451,72.51568923757213,236.4822807985932,213.28709962507503,197.82457854874175,211.98744016432755,349.00856325011387,318.2280617615743,290.6561217133739,303.8383750637191,460.4603222002033,415.3900818319745,387.71722875249225,404.6593250144028,320.0,362.5954447796606,475.62112527900024,570.0991652292993,640.0,548.2904093517277,610.4866766835296,606.0027544766672,624.1461738078847,542.6271316487141,591.0257346850638,499.3705953351232,472.77039934557354,528.033361272178,564.5844035281546,477.2696049250326,456.1492861673377,508.6539762844292,535.2706892820316,470.88622679209914,452.07870037361374
320.0,152.84135777777206,46.13186189698905,28.741100702522886,14.603679570310419,58.12517276053501,6.582483471407954,0.0,13.738823482013288,192.9331857292566,183.051996509726,189.62391404147647,189.0230125741649,321.7243322715392,306.0184507115424,294.6140698148704,297.4904287823709,449.266177618353,418.1861268424698,392.46877511890847,396.771099731656,320.0,345.3573092093993,434.3071606847815,521.8488065064014,590.2443882330558,531.7553734972802,600.9317131705952,622.7540630141283,640.0,528.2917204272799,569.5082584712691,480.24892472563056,472.52815292355706,517.8873380540821,542.2075886652203,456.4927195203008,454.75384071428095,506.1054802129181,524.8345404562832,461.76073190308364,452.313346114155,320.0,150.2225680700299,45.70090912139398,29.414392791339367,11.509259722873594,61.10966616550377,8.267126395175126,0.0,12.56135570299,195.91534343896953,183.54263199470938,189.6173691138819,191.02215636006002,325.2391165507622,307.75135277992274,294.2616223314379,298.13314150417153,454.65147896639485,421.581209439379,393.69723607068096,398.41878137340063,320.0,347.5293400602716,435.97860020993465,522.4665966884502,590.0301357803135,531.7429316357973,599.6111807131006,621.6255036738564,640.0,528.1573832661768,568.8583618325263,480.80939965462363,471.9685098025937,517.3256357295229,542.1231165137303,457.25073646429416,453.6971523380625,504.2226661700471,523.6410117495683,461.45369586564186,451.18870416144654,320.0,150.2237188376438,47.86537914521534,27.83645678692801,0.0,71.66279103960068,20.81981231037355,9.240900185837916,14.412662717379874,195.5060582936624,193.68595862303488,197.80466082610104,195.60556005698294,314.04675732732255,309.12929260756283,296.68500395811816,293.4488209058515,430.8848395775717,410.76754884614815,389.3013943231938,387.7356390475711,320.0,348.06577743941517,439.6577259486811,525.558798623479,589.8790485058444,522.3546256582908,593.5186991669158,620.4680250999854,640.0,521.6592542306341,567.7361829175411,484.20723486542045,461.2749780608984,511.30843891847525,540.872238202717,458.3362569773772,442.71028865652966,496.42143667083565,522.6149881496938,462.10896840758903,444.68470421633594,320.0,133.0623497510052,41.021557431688564,29.057547815752912,0.0,121.34022254194906,95.0233008478794,69.79465694214451,72.51568923757213,236.4822807985932,213.28709962507503,197.82457854874175,211.98744016432755,349.00856325011387,318.2280617615743,290.6561217133739,303.8383750637191,460.4603222002033,415.3900818319745,387.71722875249225,404.6593250144028,320.0,362.5954447796606,475.62112527900024,570.0991652292993,640.0,548.2904093517277,610.4866766835296,606.0027544766672,624.1461738078847,542.6271316487141,591.0257346850638,499.3705953351232,472.77039934557354,528.033361272178,564.5844035281546,477.2696049250326,456.1492861673377,508.6539762844292,535.2706892820316,470.88622679209914,452.07870037361374,320.0,119.48547573186116,33.282752349928614,34.89749817792364,0.0,142.63626956509802,132.86502511381053,114.34604120315419,128.74369756724067,265.31376841446524,247.04880849353026,220.95292402946217,237.26221675953042,384.91429584500435,359.4524658436135,323.03045327571044,336.58347987397366,505.54086850735933,465.00710721416556,430.53023042588876,445.5884020849151,320.0,368.26259053652336,480.7814870125769,573.6779522758656,640.0,542.5838042355654,599.3117960070256,548.5396997107676,523.8943301632834,534.886366196891,580.1450784744195,492.38041911347705,463.23877840078126,518.2902908752429,555.7257039149565,474.21842465523736,448.48986343209367,497.6225820650965,526.9607666514369,467.58901266091135,446.5474439574597
