320.0,290.6633966264605,306.26398729588516,343.6327937203791,383.66989749931605,412.21450995861113,477.30424609175395,522.5583862256271,562.5967238512131,450.900593247159,536.0147732341057,592.4038387014111,640.0,474.83519417596654,527.8151552153524,524.8625047303592,516.2802140256044,486.9854782574602,499.1456608390374,465.4976368240839,432.0717052059621,320.0,392.74128991255833,481.1122980314436,535.8514474856116,571.9787434823943,522.3104244925665,578.6269202035212,613.8001890346402,640.0,488.44886297839855,546.8987138991483,590.4833489194787,625.425314184426,441.15056516555285,485.48049389113976,493.38923502998466,491.97067987191264,385.6572380283272,410.50948562218736,401.51841987249793,385.29187443677904,320.0,297.1862529020349,320.99679161939565,365.13228319079894,405.5724877916505,432.5724255476473,486.89059878160015,526.3120183380786,561.5490876358855,465.7959413157338,545.6904185595139,598.466754808961,640.0,481.96558567405725,531.6133996410078,487.9054028202652,446.05694029201163,484.2097764852924,502.69944655047084,459.41954489436426,418.7335099279185,320.0,405.88240762352314,495.1327606830499,546.5195151910441,560.5847133076245,531.1456816190716,582.2493553727231,614.7349019787162,640.0,492.41410811045756,545.525878427931,585.7984371164615,615.0068074348897,437.9770599870811,477.9625984276697,460.48917556297954,438.46017053886897,376.2697970231196,412.4523573773927,403.42207327407846,386.34895119776434,320.0,293.36151476366314,316.7559667315864,364.2575010102132,408.95562801679296,430.506106225474,487.5003291336442,527.0809995123931,563.5667391986929,465.1605648118299,545.6501496175987,596.7118104167191,640.0,482.514073828612,538.7436067613567,490.0977338876288,446.48728228831874,486.5747514809781,505.79327908070945,458.83441188739886,416.7166696336306,320.0,403.21813939218555,493.5758964735304,545.0386404746996,556.2081330335652,528.6961537605384,580.5402214193564,614.4099693876465,640.0,492.8621824682093,547.3775288097765,585.0922580651405,613.4343228069292,442.1497750287202,486.4319429214618,465.52232146745735,442.7761523668682,384.4279806395979,422.3124279574117,409.8636235619307,391.4654732720183,320.0,300.7602331790256,324.23026297692314,370.56875039349086,424.3374380553895,435.8781728375101,496.42850873834414,537.5438210418554,574.1841420310237,468.98998575743997,551.1268760930927,600.9480937942169,640.0,482.97918091369394,533.4031853578078,507.6284269118061,480.31249974321605,482.94402117097326,488.28391961794773,446.7743624215224,409.98472521727444,320.0,395.01937305473973,484.1126711798533,532.92199209278,550.05951993446,532.390026125767,584.4598817696276,616.7599221225387,640.0,492.81949813657326,549.1499970131531,585.9002003016105,614.7458168904363,437.36356753870405,484.53540388875274,477.14577397737065,464.07562452530465,374.94198811844495,405.4971051967479,394.31224375596605,379.76518263044903,320.0,296.3770092424193,315.84908387258184,366.0388296101584,419.7757916664683,422.9390042744704,483.89120828944664,526.2153927922745,564.4511589977822,461.8009130290783,545.341537102455,598.5396999901341,640.0,480.66663732823326,533.9413928796705,522.6932697362796,505.57037533493906,485.2918483240149,494.00691434884334,453.884347818043,414.6179990824579,320.0,394.0730764696112,480.10755226220067,525.6783341496625,539.4049515152417,530.7043704447707,582.570947988605,615.3540116261349,640.0,496.01318980115354,551.6860967200105,587.833939496182,615.8394144544853,446.36177301510907,486.10220158441115,478.2776138424865,466.425241136094,388.57078590413244,416.33386187992943,402.2803914883442,385.7016166626618
320.0,297.1862529020349,320.99679161939565,365.13228319079894,405.5724877916505,432.5724255476473,486.89059878160015,526.3120183380786,561.5490876358855,465.7959413157338,545.6904185595139,598.466754808961,640.0,481.96558567405725,531.6133996410078,487.9054028202652,446.05694029201163,484.2097764852924,502.69944655047084,459.41954489436426,418.7335099279185,320.0,405.88240762352314,495.1327606830499,546.5195151910441,560.5847133076245,531.1456816190716,582.2493553727231,614.7349019787162,640.0,492.41410811045756,545.525878427931,585.7984371164615,615.0068074348897,437.9770599870811,477.9625984276697,460.48917556297954,438.46017053886897,376.2697970231196,412.4523573773927,403.42207327407846,386.34895119776434,320.0,293.36151476366314,316.7559667315864,364.2575010102132,408.95562801679296,430.506106225474,487.5003291336442,527.0809995123931,563.5667391986929,465.1605648118299,545.6501496175987,596.7118104167191,640.0,482.514073828612,538.7436067613567,490.0977338876288,446.48728228831874,486.5747514809781,505.79327908070945,458.83441188739886,416.7166696336306,320.0,403.21813939218555,493.5758964735304,545.0386404746996,556.2081330335652,528.6961537605384,580.5402214193564,614.4099693876465,640.0,492.8621824682093,547.3775288097765,585.0922580651405,613.4343228069292,442.1497750287202,486.4319429214618,465.52232146745735,442.7761523668682,384.4279806395979,422.3124279574117,409.8636235619307,391.4654732720183,320.0,300.7602331790256,324.23026297692314,370.56875039349086,424.3374380553895,435.8781728375101,496.42850873834414,537.5438210418554,574.1841420310237,468.98998575743997,551.1268760930927,600.9480937942169,640.0,482.97918091369394,533.4031853578078,507.6284269118061,480.31249974321605,482.94402117097326,488.28391961794773,446.7743624215224,409.98472521727444,320.0,395.01937305473973,484.1126711798533,532.92199209278,550.05951993446,532.390026125767,584.4598817696276,616.7599221225387,640.0,492.81949813657326,549.1499970131531,585.9002003016105,614.7458168904363,437.36356753870405,484.53540388875274,477.14577397737065,464.07562452530465,374.94198811844495,405.4971051967479,394.31224375596605,379.76518263044903,320.0,296.3770092424193,315.84908387258184,366.0388296101584,419.7757916664683,422.9390042744704,483.89120828944664,526.2153927922745,564.4511589977822,461.8009130290783,545.341537102455,598.5396999901341,640.0,480.66663732823326,533.9413928796705,522.6932697362796,505.57037533493906,485.2918483240149,494.00691434884334,453.884347818043,414.6179990824579,320.0,394.0730764696112,480.10755226220067,525.6783341496625,539.4049515152417,530.7043704447707,582.570947988605,615.3540116261349,640.0,496.01318980115354,551.6860967200105,587.833939496182,615.8394144544853,446.36177301510907,486.10220158441115,478.2776138424865,466.425241136094,388.57078590413244,416.33386187992943,402.2803914883442,385.7016166626618,320.0,294.6234565205055,315.15225145980105,364.93100383967374,418.56043697429607,427.4357645749342,489.23293208743684,529.1231452100583,564.6526883794501,468.2159941301062,553.9948695848208,603.0115273370093,640.0,486.4611535922153,535.4473356692474,506.7740210867437,477.2149477959525,489.184373755961,489.5014221519747,444.55424909754026,404.1790609064842,320.0,391.6006922237689,476.4723674805312,520.8230691095143,540.2233174071705,530.3697377826268,581.5978330386366,613.6526842481471,640.0,494.27756668296905,548.9954478763026,584.1983371581205,613.7787893608216,444.62164704111956,490.10691847560287,476.22775666829693,459.5613408073436,388.0127158496671,418.84007373687973,401.7122756856401,383.92483352770773
320.0,293.36151476366314,316.7559667315864,364.2575010102132,408.95562801679296,430.506106225474,487.5003291336442,527.0809995123931,563.5667391986929,465.1605648118299,545.6501496175987,596.7118104167191,640.0,482.514073828612,538.7436067613567,490.0977338876288,446.48728228831874,486.5747514809781,505.79327908070945,458.83441188739886,416.7166696336306,320.0,403.21813939218555,493.5758964735304,545.0386404746996,556.2081330335652,528.6961537605384,580.5402214193564,614.4099693876465,640.0,492.8621824682093,547.3775288097765,585.0922580651405,613.4343228069292,442.1497750287202,486.4319429214618,465.52232146745735,442.7761523668682,384.4279806395979,422.3124279574117,409.8636235619307,391.4654732720183,320.0,300.7602331790256,324.23026297692314,370.56875039349086,424.3374380553895,435.8781728375101,496.42850873834414,537.5438210418554,574.1841420310237,468.98998575743997,551.1268760930927,600.9480937942169,640.0,482.97918091369394,533.4031853578078,507.6284269118061,480.31249974321605,482.94402117097326,488.28391961794773,446.7743624215224,409.98472521727444,320.0,395.01937305473973,484.1126711798533,532.92199209278,550.05951993446,532.390026125767,584.4598817696276,616.7599221225387,640.0,492.81949813657326,549.1499970131531,585.9002003016105,614.7458168904363,437.36356753870405,484.53540388875274,477.14577397737065,464.07562452530465,374.94198811844495,405.4971051967479,394.31224375596605,379.76518263044903,320.0,296.3770092424193,315.84908387258184,366.0388296101584,419.7757916664683,422.9390042744704,483.89120828944664,526.2153927922745,564.4511589977822,461.8009130290783,545.341537102455,598.5396999901341,640.0,480.66663732823326,533.9413928796705,522.6932697362796,505.57037533493906,485.2918483240149,494.00691434884334,453.884347818043,414.6179990824579,320.0,394.0730764696112,480.10755226220067,525.6783341496625,539.4049515152417,530.7043704447707,582.570947988605,615.3540116261349,640.0,496.01318980115354,551.6860967200105,587.833939496182,615.8394144544853,446.36177301510907,486.10220158441115,478.2776138424865,466.425241136094,388.57078590413244,416.33386187992943,402.2803914883442,385.7016166626618,320.0,294.6234565205055,315.15225145980105,364.93100383967374,418.56043697429607,427.4357645749342,489.23293208743684,529.1231452100583,564.6526883794501,468.2159941301062,553.9948695848208,603.0115273370093,640.0,486.4611535922153,535.4473356692474,506.7740210867437,477.2149477959525,489.184373755961,489.5014221519747,444.55424909754026,404.1790609064842,320.0,391.6006922237689,476.4723674805312,520.8230691095143,540.2233174071705,530.3697377826268,581.5978330386366,613.6526842481471,640.0,494.27756668296905,548.9954478763026,584.1983371581205,613.7787893608216,444.62164704111956,490.10691847560287,476.22775666829693,459.5613408073436,388.0127158496671,418.84007373687973,401.7122756856401,383.92483352770773,320.0,287.2887808287872,312.4685134813419,375.97994782723214,432.72462402682595,416.2532561378982,484.80289330922244,530.1731199821701,571.2984908393737,460.4670668267307,551.4031305686831,603.219877115403,640.0,483.4050278339184,537.0452756292391,494.49144964314837,454.3395663075357,492.06100506025194,502.21599201706,453.48157774502204,408.9360657680794,320.0,395.3259557774674,482.07648452918534,519.4647441474419,532.023697754073,533.7454789750824,585.421917351896,616.2627186538396,640.0,498.68136346760633,556.7275735297538,592.7039427710591,619.6493350243463,452.31616979978617,495.1374568368318,472.16801696471856,449.6982881750366,399.43962088059845,425.2551732993642,401.7129229432186,381.2337012806353
320.0,300.7602331790256,324.23026297692314,370.56875039349086,424.3374380553895,435.8781728375101,496.42850873834414,537.5438210418554,574.1841420310237,468.98998575743997,551.1268760930927,600.9480937942169,640.0,482.97918091369394,533.4031853578078,507.6284269118061,480.31249974321605,482.94402117097326,488.28391961794773,446.7743624215224,409.98472521727444,320.0,395.01937305473973,484.1126711798533,532.92199209278,550.05951993446,532.390026125767,584.4598817696276,616.7599221225387,640.0,492.81949813657326,549.1499970131531,585.9002003016105,614.7458168904363,437.36356753870405,484.53540388875274,477.14577397737065,464.07562452530465,374.94198811844495,405.4971051967479,394.31224375596605,379.76518263044903,320.0,296.3770092424193,315.84908387258184,366.0388296101584,419.7757916664683,422.9390042744704,483.89120828944664,526.2153927922745,564.4511589977822,461.8009130290783,545.341537102455,598.5396999901341,640.0,480.66663732823326,533.9413928796705,522.6932697362796,505.57037533493906,485.2918483240149,494.00691434884334,453.884347818043,414.6179990824579,320.0,394.0730764696112,480.10755226220067,525.6783341496625,539.4049515152417,530.7043704447707,582.570947988605,615.3540116261349,640.0,496.01318980115354,551.6860967200105,587.833939496182,615.8394144544853,446.36177301510907,486.10220158441115,478.2776138424865,466.425241136094,388.57078590413244,416.33386187992943,402.2803914883442,385.7016166626618,320.0,294.6234565205055,315.15225145980105,364.93100383967374,418.56043697429607,427.4357645749342,489.23293208743684,529.1231452100583,564.6526883794501,468.2159941301062,553.9948695848208,603.0115273370093,640.0,486.4611535922153,535.4473356692474,506.7740210867437,477.2149477959525,489.184373755961,489.5014221519747,444.55424909754026,404.1790609064842,320.0,391.6006922237689,476.4723674805312,520.8230691095143,540.2233174071705,530.3697377826268,581.5978330386366,613.6526842481471,640.0,494.27756668296905,548.9954478763026,584.1983371581205,613.7787893608216,444.62164704111956,490.10691847560287,476.22775666829693,459.5613408073436,388.0127158496671,418.84007373687973,401.7122756856401,383.92483352770773,320.0,287.2887808287872,312.4685134813419,375.97994782723214,432.72462402682595,416.2532561378982,484.80289330922244,530.1731199821701,571.2984908393737,460.4670668267307,551.4031305686831,603.219877115403,640.0,483.4050278339184,537.0452756292391,494.49144964314837,454.3395663075357,492.06100506025194,502.21599201706,453.48157774502204,408.9360657680794,320.0,395.3259557774674,482.07648452918534,519.4647441474419,532.023697754073,533.7454789750824,585.421917351896,616.2627186538396,640.0,498.68136346760633,556.7275735297538,592.7039427710591,619.6493350243463,452.31616979978617,495.1374568368318,472.16801696471856,449.6982881750366,399.43962088059845,425.2551732993642,401.7129229432186,381.2337012806353,320.0,293.3794720505263,317.21307391953144,373.340442751604,426.710261431851,417.65756236247523,483.5995876046951,526.8569987374332,567.9826719124749,457.6704175298551,545.6186597280536,598.0431390182077,640.0,479.10427726987143,535.437559079114,477.37629200389557,431.37844961851516,485.5708966559212,494.1455203987821,440.27518502492944,398.6480611655197,320.0,389.5400810900377,470.4070779678307,507.6295211456017,532.3107110920438,536.6988120012882,586.5675830885631,617.328680889146,640.0,500.3964822215896,558.1094591732142,589.5162505864794,613.1677684732526,451.7200770591234,497.009654810345,468.8361891091983,446.97325747616657,398.40409425052906,425.3418488537934,401.06175122439606,384.3134752809905
320.0,296.3770092424193,315.84908387258184,366.0388296101584,419.7757916664683,422.9390042744704,483.89120828944664,526.2153927922745,564.4511589977822,461.8009130290783,545.341537102455,598.5396999901341,640.0,480.66663732823326,533.9413928796705,522.6932697362796,505.57037533493906,485.2918483240149,494.00691434884334,453.884347818043,414.6179990824579,320.0,394.0730764696112,480.10755226220067,525.6783341496625,539.4049515152417,530.7043704447707,582.570947988605,615.3540116261349,640.0,496.01318980115354,551.6860967200105,587.833939496182,615.8394144544853,446.36177301510907,486.10220158441115,478.2776138424865,466.425241136094,388.57078590413244,416.33386187992943,402.2803914883442,385.7016166626618,320.0,294.6234565205055,315.15225145980105,364.93100383967374,418.56043697429607,427.4357645749342,489.23293208743684,529.1231452100583,564.6526883794501,468.2159941301062,553.9948695848208,603.0115273370093,640.0,486.4611535922153,535.4473356692474,506.7740210867437,477.2149477959525,489.184373755961,489.5014221519747,444.55424909754026,404.1790609064842,320.0,391.6006922237689,476.4723674805312,520.8230691095143,540.2233174071705,530.3697377826268,581.5978330386366,613.6526842481471,640.0,494.27756668296905,548.9954478763026,584.1983371581205,613.7787893608216,444.62164704111956,490.10691847560287,476.22775666829693,459.5613408073436,388.0127158496671,418.84007373687973,401.7122756856401,383.92483352770773,320.0,287.2887808287872,312.4685134813419,375.97994782723214,432.72462402682595,416.2532561378982,484.80289330922244,530.1731199821701,571.2984908393737,460.4670668267307,551.4031305686831,603.219877115403,640.0,483.4050278339184,537.0452756292391,494.49144964314837,454.3395663075357,492.06100506025194,502.21599201706,453.48157774502204,408.9360657680794,320.0,395.3259557774674,482.07648452918534,519.4647441474419,532.023697754073,533.7454789750824,585.421917351896,616.2627186538396,640.0,498.68136346760633,556.7275735297538,592.7039427710591,619.6493350243463,452.31616979978617,495.1374568368318,472.16801696471856,449.6982881750366,399.43962088059845,425.2551732993642,401.7129229432186,381.2337012806353,320.0,293.3794720505263,317.21307391953144,373.340442751604,426.710261431851,417.65756236247523,483.5995876046951,526.8569987374332,567.9826719124749,457.6704175298551,545.6186597280536,598.0431390182077,640.0,479.10427726987143,535.437559079114,477.37629200389557,431.37844961851516,485.5708966559212,494.1455203987821,440.27518502492944,398.6480611655197,320.0,389.5400810900377,470.4070779678307,507.6295211456017,532.3107110920438,536.6988120012882,586.5675830885631,617.328680889146,640.0,500.3964822215896,558.1094591732142,589.5162505864794,613.1677684732526,451.7200770591234,497.009654810345,468.8361891091983,446.97325747616657,398.40409425052906,425.3418488537934,401.06175122439606,384.3134752809905,320.0,292.2925813528441,314.88256774003764,375.08296375261455,430.2033380481908,417.1392722113718,483.94738594515906,526.8389988635113,566.7715951074144,458.3309614018866,546.4791085056011,599.1221752097223,640.0,480.66185850843107,536.4738508708211,481.7645542437363,436.05178417761726,487.8584248793324,495.3219184392636,440.92595766925194,396.1646684283966,320.0,390.28533098075684,472.52906027604104,510.10140340668295,533.7718905153808,536.678282980899,586.4468018026025,616.9381391506588,640.0,499.7400876977151,555.573314223327,589.014977093252,614.2540314847333,450.5712139313443,497.2997448776732,470.7415013018068,448.34529735737425,396.3695728034173,425.0988727653408,401.9638151032043,384.72132540118383
320.0,294.6234565205055,315.15225145980105,364.93100383967374,418.56043697429607,427.4357645749342,489.23293208743684,529.1231452100583,564.6526883794501,468.2159941301062,553.9948695848208,603.0115273370093,640.0,486.4611535922153,535.4473356692474,506.7740210867437,477.2149477959525,489.184373755961,489.5014221519747,444.55424909754026,404.1790609064842,320.0,391.6006922237689,476.4723674805312,520.8230691095143,540.2233174071705,530.3697377826268,581.5978330386366,613.6526842481471,640.0,494.27756668296905,548.9954478763026,584.1983371581205,613.7787893608216,444.62164704111956,490.10691847560287,476.22775666829693,459.5613408073436,388.0127158496671,418.84007373687973,401.7122756856401,383.92483352770773,320.0,287.2887808287872,312.4685134813419,375.97994782723214,432.72462402682595,416.2532561378982,484.80289330922244,530.1731199821701,571.2984908393737,460.4670668267307,551.4031305686831,603.219877115403,640.0,483.4050278339184,537.0452756292391,494.49144964314837,454.3395663075357,492.06100506025194,502.21599201706,453.48157774502204,408.9360657680794,320.0,395.3259557774674,482.07648452918534,519.4647441474419,532.023697754073,533.7454789750824,585.421917351896,616.2627186538396,640.0,498.68136346760633,556.7275735297538,592.7039427710591,619.6493350243463,452.31616979978617,495.1374568368318,472.16801696471856,449.6982881750366,399.43962088059845,425.2551732993642,401.7129229432186,381.2337012806353,320.0,293.3794720505263,317.21307391953144,373.340442751604,426.710261431851,417.65756236247523,483.5995876046951,526.8569987374332,567.9826719124749,457.6704175298551,545.6186597280536,598.0431390182077,640.0,479.10427726987143,535.437559079114,477.37629200389557,431.37844961851516,485.5708966559212,494.1455203987821,440.27518502492944,398.6480611655197,320.0,389.5400810900377,470.4070779678307,507.6295211456017,532.3107110920438,536.6988120012882,586.5675830885631,617.328680889146,640.0,500.3964822215896,558.1094591732142,589.5162505864794,613.1677684732526,451.7200770591234,497.009654810345,468.8361891091983,446.97325747616657,398.40409425052906,425.3418488537934,401.06175122439606,384.3134752809905,320.0,292.2925813528441,314.88256774003764,375.08296375261455,430.2033380481908,417.1392722113718,483.94738594515906,526.8389988635113,566.7715951074144,458.3309614018866,546.4791085056011,599.1221752097223,640.0,480.66185850843107,536.4738508708211,481.7645542437363,436.05178417761726,487.8584248793324,495.3219184392636,440.92595766925194,396.1646684283966,320.0,390.28533098075684,472.52906027604104,510.10140340668295,533.7718905153808,536.678282980899,586.4468018026025,616.9381391506588,640.0,499.7400876977151,555.573314223327,589.014977093252,614.2540314847333,450.5712139313443,497.2997448776732,470.7415013018068,448.34529735737425,396.3695728034173,425.0988727653408,401.9638151032043,384.72132540118383,320.0,294.2179067200312,315.3907023680576,368.38480159428485,418.8060869158787,418.25447388818986,483.6273556747777,526.3947686978868,565.8052496841952,457.40828329235006,546.4285026414047,598.866459193817,640.0,476.9305812909931,534.7907501112807,482.81257146191194,438.1601480855501,482.0288297546306,501.31676561935853,452.9875494332139,410.3251840482426,320.0,389.4353442613584,466.7383795385558,502.72933058489673,526.8005776306512,532.0948852243587,583.9190792565546,615.3929904562622,640.0,496.7492469937706,555.1000023650355,588.9534483739678,616.0893318400047,448.93195699194644,494.06174241297776,468.50617098644693,446.35250409256514,394.4586984015404,423.853776177255,404.8369799761108,389.33411137537587
320.0,287.2887808287872,312.4685134813419,375.97994782723214,432.72462402682595,416.2532561378982,484.80289330922244,530.1731199821701,571.2984908393737,460.4670668267307,551.4031305686831,603.219877115403,640.0,483.4050278339184,537.0452756292391,494.49144964314837,454.3395663075357,492.06100506025194,502.21599201706,453.48157774502204,408.9360657680794,320.0,395.3259557774674,482.07648452918534,519.4647441474419,532.023697754073,533.7454789750824,585.421917351896,616.2627186538396,640.0,498.68136346760633,556.7275735297538,592.7039427710591,619.6493350243463,452.31616979978617,495.1374568368318,472.16801696471856,449.6982881750366,399.43962088059845,425.2551732993642,401.7129229432186,381.2337012806353,320.0,293.3794720505263,317.21307391953144,373.340442751604,426.710261431851,417.65756236247523,483.5995876046951,526.8569987374332,567.9826719124749,457.6704175298551,545.6186597280536,598.0431390182077,640.0,479.10427726987143,535.437559079114,477.37629200389557,431.37844961851516,485.5708966559212,494.1455203987821,440.27518502492944,398.6480611655197,320.0,389.5400810900377,470.4070779678307,507.6295211456017,532.3107110920438,536.6988120012882,586.5675830885631,617.328680889146,640.0,500.3964822215896,558.1094591732142,589.5162505864794,613.1677684732526,451.7200770591234,497.009654810345,468.8361891091983,446.97325747616657,398.40409425052906,425.3418488537934,401.06175122439606,384.3134752809905,320.0,292.2925813528441,314.88256774003764,375.08296375261455,430.2033380481908,417.1392722113718,483.94738594515906,526.8389988635113,566.7715951074144,458.3309614018866,546.4791085056011,599.1221752097223,640.0,480.66185850843107,536.4738508708211,481.7645542437363,436.05178417761726,487.8584248793324,495.3219184392636,440.92595766925194,396.1646684283966,320.0,390.28533098075684,472.52906027604104,510.10140340668295,533.7718905153808,536.678282980899,586.4468018026025,616.9381391506588,640.0,499.7400876977151,555.573314223327,589.014977093252,614.2540314847333,450.5712139313443,497.2997448776732,470.7415013018068,448.34529735737425,396.3695728034173,425.0988727653408,401.9638151032043,384.72132540118383,320.0,294.2179067200312,315.3907023680576,368.38480159428485,418.8060869158787,418.25447388818986,483.6273556747777,526.3947686978868,565.8052496841952,457.40828329235006,546.4285026414047,598.866459193817,640.0,476.9305812909931,534.7907501112807,482.81257146191194,438.1601480855501,482.0288297546306,501.31676561935853,452.9875494332139,410.3251840482426,320.0,389.4353442613584,466.7383795385558,502.72933058489673,526.8005776306512,532.0948852243587,583.9190792565546,615.3929904562622,640.0,496.7492469937706,555.1000023650355,588.9534483739678,616.0893318400047,448.93195699194644,494.06174241297776,468.50617098644693,446.35250409256514,394.4586984015404,423.853776177255,404.8369799761108,389.33411137537587,320.0,291.47394824790325,310.08797511486375,366.788064505453,418.1555652375017,412.6189241602269,482.6738307199082,526.7912340155344,567.1053532745141,454.1737241291241,544.1904228850793,598.8381168323837,640.0,475.40239831865495,543.6845306577866,530.4579281752999,512.118131162411,481.4370942892032,497.94974237525724,458.63093892454117,418.4654216654983,320.0,392.9872150952249,470.9172206918708,505.65116868271764,525.7010374809063,531.6829757724831,586.384198700163,617.2768102964988,640.0,494.70949561089515,551.6186416510604,587.9662472625231,614.3304813471651,446.95884625037786,492.55635646716536,490.4818600525092,482.46516461903514,393.94285722426787,420.9670823666238,410.39430827997285,397.7338166821839
320.0,293.3794720505263,317.21307391953144,373.340442751604,426.710261431851,417.65756236247523,483.5995876046951,526.8569987374332,567.9826719124749,457.6704175298551,545.6186597280536,598.0431390182077,640.0,479.10427726987143,535.437559079114,477.37629200389557,431.37844961851516,485.5708966559212,494.1455203987821,440.27518502492944,398.6480611655197,320.0,389.5400810900377,470.4070779678307,507.6295211456017,532.3107110920438,536.6988120012882,586.5675830885631,617.328680889146,640.0,500.3964822215896,558.1094591732142,589.5162505864794,613.1677684732526,451.7200770591234,497.009654810345,468.8361891091983,446.97325747616657,398.40409425052906,425.3418488537934,401.06175122439606,384.3134752809905,320.0,292.2925813528441,314.88256774003764,375.08296375261455,430.2033380481908,417.1392722113718,483.94738594515906,526.8389988635113,566.7715951074144,458.3309614018866,546.4791085056011,599.1221752097223,640.0,480.66185850843107,536.4738508708211,481.7645542437363,436.05178417761726,487.8584248793324,495.3219184392636,440.92595766925194,396.1646684283966,320.0,390.28533098075684,472.52906027604104,510.10140340668295,533.7718905153808,536.678282980899,586.4468018026025,616.9381391506588,640.0,499.7400876977151,555.573314223327,589.014977093252,614.2540314847333,450.5712139313443,497.2997448776732,470.7415013018068,448.34529735737425,396.3695728034173,425.0988727653408,401.9638151032043,384.72132540118383,320.0,294.2179067200312,315.3907023680576,368.38480159428485,418.8060869158787,418.25447388818986,483.6273556747777,526.3947686978868,565.8052496841952,457.40828329235006,546.4285026414047,598.866459193817,640.0,476.9305812909931,534.7907501112807,482.81257146191194,438.1601480855501,482.0288297546306,501.31676561935853,452.9875494332139,410.3251840482426,320.0,389.4353442613584,466.7383795385558,502.72933058489673,526.8005776306512,532.0948852243587,583.9190792565546,615.3929904562622,640.0,496.7492469937706,555.1000023650355,588.9534483739678,616.0893318400047,448.93195699194644,494.06174241297776,468.50617098644693,446.35250409256514,394.4586984015404,423.853776177255,404.8369799761108,389.33411137537587,320.0,291.47394824790325,310.08797511486375,366.788064505453,418.1555652375017,412.6189241602269,482.6738307199082,526.7912340155344,567.1053532745141,454.1737241291241,544.1904228850793,598.8381168323837,640.0,475.40239831865495,543.6845306577866,530.4579281752999,512.118131162411,481.4370942892032,497.94974237525724,458.63093892454117,418.4654216654983,320.0,392.9872150952249,470.9172206918708,505.65116868271764,525.7010374809063,531.6829757724831,586.384198700163,617.2768102964988,640.0,494.70949561089515,551.6186416510604,587.9662472625231,614.3304813471651,446.95884625037786,492.55635646716536,490.4818600525092,482.46516461903514,393.94285722426787,420.9670823666238,410.39430827997285,397.7338166821839,320.0,290.3551425468304,307.7506456143035,363.8881261347086,417.46688995603574,413.0554210351572,483.49598946389244,528.4232338718025,568.4698689178927,454.6059227439598,543.2378545069555,598.395869031627,640.0,475.9239900599336,540.8983037427029,530.9422423164283,515.2684490941615,482.2656500041477,496.57914013954957,455.2593880801635,413.1548714628666,320.0,389.2000306779231,468.0007976260007,505.0010536686666,531.590978330767,530.6869140959157,585.219159542899,616.3493413095933,640.0,494.74824634372254,550.1064736317352,586.8857731131602,615.0978330767007,447.8535011179743,491.60305127342883,490.0540898981139,483.24075916060485,395.64311192132294,421.2431874362106,407.88445278254665,393.73469968083157
320.0,292.2925813528441,314.88256774003764,375.08296375261455,430.2033380481908,417.1392722113718,483.94738594515906,526.8389988635113,566.7715951074144,458.3309614018866,546.4791085056011,599.1221752097223,640.0,480.66185850843107,536.4738508708211,481.7645542437363,436.05178417761726,487.8584248793324,495.3219184392636,440.92595766925194,396.1646684283966,320.0,390.28533098075684,472.52906027604104,510.10140340668295,533.7718905153808,536.678282980899,586.4468018026025,616.9381391506588,640.0,499.7400876977151,555.573314223327,589.014977093252,614.2540314847333,450.5712139313443,497.2997448776732,470.7415013018068,448.34529735737425,396.3695728034173,425.0988727653408,401.9638151032043,384.72132540118383,320.0,294.2179067200312,315.3907023680576,368.38480159428485,418.8060869158787,418.25447388818986,483.6273556747777,526.3947686978868,565.8052496841952,457.40828329235006,546.4285026414047,598.866459193817,640.0,476.9305812909931,534.7907501112807,482.81257146191194,438.1601480855501,482.0288297546306,501.31676561935853,452.9875494332139,410.3251840482426,320.0,389.4353442613584,466.7383795385558,502.72933058489673,526.8005776306512,532.0948852243587,583.9190792565546,615.3929904562622,640.0,496.7492469937706,555.1000023650355,588.9534483739678,616.0893318400047,448.93195699194644,494.06174241297776,468.50617098644693,446.35250409256514,394.4586984015404,423.853776177255,404.8369799761108,389.33411137537587,320.0,291.47394824790325,310.08797511486375,366.788064505453,418.1555652375017,412.6189241602269,482.6738307199082,526.7912340155344,567.1053532745141,454.1737241291241,544.1904228850793,598.8381168323837,640.0,475.40239831865495,543.6845306577866,530.4579281752999,512.118131162411,481.4370942892032,497.94974237525724,458.63093892454117,418.4654216654983,320.0,392.9872150952249,470.9172206918708,505.65116868271764,525.7010374809063,531.6829757724831,586.384198700163,617.2768102964988,640.0,494.70949561089515,551.6186416510604,587.9662472625231,614.3304813471651,446.95884625037786,492.55635646716536,490.4818600525092,482.46516461903514,393.94285722426787,420.9670823666238,410.39430827997285,397.7338166821839,320.0,290.3551425468304,307.7506456143035,363.8881261347086,417.46688995603574,413.0554210351572,483.49598946389244,528.4232338718025,568.4698689178927,454.6059227439598,543.2378545069555,598.395869031627,640.0,475.9239900599336,540.8983037427029,530.9422423164283,515.2684490941615,482.2656500041477,496.57914013954957,455.2593880801635,413.1548714628666,320.0,389.2000306779231,468.0007976260007,505.0010536686666,531.590978330767,530.6869140959157,585.219159542899,616.3493413095933,640.0,494.74824634372254,550.1064736317352,586.8857731131602,615.0978330767007,447.8535011179743,491.60305127342883,490.0540898981139,483.24075916060485,395.64311192132294,421.2431874362106,407.88445278254665,393.73469968083157,320.0,290.8954816200202,309.38848802669395,364.4770099395561,414.3584640156803,413.12801650100994,480.49622400775104,523.0690895135259,561.0037356736617,452.7125781080818,542.2543726338923,598.3136578885538,640.0,472.08578682051484,537.1518316042213,502.12055667328286,467.2528383628226,474.89220170488477,493.07118236904904,449.80077051410103,407.33883949421704,320.0,391.52770232283444,467.95949852066246,502.38787605744716,521.0015200358903,536.7655226330126,587.8383499565568,618.3265218815129,640.0,500.573524874261,554.3038973871662,589.7821786676309,617.4696229440237,452.55280846979895,498.4904510323183,482.369665913905,466.2486536419341,397.6797778438206,428.1245634392563,410.51819405349846,393.5083299102554
320.0,294.2179067200312,315.3907023680576,368.38480159428485,418.8060869158787,418.25447388818986,483.6273556747777,526.3947686978868,565.8052496841952,457.40828329235006,546.4285026414047,598.866459193817,640.0,476.9305812909931,534.7907501112807,482.81257146191194,438.1601480855501,482.0288297546306,501.31676561935853,452.9875494332139,410.3251840482426,320.0,389.4353442613584,466.7383795385558,502.72933058489673,526.8005776306512,532.0948852243587,583.9190792565546,615.3929904562622,640.0,496.7492469937706,555.1000023650355,588.9534483739678,616.0893318400047,448.93195699194644,494.06174241297776,468.50617098644693,446.35250409256514,394.4586984015404,423.853776177255,404.8369799761108,389.33411137537587,320.0,291.47394824790325,310.08797511486375,366.788064505453,418.1555652375017,412.6189241602269,482.6738307199082,526.7912340155344,567.1053532745141,454.1737241291241,544.1904228850793,598.8381168323837,640.0,475.40239831865495,543.6845306577866,530.4579281752999,512.118131162411,481.4370942892032,497.94974237525724,458.63093892454117,418.4654216654983,320.0,392.9872150952249,470.9172206918708,505.65116868271764,525.7010374809063,531.6829757724831,586.384198700163,617.2768102964988,640.0,494.70949561089515,551.6186416510604,587.9662472625231,614.3304813471651,446.95884625037786,492.55635646716536,490.4818600525092,482.46516461903514,393.94285722426787,420.9670823666238,410.39430827997285,397.7338166821839,320.0,290.3551425468304,307.7506456143035,363.8881261347086,417.46688995603574,413.0554210351572,483.49598946389244,528.4232338718025,568.4698689178927,454.6059227439598,543.2378545069555,598.395869031627,640.0,475.9239900599336,540.8983037427029,530.9422423164283,515.2684490941615,482.2656500041477,496.57914013954957,455.2593880801635,413.1548714628666,320.0,389.2000306779231,468.0007976260007,505.0010536686666,531.590978330767,530.6869140959157,585.219159542899,616.3493413095933,640.0,494.74824634372254,550.1064736317352,586.8857731131602,615.0978330767007,447.8535011179743,491.60305127342883,490.0540898981139,483.24075916060485,395.64311192132294,421.2431874362106,407.88445278254665,393.73469968083157,320.0,290.8954816200202,309.38848802669395,364.4770099395561,414.3584640156803,413.12801650100994,480.49622400775104,523.0690895135259,561.0037356736617,452.7125781080818,542.2543726338923,598.3136578885538,640.0,472.08578682051484,537.1518316042213,502.12055667328286,467.2528383628226,474.89220170488477,493.07118236904904,449.80077051410103,407.33883949421704,320.0,391.52770232283444,467.95949852066246,502.38787605744716,521.0015200358903,536.7655226330126,587.8383499565568,618.3265218815129,640.0,500.573524874261,554.3038973871662,589.7821786676309,617.4696229440237,452.55280846979895,498.4904510323183,482.369665913905,466.2486536419341,397.6797778438206,428.1245634392563,410.51819405349846,393.5083299102554,320.0,298.1524877508866,318.405644993831,372.86381974868067,422.89839944662646,421.32607488406876,487.9400632399436,531.3551830840738,570.734465807652,460.11657187334265,544.5130622312778,598.5908430206034,640.0,479.67545050440015,548.3340164701999,518.0319280844935,485.8506625287871,482.41012684293764,501.6505967186764,458.85122285597055,417.10734328271053,320.0,395.014667592201,469.5885603177378,502.88180166823463,522.9968261521005,540.4935071152269,590.3288427507907,619.6040463357132,640.0,501.3264396979779,557.1199343131716,591.2825009931119,618.3323214834469,451.3068095684007,500.09873817362666,487.068684176868,471.5906546173116,396.0782680998426,423.98371949248417,410.7764116393927,397.453204058328
320.0,291.47394824790325,310.08797511486375,366.788064505453,418.1555652375017,412.6189241602269,482.6738307199082,526.7912340155344,567.1053532745141,454.1737241291241,544.1904228850793,598.8381168323837,640.0,475.40239831865495,543.6845306577866,530.4579281752999,512.118131162411,481.4370942892032,497.94974237525724,458.63093892454117,418.4654216654983,320.0,392.9872150952249,470.9172206918708,505.65116868271764,525.7010374809063,531.6829757724831,586.384198700163,617.2768102964988,640.0,494.70949561089515,551.6186416510604,587.9662472625231,614.3304813471651,446.95884625037786,492.55635646716536,490.4818600525092,482.46516461903514,393.94285722426787,420.9670823666238,410.39430827997285,397.7338166821839,320.0,290.3551425468304,307.7506456143035,363.8881261347086,417.46688995603574,413.0554210351572,483.49598946389244,528.4232338718025,568.4698689178927,454.6059227439598,543.2378545069555,598.395869031627,640.0,475.9239900599336,540.8983037427029,530.9422423164283,515.2684490941615,482.2656500041477,496.57914013954957,455.2593880801635,413.1548714628666,320.0,389.2000306779231,468.0007976260007,505.0010536686666,531.590978330767,530.6869140959157,585.219159542899,616.3493413095933,640.0,494.74824634372254,550.1064736317352,586.8857731131602,615.0978330767007,447.8535011179743,491.60305127342883,490.0540898981139,483.24075916060485,395.64311192132294,421.2431874362106,407.88445278254665,393.73469968083157,320.0,290.8954816200202,309.38848802669395,364.4770099395561,414.3584640156803,413.12801650100994,480.49622400775104,523.0690895135259,561.0037356736617,452.7125781080818,542.2543726338923,598.3136578885538,640.0,472.08578682051484,537.1518316042213,502.12055667328286,467.2528383628226,474.89220170488477,493.07118236904904,449.80077051410103,407.33883949421704,320.0,391.52770232283444,467.95949852066246,502.38787605744716,521.0015200358903,536.7655226330126,587.8383499565568,618.3265218815129,640.0,500.573524874261,554.3038973871662,589.7821786676309,617.4696229440237,452.55280846979895,498.4904510323183,482.369665913905,466.2486536419341,397.6797778438206,428.1245634392563,410.51819405349846,393.5083299102554,320.0,298.1524877508866,318.405644993831,372.86381974868067,422.89839944662646,421.32607488406876,487.9400632399436,531.3551830840738,570.734465807652,460.11657187334265,544.5130622312778,598.5908430206034,640.0,479.67545050440015,548.3340164701999,518.0319280844935,485.8506625287871,482.41012684293764,501.6505967186764,458.85122285597055,417.10734328271053,320.0,395.014667592201,469.5885603177378,502.88180166823463,522.9968261521005,540.4935071152269,590.3288427507907,619.6040463357132,640.0,501.3264396979779,557.1199343131716,591.2825009931119,618.3323214834469,451.3068095684007,500.09873817362666,487.068684176868,471.5906546173116,396.0782680998426,423.98371949248417,410.7764116393927,397.453204058328,320.0,297.4297110970796,316.08126816778673,370.58137758247125,422.1604030740673,420.40000908031055,487.39555521856835,530.7184810994636,569.5328524182785,458.17994653164624,543.4904484381675,598.3258873003526,640.0,477.01328102422235,547.477518014824,515.6718501125065,481.7758641524398,479.82645294713785,501.45371032724046,458.64040693854963,416.2781473384333,320.0,395.92812908945643,469.6700249828609,503.12452024485276,521.7248767567696,539.5446232312856,589.7289915809231,619.705837852473,640.0,500.20817844224996,556.7524066484864,591.3561569492194,618.8556532138557,449.93068360086204,498.59931405118823,482.1238013813087,464.8367909487382,393.69780366555256,423.5001342892119,408.37472409177417,393.0935625395598
320.0,290.3551425468304,307.7506456143035,363.8881261347086,417.46688995603574,413.0554210351572,483.49598946389244,528.4232338718025,568.4698689178927,454.6059227439598,543.2378545069555,598.395869031627,640.0,475.9239900599336,540.8983037427029,530.9422423164283,515.2684490941615,482.2656500041477,496.57914013954957,455.2593880801635,413.1548714628666,320.0,389.2000306779231,468.0007976260007,505.0010536686666,531.590978330767,530.6869140959157,585.219159542899,616.3493413095933,640.0,494.74824634372254,550.1064736317352,586.8857731131602,615.0978330767007,447.8535011179743,491.60305127342883,490.0540898981139,483.24075916060485,395.64311192132294,421.2431874362106,407.88445278254665,393.73469968083157,320.0,290.8954816200202,309.38848802669395,364.4770099395561,414.3584640156803,413.12801650100994,480.49622400775104,523.0690895135259,561.0037356736617,452.7125781080818,542.2543726338923,598.3136578885538,640.0,472.08578682051484,537.1518316042213,502.12055667328286,467.2528383628226,474.89220170488477,493.07118236904904,449.80077051410103,407.33883949421704,320.0,391.52770232283444,467.95949852066246,502.38787605744716,521.0015200358903,536.7655226330126,587.8383499565568,618.3265218815129,640.0,500.573524874261,554.3038973871662,589.7821786676309,617.4696229440237,452.55280846979895,498.4904510323183,482.369665913905,466.2486536419341,397.6797778438206,428.1245634392563,410.51819405349846,393.5083299102554,320.0,298.1524877508866,318.405644993831,372.86381974868067,422.89839944662646,421.32607488406876,487.9400632399436,531.3551830840738,570.734465807652,460.11657187334265,544.5130622312778,598.5908430206034,640.0,479.67545050440015,548.3340164701999,518.0319280844935,485.8506625287871,482.41012684293764,501.6505967186764,458.85122285597055,417.10734328271053,320.0,395.014667592201,469.5885603177378,502.88180166823463,522.9968261521005,540.4935071152269,590.3288427507907,619.6040463357132,640.0,501.3264396979779,557.1199343131716,591.2825009931119,618.3323214834469,451.3068095684007,500.09873817362666,487.068684176868,471.5906546173116,396.0782680998426,423.98371949248417,410.7764116393927,397.453204058328,320.0,297.4297110970796,316.08126816778673,370.58137758247125,422.1604030740673,420.40000908031055,487.39555521856835,530.7184810994636,569.5328524182785,458.17994653164624,543.4904484381675,598.3258873003526,640.0,477.01328102422235,547.477518014824,515.6718501125065,481.7758641524398,479.82645294713785,501.45371032724046,458.64040693854963,416.2781473384333,320.0,395.92812908945643,469.6700249828609,503.12452024485276,521.7248767567696,539.5446232312856,589.7289915809231,619.705837852473,640.0,500.20817844224996,556.7524066484864,591.3561569492194,618.8556532138557,449.93068360086204,498.59931405118823,482.1238013813087,464.8367909487382,393.69780366555256,423.5001342892119,408.37472409177417,393.0935625395598,320.0,291.97355959830276,308.03432881324903,362.57070149435543,413.10801962253845,413.1061843968963,479.92156245605497,523.822949359013,564.9446300953606,454.56581581782507,539.5315265383952,594.6253184212073,640.0,474.09592005634755,539.505172698174,533.1849981620979,522.950825664193,475.0922518226276,488.94703087637146,450.7626410151061,412.5601680638469,320.0,390.6493399690766,457.3599230326051,474.93659955694216,483.3073177432928,532.168268518644,585.9705335244123,616.1223142364915,640.0,496.08936292098554,555.4850903708051,593.2041229328913,623.5715917793664,448.32195472511677,489.9225513252251,489.1335888010384,484.3598907915278,393.9736286678314,415.9153545560614,403.02191412004987,389.2431430471182
320.0,290.8954816200202,309.38848802669395,364.4770099395561,414.3584640156803,413.12801650100994,480.49622400775104,523.0690895135259,561.0037356736617,452.7125781080818,542.2543726338923,598.3136578885538,640.0,472.08578682051484,537.1518316042213,502.12055667328286,467.2528383628226,474.89220170488477,493.07118236904904,449.80077051410103,407.33883949421704,320.0,391.52770232283444,467.95949852066246,502.38787605744716,521.0015200358903,536.7655226330126,587.8383499565568,618.3265218815129,640.0,500.573524874261,554.3038973871662,589.7821786676309,617.4696229440237,452.55280846979895,498.4904510323183,482.369665913905,466.2486536419341,397.6797778438206,428.1245634392563,410.51819405349846,393.5083299102554,320.0,298.1524877508866,318.405644993831,372.86381974868067,422.89839944662646,421.32607488406876,487.9400632399436,531.3551830840738,570.734465807652,460.11657187334265,544.5130622312778,598.5908430206034,640.0,479.67545050440015,548.3340164701999,518.0319280844935,485.8506625287871,482.41012684293764,501.6505967186764,458.85122285597055,417.10734328271053,320.0,395.014667592201,469.5885603177378,502.88180166823463,522.9968261521005,540.4935071152269,590.3288427507907,619.6040463357132,640.0,501.3264396979779,557.1199343131716,591.2825009931119,618.3323214834469,451.3068095684007,500.09873817362666,487.068684176868,471.5906546173116,396.0782680998426,423.98371949248417,410.7764116393927,397.453204058328,320.0,297.4297110970796,316.08126816778673,370.58137758247125,422.1604030740673,420.40000908031055,487.39555521856835,530.7184810994636,569.5328524182785,458.17994653164624,543.4904484381675,598.3258873003526,640.0,477.01328102422235,547.477518014824,515.6718501125065,481.7758641524398,479.82645294713785,501.45371032724046,458.64040693854963,416.2781473384333,320.0,395.92812908945643,469.6700249828609,503.12452024485276,521.7248767567696,539.5446232312856,589.7289915809231,619.705837852473,640.0,500.20817844224996,556.7524066484864,591.3561569492194,618.8556532138557,449.93068360086204,498.59931405118823,482.1238013813087,464.8367909487382,393.69780366555256,423.5001342892119,408.37472409177417,393.0935625395598,320.0,291.97355959830276,308.03432881324903,362.57070149435543,413.10801962253845,413.1061843968963,479.92156245605497,523.822949359013,564.9446300953606,454.56581581782507,539.5315265383952,594.6253184212073,640.0,474.09592005634755,539.505172698174,533.1849981620979,522.950825664193,475.0922518226276,488.94703087637146,450.7626410151061,412.5601680638469,320.0,390.6493399690766,457.3599230326051,474.93659955694216,483.3073177432928,532.168268518644,585.9705335244123,616.1223142364915,640.0,496.08936292098554,555.4850903708051,593.2041229328913,623.5715917793664,448.32195472511677,489.9225513252251,489.1335888010384,484.3598907915278,393.9736286678314,415.9153545560614,403.02191412004987,389.2431430471182,320.0,296.25812553604965,314.42743302283293,365.24608391490744,413.5668365613739,421.47668715661763,489.1943724995605,533.5285288367493,574.5301168632549,460.14569591414624,542.566682373554,596.6742412655069,640.0,478.6201810711377,543.6636723772752,519.9967464672236,494.2673894613011,480.4418136994411,489.40936495763077,442.03758200777855,398.0324831601125,320.0,387.7190739610418,463.60943725398783,496.7498281819973,523.5607803180676,539.6069188586479,589.2264585305836,618.3465677251297,640.0,501.25748669912383,561.0380402654889,598.8844085375524,630.4031835593,449.93881837275137,501.7912327160701,489.9064829455614,476.4002710639259,392.2744858676689,421.06324344328084,402.4298093420932,386.4354997620982
320.0,298.1524877508866,318.405644993831,372.86381974868067,422.89839944662646,421.32607488406876,487.9400632399436,531.3551830840738,570.734465807652,460.11657187334265,544.5130622312778,598.5908430206034,640.0,479.67545050440015,548.3340164701999,518.0319280844935,485.8506625287871,482.41012684293764,501.6505967186764,458.85122285597055,417.10734328271053,320.0,395.014667592201,469.5885603177378,502.88180166823463,522.9968261521005,540.4935071152269,590.3288427507907,619.6040463357132,640.0,501.3264396979779,557.1199343131716,591.2825009931119,618.3323214834469,451.3068095684007,500.09873817362666,487.068684176868,471.5906546173116,396.0782680998426,423.98371949248417,410.7764116393927,397.453204058328,320.0,297.4297110970796,316.08126816778673,370.58137758247125,422.1604030740673,420.40000908031055,487.39555521856835,530.7184810994636,569.5328524182785,458.17994653164624,543.4904484381675,598.3258873003526,640.0,477.01328102422235,547.477518014824,515.6718501125065,481.7758641524398,479.82645294713785,501.45371032724046,458.64040693854963,416.2781473384333,320.0,395.92812908945643,469.6700249828609,503.12452024485276,521.7248767567696,539.5446232312856,589.7289915809231,619.705837852473,640.0,500.20817844224996,556.7524066484864,591.3561569492194,618.8556532138557,449.93068360086204,498.59931405118823,482.1238013813087,464.8367909487382,393.69780366555256,423.5001342892119,408.37472409177417,393.0935625395598,320.0,291.97355959830276,308.03432881324903,362.57070149435543,413.10801962253845,413.1061843968963,479.92156245605497,523.822949359013,564.9446300953606,454.56581581782507,539.5315265383952,594.6253184212073,640.0,474.09592005634755,539.505172698174,533.1849981620979,522.950825664193,475.0922518226276,488.94703087637146,450.7626410151061,412.5601680638469,320.0,390.6493399690766,457.3599230326051,474.93659955694216,483.3073177432928,532.168268518644,585.9705335244123,616.1223142364915,640.0,496.08936292098554,555.4850903708051,593.2041229328913,623.5715917793664,448.32195472511677,489.9225513252251,489.1335888010384,484.3598907915278,393.9736286678314,415.9153545560614,403.02191412004987,389.2431430471182,320.0,296.25812553604965,314.42743302283293,365.24608391490744,413.5668365613739,421.47668715661763,489.1943724995605,533.5285288367493,574.5301168632549,460.14569591414624,542.566682373554,596.6742412655069,640.0,478.6201810711377,543.6636723772752,519.9967464672236,494.2673894613011,480.4418136994411,489.40936495763077,442.03758200777855,398.0324831601125,320.0,387.7190739610418,463.60943725398783,496.7498281819973,523.5607803180676,539.6069188586479,589.2264585305836,618.3465677251297,640.0,501.25748669912383,561.0380402654889,598.8844085375524,630.4031835593,449.93881837275137,501.7912327160701,489.9064829455614,476.4002710639259,392.2744858676689,421.06324344328084,402.4298093420932,386.4354997620982,320.0,290.1866822316033,310.38327526675386,366.57293342759874,416.70202788699635,418.6383633534569,487.7305997452309,532.44282198005,574.0603333752922,460.1972553397235,545.1710878808432,598.4359093124269,640.0,481.1241848735168,547.6928444886656,511.55074992551994,477.1295376969932,484.2189206469126,491.07048482915405,442.26754541237403,399.51684180142325,320.0,390.04428580807826,469.17388589395654,498.3257462956582,514.5406491577742,539.1278460975917,587.2174125989075,617.3528866286189,640.0,502.100329088458,563.2852679840109,602.8807771989191,635.6314765178828,452.2471129879957,506.12771622578146,485.5813249129116,466.91329211620604,396.68183754713846,426.75650664958044,403.7035414748741,385.35394860622625
320.0,297.4297110970796,316.08126816778673,370.58137758247125,422.1604030740673,420.40000908031055,487.39555521856835,530.7184810994636,569.5328524182785,458.17994653164624,543.4904484381675,598.3258873003526,640.0,477.01328102422235,547.477518014824,515.6718501125065,481.7758641524398,479.82645294713785,501.45371032724046,458.64040693854963,416.2781473384333,320.0,395.92812908945643,469.6700249828609,503.12452024485276,521.7248767567696,539.5446232312856,589.7289915809231,619.705837852473,640.0,500.20817844224996,556.7524066484864,591.3561569492194,618.8556532138557,449.93068360086204,498.59931405118823,482.1238013813087,464.8367909487382,393.69780366555256,423.5001342892119,408.37472409177417,393.0935625395598,320.0,291.97355959830276,308.03432881324903,362.57070149435543,413.10801962253845,413.1061843968963,479.92156245605497,523.822949359013,564.9446300953606,454.56581581782507,539.5315265383952,594.6253184212073,640.0,474.09592005634755,539.505172698174,533.1849981620979,522.950825664193,475.0922518226276,488.94703087637146,450.7626410151061,412.5601680638469,320.0,390.6493399690766,457.3599230326051,474.93659955694216,483.3073177432928,532.168268518644,585.9705335244123,616.1223142364915,640.0,496.08936292098554,555.4850903708051,593.2041229328913,623.5715917793664,448.32195472511677,489.9225513252251,489.1335888010384,484.3598907915278,393.9736286678314,415.9153545560614,403.02191412004987,389.2431430471182,320.0,296.25812553604965,314.42743302283293,365.24608391490744,413.5668365613739,421.47668715661763,489.1943724995605,533.5285288367493,574.5301168632549,460.14569591414624,542.566682373554,596.6742412655069,640.0,478.6201810711377,543.6636723772752,519.9967464672236,494.2673894613011,480.4418136994411,489.40936495763077,442.03758200777855,398.0324831601125,320.0,387.7190739610418,463.60943725398783,496.7498281819973,523.5607803180676,539.6069188586479,589.2264585305836,618.3465677251297,640.0,501.25748669912383,561.0380402654889,598.8844085375524,630.4031835593,449.93881837275137,501.7912327160701,489.9064829455614,476.4002710639259,392.2744858676689,421.06324344328084,402.4298093420932,386.4354997620982,320.0,290.1866822316033,310.38327526675386,366.57293342759874,416.70202788699635,418.6383633534569,487.7305997452309,532.44282198005,574.0603333752922,460.1972553397235,545.1710878808432,598.4359093124269,640.0,481.1241848735168,547.6928444886656,511.55074992551994,477.1295376969932,484.2189206469126,491.07048482915405,442.26754541237403,399.51684180142325,320.0,390.04428580807826,469.17388589395654,498.3257462956582,514.5406491577742,539.1278460975917,587.2174125989075,617.3528866286189,640.0,502.100329088458,563.2852679840109,602.8807771989191,635.6314765178828,452.2471129879957,506.12771622578146,485.5813249129116,466.91329211620604,396.68183754713846,426.75650664958044,403.7035414748741,385.35394860622625,320.0,293.8391144109477,311.9806230261682,364.29716310298534,410.05918261651993,423.6111647771074,489.9556925566726,533.823140428891,575.1655579171164,463.56157881021517,545.4034662291891,597.8396060604437,640.0,482.84595968173403,546.6910573961076,516.8670191054331,487.9177591300703,483.2960071175055,493.6479617654612,445.118368895736,400.3925022372327,320.0,391.4898535496158,466.6336949318495,492.9060317498224,507.2280745326782,540.5470330811895,589.7743458091786,618.9364776682567,640.0,502.2758759858385,562.7951306590566,600.675021045153,631.4032896111572,451.15000268661527,502.6602649599694,487.7654596798749,473.309530319946,393.27424371779796,424.135328990967,404.34357630285916,386.745209764951
320.0,291.97355959830276,308.03432881324903,362.57070149435543,413.10801962253845,413.1061843968963,479.92156245605497,523.822949359013,564.9446300953606,454.56581581782507,539.5315265383952,594.6253184212073,640.0,474.09592005634755,539.505172698174,533.1849981620979,522.950825664193,475.0922518226276,488.94703087637146,450.7626410151061,412.5601680638469,320.0,390.6493399690766,457.3599230326051,474.93659955694216,483.3073177432928,532.168268518644,585.9705335244123,616.1223142364915,640.0,496.08936292098554,555.4850903708051,593.2041229328913,623.5715917793664,448.32195472511677,489.9225513252251,489.1335888010384,484.3598907915278,393.9736286678314,415.9153545560614,403.02191412004987,389.2431430471182,320.0,296.25812553604965,314.42743302283293,365.24608391490744,413.5668365613739,421.47668715661763,489.1943724995605,533.5285288367493,574.5301168632549,460.14569591414624,542.566682373554,596.6742412655069,640.0,478.6201810711377,543.6636723772752,519.9967464672236,494.2673894613011,480.4418136994411,489.40936495763077,442.03758200777855,398.0324831601125,320.0,387.7190739610418,463.60943725398783,496.7498281819973,523.5607803180676,539.6069188586479,589.2264585305836,618.3465677251297,640.0,501.25748669912383,561.0380402654889,598.8844085375524,630.4031835593,449.93881837275137,501.7912327160701,489.9064829455614,476.4002710639259,392.2744858676689,421.06324344328084,402.4298093420932,386.4354997620982,320.0,290.1866822316033,310.38327526675386,366.57293342759874,416.70202788699635,418.6383633534569,487.7305997452309,532.44282198005,574.0603333752922,460.1972553397235,545.1710878808432,598.4359093124269,640.0,481.1241848735168,547.6928444886656,511.55074992551994,477.1295376969932,484.2189206469126,491.07048482915405,442.26754541237403,399.51684180142325,320.0,390.04428580807826,469.17388589395654,498.3257462956582,514.5406491577742,539.1278460975917,587.2174125989075,617.3528866286189,640.0,502.100329088458,563.2852679840109,602.8807771989191,635.6314765178828,452.2471129879957,506.12771622578146,485.5813249129116,466.91329211620604,396.68183754713846,426.75650664958044,403.7035414748741,385.35394860622625,320.0,293.8391144109477,311.9806230261682,364.29716310298534,410.05918261651993,423.6111647771074,489.9556925566726,533.823140428891,575.1655579171164,463.56157881021517,545.4034662291891,597.8396060604437,640.0,482.84595968173403,546.6910573961076,516.8670191054331,487.9177591300703,483.2960071175055,493.6479617654612,445.118368895736,400.3925022372327,320.0,391.4898535496158,466.6336949318495,492.9060317498224,507.2280745326782,540.5470330811895,589.7743458091786,618.9364776682567,640.0,502.2758759858385,562.7951306590566,600.675021045153,631.4032896111572,451.15000268661527,502.6602649599694,487.7654596798749,473.309530319946,393.27424371779796,424.135328990967,404.34357630285916,386.745209764951,320.0,294.1600518505142,313.0436192179627,365.3088631594991,411.2994293196774,425.0956271836758,491.903711434795,535.9838330164868,577.7699358528491,465.04677537664674,546.1933353306634,598.2834485737021,640.0,484.49791200483605,546.6271576017828,513.0795990550275,481.79468053365986,485.78735299506343,493.16260435471946,442.9781749519384,398.4894233389225,320.0,389.73885463230465,465.38321858575404,489.79445091247084,505.8083260268591,541.693434713658,589.7927835990015,618.8505694258788,640.0,503.27362626306183,564.9079575889114,602.935199957838,634.2599954963372,451.90327665425764,502.68979824548796,482.38743957186455,465.3304011613701,394.5225494564462,423.10796812939884,400.23173740771085,383.00068513168424
320.0,296.25812553604965,314.42743302283293,365.24608391490744,413.5668365613739,421.47668715661763,489.1943724995605,533.5285288367493,574.5301168632549,460.14569591414624,542.566682373554,596.6742412655069,640.0,478.6201810711377,543.6636723772752,519.9967464672236,494.2673894613011,480.4418136994411,489.40936495763077,442.03758200777855,398.0324831601125,320.0,387.7190739610418,463.60943725398783,496.7498281819973,523.5607803180676,539.6069188586479,589.2264585305836,618.3465677251297,640.0,501.25748669912383,561.0380402654889,598.8844085375524,630.4031835593,449.93881837275137,501.7912327160701,489.9064829455614,476.4002710639259,392.2744858676689,421.06324344328084,402.4298093420932,386.4354997620982,320.0,290.1866822316033,310.38327526675386,366.57293342759874,416.70202788699635,418.6383633534569,487.7305997452309,532.44282198005,574.0603333752922,460.1972553397235,545.1710878808432,598.4359093124269,640.0,481.1241848735168,547.6928444886656,511.55074992551994,477.1295376969932,484.2189206469126,491.07048482915405,442.26754541237403,399.51684180142325,320.0,390.04428580807826,469.17388589395654,498.3257462956582,514.5406491577742,539.1278460975917,587.2174125989075,617.3528866286189,640.0,502.100329088458,563.2852679840109,602.8807771989191,635.6314765178828,452.2471129879957,506.12771622578146,485.5813249129116,466.91329211620604,396.68183754713846,426.75650664958044,403.7035414748741,385.35394860622625,320.0,293.8391144109477,311.9806230261682,364.29716310298534,410.05918261651993,423.6111647771074,489.9556925566726,533.823140428891,575.1655579171164,463.56157881021517,545.4034662291891,597.8396060604437,640.0,482.84595968173403,546.6910573961076,516.8670191054331,487.9177591300703,483.2960071175055,493.6479617654612,445.118368895736,400.3925022372327,320.0,391.4898535496158,466.6336949318495,492.9060317498224,507.2280745326782,540.5470330811895,589.7743458091786,618.9364776682567,640.0,502.2758759858385,562.7951306590566,600.675021045153,631.4032896111572,451.15000268661527,502.6602649599694,487.7654596798749,473.309530319946,393.27424371779796,424.135328990967,404.34357630285916,386.745209764951,320.0,294.1600518505142,313.0436192179627,365.3088631594991,411.2994293196774,425.0956271836758,491.903711434795,535.9838330164868,577.7699358528491,465.04677537664674,546.1933353306634,598.2834485737021,640.0,484.49791200483605,546.6271576017828,513.0795990550275,481.79468053365986,485.78735299506343,493.16260435471946,442.9781749519384,398.4894233389225,320.0,389.73885463230465,465.38321858575404,489.79445091247084,505.8083260268591,541.693434713658,589.7927835990015,618.8505694258788,640.0,503.27362626306183,564.9079575889114,602.935199957838,634.2599954963372,451.90327665425764,502.68979824548796,482.38743957186455,465.3304011613701,394.5225494564462,423.10796812939884,400.23173740771085,383.00068513168424,320.0,297.77990474520647,318.4278286129041,371.96284199996967,419.4759423526169,427.0787350729456,496.43274646915415,541.3774460503394,583.5741175363755,464.17086304295174,546.9956423517227,598.0438019655097,640.0,482.7978644452211,543.7763833268734,496.24554292549857,456.4316486014822,484.5726406244472,495.03021274296253,441.8486070026386,397.08956835217606,320.0,393.12885350815577,470.9215678436344,498.687270740654,512.8763660383033,539.4519666573392,588.5029876287992,618.1702653364628,640.0,501.3376277523019,564.2788859637601,603.9166776121051,636.2733732699069,449.42137653640646,497.5104933442217,471.0288521756676,451.00726586755445,391.5782180064835,423.2898371128408,402.93977343894255,388.2413630973116
320.0,290.1866822316033,310.38327526675386,366.57293342759874,416.70202788699635,418.6383633534569,487.7305997452309,532.44282198005,574.0603333752922,460.1972553397235,545.1710878808432,598.4359093124269,640.0,481.1241848735168,547.6928444886656,511.55074992551994,477.1295376969932,484.2189206469126,491.07048482915405,442.26754541237403,399.51684180142325,320.0,390.04428580807826,469.17388589395654,498.3257462956582,514.5406491577742,539.1278460975917,587.2174125989075,617.3528866286189,640.0,502.100329088458,563.2852679840109,602.8807771989191,635.6314765178828,452.2471129879957,506.12771622578146,485.5813249129116,466.91329211620604,396.68183754713846,426.75650664958044,403.7035414748741,385.35394860622625,320.0,293.8391144109477,311.9806230261682,364.29716310298534,410.05918261651993,423.6111647771074,489.9556925566726,533.823140428891,575.1655579171164,463.56157881021517,545.4034662291891,597.8396060604437,640.0,482.84595968173403,546.6910573961076,516.8670191054331,487.9177591300703,483.2960071175055,493.6479617654612,445.118368895736,400.3925022372327,320.0,391.4898535496158,466.6336949318495,492.9060317498224,507.2280745326782,540.5470330811895,589.7743458091786,618.9364776682567,640.0,502.2758759858385,562.7951306590566,600.675021045153,631.4032896111572,451.15000268661527,502.6602649599694,487.7654596798749,473.309530319946,393.27424371779796,424.135328990967,404.34357630285916,386.745209764951,320.0,294.1600518505142,313.0436192179627,365.3088631594991,411.2994293196774,425.0956271836758,491.903711434795,535.9838330164868,577.7699358528491,465.04677537664674,546.1933353306634,598.2834485737021,640.0,484.49791200483605,546.6271576017828,513.0795990550275,481.79468053365986,485.78735299506343,493.16260435471946,442.9781749519384,398.4894233389225,320.0,389.73885463230465,465.38321858575404,489.79445091247084,505.8083260268591,541.693434713658,589.7927835990015,618.8505694258788,640.0,503.27362626306183,564.9079575889114,602.935199957838,634.2599954963372,451.90327665425764,502.68979824548796,482.38743957186455,465.3304011613701,394.5225494564462,423.10796812939884,400.23173740771085,383.00068513168424,320.0,297.77990474520647,318.4278286129041,371.96284199996967,419.4759423526169,427.0787350729456,496.43274646915415,541.3774460503394,583.5741175363755,464.17086304295174,546.9956423517227,598.0438019655097,640.0,482.7978644452211,543.7763833268734,496.24554292549857,456.4316486014822,484.5726406244472,495.03021274296253,441.8486070026386,397.08956835217606,320.0,393.12885350815577,470.9215678436344,498.687270740654,512.8763660383033,539.4519666573392,588.5029876287992,618.1702653364628,640.0,501.3376277523019,564.2788859637601,603.9166776121051,636.2733732699069,449.42137653640646,497.5104933442217,471.0288521756676,451.00726586755445,391.5782180064835,423.2898371128408,402.93977343894255,388.2413630973116,320.0,297.1795693868814,316.34308651647007,369.0719912925289,416.43866456874997,426.58390933197666,497.4756639193515,542.5864726444308,584.3619521844837,464.1841284211748,547.8549102821163,598.7897892902624,640.0,482.88433578458205,542.8121812659258,495.353359633906,455.4381624244105,485.10561977038486,493.23467047605544,439.88204399625863,395.33362446537603,320.0,391.49825810621155,469.1807554197562,496.4121959334142,511.1046780651403,539.9955640026462,589.8724650760812,619.1710038738495,640.0,501.61585027744104,565.7443871249001,605.1544759595713,636.6673422639648,449.61770115909553,498.35944580626165,470.8764536495638,449.5533791974669,391.682810892668,423.52738272332,402.3453423939854,387.3361453477478
320.0,293.8391144109477,311.9806230261682,364.29716310298534,410.05918261651993,423.6111647771074,489.9556925566726,533.823140428891,575.1655579171164,463.56157881021517,545.4034662291891,597.8396060604437,640.0,482.84595968173403,546.6910573961076,516.8670191054331,487.9177591300703,483.2960071175055,493.6479617654612,445.118368895736,400.3925022372327,320.0,391.4898535496158,466.6336949318495,492.9060317498224,507.2280745326782,540.5470330811895,589.7743458091786,618.9364776682567,640.0,502.2758759858385,562.7951306590566,600.675021045153,631.4032896111572,451.15000268661527,502.6602649599694,487.7654596798749,473.309530319946,393.27424371779796,424.135328990967,404.34357630285916,386.745209764951,320.0,294.1600518505142,313.0436192179627,365.3088631594991,411.2994293196774,425.0956271836758,491.903711434795,535.9838330164868,577.7699358528491,465.04677537664674,546.1933353306634,598.2834485737021,640.0,484.49791200483605,546.6271576017828,513.0795990550275,481.79468053365986,485.78735299506343,493.16260435471946,442.9781749519384,398.4894233389225,320.0,389.73885463230465,465.38321858575404,489.79445091247084,505.8083260268591,541.693434713658,589.7927835990015,618.8505694258788,640.0,503.27362626306183,564.9079575889114,602.935199957838,634.2599954963372,451.90327665425764,502.68979824548796,482.38743957186455,465.3304011613701,394.5225494564462,423.10796812939884,400.23173740771085,383.00068513168424,320.0,297.77990474520647,318.4278286129041,371.96284199996967,419.4759423526169,427.0787350729456,496.43274646915415,541.3774460503394,583.5741175363755,464.17086304295174,546.9956423517227,598.0438019655097,640.0,482.7978644452211,543.7763833268734,496.24554292549857,456.4316486014822,484.5726406244472,495.03021274296253,441.8486070026386,397.08956835217606,320.0,393.12885350815577,470.9215678436344,498.687270740654,512.8763660383033,539.4519666573392,588.5029876287992,618.1702653364628,640.0,501.3376277523019,564.2788859637601,603.9166776121051,636.2733732699069,449.42137653640646,497.5104933442217,471.0288521756676,451.00726586755445,391.5782180064835,423.2898371128408,402.93977343894255,388.2413630973116,320.0,297.1795693868814,316.34308651647007,369.0719912925289,416.43866456874997,426.58390933197666,497.4756639193515,542.5864726444308,584.3619521844837,464.1841284211748,547.8549102821163,598.7897892902624,640.0,482.88433578458205,542.8121812659258,495.353359633906,455.4381624244105,485.10561977038486,493.23467047605544,439.88204399625863,395.33362446537603,320.0,391.49825810621155,469.1807554197562,496.4121959334142,511.1046780651403,539.9955640026462,589.8724650760812,619.1710038738495,640.0,501.61585027744104,565.7443871249001,605.1544759595713,636.6673422639648,449.61770115909553,498.35944580626165,470.8764536495638,449.5533791974669,391.682810892668,423.52738272332,402.3453423939854,387.3361453477478,320.0,295.0359713727997,316.1784518853845,372.0599385787832,418.776648467453,424.73596069218104,493.39184117798385,539.2756592237669,582.9365761770669,464.6621760407131,546.674041622673,598.9345857088609,640.0,485.4929694700469,551.7787409495113,519.9838427655818,489.977738825447,489.18368845244436,499.36362289725076,451.77797024801544,409.78908429781336,320.0,391.3640108402374,465.8733948819512,489.1088463145216,506.9288445768463,541.356714984355,589.2432757321742,618.219815925437,640.0,504.1257886486956,567.2921615371523,605.7927239012477,636.1014373907258,453.29418723808413,503.93749129674615,485.01337890962066,468.49066713639445,396.4577131955016,424.9175020798545,404.78941398685794,389.4758576201227
320.0,294.1600518505142,313.0436192179627,365.3088631594991,411.2994293196774,425.0956271836758,491.903711434795,535.9838330164868,577.7699358528491,465.04677537664674,546.1933353306634,598.2834485737021,640.0,484.49791200483605,546.6271576017828,513.0795990550275,481.79468053365986,485.78735299506343,493.16260435471946,442.9781749519384,398.4894233389225,320.0,389.73885463230465,465.38321858575404,489.79445091247084,505.8083260268591,541.693434713658,589.7927835990015,618.8505694258788,640.0,503.27362626306183,564.9079575889114,602.935199957838,634.2599954963372,451.90327665425764,502.68979824548796,482.38743957186455,465.3304011613701,394.5225494564462,423.10796812939884,400.23173740771085,383.00068513168424,320.0,297.77990474520647,318.4278286129041,371.96284199996967,419.4759423526169,427.0787350729456,496.43274646915415,541.3774460503394,583.5741175363755,464.17086304295174,546.9956423517227,598.0438019655097,640.0,482.7978644452211,543.7763833268734,496.24554292549857,456.4316486014822,484.5726406244472,495.03021274296253,441.8486070026386,397.08956835217606,320.0,393.12885350815577,470.9215678436344,498.687270740654,512.8763660383033,539.4519666573392,588.5029876287992,618.1702653364628,640.0,501.3376277523019,564.2788859637601,603.9166776121051,636.2733732699069,449.42137653640646,497.5104933442217,471.0288521756676,451.00726586755445,391.5782180064835,423.2898371128408,402.93977343894255,388.2413630973116,320.0,297.1795693868814,316.34308651647007,369.0719912925289,416.43866456874997,426.58390933197666,497.4756639193515,542.5864726444308,584.3619521844837,464.1841284211748,547.8549102821163,598.7897892902624,640.0,482.88433578458205,542.8121812659258,495.353359633906,455.4381624244105,485.10561977038486,493.23467047605544,439.88204399625863,395.33362446537603,320.0,391.49825810621155,469.1807554197562,496.4121959334142,511.1046780651403,539.9955640026462,589.8724650760812,619.1710038738495,640.0,501.61585027744104,565.7443871249001,605.1544759595713,636.6673422639648,449.61770115909553,498.35944580626165,470.8764536495638,449.5533791974669,391.682810892668,423.52738272332,402.3453423939854,387.3361453477478,320.0,295.0359713727997,316.1784518853845,372.0599385787832,418.776648467453,424.73596069218104,493.39184117798385,539.2756592237669,582.9365761770669,464.6621760407131,546.674041622673,598.9345857088609,640.0,485.4929694700469,551.7787409495113,519.9838427655818,489.977738825447,489.18368845244436,499.36362289725076,451.77797024801544,409.78908429781336,320.0,391.3640108402374,465.8733948819512,489.1088463145216,506.9288445768463,541.356714984355,589.2432757321742,618.219815925437,640.0,504.1257886486956,567.2921615371523,605.7927239012477,636.1014373907258,453.29418723808413,503.93749129674615,485.01337890962066,468.49066713639445,396.4577131955016,424.9175020798545,404.78941398685794,389.4758576201227,320.0,296.29072208403505,312.733703817571,364.83713739445875,411.55045649591193,423.91516637132355,490.9943948619269,536.3551515037157,579.3191137726774,462.6013619907749,544.9313690854028,597.6832012794814,640.0,481.7900886824584,550.4828159754584,523.2466807332472,496.84672445967107,483.1662297273094,499.88412029850303,450.91102460258503,405.5843758189445,320.0,390.2963987760336,463.6547092464983,489.3641895951505,505.26756235988785,538.6575100119385,586.4263438885973,616.0479769110052,638.8339357717923,501.3097840466793,564.3837878596926,605.966299544524,640.0,449.9708006311358,501.8317928138199,487.5717753779023,474.83987637381153,390.5513878389795,424.1943572793064,404.2997625319771,386.76748634080053
320.0,297.77990474520647,318.4278286129041,371.96284199996967,419.4759423526169,427.0787350729456,496.43274646915415,541.3774460503394,583.5741175363755,464.17086304295174,546.9956423517227,598.0438019655097,640.0,482.7978644452211,543.7763833268734,496.24554292549857,456.4316486014822,484.5726406244472,495.03021274296253,441.8486070026386,397.08956835217606,320.0,393.12885350815577,470.9215678436344,498.687270740654,512.8763660383033,539.4519666573392,588.5029876287992,618.1702653364628,640.0,501.3376277523019,564.2788859637601,603.9166776121051,636.2733732699069,449.42137653640646,497.5104933442217,471.0288521756676,451.00726586755445,391.5782180064835,423.2898371128408,402.93977343894255,388.2413630973116,320.0,297.1795693868814,316.34308651647007,369.0719912925289,416.43866456874997,426.58390933197666,497.4756639193515,542.5864726444308,584.3619521844837,464.1841284211748,547.8549102821163,598.7897892902624,640.0,482.88433578458205,542.8121812659258,495.353359633906,455.4381624244105,485.10561977038486,493.23467047605544,439.88204399625863,395.33362446537603,320.0,391.49825810621155,469.1807554197562,496.4121959334142,511.1046780651403,539.9955640026462,589.8724650760812,619.1710038738495,640.0,501.61585027744104,565.7443871249001,605.1544759595713,636.6673422639648,449.61770115909553,498.35944580626165,470.8764536495638,449.5533791974669,391.682810892668,423.52738272332,402.3453423939854,387.3361453477478,320.0,295.0359713727997,316.1784518853845,372.0599385787832,418.776648467453,424.73596069218104,493.39184117798385,539.2756592237669,582.9365761770669,464.6621760407131,546.674041622673,598.9345857088609,640.0,485.4929694700469,551.7787409495113,519.9838427655818,489.977738825447,489.18368845244436,499.36362289725076,451.77797024801544,409.78908429781336,320.0,391.3640108402374,465.8733948819512,489.1088463145216,506.9288445768463,541.356714984355,589.2432757321742,618.219815925437,640.0,504.1257886486956,567.2921615371523,605.7927239012477,636.1014373907258,453.29418723808413,503.93749129674615,485.01337890962066,468.49066713639445,396.4577131955016,424.9175020798545,404.78941398685794,389.4758576201227,320.0,296.29072208403505,312.733703817571,364.83713739445875,411.55045649591193,423.91516637132355,490.9943948619269,536.3551515037157,579.3191137726774,462.6013619907749,544.9313690854028,597.6832012794814,640.0,481.7900886824584,550.4828159754584,523.2466807332472,496.84672445967107,483.1662297273094,499.88412029850303,450.91102460258503,405.5843758189445,320.0,390.2963987760336,463.6547092464983,489.3641895951505,505.26756235988785,538.6575100119385,586.4263438885973,616.0479769110052,638.8339357717923,501.3097840466793,564.3837878596926,605.966299544524,640.0,449.9708006311358,501.8317928138199,487.5717753779023,474.83987637381153,390.5513878389795,424.1943572793064,404.2997625319771,386.76748634080053,320.0,292.90544066541946,310.7814024750548,364.73920170517937,411.7860490934973,416.784719137734,485.18548268608754,529.5620208869524,571.9755004538958,459.62522721281766,542.1967478333358,595.5228575718911,640.0,480.4177621670723,539.560791308844,536.7805437355462,535.1966960839343,482.07083302394796,481.9661967361194,440.13047322650505,405.241114641262,320.0,385.4422191156601,459.45510276242055,484.19934762195794,499.2115545377271,531.7827623269243,584.8069256040819,615.922201693935,640.0,493.7873659709685,557.5278759310905,599.4085043308442,632.8939592977921,444.25481614694195,490.9900738315853,493.21615818177133,492.0217396903897,389.46285355681846,417.03653644863755,402.1153720966719,386.4641437947983
320.0,297.1795693868814,316.34308651647007,369.0719912925289,416.43866456874997,426.58390933197666,497.4756639193515,542.5864726444308,584.3619521844837,464.1841284211748,547.8549102821163,598.7897892902624,640.0,482.88433578458205,542.8121812659258,495.353359633906,455.4381624244105,485.10561977038486,493.23467047605544,439.88204399625863,395.33362446537603,320.0,391.49825810621155,469.1807554197562,496.4121959334142,511.1046780651403,539.9955640026462,589.8724650760812,619.1710038738495,640.0,501.61585027744104,565.7443871249001,605.1544759595713,636.6673422639648,449.61770115909553,498.35944580626165,470.8764536495638,449.5533791974669,391.682810892668,423.52738272332,402.3453423939854,387.3361453477478,320.0,295.0359713727997,316.1784518853845,372.0599385787832,418.776648467453,424.73596069218104,493.39184117798385,539.2756592237669,582.9365761770669,464.6621760407131,546.674041622673,598.9345857088609,640.0,485.4929694700469,551.7787409495113,519.9838427655818,489.977738825447,489.18368845244436,499.36362289725076,451.77797024801544,409.78908429781336,320.0,391.3640108402374,465.8733948819512,489.1088463145216,506.9288445768463,541.356714984355,589.2432757321742,618.219815925437,640.0,504.1257886486956,567.2921615371523,605.7927239012477,636.1014373907258,453.29418723808413,503.93749129674615,485.01337890962066,468.49066713639445,396.4577131955016,424.9175020798545,404.78941398685794,389.4758576201227,320.0,296.29072208403505,312.733703817571,364.83713739445875,411.55045649591193,423.91516637132355,490.9943948619269,536.3551515037157,579.3191137726774,462.6013619907749,544.9313690854028,597.6832012794814,640.0,481.7900886824584,550.4828159754584,523.2466807332472,496.84672445967107,483.1662297273094,499.88412029850303,450.91102460258503,405.5843758189445,320.0,390.2963987760336,463.6547092464983,489.3641895951505,505.26756235988785,538.6575100119385,586.4263438885973,616.0479769110052,638.8339357717923,501.3097840466793,564.3837878596926,605.966299544524,640.0,449.9708006311358,501.8317928138199,487.5717753779023,474.83987637381153,390.5513878389795,424.1943572793064,404.2997625319771,386.76748634080053,320.0,292.90544066541946,310.7814024750548,364.73920170517937,411.7860490934973,416.784719137734,485.18548268608754,529.5620208869524,571.9755004538958,459.62522721281766,542.1967478333358,595.5228575718911,640.0,480.4177621670723,539.560791308844,536.7805437355462,535.1966960839343,482.07083302394796,481.9661967361194,440.13047322650505,405.241114641262,320.0,385.4422191156601,459.45510276242055,484.19934762195794,499.2115545377271,531.7827623269243,584.8069256040819,615.922201693935,640.0,493.7873659709685,557.5278759310905,599.4085043308442,632.8939592977921,444.25481614694195,490.9900738315853,493.21615818177133,492.0217396903897,389.46285355681846,417.03653644863755,402.1153720966719,386.4641437947983,320.0,292.17984799276525,309.6884581793405,363.4030769022961,411.9826673356783,416.92482651441026,485.3531673776177,531.0150287351671,574.0526504694901,458.55002482399533,541.0082023790435,595.5315721590712,640.0,479.4563756563143,540.7396413335377,533.7333057127328,526.0993505549097,482.2214787897193,482.7677425387407,438.7857353649147,400.79650732149696,320.0,386.0075893936671,460.7111598712456,487.9282724202789,507.89208495679804,533.501442888072,585.6371336442733,616.5660298890007,640.0,496.75477677340683,560.6921346369352,603.4167514271278,637.4677431950915,447.4362508809286,496.3625295093428,495.307579325912,491.27897184698145,392.1063531298016,418.824330847131,401.97960291644983,385.7515861418763
320.0,295.0359713727997,316.1784518853845,372.0599385787832,418.776648467453,424.73596069218104,493.39184117798385,539.2756592237669,582.9365761770669,464.6621760407131,546.674041622673,598.9345857088609,640.0,485.4929694700469,551.7787409495113,519.9838427655818,489.977738825447,489.18368845244436,499.36362289725076,451.77797024801544,409.78908429781336,320.0,391.3640108402374,465.8733948819512,489.1088463145216,506.9288445768463,541.356714984355,589.2432757321742,618.219815925437,640.0,504.1257886486956,567.2921615371523,605.7927239012477,636.1014373907258,453.29418723808413,503.93749129674615,485.01337890962066,468.49066713639445,396.4577131955016,424.9175020798545,404.78941398685794,389.4758576201227,320.0,296.29072208403505,312.733703817571,364.83713739445875,411.55045649591193,423.91516637132355,490.9943948619269,536.3551515037157,579.3191137726774,462.6013619907749,544.9313690854028,597.6832012794814,640.0,481.7900886824584,550.4828159754584,523.2466807332472,496.84672445967107,483.1662297273094,499.88412029850303,450.91102460258503,405.5843758189445,320.0,390.2963987760336,463.6547092464983,489.3641895951505,505.26756235988785,538.6575100119385,586.4263438885973,616.0479769110052,638.8339357717923,501.3097840466793,564.3837878596926,605.966299544524,640.0,449.9708006311358,501.8317928138199,487.5717753779023,474.83987637381153,390.5513878389795,424.1943572793064,404.2997625319771,386.76748634080053,320.0,292.90544066541946,310.7814024750548,364.73920170517937,411.7860490934973,416.784719137734,485.18548268608754,529.5620208869524,571.9755004538958,459.62522721281766,542.1967478333358,595.5228575718911,640.0,480.4177621670723,539.560791308844,536.7805437355462,535.1966960839343,482.07083302394796,481.9661967361194,440.13047322650505,405.241114641262,320.0,385.4422191156601,459.45510276242055,484.19934762195794,499.2115545377271,531.7827623269243,584.8069256040819,615.922201693935,640.0,493.7873659709685,557.5278759310905,599.4085043308442,632.8939592977921,444.25481614694195,490.9900738315853,493.21615818177133,492.0217396903897,389.46285355681846,417.03653644863755,402.1153720966719,386.4641437947983,320.0,292.17984799276525,309.6884581793405,363.4030769022961,411.9826673356783,416.92482651441026,485.3531673776177,531.0150287351671,574.0526504694901,458.55002482399533,541.0082023790435,595.5315721590712,640.0,479.4563756563143,540.7396413335377,533.7333057127328,526.0993505549097,482.2214787897193,482.7677425387407,438.7857353649147,400.79650732149696,320.0,386.0075893936671,460.7111598712456,487.9282724202789,507.89208495679804,533.501442888072,585.6371336442733,616.5660298890007,640.0,496.75477677340683,560.6921346369352,603.4167514271278,637.4677431950915,447.4362508809286,496.3625295093428,495.307579325912,491.27897184698145,392.1063531298016,418.824330847131,401.97960291644983,385.7515861418763,320.0,291.064670257839,308.5908975170841,363.7512302622551,410.2138819531344,415.39158900630105,484.0253349085044,529.8349048113857,572.6067985036652,455.82394469952214,540.516138311838,595.7002681133984,640.0,476.5030269174656,541.6059514410366,532.194731884658,522.9470688873002,479.51984182981073,487.1825437457895,440.36135637312583,399.0364555696409,320.0,383.6049368987426,457.55016303812715,482.52506037912883,500.31817165627047,529.8616857505256,580.7463173075253,611.8892105247917,635.4326435343654,494.8346602262262,559.5541361875141,603.7868214225728,640.0,447.36207206111465,495.74658952038413,494.2092610289646,492.43225548624747,393.56380379823815,419.61491263125583,400.52644808553276,384.50315129822366
320.0,296.29072208403505,312.733703817571,364.83713739445875,411.55045649591193,423.91516637132355,490.9943948619269,536.3551515037157,579.3191137726774,462.6013619907749,544.9313690854028,597.6832012794814,640.0,481.7900886824584,550.4828159754584,523.2466807332472,496.84672445967107,483.1662297273094,499.88412029850303,450.91102460258503,405.5843758189445,320.0,390.2963987760336,463.6547092464983,489.3641895951505,505.26756235988785,538.6575100119385,586.4263438885973,616.0479769110052,638.8339357717923,501.3097840466793,564.3837878596926,605.966299544524,640.0,449.9708006311358,501.8317928138199,487.5717753779023,474.83987637381153,390.5513878389795,424.1943572793064,404.2997625319771,386.76748634080053,320.0,292.90544066541946,310.7814024750548,364.73920170517937,411.7860490934973,416.784719137734,485.18548268608754,529.5620208869524,571.9755004538958,459.62522721281766,542.1967478333358,595.5228575718911,640.0,480.4177621670723,539.560791308844,536.7805437355462,535.1966960839343,482.07083302394796,481.9661967361194,440.13047322650505,405.241114641262,320.0,385.4422191156601,459.45510276242055,484.19934762195794,499.2115545377271,531.7827623269243,584.8069256040819,615.922201693935,640.0,493.7873659709685,557.5278759310905,599.4085043308442,632.8939592977921,444.25481614694195,490.9900738315853,493.21615818177133,492.0217396903897,389.46285355681846,417.03653644863755,402.1153720966719,386.4641437947983,320.0,292.17984799276525,309.6884581793405,363.4030769022961,411.9826673356783,416.92482651441026,485.3531673776177,531.0150287351671,574.0526504694901,458.55002482399533,541.0082023790435,595.5315721590712,640.0,479.4563756563143,540.7396413335377,533.7333057127328,526.0993505549097,482.2214787897193,482.7677425387407,438.7857353649147,400.79650732149696,320.0,386.0075893936671,460.7111598712456,487.9282724202789,507.89208495679804,533.501442888072,585.6371336442733,616.5660298890007,640.0,496.75477677340683,560.6921346369352,603.4167514271278,637.4677431950915,447.4362508809286,496.3625295093428,495.307579325912,491.27897184698145,392.1063531298016,418.824330847131,401.97960291644983,385.7515861418763,320.0,291.064670257839,308.5908975170841,363.7512302622551,410.2138819531344,415.39158900630105,484.0253349085044,529.8349048113857,572.6067985036652,455.82394469952214,540.516138311838,595.7002681133984,640.0,476.5030269174656,541.6059514410366,532.194731884658,522.9470688873002,479.51984182981073,487.1825437457895,440.36135637312583,399.0364555696409,320.0,383.6049368987426,457.55016303812715,482.52506037912883,500.31817165627047,529.8616857505256,580.7463173075253,611.8892105247917,635.4326435343654,494.8346602262262,559.5541361875141,603.7868214225728,640.0,447.36207206111465,495.74658952038413,494.2092610289646,492.43225548624747,393.56380379823815,419.61491263125583,400.52644808553276,384.50315129822366,320.0,290.1490990285468,308.02422874368096,363.77922567275397,411.451294081392,414.4515817180414,481.68407484340815,528.1341078991359,571.3112136643638,454.5647013320647,540.659413373755,596.015800266362,640.0,475.4242003124309,542.0298199621399,526.1524959176518,510.0480847916081,479.4711959564271,486.3676801996679,438.9175679509809,397.32909563009343,320.0,386.347526104716,461.3558825569833,485.122655901267,504.1980994239128,536.5217303964404,585.1402260575087,616.0746140673837,638.9863594201802,500.16087834897525,561.7210250674882,604.8642470678839,640.0,450.9473238680598,500.00787176635663,494.73568500601357,488.3720463065415,396.11969102499506,419.8875108236788,400.1886794656449,385.292475829356
320.0,292.90544066541946,310.7814024750548,364.73920170517937,411.7860490934973,416.784719137734,485.18548268608754,529.5620208869524,571.9755004538958,459.62522721281766,542.1967478333358,595.5228575718911,640.0,480.4177621670723,539.560791308844,536.7805437355462,535.1966960839343,482.07083302394796,481.9661967361194,440.13047322650505,405.241114641262,320.0,385.4422191156601,459.45510276242055,484.19934762195794,499.2115545377271,531.7827623269243,584.8069256040819,615.922201693935,640.0,493.7873659709685,557.5278759310905,599.4085043308442,632.8939592977921,444.25481614694195,490.9900738315853,493.21615818177133,492.0217396903897,389.46285355681846,417.03653644863755,402.1153720966719,386.4641437947983,320.0,292.17984799276525,309.6884581793405,363.4030769022961,411.9826673356783,416.92482651441026,485.3531673776177,531.0150287351671,574.0526504694901,458.55002482399533,541.0082023790435,595.5315721590712,640.0,479.4563756563143,540.7396413335377,533.7333057127328,526.0993505549097,482.2214787897193,482.7677425387407,438.7857353649147,400.79650732149696,320.0,386.0075893936671,460.7111598712456,487.9282724202789,507.89208495679804,533.501442888072,585.6371336442733,616.5660298890007,640.0,496.75477677340683,560.6921346369352,603.4167514271278,637.4677431950915,447.4362508809286,496.3625295093428,495.307579325912,491.27897184698145,392.1063531298016,418.824330847131,401.97960291644983,385.7515861418763,320.0,291.064670257839,308.5908975170841,363.7512302622551,410.2138819531344,415.39158900630105,484.0253349085044,529.8349048113857,572.6067985036652,455.82394469952214,540.516138311838,595.7002681133984,640.0,476.5030269174656,541.6059514410366,532.194731884658,522.9470688873002,479.51984182981073,487.1825437457895,440.36135637312583,399.0364555696409,320.0,383.6049368987426,457.55016303812715,482.52506037912883,500.31817165627047,529.8616857505256,580.7463173075253,611.8892105247917,635.4326435343654,494.8346602262262,559.5541361875141,603.7868214225728,640.0,447.36207206111465,495.74658952038413,494.2092610289646,492.43225548624747,393.56380379823815,419.61491263125583,400.52644808553276,384.50315129822366,320.0,290.1490990285468,308.02422874368096,363.77922567275397,411.451294081392,414.4515817180414,481.68407484340815,528.1341078991359,571.3112136643638,454.5647013320647,540.659413373755,596.015800266362,640.0,475.4242003124309,542.0298199621399,526.1524959176518,510.0480847916081,479.4711959564271,486.3676801996679,438.9175679509809,397.32909563009343,320.0,386.347526104716,461.3558825569833,485.122655901267,504.1980994239128,536.5217303964404,585.1402260575087,616.0746140673837,638.9863594201802,500.16087834897525,561.7210250674882,604.8642470678839,640.0,450.9473238680598,500.00787176635663,494.73568500601357,488.3720463065415,396.11969102499506,419.8875108236788,400.1886794656449,385.292475829356,320.0,290.23184744431603,306.0252725399817,360.0427269042966,408.0455896548743,416.58203801574723,485.33629760896497,532.2176327103487,575.7904625263374,457.61199795787473,540.3599249791705,595.8277713840278,640.0,479.11508118151806,546.034902489958,528.2156430539067,508.50727537121895,483.5750597412823,491.84693722400374,443.79311572152517,399.63547599986913,320.0,383.0663388754753,453.8581548899952,478.2075590233557,505.1903490498868,537.5251921039041,587.1844064111615,618.1512305389579,638.9769994751816,500.3796334881427,564.7527445336873,606.3422120383475,640.0,451.22169917163853,500.8826355759514,490.29795320809603,480.491209466667,397.76503623540225,419.5055382032959,398.24557618770297,383.98518996532175
320.0,292.17984799276525,309.6884581793405,363.4030769022961,411.9826673356783,416.92482651441026,485.3531673776177,531.0150287351671,574.0526504694901,458.55002482399533,541.0082023790435,595.5315721590712,640.0,479.4563756563143,540.7396413335377,533.7333057127328,526.0993505549097,482.2214787897193,482.7677425387407,438.7857353649147,400.79650732149696,320.0,386.0075893936671,460.7111598712456,487.9282724202789,507.89208495679804,533.501442888072,585.6371336442733,616.5660298890007,640.0,496.75477677340683,560.6921346369352,603.4167514271278,637.4677431950915,447.4362508809286,496.3625295093428,495.307579325912,491.27897184698145,392.1063531298016,418.824330847131,401.97960291644983,385.7515861418763,320.0,291.064670257839,308.5908975170841,363.7512302622551,410.2138819531344,415.39158900630105,484.0253349085044,529.8349048113857,572.6067985036652,455.82394469952214,540.516138311838,595.7002681133984,640.0,476.5030269174656,541.6059514410366,532.194731884658,522.9470688873002,479.51984182981073,487.1825437457895,440.36135637312583,399.0364555696409,320.0,383.6049368987426,457.55016303812715,482.52506037912883,500.31817165627047,529.8616857505256,580.7463173075253,611.8892105247917,635.4326435343654,494.8346602262262,559.5541361875141,603.7868214225728,640.0,447.36207206111465,495.74658952038413,494.2092610289646,492.43225548624747,393.56380379823815,419.61491263125583,400.52644808553276,384.50315129822366,320.0,290.1490990285468,308.02422874368096,363.77922567275397,411.451294081392,414.4515817180414,481.68407484340815,528.1341078991359,571.3112136643638,454.5647013320647,540.659413373755,596.015800266362,640.0,475.4242003124309,542.0298199621399,526.1524959176518,510.0480847916081,479.4711959564271,486.3676801996679,438.9175679509809,397.32909563009343,320.0,386.347526104716,461.3558825569833,485.122655901267,504.1980994239128,536.5217303964404,585.1402260575087,616.0746140673837,638.9863594201802,500.16087834897525,561.7210250674882,604.8642470678839,640.0,450.9473238680598,500.00787176635663,494.73568500601357,488.3720463065415,396.11969102499506,419.8875108236788,400.1886794656449,385.292475829356,320.0,290.23184744431603,306.0252725399817,360.0427269042966,408.0455896548743,416.58203801574723,485.33629760896497,532.2176327103487,575.7904625263374,457.61199795787473,540.3599249791705,595.8277713840278,640.0,479.11508118151806,546.034902489958,528.2156430539067,508.50727537121895,483.5750597412823,491.84693722400374,443.79311572152517,399.63547599986913,320.0,383.0663388754753,453.8581548899952,478.2075590233557,505.1903490498868,537.5251921039041,587.1844064111615,618.1512305389579,638.9769994751816,500.3796334881427,564.7527445336873,606.3422120383475,640.0,451.22169917163853,500.8826355759514,490.29795320809603,480.491209466667,397.76503623540225,419.5055382032959,398.24557618770297,383.98518996532175,320.0,292.63709190492364,311.7813628343016,369.7157280319031,418.4354827944937,416.8251240316508,484.7259295687006,531.946961749078,575.1838764328116,455.30322547163235,539.7441143578892,595.7639078367213,640.0,474.8755888622681,543.8978929161824,527.6319503241439,510.17703378419685,478.3375572361988,492.06324683978727,445.1944783010797,402.5767616600973,320.0,384.0367630208351,457.459663581841,481.57154869925466,502.9236120427997,534.9936753311965,586.3083421443072,616.8510123988533,639.1122894605924,499.2468650659311,564.0157742499898,605.9052270566527,640.0,450.61275486074953,499.25465069962956,492.5484024273567,486.41947743104674,395.5556451521338,418.366365506306,398.2059490119776,384.0099211217986
320.0,291.064670257839,308.5908975170841,363.7512302622551,410.2138819531344,415.39158900630105,484.0253349085044,529.8349048113857,572.6067985036652,455.82394469952214,540.516138311838,595.7002681133984,640.0,476.5030269174656,541.6059514410366,532.194731884658,522.9470688873002,479.51984182981073,487.1825437457895,440.36135637312583,399.0364555696409,320.0,383.6049368987426,457.55016303812715,482.52506037912883,500.31817165627047,529.8616857505256,580.7463173075253,611.8892105247917,635.4326435343654,494.8346602262262,559.5541361875141,603.7868214225728,640.0,447.36207206111465,495.74658952038413,494.2092610289646,492.43225548624747,393.56380379823815,419.61491263125583,400.52644808553276,384.50315129822366,320.0,290.1490990285468,308.02422874368096,363.77922567275397,411.451294081392,414.4515817180414,481.68407484340815,528.1341078991359,571.3112136643638,454.5647013320647,540.659413373755,596.015800266362,640.0,475.4242003124309,542.0298199621399,526.1524959176518,510.0480847916081,479.4711959564271,486.3676801996679,438.9175679509809,397.32909563009343,320.0,386.347526104716,461.3558825569833,485.122655901267,504.1980994239128,536.5217303964404,585.1402260575087,616.0746140673837,638.9863594201802,500.16087834897525,561.7210250674882,604.8642470678839,640.0,450.9473238680598,500.00787176635663,494.73568500601357,488.3720463065415,396.11969102499506,419.8875108236788,400.1886794656449,385.292475829356,320.0,290.23184744431603,306.0252725399817,360.0427269042966,408.0455896548743,416.58203801574723,485.33629760896497,532.2176327103487,575.7904625263374,457.61199795787473,540.3599249791705,595.8277713840278,640.0,479.11508118151806,546.034902489958,528.2156430539067,508.50727537121895,483.5750597412823,491.84693722400374,443.79311572152517,399.63547599986913,320.0,383.0663388754753,453.8581548899952,478.2075590233557,505.1903490498868,537.5251921039041,587.1844064111615,618.1512305389579,638.9769994751816,500.3796334881427,564.7527445336873,606.3422120383475,640.0,451.22169917163853,500.8826355759514,490.29795320809603,480.491209466667,397.76503623540225,419.5055382032959,398.24557618770297,383.98518996532175,320.0,292.63709190492364,311.7813628343016,369.7157280319031,418.4354827944937,416.8251240316508,484.7259295687006,531.946961749078,575.1838764328116,455.30322547163235,539.7441143578892,595.7639078367213,640.0,474.8755888622681,543.8978929161824,527.6319503241439,510.17703378419685,478.3375572361988,492.06324683978727,445.1944783010797,402.5767616600973,320.0,384.0367630208351,457.459663581841,481.57154869925466,502.9236120427997,534.9936753311965,586.3083421443072,616.8510123988533,639.1122894605924,499.2468650659311,564.0157742499898,605.9052270566527,640.0,450.61275486074953,499.25465069962956,492.5484024273567,486.41947743104674,395.5556451521338,418.366365506306,398.2059490119776,384.0099211217986,320.0,289.8680943939082,307.8350147745624,366.3838816905125,413.7707519578012,413.09321894696154,481.77922684723626,529.3355608519853,573.1139654391517,452.6133858909072,537.4876507178524,594.8173593998159,640.0,472.8228590621089,540.3664045043599,537.4394836903264,531.7519607033206,476.42466308135477,484.59334518806634,438.3074815412288,396.2959029586078,320.0,382.64026145432825,454.74297644059584,477.51044428256614,497.51725661830335,531.7028226266734,585.8246387422025,616.7220929182424,640.0,496.83884700071565,562.0482483907805,605.2871977140626,639.8175797687381,449.4637188109861,498.17806235350156,500.6178871031849,501.13045347876096,396.6814847957927,415.03316543936126,395.84654732395774,381.1641759159635
320.0,290.1490990285468,308.02422874368096,363.77922567275397,411.451294081392,414.4515817180414,481.68407484340815,528.1341078991359,571.3112136643638,454.5647013320647,540.659413373755,596.015800266362,640.0,475.4242003124309,542.0298199621399,526.1524959176518,510.0480847916081,479.4711959564271,486.3676801996679,438.9175679509809,397.32909563009343,320.0,386.347526104716,461.3558825569833,485.122655901267,504.1980994239128,536.5217303964404,585.1402260575087,616.0746140673837,638.9863594201802,500.16087834897525,561.7210250674882,604.8642470678839,640.0,450.9473238680598,500.00787176635663,494.73568500601357,488.3720463065415,396.11969102499506,419.8875108236788,400.1886794656449,385.292475829356,320.0,290.23184744431603,306.0252725399817,360.0427269042966,408.0455896548743,416.58203801574723,485.33629760896497,532.2176327103487,575.7904625263374,457.61199795787473,540.3599249791705,595.8277713840278,640.0,479.11508118151806,546.034902489958,528.2156430539067,508.50727537121895,483.5750597412823,491.84693722400374,443.79311572152517,399.63547599986913,320.0,383.0663388754753,453.8581548899952,478.2075590233557,505.1903490498868,537.5251921039041,587.1844064111615,618.1512305389579,638.9769994751816,500.3796334881427,564.7527445336873,606.3422120383475,640.0,451.22169917163853,500.8826355759514,490.29795320809603,480.491209466667,397.76503623540225,419.5055382032959,398.24557618770297,383.98518996532175,320.0,292.63709190492364,311.7813628343016,369.7157280319031,418.4354827944937,416.8251240316508,484.7259295687006,531.946961749078,575.1838764328116,455.30322547163235,539.7441143578892,595.7639078367213,640.0,474.8755888622681,543.8978929161824,527.6319503241439,510.17703378419685,478.3375572361988,492.06324683978727,445.1944783010797,402.5767616600973,320.0,384.0367630208351,457.459663581841,481.57154869925466,502.9236120427997,534.9936753311965,586.3083421443072,616.8510123988533,639.1122894605924,499.2468650659311,564.0157742499898,605.9052270566527,640.0,450.61275486074953,499.25465069962956,492.5484024273567,486.41947743104674,395.5556451521338,418.366365506306,398.2059490119776,384.0099211217986,320.0,289.8680943939082,307.8350147745624,366.3838816905125,413.7707519578012,413.09321894696154,481.77922684723626,529.3355608519853,573.1139654391517,452.6133858909072,537.4876507178524,594.8173593998159,640.0,472.8228590621089,540.3664045043599,537.4394836903264,531.7519607033206,476.42466308135477,484.59334518806634,438.3074815412288,396.2959029586078,320.0,382.64026145432825,454.74297644059584,477.51044428256614,497.51725661830335,531.7028226266734,585.8246387422025,616.7220929182424,640.0,496.83884700071565,562.0482483907805,605.2871977140626,639.8175797687381,449.4637188109861,498.17806235350156,500.6178871031849,501.13045347876096,396.6814847957927,415.03316543936126,395.84654732395774,381.1641759159635,320.0,289.67486916798674,304.9959683256068,363.41827749398175,412.8918487455357,411.4387172781302,480.0157892802835,527.2970787443362,570.1300805279486,450.74273480102664,536.4990614329804,594.5124270094375,640.0,470.402249941626,538.1612375480117,537.7047165775657,534.4613691484581,473.6489499735728,481.837337287638,436.4586499348777,395.1170140819334,320.0,382.5319717319037,454.65596880761785,477.2276299031215,495.1241855909954,530.2365085130742,585.8211863588504,616.9118989925928,639.5703690761372,494.8179264238651,560.4008662507069,605.2892789980183,640.0,447.18245060669733,494.88421023591997,499.23098639471425,500.2629834152532,394.30753739269574,413.68845320912783,396.42037988128135,382.28780306130426
320.0,290.23184744431603,306.0252725399817,360.0427269042966,408.0455896548743,416.58203801574723,485.33629760896497,532.2176327103487,575.7904625263374,457.61199795787473,540.3599249791705,595.8277713840278,640.0,479.11508118151806,546.034902489958,528.2156430539067,508.50727537121895,483.5750597412823,491.84693722400374,443.79311572152517,399.63547599986913,320.0,383.0663388754753,453.8581548899952,478.2075590233557,505.1903490498868,537.5251921039041,587.1844064111615,618.1512305389579,638.9769994751816,500.3796334881427,564.7527445336873,606.3422120383475,640.0,451.22169917163853,500.8826355759514,490.29795320809603,480.491209466667,397.76503623540225,419.5055382032959,398.24557618770297,383.98518996532175,320.0,292.63709190492364,311.7813628343016,369.7157280319031,418.4354827944937,416.8251240316508,484.7259295687006,531.946961749078,575.1838764328116,455.30322547163235,539.7441143578892,595.7639078367213,640.0,474.8755888622681,543.8978929161824,527.6319503241439,510.17703378419685,478.3375572361988,492.06324683978727,445.1944783010797,402.5767616600973,320.0,384.0367630208351,457.459663581841,481.57154869925466,502.9236120427997,534.9936753311965,586.3083421443072,616.8510123988533,639.1122894605924,499.2468650659311,564.0157742499898,605.9052270566527,640.0,450.61275486074953,499.25465069962956,492.5484024273567,486.41947743104674,395.5556451521338,418.366365506306,398.2059490119776,384.0099211217986,320.0,289.8680943939082,307.8350147745624,366.3838816905125,413.7707519578012,413.09321894696154,481.77922684723626,529.3355608519853,573.1139654391517,452.6133858909072,537.4876507178524,594.8173593998159,640.0,472.8228590621089,540.3664045043599,537.4394836903264,531.7519607033206,476.42466308135477,484.59334518806634,438.3074815412288,396.2959029586078,320.0,382.64026145432825,454.74297644059584,477.51044428256614,497.51725661830335,531.7028226266734,585.8246387422025,616.7220929182424,640.0,496.83884700071565,562.0482483907805,605.2871977140626,639.8175797687381,449.4637188109861,498.17806235350156,500.6178871031849,501.13045347876096,396.6814847957927,415.03316543936126,395.84654732395774,381.1641759159635,320.0,289.67486916798674,304.9959683256068,363.41827749398175,412.8918487455357,411.4387172781302,480.0157892802835,527.2970787443362,570.1300805279486,450.74273480102664,536.4990614329804,594.5124270094375,640.0,470.402249941626,538.1612375480117,537.7047165775657,534.4613691484581,473.6489499735728,481.837337287638,436.4586499348777,395.1170140819334,320.0,382.5319717319037,454.65596880761785,477.2276299031215,495.1241855909954,530.2365085130742,585.8211863588504,616.9118989925928,639.5703690761372,494.8179264238651,560.4008662507069,605.2892789980183,640.0,447.18245060669733,494.88421023591997,499.23098639471425,500.2629834152532,394.30753739269574,413.68845320912783,396.42037988128135,382.28780306130426,320.0,288.16316301579235,308.9146841652067,369.1228491097234,418.35407337560605,415.80593434007113,483.499872334871,529.7885438808273,572.3811533587941,457.4808493531588,540.092420427497,595.495699691681,640.0,477.91822731615684,540.8088645736034,519.0547609109226,498.75828063482425,479.91782632246316,477.414939280967,424.8836640543317,381.5911836922783,320.0,383.43980934825424,459.75178451897824,482.8764866256255,497.876315020871,533.2714616747487,581.6640933529864,612.0693101375225,635.0624379921562,497.92722821954953,562.2268160272022,604.987066001916,640.0,449.581800349801,497.23691797860965,485.5963424321735,476.579396746783,396.29837407336277,416.03669386961906,392.66564461450866,377.118426600328
320.0,292.63709190492364,311.7813628343016,369.7157280319031,418.4354827944937,416.8251240316508,484.7259295687006,531.946961749078,575.1838764328116,455.30322547163235,539.7441143578892,595.7639078367213,640.0,474.8755888622681,543.8978929161824,527.6319503241439,510.17703378419685,478.3375572361988,492.06324683978727,445.1944783010797,402.5767616600973,320.0,384.0367630208351,457.459663581841,481.57154869925466,502.9236120427997,534.9936753311965,586.3083421443072,616.8510123988533,639.1122894605924,499.2468650659311,564.0157742499898,605.9052270566527,640.0,450.61275486074953,499.25465069962956,492.5484024273567,486.41947743104674,395.5556451521338,418.366365506306,398.2059490119776,384.0099211217986,320.0,289.8680943939082,307.8350147745624,366.3838816905125,413.7707519578012,413.09321894696154,481.77922684723626,529.3355608519853,573.1139654391517,452.6133858909072,537.4876507178524,594.8173593998159,640.0,472.8228590621089,540.3664045043599,537.4394836903264,531.7519607033206,476.42466308135477,484.59334518806634,438.3074815412288,396.2959029586078,320.0,382.64026145432825,454.74297644059584,477.51044428256614,497.51725661830335,531.7028226266734,585.8246387422025,616.7220929182424,640.0,496.83884700071565,562.0482483907805,605.2871977140626,639.8175797687381,449.4637188109861,498.17806235350156,500.6178871031849,501.13045347876096,396.6814847957927,415.03316543936126,395.84654732395774,381.1641759159635,320.0,289.67486916798674,304.9959683256068,363.41827749398175,412.8918487455357,411.4387172781302,480.0157892802835,527.2970787443362,570.1300805279486,450.74273480102664,536.4990614329804,594.5124270094375,640.0,470.402249941626,538.1612375480117,537.7047165775657,534.4613691484581,473.6489499735728,481.837337287638,436.4586499348777,395.1170140819334,320.0,382.5319717319037,454.65596880761785,477.2276299031215,495.1241855909954,530.2365085130742,585.8211863588504,616.9118989925928,639.5703690761372,494.8179264238651,560.4008662507069,605.2892789980183,640.0,447.18245060669733,494.88421023591997,499.23098639471425,500.2629834152532,394.30753739269574,413.68845320912783,396.42037988128135,382.28780306130426,320.0,288.16316301579235,308.9146841652067,369.1228491097234,418.35407337560605,415.80593434007113,483.499872334871,529.7885438808273,572.3811533587941,457.4808493531588,540.092420427497,595.495699691681,640.0,477.91822731615684,540.8088645736034,519.0547609109226,498.75828063482425,479.91782632246316,477.414939280967,424.8836640543317,381.5911836922783,320.0,383.43980934825424,459.75178451897824,482.8764866256255,497.876315020871,533.2714616747487,581.6640933529864,612.0693101375225,635.0624379921562,497.92722821954953,562.2268160272022,604.987066001916,640.0,449.581800349801,497.23691797860965,485.5963424321735,476.579396746783,396.29837407336277,416.03669386961906,392.66564461450866,377.118426600328,320.0,288.1393192587761,309.05379890276924,369.4775929614756,418.4527921943839,415.58331556032607,483.9640655345492,530.2337239857887,572.806886129724,457.63176313316654,541.627515400683,596.5848003005137,640.0,478.96794191618676,542.5514834313504,513.2401724762586,487.2230084131116,482.4831001034937,479.6464056464366,425.67750463154755,382.2549520370675,320.0,383.3633539122511,458.8385292965962,479.89526343332466,497.35926252575416,535.1960242555543,583.6314531741182,614.2779141979895,636.9510753612899,499.0304365487435,563.7859597375365,605.9945033430067,640.0,450.3061220755552,499.6674925070538,481.0649315479567,466.63090058077194,397.6261175377026,417.1614999798724,391.40742963583733,375.83139681691597
320.0,289.8680943939082,307.8350147745624,366.3838816905125,413.7707519578012,413.09321894696154,481.77922684723626,529.3355608519853,573.1139654391517,452.6133858909072,537.4876507178524,594.8173593998159,640.0,472.8228590621089,540.3664045043599,537.4394836903264,531.7519607033206,476.42466308135477,484.59334518806634,438.3074815412288,396.2959029586078,320.0,382.64026145432825,454.74297644059584,477.51044428256614,497.51725661830335,531.7028226266734,585.8246387422025,616.7220929182424,640.0,496.83884700071565,562.0482483907805,605.2871977140626,639.8175797687381,449.4637188109861,498.17806235350156,500.6178871031849,501.13045347876096,396.6814847957927,415.03316543936126,395.84654732395774,381.1641759159635,320.0,289.67486916798674,304.9959683256068,363.41827749398175,412.8918487455357,411.4387172781302,480.0157892802835,527.2970787443362,570.1300805279486,450.74273480102664,536.4990614329804,594.5124270094375,640.0,470.402249941626,538.1612375480117,537.7047165775657,534.4613691484581,473.6489499735728,481.837337287638,436.4586499348777,395.1170140819334,320.0,382.5319717319037,454.65596880761785,477.2276299031215,495.1241855909954,530.2365085130742,585.8211863588504,616.9118989925928,639.5703690761372,494.8179264238651,560.4008662507069,605.2892789980183,640.0,447.18245060669733,494.88421023591997,499.23098639471425,500.2629834152532,394.30753739269574,413.68845320912783,396.42037988128135,382.28780306130426,320.0,288.16316301579235,308.9146841652067,369.1228491097234,418.35407337560605,415.80593434007113,483.499872334871,529.7885438808273,572.3811533587941,457.4808493531588,540.092420427497,595.495699691681,640.0,477.91822731615684,540.8088645736034,519.0547609109226,498.75828063482425,479.91782632246316,477.414939280967,424.8836640543317,381.5911836922783,320.0,383.43980934825424,459.75178451897824,482.8764866256255,497.876315020871,533.2714616747487,581.6640933529864,612.0693101375225,635.0624379921562,497.92722821954953,562.2268160272022,604.987066001916,640.0,449.581800349801,497.23691797860965,485.5963424321735,476.579396746783,396.29837407336277,416.03669386961906,392.66564461450866,377.118426600328,320.0,288.1393192587761,309.05379890276924,369.4775929614756,418.4527921943839,415.58331556032607,483.9640655345492,530.2337239857887,572.806886129724,457.63176313316654,541.627515400683,596.5848003005137,640.0,478.96794191618676,542.5514834313504,513.2401724762586,487.2230084131116,482.4831001034937,479.6464056464366,425.67750463154755,382.2549520370675,320.0,383.3633539122511,458.8385292965962,479.89526343332466,497.35926252575416,535.1960242555543,583.6314531741182,614.2779141979895,636.9510753612899,499.0304365487435,563.7859597375365,605.9945033430067,640.0,450.3061220755552,499.6674925070538,481.0649315479567,466.63090058077194,397.6261175377026,417.1614999798724,391.40742963583733,375.83139681691597,320.0,291.9656832059253,311.89961232133464,368.4073386314268,416.31714271923965,418.996439319793,489.3146630612498,536.0824402521139,578.7728183544542,458.81886478446273,544.8662237904571,598.3292499052936,640.0,478.1675595256842,544.8156714910513,508.3925171807525,474.9220722253766,479.9656039088069,490.0752229004513,438.33966827913156,393.6062996227706,320.0,382.20223460785985,454.5885551138923,478.5997270242596,500.69492985381464,534.8793499158381,583.836991260938,614.2266105060663,636.6848055922771,499.32865127631396,564.5422621312202,605.6536640050215,640.0,450.77359608847667,497.84900987025185,476.2796545016725,460.62308462586634,396.8157075072844,418.224808730708,394.705815015472,381.05126592781835
320.0,289.67486916798674,304.9959683256068,363.41827749398175,412.8918487455357,411.4387172781302,480.0157892802835,527.2970787443362,570.1300805279486,450.74273480102664,536.4990614329804,594.5124270094375,640.0,470.402249941626,538.1612375480117,537.7047165775657,534.4613691484581,473.6489499735728,481.837337287638,436.4586499348777,395.1170140819334,320.0,382.5319717319037,454.65596880761785,477.2276299031215,495.1241855909954,530.2365085130742,585.8211863588504,616.9118989925928,639.5703690761372,494.8179264238651,560.4008662507069,605.2892789980183,640.0,447.18245060669733,494.88421023591997,499.23098639471425,500.2629834152532,394.30753739269574,413.68845320912783,396.42037988128135,382.28780306130426,320.0,288.16316301579235,308.9146841652067,369.1228491097234,418.35407337560605,415.80593434007113,483.499872334871,529.7885438808273,572.3811533587941,457.4808493531588,540.092420427497,595.495699691681,640.0,477.91822731615684,540.8088645736034,519.0547609109226,498.75828063482425,479.91782632246316,477.414939280967,424.8836640543317,381.5911836922783,320.0,383.43980934825424,459.75178451897824,482.8764866256255,497.876315020871,533.2714616747487,581.6640933529864,612.0693101375225,635.0624379921562,497.92722821954953,562.2268160272022,604.987066001916,640.0,449.581800349801,497.23691797860965,485.5963424321735,476.579396746783,396.29837407336277,416.03669386961906,392.66564461450866,377.118426600328,320.0,288.1393192587761,309.05379890276924,369.4775929614756,418.4527921943839,415.58331556032607,483.9640655345492,530.2337239857887,572.806886129724,457.63176313316654,541.627515400683,596.5848003005137,640.0,478.96794191618676,542.5514834313504,513.2401724762586,487.2230084131116,482.4831001034937,479.6464056464366,425.67750463154755,382.2549520370675,320.0,383.3633539122511,458.8385292965962,479.89526343332466,497.35926252575416,535.1960242555543,583.6314531741182,614.2779141979895,636.9510753612899,499.0304365487435,563.7859597375365,605.9945033430067,640.0,450.3061220755552,499.6674925070538,481.0649315479567,466.63090058077194,397.6261175377026,417.1614999798724,391.40742963583733,375.83139681691597,320.0,291.9656832059253,311.89961232133464,368.4073386314268,416.31714271923965,418.996439319793,489.3146630612498,536.0824402521139,578.7728183544542,458.81886478446273,544.8662237904571,598.3292499052936,640.0,478.1675595256842,544.8156714910513,508.3925171807525,474.9220722253766,479.9656039088069,490.0752229004513,438.33966827913156,393.6062996227706,320.0,382.20223460785985,454.5885551138923,478.5997270242596,500.69492985381464,534.8793499158381,583.836991260938,614.2266105060663,636.6848055922771,499.32865127631396,564.5422621312202,605.6536640050215,640.0,450.77359608847667,497.84900987025185,476.2796545016725,460.62308462586634,396.8157075072844,418.224808730708,394.705815015472,381.05126592781835,320.0,304.4101229377554,336.4649607293485,388.45482002670514,430.7055682674951,422.83561775952705,490.82562141849826,543.9901918196194,591.0782594999885,451.53565981535905,528.0678345416172,587.2625717899009,640.0,463.2506188584448,525.9364404192548,567.7824435428267,604.8395374226388,460.9967275990062,501.6446975094205,527.2132698457582,548.6494559240251,320.0,387.65188396132044,450.0058616029905,476.8282058931925,494.81946613783543,513.2326214001158,573.1761815341956,609.8707288394378,640.0,497.8268545655569,559.3701760235867,596.1716361594215,627.644021691441,476.0273775469016,529.7937207139222,561.0629508081641,585.5943560134081,446.55502711430125,481.91509450518595,505.5278777136238,523.3734753689827
320.0,288.16316301579235,308.9146841652067,369.1228491097234,418.35407337560605,415.80593434007113,483.499872334871,529.7885438808273,572.3811533587941,457.4808493531588,540.092420427497,595.495699691681,640.0,477.91822731615684,540.8088645736034,519.0547609109226,498.75828063482425,479.91782632246316,477.414939280967,424.8836640543317,381.5911836922783,320.0,383.43980934825424,459.75178451897824,482.8764866256255,497.876315020871,533.2714616747487,581.6640933529864,612.0693101375225,635.0624379921562,497.92722821954953,562.2268160272022,604.987066001916,640.0,449.581800349801,497.23691797860965,485.5963424321735,476.579396746783,396.29837407336277,416.03669386961906,392.66564461450866,377.118426600328,320.0,288.1393192587761,309.05379890276924,369.4775929614756,418.4527921943839,415.58331556032607,483.9640655345492,530.2337239857887,572.806886129724,457.63176313316654,541.627515400683,596.5848003005137,640.0,478.96794191618676,542.5514834313504,513.2401724762586,487.2230084131116,482.4831001034937,479.6464056464366,425.67750463154755,382.2549520370675,320.0,383.3633539122511,458.8385292965962,479.89526343332466,497.35926252575416,535.1960242555543,583.6314531741182,614.2779141979895,636.9510753612899,499.0304365487435,563.7859597375365,605.9945033430067,640.0,450.3061220755552,499.6674925070538,481.0649315479567,466.63090058077194,397.6261175377026,417.1614999798724,391.40742963583733,375.83139681691597,320.0,291.9656832059253,311.89961232133464,368.4073386314268,416.31714271923965,418.996439319793,489.3146630612498,536.0824402521139,578.7728183544542,458.81886478446273,544.8662237904571,598.3292499052936,640.0,478.1675595256842,544.8156714910513,508.3925171807525,474.9220722253766,479.9656039088069,490.0752229004513,438.33966827913156,393.6062996227706,320.0,382.20223460785985,454.5885551138923,478.5997270242596,500.69492985381464,534.8793499158381,583.836991260938,614.2266105060663,636.6848055922771,499.32865127631396,564.5422621312202,605.6536640050215,640.0,450.77359608847667,497.84900987025185,476.2796545016725,460.62308462586634,396.8157075072844,418.224808730708,394.705815015472,381.05126592781835,320.0,304.4101229377554,336.4649607293485,388.45482002670514,430.7055682674951,422.83561775952705,490.82562141849826,543.9901918196194,591.0782594999885,451.53565981535905,528.0678345416172,587.2625717899009,640.0,463.2506188584448,525.9364404192548,567.7824435428267,604.8395374226388,460.9967275990062,501.6446975094205,527.2132698457582,548.6494559240251,320.0,387.65188396132044,450.0058616029905,476.8282058931925,494.81946613783543,513.2326214001158,573.1761815341956,609.8707288394378,640.0,497.8268545655569,559.3701760235867,596.1716361594215,627.644021691441,476.0273775469016,529.7937207139222,561.0629508081641,585.5943560134081,446.55502711430125,481.91509450518595,505.5278777136238,523.3734753689827,320.0,140.8512327779601,69.48479941467929,81.51107428946477,190.95210376531222,341.70489721918864,437.5086426261963,474.2320086506959,515.5489372232773,461.82320947272717,594.0120399610503,618.5256158510015,640.0,559.4256110091941,560.6334375218554,405.7351961738962,305.44410671343496,625.4380813531238,525.3831860168602,404.1785873757942,334.2238098568439,320.0,364.8654487308862,434.4566280370076,489.30237070440296,515.928683972777,493.0057593677429,551.7665208273602,586.1446364426181,613.7348577308836,486.42374359769485,562.7484198335683,607.8408131198207,640.0,466.0362920724456,532.4982697643155,517.0150381084951,493.61771276268615,436.6996025005479,476.80053219364436,456.9792986720279,428.03925967567716
320.0,288.1393192587761,309.05379890276924,369.4775929614756,418.4527921943839,415.58331556032607,483.9640655345492,530.2337239857887,572.806886129724,457.63176313316654,541.627515400683,596.5848003005137,640.0,478.96794191618676,542.5514834313504,513.2401724762586,487.2230084131116,482.4831001034937,479.6464056464366,425.67750463154755,382.2549520370675,320.0,383.3633539122511,458.8385292965962,479.89526343332466,497.35926252575416,535.1960242555543,583.6314531741182,614.2779141979895,636.9510753612899,499.0304365487435,563.7859597375365,605.9945033430067,640.0,450.3061220755552,499.6674925070538,481.0649315479567,466.63090058077194,397.6261175377026,417.1614999798724,391.40742963583733,375.83139681691597,320.0,291.9656832059253,311.89961232133464,368.4073386314268,416.31714271923965,418.996439319793,489.3146630612498,536.0824402521139,578.7728183544542,458.81886478446273,544.8662237904571,598.3292499052936,640.0,478.1675595256842,544.8156714910513,508.3925171807525,474.9220722253766,479.9656039088069,490.0752229004513,438.33966827913156,393.6062996227706,320.0,382.20223460785985,454.5885551138923,478.5997270242596,500.69492985381464,534.8793499158381,583.836991260938,614.2266105060663,636.6848055922771,499.32865127631396,564.5422621312202,605.6536640050215,640.0,450.77359608847667,497.84900987025185,476.2796545016725,460.62308462586634,396.8157075072844,418.224808730708,394.705815015472,381.05126592781835,320.0,304.4101229377554,336.4649607293485,388.45482002670514,430.7055682674951,422.83561775952705,490.82562141849826,543.9901918196194,591.0782594999885,451.53565981535905,528.0678345416172,587.2625717899009,640.0,463.2506188584448,525.9364404192548,567.7824435428267,604.8395374226388,460.9967275990062,501.6446975094205,527.2132698457582,548.6494559240251,320.0,387.65188396132044,450.0058616029905,476.8282058931925,494.81946613783543,513.2326214001158,573.1761815341956,609.8707288394378,640.0,497.8268545655569,559.3701760235867,596.1716361594215,627.644021691441,476.0273775469016,529.7937207139222,561.0629508081641,585.5943560134081,446.55502711430125,481.91509450518595,505.5278777136238,523.3734753689827,320.0,140.8512327779601,69.48479941467929,81.51107428946477,190.95210376531222,341.70489721918864,437.5086426261963,474.2320086506959,515.5489372232773,461.82320947272717,594.0120399610503,618.5256158510015,640.0,559.4256110091941,560.6334375218554,405.7351961738962,305.44410671343496,625.4380813531238,525.3831860168602,404.1785873757942,334.2238098568439,320.0,364.8654487308862,434.4566280370076,489.30237070440296,515.928683972777,493.0057593677429,551.7665208273602,586.1446364426181,613.7348577308836,486.42374359769485,562.7484198335683,607.8408131198207,640.0,466.0362920724456,532.4982697643155,517.0150381084951,493.61771276268615,436.6996025005479,476.80053219364436,456.9792986720279,428.03925967567716,320.0,128.4796874250447,50.624967950149426,67.11001052613585,181.92091778641264,342.755950795691,451.7714731241671,492.98178575977585,538.1441468564128,467.8513945613678,607.8765051023363,626.1274241404161,640.0,568.2240385182686,558.3206264291476,395.27754205629634,295.10798800825546,637.2862529989011,535.9717376836215,400.7826725136622,320.2461428521803,320.0,366.54323978029214,436.69721657579635,491.1475625848982,514.9253089278551,493.76259518991264,554.8683731468259,589.5261846675154,617.1622323115079,486.44339762184813,561.8415637660723,607.896659533546,640.0,465.5400168499252,528.3061734327965,512.5183490001466,491.0476601404964,436.1838558080461,478.65314280386974,461.59449038019125,435.8095316836081
320.0,291.9656832059253,311.89961232133464,368.4073386314268,416.31714271923965,418.996439319793,489.3146630612498,536.0824402521139,578.7728183544542,458.81886478446273,544.8662237904571,598.3292499052936,640.0,478.1675595256842,544.8156714910513,508.3925171807525,474.9220722253766,479.9656039088069,490.0752229004513,438.33966827913156,393.6062996227706,320.0,382.20223460785985,454.5885551138923,478.5997270242596,500.69492985381464,534.8793499158381,583.836991260938,614.2266105060663,636.6848055922771,499.32865127631396,564.5422621312202,605.6536640050215,640.0,450.77359608847667,497.84900987025185,476.2796545016725,460.62308462586634,396.8157075072844,418.224808730708,394.705815015472,381.05126592781835,320.0,304.4101229377554,336.4649607293485,388.45482002670514,430.7055682674951,422.83561775952705,490.82562141849826,543.9901918196194,591.0782594999885,451.53565981535905,528.0678345416172,587.2625717899009,640.0,463.2506188584448,525.9364404192548,567.7824435428267,604.8395374226388,460.9967275990062,501.6446975094205,527.2132698457582,548.6494559240251,320.0,387.65188396132044,450.0058616029905,476.8282058931925,494.81946613783543,513.2326214001158,573.1761815341956,609.8707288394378,640.0,497.8268545655569,559.3701760235867,596.1716361594215,627.644021691441,476.0273775469016,529.7937207139222,561.0629508081641,585.5943560134081,446.55502711430125,481.91509450518595,505.5278777136238,523.3734753689827,320.0,140.8512327779601,69.48479941467929,81.51107428946477,190.95210376531222,341.70489721918864,437.5086426261963,474.2320086506959,515.5489372232773,461.82320947272717,594.0120399610503,618.5256158510015,640.0,559.4256110091941,560.6334375218554,405.7351961738962,305.44410671343496,625.4380813531238,525.3831860168602,404.1785873757942,334.2238098568439,320.0,364.8654487308862,434.4566280370076,489.30237070440296,515.928683972777,493.0057593677429,551.7665208273602,586.1446364426181,613.7348577308836,486.42374359769485,562.7484198335683,607.8408131198207,640.0,466.0362920724456,532.4982697643155,517.0150381084951,493.61771276268615,436.6996025005479,476.80053219364436,456.9792986720279,428.03925967567716,320.0,128.4796874250447,50.624967950149426,67.11001052613585,181.92091778641264,342.755950795691,451.7714731241671,492.98178575977585,538.1441468564128,467.8513945613678,607.8765051023363,626.1274241404161,640.0,568.2240385182686,558.3206264291476,395.27754205629634,295.10798800825546,637.2862529989011,535.9717376836215,400.7826725136622,320.2461428521803,320.0,366.54323978029214,436.69721657579635,491.1475625848982,514.9253089278551,493.76259518991264,554.8683731468259,589.5261846675154,617.1622323115079,486.44339762184813,561.8415637660723,607.896659533546,640.0,465.5400168499252,528.3061734327965,512.5183490001466,491.0476601404964,436.1838558080461,478.65314280386974,461.59449038019125,435.8095316836081,320.0,116.32961811850194,28.11877689816123,41.261476597539456,175.4293673371135,325.9812209374088,444.3634206651586,500.4899684519704,554.1756943871651,453.4475684383989,583.3588560578008,613.281995393859,640.0,544.5380141179334,486.7503072613116,347.6916003151878,262.5713311302946,590.5697540213062,458.47728255229583,349.949533682333,286.3384103841161,320.0,376.5172445601924,448.08773198154233,497.6008340716555,517.1745393620467,503.47475796261693,560.6116182234359,594.8627879188325,623.4921087124876,491.5423160505162,558.4374714414123,604.4435596496385,640.0,466.9118025000697,513.8353008814815,502.015578776652,484.20921297358984,435.55063960510313,466.4086822397227,455.89615293029885,438.1571306905332
320.0,304.4101229377554,336.4649607293485,388.45482002670514,430.7055682674951,422.83561775952705,490.82562141849826,543.9901918196194,591.0782594999885,451.53565981535905,528.0678345416172,587.2625717899009,640.0,463.2506188584448,525.9364404192548,567.7824435428267,604.8395374226388,460.9967275990062,501.6446975094205,527.2132698457582,548.6494559240251,320.0,387.65188396132044,450.0058616029905,476.8282058931925,494.81946613783543,513.2326214001158,573.1761815341956,609.8707288394378,640.0,497.8268545655569,559.3701760235867,596.1716361594215,627.644021691441,476.0273775469016,529.7937207139222,561.0629508081641,585.5943560134081,446.55502711430125,481.91509450518595,505.5278777136238,523.3734753689827,320.0,140.8512327779601,69.48479941467929,81.51107428946477,190.95210376531222,341.70489721918864,437.5086426261963,474.2320086506959,515.5489372232773,461.82320947272717,594.0120399610503,618.5256158510015,640.0,559.4256110091941,560.6334375218554,405.7351961738962,305.44410671343496,625.4380813531238,525.3831860168602,404.1785873757942,334.2238098568439,320.0,364.8654487308862,434.4566280370076,489.30237070440296,515.928683972777,493.0057593677429,551.7665208273602,586.1446364426181,613.7348577308836,486.42374359769485,562.7484198335683,607.8408131198207,640.0,466.0362920724456,532.4982697643155,517.0150381084951,493.61771276268615,436.6996025005479,476.80053219364436,456.9792986720279,428.03925967567716,320.0,128.4796874250447,50.624967950149426,67.11001052613585,181.92091778641264,342.755950795691,451.7714731241671,492.98178575977585,538.1441468564128,467.8513945613678,607.8765051023363,626.1274241404161,640.0,568.2240385182686,558.3206264291476,395.27754205629634,295.10798800825546,637.2862529989011,535.9717376836215,400.7826725136622,320.2461428521803,320.0,366.54323978029214,436.69721657579635,491.1475625848982,514.9253089278551,493.76259518991264,554.8683731468259,589.5261846675154,617.1622323115079,486.44339762184813,561.8415637660723,607.896659533546,640.0,465.5400168499252,528.3061734327965,512.5183490001466,491.0476601404964,436.1838558080461,478.65314280386974,461.59449038019125,435.8095316836081,320.0,116.32961811850194,28.11877689816123,41.261476597539456,175.4293673371135,325.9812209374088,444.3634206651586,500.4899684519704,554.1756943871651,453.4475684383989,583.3588560578008,613.281995393859,640.0,544.5380141179334,486.7503072613116,347.6916003151878,262.5713311302946,590.5697540213062,458.47728255229583,349.949533682333,286.3384103841161,320.0,376.5172445601924,448.08773198154233,497.6008340716555,517.1745393620467,503.47475796261693,560.6116182234359,594.8627879188325,623.4921087124876,491.5423160505162,558.4374714414123,604.4435596496385,640.0,466.9118025000697,513.8353008814815,502.015578776652,484.20921297358984,435.55063960510313,466.4086822397227,455.89615293029885,438.1571306905332,320.0,194.30788757819747,140.67631885453147,146.46919181714568,206.66501800911337,359.4221169231057,456.1568544237981,510.9845684092769,566.5455969531561,449.4715220411733,560.6147984438129,603.4521016873256,640.0,516.905880636673,491.1269094457936,373.31340381994477,297.1994717014692,561.3814398085269,487.103852163785,389.7355308846348,325.6820332472339,320.0,369.73350540728126,440.6515974039787,493.7435886189969,527.8952468775047,499.62218438154804,556.2725888174595,591.4198841899934,620.4639549303681,488.77592923769555,561.7741364961607,607.8312651930734,640.0,466.21227156251405,521.8354603179129,507.8857338343507,489.47865760391045,436.32603554123796,475.6792450968245,463.62142561877,443.9957675949084
320.0,140.8512327779601,69.48479941467929,81.51107428946477,190.95210376531222,341.70489721918864,437.5086426261963,474.2320086506959,515.5489372232773,461.82320947272717,594.0120399610503,618.5256158510015,640.0,559.4256110091941,560.6334375218554,405.7351961738962,305.44410671343496,625.4380813531238,525.3831860168602,404.1785873757942,334.2238098568439,320.0,364.8654487308862,434.4566280370076,489.30237070440296,515.928683972777,493.0057593677429,551.7665208273602,586.1446364426181,613.7348577308836,486.42374359769485,562.7484198335683,607.8408131198207,640.0,466.0362920724456,532.4982697643155,517.0150381084951,493.61771276268615,436.6996025005479,476.80053219364436,456.9792986720279,428.03925967567716,320.0,128.4796874250447,50.624967950149426,67.11001052613585,181.92091778641264,342.755950795691,451.7714731241671,492.98178575977585,538.1441468564128,467.8513945613678,607.8765051023363,626.1274241404161,640.0,568.2240385182686,558.3206264291476,395.27754205629634,295.10798800825546,637.2862529989011,535.9717376836215,400.7826725136622,320.2461428521803,320.0,366.54323978029214,436.69721657579635,491.1475625848982,514.9253089278551,493.76259518991264,554.8683731468259,589.5261846675154,617.1622323115079,486.44339762184813,561.8415637660723,607.896659533546,640.0,465.5400168499252,528.3061734327965,512.5183490001466,491.0476601404964,436.1838558080461,478.65314280386974,461.59449038019125,435.8095316836081,320.0,116.32961811850194,28.11877689816123,41.261476597539456,175.4293673371135,325.9812209374088,444.3634206651586,500.4899684519704,554.1756943871651,453.4475684383989,583.3588560578008,613.281995393859,640.0,544.5380141179334,486.7503072613116,347.6916003151878,262.5713311302946,590.5697540213062,458.47728255229583,349.949533682333,286.3384103841161,320.0,376.5172445601924,448.08773198154233,497.6008340716555,517.1745393620467,503.47475796261693,560.6116182234359,594.8627879188325,623.4921087124876,491.5423160505162,558.4374714414123,604.4435596496385,640.0,466.9118025000697,513.8353008814815,502.015578776652,484.20921297358984,435.55063960510313,466.4086822397227,455.89615293029885,438.1571306905332,320.0,194.30788757819747,140.67631885453147,146.46919181714568,206.66501800911337,359.4221169231057,456.1568544237981,510.9845684092769,566.5455969531561,449.4715220411733,560.6147984438129,603.4521016873256,640.0,516.905880636673,491.1269094457936,373.31340381994477,297.1994717014692,561.3814398085269,487.103852163785,389.7355308846348,325.6820332472339,320.0,369.73350540728126,440.6515974039787,493.7435886189969,527.8952468775047,499.62218438154804,556.2725888174595,591.4198841899934,620.4639549303681,488.77592923769555,561.7741364961607,607.8312651930734,640.0,466.21227156251405,521.8354603179129,507.8857338343507,489.47865760391045,436.32603554123796,475.6792450968245,463.62142561877,443.9957675949084,320.0,188.42237056106006,137.96160086209477,151.77836182037697,224.60621227088134,367.6577483760888,474.4749942626795,531.6661059059479,587.375053132577,460.9740792847806,576.0535137346465,612.054974506341,640.0,530.9287913710699,524.0828648686403,398.624064816755,313.88870595982877,570.8605102722981,489.3596032767584,381.2410412987298,308.07320621426646,320.0,368.75393584483936,437.15591974575904,491.80559531156405,522.5329789122627,494.74549263932033,555.4760363483643,591.0863373956005,619.2492574823923,484.9191907447869,560.5571972060759,607.7253238140372,640.0,463.5133200184559,527.938287074596,517.5180142353713,499.82699862831885,434.66655679987366,478.8787029621108,465.8020926604165,442.6658026880119
320.0,128.4796874250447,50.624967950149426,67.11001052613585,181.92091778641264,342.755950795691,451.7714731241671,492.98178575977585,538.1441468564128,467.8513945613678,607.8765051023363,626.1274241404161,640.0,568.2240385182686,558.3206264291476,395.27754205629634,295.10798800825546,637.2862529989011,535.9717376836215,400.7826725136622,320.2461428521803,320.0,366.54323978029214,436.69721657579635,491.1475625848982,514.9253089278551,493.76259518991264,554.8683731468259,589.5261846675154,617.1622323115079,486.44339762184813,561.8415637660723,607.896659533546,640.0,465.5400168499252,528.3061734327965,512.5183490001466,491.0476601404964,436.1838558080461,478.65314280386974,461.59449038019125,435.8095316836081,320.0,116.32961811850194,28.11877689816123,41.261476597539456,175.4293673371135,325.9812209374088,444.3634206651586,500.4899684519704,554.1756943871651,453.4475684383989,583.3588560578008,613.281995393859,640.0,544.5380141179334,486.7503072613116,347.6916003151878,262.5713311302946,590.5697540213062,458.47728255229583,349.949533682333,286.3384103841161,320.0,376.5172445601924,448.08773198154233,497.6008340716555,517.1745393620467,503.47475796261693,560.6116182234359,594.8627879188325,623.4921087124876,491.5423160505162,558.4374714414123,604.4435596496385,640.0,466.9118025000697,513.8353008814815,502.015578776652,484.20921297358984,435.55063960510313,466.4086822397227,455.89615293029885,438.1571306905332,320.0,194.30788757819747,140.67631885453147,146.46919181714568,206.66501800911337,359.4221169231057,456.1568544237981,510.9845684092769,566.5455969531561,449.4715220411733,560.6147984438129,603.4521016873256,640.0,516.905880636673,491.1269094457936,373.31340381994477,297.1994717014692,561.3814398085269,487.103852163785,389.7355308846348,325.6820332472339,320.0,369.73350540728126,440.6515974039787,493.7435886189969,527.8952468775047,499.62218438154804,556.2725888174595,591.4198841899934,620.4639549303681,488.77592923769555,561.7741364961607,607.8312651930734,640.0,466.21227156251405,521.8354603179129,507.8857338343507,489.47865760391045,436.32603554123796,475.6792450968245,463.62142561877,443.9957675949084,320.0,188.42237056106006,137.96160086209477,151.77836182037697,224.60621227088134,367.6577483760888,474.4749942626795,531.6661059059479,587.375053132577,460.9740792847806,576.0535137346465,612.054974506341,640.0,530.9287913710699,524.0828648686403,398.624064816755,313.88870595982877,570.8605102722981,489.3596032767584,381.2410412987298,308.07320621426646,320.0,368.75393584483936,437.15591974575904,491.80559531156405,522.5329789122627,494.74549263932033,555.4760363483643,591.0863373956005,619.2492574823923,484.9191907447869,560.5571972060759,607.7253238140372,640.0,463.5133200184559,527.938287074596,517.5180142353713,499.82699862831885,434.66655679987366,478.8787029621108,465.8020926604165,442.6658026880119,320.0,202.74876489476384,159.73216807807827,180.06883153568114,256.3629969965469,353.3016654464538,449.6704272282336,507.76574218727484,564.6597911994788,435.08609706745375,548.3492537485516,597.4631486103985,640.0,497.3488905670819,494.4908253443018,382.75902621247843,309.70720655801966,531.0165045801218,480.4780159915142,380.0959260262759,306.46612900436395,320.0,373.2186956193598,444.1752083580416,498.1611532199808,521.1188045154125,497.736230040216,558.9357944560049,591.1193436047828,616.6081100604858,487.6160476123732,559.6112691241954,606.6098567100454,640.0,466.3545698605915,525.5723554970943,509.0965422807793,487.91503951525084,439.12898683543756,489.2156853443164,478.53678206773117,455.4643780525936
320.0,116.32961811850194,28.11877689816123,41.261476597539456,175.4293673371135,325.9812209374088,444.3634206651586,500.4899684519704,554.1756943871651,453.4475684383989,583.3588560578008,613.281995393859,640.0,544.5380141179334,486.7503072613116,347.6916003151878,262.5713311302946,590.5697540213062,458.47728255229583,349.949533682333,286.3384103841161,320.0,376.5172445601924,448.08773198154233,497.6008340716555,517.1745393620467,503.47475796261693,560.6116182234359,594.8627879188325,623.4921087124876,491.5423160505162,558.4374714414123,604.4435596496385,640.0,466.9118025000697,513.8353008814815,502.015578776652,484.20921297358984,435.55063960510313,466.4086822397227,455.89615293029885,438.1571306905332,320.0,194.30788757819747,140.67631885453147,146.46919181714568,206.66501800911337,359.4221169231057,456.1568544237981,510.9845684092769,566.5455969531561,449.4715220411733,560.6147984438129,603.4521016873256,640.0,516.905880636673,491.1269094457936,373.31340381994477,297.1994717014692,561.3814398085269,487.103852163785,389.7355308846348,325.6820332472339,320.0,369.73350540728126,440.6515974039787,493.7435886189969,527.8952468775047,499.62218438154804,556.2725888174595,591.4198841899934,620.4639549303681,488.77592923769555,561.7741364961607,607.8312651930734,640.0,466.21227156251405,521.8354603179129,507.8857338343507,489.47865760391045,436.32603554123796,475.6792450968245,463.62142561877,443.9957675949084,320.0,188.42237056106006,137.96160086209477,151.77836182037697,224.60621227088134,367.6577483760888,474.4749942626795,531.6661059059479,587.375053132577,460.9740792847806,576.0535137346465,612.054974506341,640.0,530.9287913710699,524.0828648686403,398.624064816755,313.88870595982877,570.8605102722981,489.3596032767584,381.2410412987298,308.07320621426646,320.0,368.75393584483936,437.15591974575904,491.80559531156405,522.5329789122627,494.74549263932033,555.4760363483643,591.0863373956005,619.2492574823923,484.9191907447869,560.5571972060759,607.7253238140372,640.0,463.5133200184559,527.938287074596,517.5180142353713,499.82699862831885,434.66655679987366,478.8787029621108,465.8020926604165,442.6658026880119,320.0,202.74876489476384,159.73216807807827,180.06883153568114,256.3629969965469,353.3016654464538,449.6704272282336,507.76574218727484,564.6597911994788,435.08609706745375,548.3492537485516,597.4631486103985,640.0,497.3488905670819,494.4908253443018,382.75902621247843,309.70720655801966,531.0165045801218,480.4780159915142,380.0959260262759,306.46612900436395,320.0,373.2186956193598,444.1752083580416,498.1611532199808,521.1188045154125,497.736230040216,558.9357944560049,591.1193436047828,616.6081100604858,487.6160476123732,559.6112691241954,606.6098567100454,640.0,466.3545698605915,525.5723554970943,509.0965422807793,487.91503951525084,439.12898683543756,489.2156853443164,478.53678206773117,455.4643780525936,320.0,177.25915870662115,106.4182681227636,107.90095229869283,198.08809416931425,335.21458798848755,428.4090885497014,491.18039277078515,555.7341602949622,429.4498111223737,530.1298868478302,587.6671484980523,640.0,498.5139522783454,433.4714491027015,318.3112176741455,248.818801639251,530.2225047785188,425.88687772846885,332.71137912434034,275.14089726942376,320.0,369.63409390215895,443.4603299523434,498.0485370252836,524.5839939630198,510.9855092050694,564.3354487244533,593.375044352814,618.135250171599,499.27262036968034,562.8013291612174,606.26522254846,640.0,474.57951142265574,515.82030814586,498.1665301769702,478.81120335241,444.0158781444325,474.2751071692182,459.4745802154183,439.64672454061565
320.0,194.30788757819747,140.67631885453147,146.46919181714568,206.66501800911337,359.4221169231057,456.1568544237981,510.9845684092769,566.5455969531561,449.4715220411733,560.6147984438129,603.4521016873256,640.0,516.905880636673,491.1269094457936,373.31340381994477,297.1994717014692,561.3814398085269,487.103852163785,389.7355308846348,325.6820332472339,320.0,369.73350540728126,440.6515974039787,493.7435886189969,527.8952468775047,499.62218438154804,556.2725888174595,591.4198841899934,620.4639549303681,488.77592923769555,561.7741364961607,607.8312651930734,640.0,466.21227156251405,521.8354603179129,507.8857338343507,489.47865760391045,436.32603554123796,475.6792450968245,463.62142561877,443.9957675949084,320.0,188.42237056106006,137.96160086209477,151.77836182037697,224.60621227088134,367.6577483760888,474.4749942626795,531.6661059059479,587.375053132577,460.9740792847806,576.0535137346465,612.054974506341,640.0,530.9287913710699,524.0828648686403,398.624064816755,313.88870595982877,570.8605102722981,489.3596032767584,381.2410412987298,308.07320621426646,320.0,368.75393584483936,437.15591974575904,491.80559531156405,522.5329789122627,494.74549263932033,555.4760363483643,591.0863373956005,619.2492574823923,484.9191907447869,560.5571972060759,607.7253238140372,640.0,463.5133200184559,527.938287074596,517.5180142353713,499.82699862831885,434.66655679987366,478.8787029621108,465.8020926604165,442.6658026880119,320.0,202.74876489476384,159.73216807807827,180.06883153568114,256.3629969965469,353.3016654464538,449.6704272282336,507.76574218727484,564.6597911994788,435.08609706745375,548.3492537485516,597.4631486103985,640.0,497.3488905670819,494.4908253443018,382.75902621247843,309.70720655801966,531.0165045801218,480.4780159915142,380.0959260262759,306.46612900436395,320.0,373.2186956193598,444.1752083580416,498.1611532199808,521.1188045154125,497.736230040216,558.9357944560049,591.1193436047828,616.6081100604858,487.6160476123732,559.6112691241954,606.6098567100454,640.0,466.3545698605915,525.5723554970943,509.0965422807793,487.91503951525084,439.12898683543756,489.2156853443164,478.53678206773117,455.4643780525936,320.0,177.25915870662115,106.4182681227636,107.90095229869283,198.08809416931425,335.21458798848755,428.4090885497014,491.18039277078515,555.7341602949622,429.4498111223737,530.1298868478302,587.6671484980523,640.0,498.5139522783454,433.4714491027015,318.3112176741455,248.818801639251,530.2225047785188,425.88687772846885,332.71137912434034,275.14089726942376,320.0,369.63409390215895,443.4603299523434,498.0485370252836,524.5839939630198,510.9855092050694,564.3354487244533,593.375044352814,618.135250171599,499.27262036968034,562.8013291612174,606.26522254846,640.0,474.57951142265574,515.82030814586,498.1665301769702,478.81120335241,444.0158781444325,474.2751071692182,459.4745802154183,439.64672454061565,320.0,189.67637103332746,140.93740328589655,155.8373398069673,241.88728332491678,372.92284977802655,458.1623397562652,500.7285434120837,544.2970408272947,462.21733319542386,580.5396560780567,613.2369913826847,640.0,528.1786982560533,503.60121441478714,382.2509831121711,311.7426933318731,567.1432899932465,499.85487864978495,405.6740509088844,350.5384189487646,320.0,369.6257627490747,440.99859157547905,492.36056730029543,514.226681102059,502.6767856052109,555.0565804231647,586.465916746265,613.0607959590344,492.3602132023643,562.0296893410326,606.9130184989612,640.0,467.6665566012264,522.1151331718056,497.6563143185695,471.9626851600213,433.1121224541465,476.22963604929396,459.45410492452845,435.74654024190204
320.0,188.42237056106006,137.96160086209477,151.77836182037697,224.60621227088134,367.6577483760888,474.4749942626795,531.6661059059479,587.375053132577,460.9740792847806,576.0535137346465,612.054974506341,640.0,530.9287913710699,524.0828648686403,398.624064816755,313.88870595982877,570.8605102722981,489.3596032767584,381.2410412987298,308.07320621426646,320.0,368.75393584483936,437.15591974575904,491.80559531156405,522.5329789122627,494.74549263932033,555.4760363483643,591.0863373956005,619.2492574823923,484.9191907447869,560.5571972060759,607.7253238140372,640.0,463.5133200184559,527.938287074596,517.5180142353713,499.82699862831885,434.66655679987366,478.8787029621108,465.8020926604165,442.6658026880119,320.0,202.74876489476384,159.73216807807827,180.06883153568114,256.3629969965469,353.3016654464538,449.6704272282336,507.76574218727484,564.6597911994788,435.08609706745375,548.3492537485516,597.4631486103985,640.0,497.3488905670819,494.4908253443018,382.75902621247843,309.70720655801966,531.0165045801218,480.4780159915142,380.0959260262759,306.46612900436395,320.0,373.2186956193598,444.1752083580416,498.1611532199808,521.1188045154125,497.736230040216,558.9357944560049,591.1193436047828,616.6081100604858,487.6160476123732,559.6112691241954,606.6098567100454,640.0,466.3545698605915,525.5723554970943,509.0965422807793,487.91503951525084,439.12898683543756,489.2156853443164,478.53678206773117,455.4643780525936,320.0,177.25915870662115,106.4182681227636,107.90095229869283,198.08809416931425,335.21458798848755,428.4090885497014,491.18039277078515,555.7341602949622,429.4498111223737,530.1298868478302,587.6671484980523,640.0,498.5139522783454,433.4714491027015,318.3112176741455,248.818801639251,530.2225047785188,425.88687772846885,332.71137912434034,275.14089726942376,320.0,369.63409390215895,443.4603299523434,498.0485370252836,524.5839939630198,510.9855092050694,564.3354487244533,593.375044352814,618.135250171599,499.27262036968034,562.8013291612174,606.26522254846,640.0,474.57951142265574,515.82030814586,498.1665301769702,478.81120335241,444.0158781444325,474.2751071692182,459.4745802154183,439.64672454061565,320.0,189.67637103332746,140.93740328589655,155.8373398069673,241.88728332491678,372.92284977802655,458.1623397562652,500.7285434120837,544.2970408272947,462.21733319542386,580.5396560780567,613.2369913826847,640.0,528.1786982560533,503.60121441478714,382.2509831121711,311.7426933318731,567.1432899932465,499.85487864978495,405.6740509088844,350.5384189487646,320.0,369.6257627490747,440.99859157547905,492.36056730029543,514.226681102059,502.6767856052109,555.0565804231647,586.465916746265,613.0607959590344,492.3602132023643,562.0296893410326,606.9130184989612,640.0,467.6665566012264,522.1151331718056,497.6563143185695,471.9626851600213,433.1121224541465,476.22963604929396,459.45410492452845,435.74654024190204,320.0,198.81226169686212,155.00993181343296,151.0054614430555,197.0354006559866,382.3913414369979,492.4287644946776,540.2942086466778,585.3665837897315,462.4486051179223,579.2039443542404,612.0394972175203,640.0,516.721079176547,486.8604159438098,359.6849884119258,284.5338143646112,541.3397385638456,475.60851670733837,382.8143626942608,327.4194346093314,320.0,370.8039141210676,436.6776837386827,487.44569188983166,516.2501099466017,498.99351739404835,557.264815125478,591.8012086079978,621.1243233186217,488.0522841006963,559.4666482081294,606.3745176953958,640.0,464.73103919874666,523.5769735332351,503.2488333535775,479.98839581129346,433.426817888527,477.23188956268916,459.91836947040235,434.3875318459368
320.0,202.74876489476384,159.73216807807827,180.06883153568114,256.3629969965469,353.3016654464538,449.6704272282336,507.76574218727484,564.6597911994788,435.08609706745375,548.3492537485516,597.4631486103985,640.0,497.3488905670819,494.4908253443018,382.75902621247843,309.70720655801966,531.0165045801218,480.4780159915142,380.0959260262759,306.46612900436395,320.0,373.2186956193598,444.1752083580416,498.1611532199808,521.1188045154125,497.736230040216,558.9357944560049,591.1193436047828,616.6081100604858,487.6160476123732,559.6112691241954,606.6098567100454,640.0,466.3545698605915,525.5723554970943,509.0965422807793,487.91503951525084,439.12898683543756,489.2156853443164,478.53678206773117,455.4643780525936,320.0,177.25915870662115,106.4182681227636,107.90095229869283,198.08809416931425,335.21458798848755,428.4090885497014,491.18039277078515,555.7341602949622,429.4498111223737,530.1298868478302,587.6671484980523,640.0,498.5139522783454,433.4714491027015,318.3112176741455,248.818801639251,530.2225047785188,425.88687772846885,332.71137912434034,275.14089726942376,320.0,369.63409390215895,443.4603299523434,498.0485370252836,524.5839939630198,510.9855092050694,564.3354487244533,593.375044352814,618.135250171599,499.27262036968034,562.8013291612174,606.26522254846,640.0,474.57951142265574,515.82030814586,498.1665301769702,478.81120335241,444.0158781444325,474.2751071692182,459.4745802154183,439.64672454061565,320.0,189.67637103332746,140.93740328589655,155.8373398069673,241.88728332491678,372.92284977802655,458.1623397562652,500.7285434120837,544.2970408272947,462.21733319542386,580.5396560780567,613.2369913826847,640.0,528.1786982560533,503.60121441478714,382.2509831121711,311.7426933318731,567.1432899932465,499.85487864978495,405.6740509088844,350.5384189487646,320.0,369.6257627490747,440.99859157547905,492.36056730029543,514.226681102059,502.6767856052109,555.0565804231647,586.465916746265,613.0607959590344,492.3602132023643,562.0296893410326,606.9130184989612,640.0,467.6665566012264,522.1151331718056,497.6563143185695,471.9626851600213,433.1121224541465,476.22963604929396,459.45410492452845,435.74654024190204,320.0,198.81226169686212,155.00993181343296,151.0054614430555,197.0354006559866,382.3913414369979,492.4287644946776,540.2942086466778,585.3665837897315,462.4486051179223,579.2039443542404,612.0394972175203,640.0,516.721079176547,486.8604159438098,359.6849884119258,284.5338143646112,541.3397385638456,475.60851670733837,382.8143626942608,327.4194346093314,320.0,370.8039141210676,436.6776837386827,487.44569188983166,516.2501099466017,498.99351739404835,557.264815125478,591.8012086079978,621.1243233186217,488.0522841006963,559.4666482081294,606.3745176953958,640.0,464.73103919874666,523.5769735332351,503.2488333535775,479.98839581129346,433.426817888527,477.23188956268916,459.91836947040235,434.3875318459368,320.0,194.52554833816532,149.48634200643448,148.18708943447464,202.93808947117327,379.0645528276267,477.499969417838,525.2598872129864,569.8491687768359,460.6441826611374,574.5014495944805,610.0685040429619,640.0,518.609367927875,494.06326837682116,365.4530441484091,284.34682618322387,549.803295533781,478.4149877059709,381.7555384295448,322.53354863175406,320.0,370.1589238448275,437.08183721828027,487.31569997495285,512.0109591115443,499.68336725041013,557.0993217905223,590.7054091684836,618.9613935186469,487.29111944841725,558.187555932363,605.2708854139842,640.0,462.11756129834833,524.3341842315747,510.7374201980264,490.76183345020524,429.4423645198764,471.80341565432667,456.67406635597655,433.04013660152214
320.0,177.25915870662115,106.4182681227636,107.90095229869283,198.08809416931425,335.21458798848755,428.4090885497014,491.18039277078515,555.7341602949622,429.4498111223737,530.1298868478302,587.6671484980523,640.0,498.5139522783454,433.4714491027015,318.3112176741455,248.818801639251,530.2225047785188,425.88687772846885,332.71137912434034,275.14089726942376,320.0,369.63409390215895,443.4603299523434,498.0485370252836,524.5839939630198,510.9855092050694,564.3354487244533,593.375044352814,618.135250171599,499.27262036968034,562.8013291612174,606.26522254846,640.0,474.57951142265574,515.82030814586,498.1665301769702,478.81120335241,444.0158781444325,474.2751071692182,459.4745802154183,439.64672454061565,320.0,189.67637103332746,140.93740328589655,155.8373398069673,241.88728332491678,372.92284977802655,458.1623397562652,500.7285434120837,544.2970408272947,462.21733319542386,580.5396560780567,613.2369913826847,640.0,528.1786982560533,503.60121441478714,382.2509831121711,311.7426933318731,567.1432899932465,499.85487864978495,405.6740509088844,350.5384189487646,320.0,369.6257627490747,440.99859157547905,492.36056730029543,514.226681102059,502.6767856052109,555.0565804231647,586.465916746265,613.0607959590344,492.3602132023643,562.0296893410326,606.9130184989612,640.0,467.6665566012264,522.1151331718056,497.6563143185695,471.9626851600213,433.1121224541465,476.22963604929396,459.45410492452845,435.74654024190204,320.0,198.81226169686212,155.00993181343296,151.0054614430555,197.0354006559866,382.3913414369979,492.4287644946776,540.2942086466778,585.3665837897315,462.4486051179223,579.2039443542404,612.0394972175203,640.0,516.721079176547,486.8604159438098,359.6849884119258,284.5338143646112,541.3397385638456,475.60851670733837,382.8143626942608,327.4194346093314,320.0,370.8039141210676,436.6776837386827,487.44569188983166,516.2501099466017,498.99351739404835,557.264815125478,591.8012086079978,621.1243233186217,488.0522841006963,559.4666482081294,606.3745176953958,640.0,464.73103919874666,523.5769735332351,503.2488333535775,479.98839581129346,433.426817888527,477.23188956268916,459.91836947040235,434.3875318459368,320.0,194.52554833816532,149.48634200643448,148.18708943447464,202.93808947117327,379.0645528276267,477.499969417838,525.2598872129864,569.8491687768359,460.6441826611374,574.5014495944805,610.0685040429619,640.0,518.609367927875,494.06326837682116,365.4530441484091,284.34682618322387,549.803295533781,478.4149877059709,381.7555384295448,322.53354863175406,320.0,370.1589238448275,437.08183721828027,487.31569997495285,512.0109591115443,499.68336725041013,557.0993217905223,590.7054091684836,618.9613935186469,487.29111944841725,558.187555932363,605.2708854139842,640.0,462.11756129834833,524.3341842315747,510.7374201980264,490.76183345020524,429.4423645198764,471.80341565432667,456.67406635597655,433.04013660152214,320.0,186.00163222575156,162.12419667606505,189.94882044327062,245.1151956410531,450.8504847900829,526.9040198912643,396.2709875441665,309.83013907229616,525.8019867470882,551.5044695861142,406.7528653175821,336.9562653913416,590.7052975956791,523.6545677337997,379.92520313596725,333.98121750716774,640.0,546.3832209096208,429.9799231473881,384.8539728993421,320.0,399.48944057772866,488.8598209738618,557.650086943755,605.5218231118981,561.206384745615,640.0,633.2207729047473,601.3668751175691,547.1243410397464,633.162688053148,616.7493588184825,576.5805181756034,523.4265474382562,590.3066201131417,549.6751194042861,501.2985130094468,489.3188105910799,546.9655023697335,523.0152736548953,485.5546736282845
320.0,189.67637103332746,140.93740328589655,155.8373398069673,241.88728332491678,372.92284977802655,458.1623397562652,500.7285434120837,544.2970408272947,462.21733319542386,580.5396560780567,613.2369913826847,640.0,528.1786982560533,503.60121441478714,382.2509831121711,311.7426933318731,567.1432899932465,499.85487864978495,405.6740509088844,350.5384189487646,320.0,369.6257627490747,440.99859157547905,492.36056730029543,514.226681102059,502.6767856052109,555.0565804231647,586.465916746265,613.0607959590344,492.3602132023643,562.0296893410326,606.9130184989612,640.0,467.6665566012264,522.1151331718056,497.6563143185695,471.9626851600213,433.1121224541465,476.22963604929396,459.45410492452845,435.74654024190204,320.0,198.81226169686212,155.00993181343296,151.0054614430555,197.0354006559866,382.3913414369979,492.4287644946776,540.2942086466778,585.3665837897315,462.4486051179223,579.2039443542404,612.0394972175203,640.0,516.721079176547,486.8604159438098,359.6849884119258,284.5338143646112,541.3397385638456,475.60851670733837,382.8143626942608,327.4194346093314,320.0,370.8039141210676,436.6776837386827,487.44569188983166,516.2501099466017,498.99351739404835,557.264815125478,591.8012086079978,621.1243233186217,488.0522841006963,559.4666482081294,606.3745176953958,640.0,464.73103919874666,523.5769735332351,503.2488333535775,479.98839581129346,433.426817888527,477.23188956268916,459.91836947040235,434.3875318459368,320.0,194.52554833816532,149.48634200643448,148.18708943447464,202.93808947117327,379.0645528276267,477.499969417838,525.2598872129864,569.8491687768359,460.6441826611374,574.5014495944805,610.0685040429619,640.0,518.609367927875,494.06326837682116,365.4530441484091,284.34682618322387,549.803295533781,478.4149877059709,381.7555384295448,322.53354863175406,320.0,370.1589238448275,437.08183721828027,487.31569997495285,512.0109591115443,499.68336725041013,557.0993217905223,590.7054091684836,618.9613935186469,487.29111944841725,558.187555932363,605.2708854139842,640.0,462.11756129834833,524.3341842315747,510.7374201980264,490.76183345020524,429.4423645198764,471.80341565432667,456.67406635597655,433.04013660152214,320.0,186.00163222575156,162.12419667606505,189.94882044327062,245.1151956410531,450.8504847900829,526.9040198912643,396.2709875441665,309.83013907229616,525.8019867470882,551.5044695861142,406.7528653175821,336.9562653913416,590.7052975956791,523.6545677337997,379.92520313596725,333.98121750716774,640.0,546.3832209096208,429.9799231473881,384.8539728993421,320.0,399.48944057772866,488.8598209738618,557.650086943755,605.5218231118981,561.206384745615,640.0,633.2207729047473,601.3668751175691,547.1243410397464,633.162688053148,616.7493588184825,576.5805181756034,523.4265474382562,590.3066201131417,549.6751194042861,501.2985130094468,489.3188105910799,546.9655023697335,523.0152736548953,485.5546736282845,320.0,175.6725153168292,148.14546444082276,178.9786661820103,244.1078996006551,429.10361416586966,508.89108043607155,391.79190762926567,313.6095278672439,508.1192850524233,550.9319206792339,412.114422598493,338.11502444634465,579.9161186971087,536.4565860130956,392.42354992903955,333.052351824761,640.0,564.1304639293514,442.6234607443249,382.25355273964914,320.0,400.6234559132119,494.99464987310614,567.2483395114034,617.1987190411061,560.9561768049332,639.608257890588,640.0,615.005246757067,548.819732177639,637.3176297830327,627.9261206987446,591.9813012843554,527.0387763847791,597.6167170865303,565.1952139179498,518.3296262944486,494.76848850571827,553.3787786471016,536.0067881488561,501.11839655087374
320.0,198.81226169686212,155.00993181343296,151.0054614430555,197.0354006559866,382.3913414369979,492.4287644946776,540.2942086466778,585.3665837897315,462.4486051179223,579.2039443542404,612.0394972175203,640.0,516.721079176547,486.8604159438098,359.6849884119258,284.5338143646112,541.3397385638456,475.60851670733837,382.8143626942608,327.4194346093314,320.0,370.8039141210676,436.6776837386827,487.44569188983166,516.2501099466017,498.99351739404835,557.264815125478,591.8012086079978,621.1243233186217,488.0522841006963,559.4666482081294,606.3745176953958,640.0,464.73103919874666,523.5769735332351,503.2488333535775,479.98839581129346,433.426817888527,477.23188956268916,459.91836947040235,434.3875318459368,320.0,194.52554833816532,149.48634200643448,148.18708943447464,202.93808947117327,379.0645528276267,477.499969417838,525.2598872129864,569.8491687768359,460.6441826611374,574.5014495944805,610.0685040429619,640.0,518.609367927875,494.06326837682116,365.4530441484091,284.34682618322387,549.803295533781,478.4149877059709,381.7555384295448,322.53354863175406,320.0,370.1589238448275,437.08183721828027,487.31569997495285,512.0109591115443,499.68336725041013,557.0993217905223,590.7054091684836,618.9613935186469,487.29111944841725,558.187555932363,605.2708854139842,640.0,462.11756129834833,524.3341842315747,510.7374201980264,490.76183345020524,429.4423645198764,471.80341565432667,456.67406635597655,433.04013660152214,320.0,186.00163222575156,162.12419667606505,189.94882044327062,245.1151956410531,450.8504847900829,526.9040198912643,396.2709875441665,309.83013907229616,525.8019867470882,551.5044695861142,406.7528653175821,336.9562653913416,590.7052975956791,523.6545677337997,379.92520313596725,333.98121750716774,640.0,546.3832209096208,429.9799231473881,384.8539728993421,320.0,399.48944057772866,488.8598209738618,557.650086943755,605.5218231118981,561.206384745615,640.0,633.2207729047473,601.3668751175691,547.1243410397464,633.162688053148,616.7493588184825,576.5805181756034,523.4265474382562,590.3066201131417,549.6751194042861,501.2985130094468,489.3188105910799,546.9655023697335,523.0152736548953,485.5546736282845,320.0,175.6725153168292,148.14546444082276,178.9786661820103,244.1078996006551,429.10361416586966,508.89108043607155,391.79190762926567,313.6095278672439,508.1192850524233,550.9319206792339,412.114422598493,338.11502444634465,579.9161186971087,536.4565860130956,392.42354992903955,333.052351824761,640.0,564.1304639293514,442.6234607443249,382.25355273964914,320.0,400.6234559132119,494.99464987310614,567.2483395114034,617.1987190411061,560.9561768049332,639.608257890588,640.0,615.005246757067,548.819732177639,637.3176297830327,627.9261206987446,591.9813012843554,527.0387763847791,597.6167170865303,565.1952139179498,518.3296262944486,494.76848850571827,553.3787786471016,536.0067881488561,501.11839655087374,320.0,241.7599726583106,163.58318783294823,78.43522322854827,0.0,293.5344334400749,142.61211207120726,124.72660539552578,150.86335842131462,303.73478561292194,130.3195262755121,129.60198524440352,160.26129144903524,293.4992458745997,137.6737274598233,137.28000713261463,161.5943771221386,274.2378578380748,157.02593745588553,147.48368785895255,160.9902446635412,320.0,287.7029773424083,308.2111614376349,340.3340889218567,363.17314027839365,503.0647688745678,566.8131549362979,492.159666964837,460.86629635133033,566.9690638891635,600.0924229409226,523.7400388706783,489.7964054982533,597.0164889583239,616.3213514635113,552.7855168539259,526.0697694932071,615.8365750231916,640.0,588.6824639723986,554.902317144716
