320.0,269.8040165711154,182.83711484415983,107.39512888916676,78.22637097065669,109.27706994858892,0.0,25.429257728514642,73.38460441394969,103.35991966467034,48.88623622533356,91.38151564555943,132.50187309088813,120.7805733856008,105.59680534214311,142.23909333609453,174.22638660009827,149.493498640727,150.59576500743862,181.68530314767185,207.57516051924912,320.0,550.8113751901126,624.9984879288156,536.2972577430185,409.53933702852623,632.3726273174974,580.8034506126647,491.609174850614,478.9923645923699,430.6996805887586,313.5236556362729,265.01658863496397,293.5270550371837,234.60175135369002,144.42526946874426,133.98902037653883,169.4893614203315,51.534917807342254,3.6406259312482234,0.0,25.34063542308195,320.0,197.81459060541022,114.93076310691504,106.58601102592482,117.82432902721831,129.7549711506722,78.03373496855176,37.57244444842746,0.0,211.01702282106544,176.952561040637,143.28731480942116,109.99380146464671,294.8794123489761,247.09524684360125,216.1874676070517,192.89417830572373,374.36423191185236,318.97671889866217,284.1943322982526,261.61033467610036,320.0,344.24677543457716,397.240005729046,442.15507027893364,471.90536178368984,460.82993256655107,525.8712177239579,562.9847040915522,595.4737607642946,471.12314197753426,556.7418013280491,602.3569107788954,640.0,465.7050812478893,500.2206971452305,453.6446075940321,416.7174030902287,448.6261976151821,460.04932954638315,423.27588373317053,392.9473217735088,320.0,199.19041715891427,123.15599794312118,126.7832134215713,153.2191173192984,129.02707592534054,76.85827784470564,37.50086310247832,0.0,207.55492172352461,179.87842272938497,144.72636373833353,110.34764456784421,287.90732974302125,244.2802308016146,213.24152156590827,193.22482763442912,363.7492297629782,311.3149311630251,279.5279667053667,260.64453725325103,320.0,344.4167877074066,396.7127380653001,444.0838708704139,477.6607620462327,460.9035309818646,525.7625771666756,560.9576086206687,591.5015588953703,472.191096391099,555.1136967636169,601.3295641171242,640.0,467.92122140883953,493.6230538706844,446.6993292363295,410.6296818306779,451.89500074037824,459.52535821199604,422.4576896887936,391.78271809193024,320.0,197.29031407999955,122.54432605021583,152.83155968309276,204.98581139923505,143.6138417600506,72.8677905024374,29.649625528936326,0.0,228.59937733318384,164.20190937436382,110.45937458128802,74.24125172431098,315.59764567569914,244.66919273868692,218.3340973362731,217.20811577991583,398.7529520023331,323.9010128016198,294.64616656353246,290.1946897322355,320.0,349.04594435582965,422.51102696543785,488.1629388628154,537.5222322048758,472.9001614331272,526.3677826023529,558.5094149645448,588.7866197711537,483.43720350781086,557.047850916639,601.7939382489935,640.0,479.31204723647335,504.81710796537556,444.5461967358846,400.87944156659887,466.2475816491036,475.972607792073,429.2001470935279,393.55163599602963,320.0,161.89225821444518,81.18020078393585,112.58162602334784,159.2519363039878,86.40273936493304,0.31371877404342285,0.0,28.207700440251415,182.01185782270937,85.50540958029745,63.26711464719921,66.36080599354725,285.83981390228735,203.3930179311718,191.8691971815038,199.46150514959237,390.1827936993162,303.6948360670325,274.72153306218587,268.6237843049308,320.0,373.1032958021634,468.45610353832774,556.3977937764271,616.345867395226,547.432118516851,625.447821490447,582.6653070941192,526.3742513753166,558.6562563785793,640.0,602.0875423582331,551.0350750958378,553.5238610788414,572.7302441022288,490.33196527462337,426.64458477877247,534.1476476134454,544.0307931569373,483.4151890694655,434.8686945021727
320.0,197.81459060541022,114.93076310691504,106.58601102592482,117.82432902721831,129.7549711506722,78.03373496855176,37.57244444842746,0.0,211.01702282106544,176.952561040637,143.28731480942116,109.99380146464671,294.8794123489761,247.09524684360125,216.1874676070517,192.89417830572373,374.36423191185236,318.97671889866217,284.1943322982526,261.61033467610036,320.0,344.24677543457716,397.240005729046,442.15507027893364,471.90536178368984,460.82993256655107,525.8712177239579,562.9847040915522,595.4737607642946,471.12314197753426,556.7418013280491,602.3569107788954,640.0,465.7050812478893,500.2206971452305,453.6446075940321,416.7174030902287,448.6261976151821,460.04932954638315,423.27588373317053,392.9473217735088,320.0,199.19041715891427,123.15599794312118,126.7832134215713,153.2191173192984,129.02707592534054,76.85827784470564,37.50086310247832,0.0,207.55492172352461,179.87842272938497,144.72636373833353,110.34764456784421,287.90732974302125,244.2802308016146,213.24152156590827,193.22482763442912,363.7492297629782,311.3149311630251,279.5279667053667,260.64453725325103,320.0,344.4167877074066,396.7127380653001,444.0838708704139,477.6607620462327,460.9035309818646,525.7625771666756,560.9576086206687,591.5015588953703,472.191096391099,555.1136967636169,601.3295641171242,640.0,467.92122140883953,493.6230538706844,446.6993292363295,410.6296818306779,451.89500074037824,459.52535821199604,422.4576896887936,391.78271809193024,320.0,197.29031407999955,122.54432605021583,152.83155968309276,204.98581139923505,143.6138417600506,72.8677905024374,29.649625528936326,0.0,228.59937733318384,164.20190937436382,110.45937458128802,74.24125172431098,315.59764567569914,244.66919273868692,218.3340973362731,217.20811577991583,398.7529520023331,323.9010128016198,294.64616656353246,290.1946897322355,320.0,349.04594435582965,422.51102696543785,488.1629388628154,537.5222322048758,472.9001614331272,526.3677826023529,558.5094149645448,588.7866197711537,483.43720350781086,557.047850916639,601.7939382489935,640.0,479.31204723647335,504.81710796537556,444.5461967358846,400.87944156659887,466.2475816491036,475.972607792073,429.2001470935279,393.55163599602963,320.0,161.89225821444518,81.18020078393585,112.58162602334784,159.2519363039878,86.40273936493304,0.31371877404342285,0.0,28.207700440251415,182.01185782270937,85.50540958029745,63.26711464719921,66.36080599354725,285.83981390228735,203.3930179311718,191.8691971815038,199.46150514959237,390.1827936993162,303.6948360670325,274.72153306218587,268.6237843049308,320.0,373.1032958021634,468.45610353832774,556.3977937764271,616.345867395226,547.432118516851,625.447821490447,582.6653070941192,526.3742513753166,558.6562563785793,640.0,602.0875423582331,551.0350750958378,553.5238610788414,572.7302441022288,490.33196527462337,426.64458477877247,534.1476476134454,544.0307931569373,483.4151890694655,434.8686945021727,320.0,160.67904519358476,77.90664130876723,120.49288856516728,175.06372115172974,75.43447031096133,0.0,16.736234721199594,54.67954396400097,180.40973818245791,87.46370495685741,80.59437819009642,99.51969543089635,288.11561978290695,210.61504247791044,200.82603871708653,213.11548856223953,396.417557087914,312.4630857799394,285.6147938839827,283.604055417587,320.0,363.87903249402297,461.25541526879067,550.9237847405362,612.9670678790666,532.4202121905358,613.1230433146394,561.7899418847562,499.3109821903307,544.5622613119913,640.0,586.0337548438245,520.5199465179675,540.8583110650343,573.7071395733298,482.60683094294535,414.9639292231866,524.5738011804207,540.9748621667308,476.91889324433413,428.82142115262144
320.0,199.19041715891427,123.15599794312118,126.7832134215713,153.2191173192984,129.02707592534054,76.85827784470564,37.50086310247832,0.0,207.55492172352461,179.87842272938497,144.72636373833353,110.34764456784421,287.90732974302125,244.2802308016146,213.24152156590827,193.22482763442912,363.7492297629782,311.3149311630251,279.5279667053667,260.64453725325103,320.0,344.4167877074066,396.7127380653001,444.0838708704139,477.6607620462327,460.9035309818646,525.7625771666756,560.9576086206687,591.5015588953703,472.191096391099,555.1136967636169,601.3295641171242,640.0,467.92122140883953,493.6230538706844,446.6993292363295,410.6296818306779,451.89500074037824,459.52535821199604,422.4576896887936,391.78271809193024,320.0,197.29031407999955,122.54432605021583,152.83155968309276,204.98581139923505,143.6138417600506,72.8677905024374,29.649625528936326,0.0,228.59937733318384,164.20190937436382,110.45937458128802,74.24125172431098,315.59764567569914,244.66919273868692,218.3340973362731,217.20811577991583,398.7529520023331,323.9010128016198,294.64616656353246,290.1946897322355,320.0,349.04594435582965,422.51102696543785,488.1629388628154,537.5222322048758,472.9001614331272,526.3677826023529,558.5094149645448,588.7866197711537,483.43720350781086,557.047850916639,601.7939382489935,640.0,479.31204723647335,504.81710796537556,444.5461967358846,400.87944156659887,466.2475816491036,475.972607792073,429.2001470935279,393.55163599602963,320.0,161.89225821444518,81.18020078393585,112.58162602334784,159.2519363039878,86.40273936493304,0.31371877404342285,0.0,28.207700440251415,182.01185782270937,85.50540958029745,63.26711464719921,66.36080599354725,285.83981390228735,203.3930179311718,191.8691971815038,199.46150514959237,390.1827936993162,303.6948360670325,274.72153306218587,268.6237843049308,320.0,373.1032958021634,468.45610353832774,556.3977937764271,616.345867395226,547.432118516851,625.447821490447,582.6653070941192,526.3742513753166,558.6562563785793,640.0,602.0875423582331,551.0350750958378,553.5238610788414,572.7302441022288,490.33196527462337,426.64458477877247,534.1476476134454,544.0307931569373,483.4151890694655,434.8686945021727,320.0,160.67904519358476,77.90664130876723,120.49288856516728,175.06372115172974,75.43447031096133,0.0,16.736234721199594,54.67954396400097,180.40973818245791,87.46370495685741,80.59437819009642,99.51969543089635,288.11561978290695,210.61504247791044,200.82603871708653,213.11548856223953,396.417557087914,312.4630857799394,285.6147938839827,283.604055417587,320.0,363.87903249402297,461.25541526879067,550.9237847405362,612.9670678790666,532.4202121905358,613.1230433146394,561.7899418847562,499.3109821903307,544.5622613119913,640.0,586.0337548438245,520.5199465179675,540.8583110650343,573.7071395733298,482.60683094294535,414.9639292231866,524.5738011804207,540.9748621667308,476.91889324433413,428.82142115262144,320.0,165.0711675317184,83.41994580728098,124.23733275045961,174.99037687251212,81.55286697551361,0.0,12.620642140627979,50.8096147166616,182.75616547314274,86.33536664193605,81.59880462429305,103.72953690094278,287.90204398654475,204.97403806366165,201.69634944179631,220.07174123314135,394.5265665293764,306.0574251760952,286.52237773020875,291.5898486518536,320.0,363.89922041266914,466.1335154267245,560.7779393856624,624.8175629075763,535.0649686457942,613.3514698350916,562.5518203648696,504.0873866184119,547.3712770437138,640.0,582.7094130902386,517.3667292612699,544.4357130663388,579.6601135807527,487.1441792709436,419.7304380484141,528.9582482615772,546.6160629132667,482.45403621382314,435.66637759340824
320.0,197.29031407999955,122.54432605021583,152.83155968309276,204.98581139923505,143.6138417600506,72.8677905024374,29.649625528936326,0.0,228.59937733318384,164.20190937436382,110.45937458128802,74.24125172431098,315.59764567569914,244.66919273868692,218.3340973362731,217.20811577991583,398.7529520023331,323.9010128016198,294.64616656353246,290.1946897322355,320.0,349.04594435582965,422.51102696543785,488.1629388628154,537.5222322048758,472.9001614331272,526.3677826023529,558.5094149645448,588.7866197711537,483.43720350781086,557.047850916639,601.7939382489935,640.0,479.31204723647335,504.81710796537556,444.5461967358846,400.87944156659887,466.2475816491036,475.972607792073,429.2001470935279,393.55163599602963,320.0,161.89225821444518,81.18020078393585,112.58162602334784,159.2519363039878,86.40273936493304,0.31371877404342285,0.0,28.207700440251415,182.01185782270937,85.50540958029745,63.26711464719921,66.36080599354725,285.83981390228735,203.3930179311718,191.8691971815038,199.46150514959237,390.1827936993162,303.6948360670325,274.72153306218587,268.6237843049308,320.0,373.1032958021634,468.45610353832774,556.3977937764271,616.345867395226,547.432118516851,625.447821490447,582.6653070941192,526.3742513753166,558.6562563785793,640.0,602.0875423582331,551.0350750958378,553.5238610788414,572.7302441022288,490.33196527462337,426.64458477877247,534.1476476134454,544.0307931569373,483.4151890694655,434.8686945021727,320.0,160.67904519358476,77.90664130876723,120.49288856516728,175.06372115172974,75.43447031096133,0.0,16.736234721199594,54.67954396400097,180.40973818245791,87.46370495685741,80.59437819009642,99.51969543089635,288.11561978290695,210.61504247791044,200.82603871708653,213.11548856223953,396.417557087914,312.4630857799394,285.6147938839827,283.604055417587,320.0,363.87903249402297,461.25541526879067,550.9237847405362,612.9670678790666,532.4202121905358,613.1230433146394,561.7899418847562,499.3109821903307,544.5622613119913,640.0,586.0337548438245,520.5199465179675,540.8583110650343,573.7071395733298,482.60683094294535,414.9639292231866,524.5738011804207,540.9748621667308,476.91889324433413,428.82142115262144,320.0,165.0711675317184,83.41994580728098,124.23733275045961,174.99037687251212,81.55286697551361,0.0,12.620642140627979,50.8096147166616,182.75616547314274,86.33536664193605,81.59880462429305,103.72953690094278,287.90204398654475,204.97403806366165,201.69634944179631,220.07174123314135,394.5265665293764,306.0574251760952,286.52237773020875,291.5898486518536,320.0,363.89922041266914,466.1335154267245,560.7779393856624,624.8175629075763,535.0649686457942,613.3514698350916,562.5518203648696,504.0873866184119,547.3712770437138,640.0,582.7094130902386,517.3667292612699,544.4357130663388,579.6601135807527,487.1441792709436,419.7304380484141,528.9582482615772,546.6160629132667,482.45403621382314,435.66637759340824,320.0,168.62610018766685,84.69279107216036,115.0382018749302,160.35703996120375,82.91483104998082,0.0,14.386963889788603,55.06931351664065,181.05799521898174,85.44401067663603,82.68307616165683,106.60103141355503,284.08347327607123,202.5825679196282,200.7394907456287,219.3937550217692,388.7354894357187,302.36634073153004,281.99452977067114,285.1196213224928,320.0,360.5723390038166,458.0721651285894,549.880879766394,611.903937734282,532.0664451189826,608.6362483424751,558.0418257572651,499.8381435767408,546.1367505535171,640.0,581.3859517267551,514.5794920422247,544.3353643710986,578.7714347612724,484.7464362430662,416.0237653459877,529.3610402318154,546.8795683645988,481.1703418769548,432.3948471719551
320.0,161.89225821444518,81.18020078393585,112.58162602334784,159.2519363039878,86.40273936493304,0.31371877404342285,0.0,28.207700440251415,182.01185782270937,85.50540958029745,63.26711464719921,66.36080599354725,285.83981390228735,203.3930179311718,191.8691971815038,199.46150514959237,390.1827936993162,303.6948360670325,274.72153306218587,268.6237843049308,320.0,373.1032958021634,468.45610353832774,556.3977937764271,616.345867395226,547.432118516851,625.447821490447,582.6653070941192,526.3742513753166,558.6562563785793,640.0,602.0875423582331,551.0350750958378,553.5238610788414,572.7302441022288,490.33196527462337,426.64458477877247,534.1476476134454,544.0307931569373,483.4151890694655,434.8686945021727,320.0,160.67904519358476,77.90664130876723,120.49288856516728,175.06372115172974,75.43447031096133,0.0,16.736234721199594,54.67954396400097,180.40973818245791,87.46370495685741,80.59437819009642,99.51969543089635,288.11561978290695,210.61504247791044,200.82603871708653,213.11548856223953,396.417557087914,312.4630857799394,285.6147938839827,283.604055417587,320.0,363.87903249402297,461.25541526879067,550.9237847405362,612.9670678790666,532.4202121905358,613.1230433146394,561.7899418847562,499.3109821903307,544.5622613119913,640.0,586.0337548438245,520.5199465179675,540.8583110650343,573.7071395733298,482.60683094294535,414.9639292231866,524.5738011804207,540.9748621667308,476.91889324433413,428.82142115262144,320.0,165.0711675317184,83.41994580728098,124.23733275045961,174.99037687251212,81.55286697551361,0.0,12.620642140627979,50.8096147166616,182.75616547314274,86.33536664193605,81.59880462429305,103.72953690094278,287.90204398654475,204.97403806366165,201.69634944179631,220.07174123314135,394.5265665293764,306.0574251760952,286.52237773020875,291.5898486518536,320.0,363.89922041266914,466.1335154267245,560.7779393856624,624.8175629075763,535.0649686457942,613.3514698350916,562.5518203648696,504.0873866184119,547.3712770437138,640.0,582.7094130902386,517.3667292612699,544.4357130663388,579.6601135807527,487.1441792709436,419.7304380484141,528.9582482615772,546.6160629132667,482.45403621382314,435.66637759340824,320.0,168.62610018766685,84.69279107216036,115.0382018749302,160.35703996120375,82.91483104998082,0.0,14.386963889788603,55.06931351664065,181.05799521898174,85.44401067663603,82.68307616165683,106.60103141355503,284.08347327607123,202.5825679196282,200.7394907456287,219.3937550217692,388.7354894357187,302.36634073153004,281.99452977067114,285.1196213224928,320.0,360.5723390038166,458.0721651285894,549.880879766394,611.903937734282,532.0664451189826,608.6362483424751,558.0418257572651,499.8381435767408,546.1367505535171,640.0,581.3859517267551,514.5794920422247,544.3353643710986,578.7714347612724,484.7464362430662,416.0237653459877,529.3610402318154,546.8795683645988,481.1703418769548,432.3948471719551,320.0,165.01074041935243,82.4833655739435,120.00436583532598,170.35699992801017,80.66742578531495,0.0,15.402749598959872,54.27408311652522,182.96388096957668,88.85265486394565,86.0529055640404,108.243651799346,288.88371112516506,205.12275557489045,204.74698410314724,224.9859645619057,395.7833874805286,306.03002879335486,288.5552103999771,294.7625406168471,320.0,363.25437434886305,467.12419459918664,562.8471476254847,627.163153468856,535.3946818433598,611.7416495182663,559.4549891082545,501.11756254502353,548.1346914292438,640.0,581.3451716131551,516.3557522479472,545.0883686489931,578.0144362266058,482.98679157016204,415.8707799867405,529.4702886384314,544.1108151158486,477.95222556101817,431.376667269372
320.0,160.67904519358476,77.90664130876723,120.49288856516728,175.06372115172974,75.43447031096133,0.0,16.736234721199594,54.67954396400097,180.40973818245791,87.46370495685741,80.59437819009642,99.51969543089635,288.11561978290695,210.61504247791044,200.82603871708653,213.11548856223953,396.417557087914,312.4630857799394,285.6147938839827,283.604055417587,320.0,363.87903249402297,461.25541526879067,550.9237847405362,612.9670678790666,532.4202121905358,613.1230433146394,561.7899418847562,499.3109821903307,544.5622613119913,640.0,586.0337548438245,520.5199465179675,540.8583110650343,573.7071395733298,482.60683094294535,414.9639292231866,524.5738011804207,540.9748621667308,476.91889324433413,428.82142115262144,320.0,165.0711675317184,83.41994580728098,124.23733275045961,174.99037687251212,81.55286697551361,0.0,12.620642140627979,50.8096147166616,182.75616547314274,86.33536664193605,81.59880462429305,103.72953690094278,287.90204398654475,204.97403806366165,201.69634944179631,220.07174123314135,394.5265665293764,306.0574251760952,286.52237773020875,291.5898486518536,320.0,363.89922041266914,466.1335154267245,560.7779393856624,624.8175629075763,535.0649686457942,613.3514698350916,562.5518203648696,504.0873866184119,547.3712770437138,640.0,582.7094130902386,517.3667292612699,544.4357130663388,579.6601135807527,487.1441792709436,419.7304380484141,528.9582482615772,546.6160629132667,482.45403621382314,435.66637759340824,320.0,168.62610018766685,84.69279107216036,115.0382018749302,160.35703996120375,82.91483104998082,0.0,14.386963889788603,55.06931351664065,181.05799521898174,85.44401067663603,82.68307616165683,106.60103141355503,284.08347327607123,202.5825679196282,200.7394907456287,219.3937550217692,388.7354894357187,302.36634073153004,281.99452977067114,285.1196213224928,320.0,360.5723390038166,458.0721651285894,549.880879766394,611.903937734282,532.0664451189826,608.6362483424751,558.0418257572651,499.8381435767408,546.1367505535171,640.0,581.3859517267551,514.5794920422247,544.3353643710986,578.7714347612724,484.7464362430662,416.0237653459877,529.3610402318154,546.8795683645988,481.1703418769548,432.3948471719551,320.0,165.01074041935243,82.4833655739435,120.00436583532598,170.35699992801017,80.66742578531495,0.0,15.402749598959872,54.27408311652522,182.96388096957668,88.85265486394565,86.0529055640404,108.243651799346,288.88371112516506,205.12275557489045,204.74698410314724,224.9859645619057,395.7833874805286,306.03002879335486,288.5552103999771,294.7625406168471,320.0,363.25437434886305,467.12419459918664,562.8471476254847,627.163153468856,535.3946818433598,611.7416495182663,559.4549891082545,501.11756254502353,548.1346914292438,640.0,581.3451716131551,516.3557522479472,545.0883686489931,578.0144362266058,482.98679157016204,415.8707799867405,529.4702886384314,544.1108151158486,477.95222556101817,431.376667269372,320.0,167.12569426998658,82.51814961998195,115.52011121336332,163.31861509164298,82.19683880180096,0.0,12.049613864182788,52.21005059531171,184.04178831712989,86.6020542711841,78.86768551505821,100.01571878014144,290.3381047649668,208.01464101018806,202.53311344049422,219.99361147955165,397.09393650268856,308.73604398551,288.4474775887631,293.2799689685559,320.0,361.09792083124773,459.523388652202,551.7800216006866,613.8387668900806,532.0884450927794,607.4970170154459,556.4992833992746,498.05010683989804,546.201879268862,640.0,583.1178633663033,518.6810896346362,544.0588940393695,575.645832696431,482.5894541742848,416.7661846589496,528.4692030514734,544.4708310880148,479.7471067901626,433.6759358586455
320.0,165.0711675317184,83.41994580728098,124.23733275045961,174.99037687251212,81.55286697551361,0.0,12.620642140627979,50.8096147166616,182.75616547314274,86.33536664193605,81.59880462429305,103.72953690094278,287.90204398654475,204.97403806366165,201.69634944179631,220.07174123314135,394.5265665293764,306.0574251760952,286.52237773020875,291.5898486518536,320.0,363.89922041266914,466.1335154267245,560.7779393856624,624.8175629075763,535.0649686457942,613.3514698350916,562.5518203648696,504.0873866184119,547.3712770437138,640.0,582.7094130902386,517.3667292612699,544.4357130663388,579.6601135807527,487.1441792709436,419.7304380484141,528.9582482615772,546.6160629132667,482.45403621382314,435.66637759340824,320.0,168.62610018766685,84.69279107216036,115.0382018749302,160.35703996120375,82.91483104998082,0.0,14.386963889788603,55.06931351664065,181.05799521898174,85.44401067663603,82.68307616165683,106.60103141355503,284.08347327607123,202.5825679196282,200.7394907456287,219.3937550217692,388.7354894357187,302.36634073153004,281.99452977067114,285.1196213224928,320.0,360.5723390038166,458.0721651285894,549.880879766394,611.903937734282,532.0664451189826,608.6362483424751,558.0418257572651,499.8381435767408,546.1367505535171,640.0,581.3859517267551,514.5794920422247,544.3353643710986,578.7714347612724,484.7464362430662,416.0237653459877,529.3610402318154,546.8795683645988,481.1703418769548,432.3948471719551,320.0,165.01074041935243,82.4833655739435,120.00436583532598,170.35699992801017,80.66742578531495,0.0,15.402749598959872,54.27408311652522,182.96388096957668,88.85265486394565,86.0529055640404,108.243651799346,288.88371112516506,205.12275557489045,204.74698410314724,224.9859645619057,395.7833874805286,306.03002879335486,288.5552103999771,294.7625406168471,320.0,363.25437434886305,467.12419459918664,562.8471476254847,627.163153468856,535.3946818433598,611.7416495182663,559.4549891082545,501.11756254502353,548.1346914292438,640.0,581.3451716131551,516.3557522479472,545.0883686489931,578.0144362266058,482.98679157016204,415.8707799867405,529.4702886384314,544.1108151158486,477.95222556101817,431.376667269372,320.0,167.12569426998658,82.51814961998195,115.52011121336332,163.31861509164298,82.19683880180096,0.0,12.049613864182788,52.21005059531171,184.04178831712989,86.6020542711841,78.86768551505821,100.01571878014144,290.3381047649668,208.01464101018806,202.53311344049422,219.99361147955165,397.09393650268856,308.73604398551,288.4474775887631,293.2799689685559,320.0,361.09792083124773,459.523388652202,551.7800216006866,613.8387668900806,532.0884450927794,607.4970170154459,556.4992833992746,498.05010683989804,546.201879268862,640.0,583.1178633663033,518.6810896346362,544.0588940393695,575.645832696431,482.5894541742848,416.7661846589496,528.4692030514734,544.4708310880148,479.7471067901626,433.6759358586455,320.0,165.44359076379547,85.01350431434724,124.49752448410777,172.34926826345207,84.98555367180998,0.0,11.968156377344826,51.80513466100581,186.8724708769184,86.52535781926079,80.10223516271068,101.51405238358703,291.8377775989108,205.48703004363986,202.94750291427596,221.18407839180207,396.0352947957417,303.77424574779775,284.54928192392236,288.785835565009,320.0,361.24426615097644,461.81038712748455,555.6303412314824,618.7423908686528,537.993992221102,610.3186478807648,555.2943786449977,495.71737999969287,553.0106617792825,640.0,578.5374379231704,512.3482980824565,550.7708378644539,575.0275786249213,478.48472146242,411.75430856570296,534.1016738771167,543.5934786699097,476.27225271999015,429.90824237287785
320.0,168.62610018766685,84.69279107216036,115.0382018749302,160.35703996120375,82.91483104998082,0.0,14.386963889788603,55.06931351664065,181.05799521898174,85.44401067663603,82.68307616165683,106.60103141355503,284.08347327607123,202.5825679196282,200.7394907456287,219.3937550217692,388.7354894357187,302.36634073153004,281.99452977067114,285.1196213224928,320.0,360.5723390038166,458.0721651285894,549.880879766394,611.903937734282,532.0664451189826,608.6362483424751,558.0418257572651,499.8381435767408,546.1367505535171,640.0,581.3859517267551,514.5794920422247,544.3353643710986,578.7714347612724,484.7464362430662,416.0237653459877,529.3610402318154,546.8795683645988,481.1703418769548,432.3948471719551,320.0,165.01074041935243,82.4833655739435,120.00436583532598,170.35699992801017,80.66742578531495,0.0,15.402749598959872,54.27408311652522,182.96388096957668,88.85265486394565,86.0529055640404,108.243651799346,288.88371112516506,205.12275557489045,204.74698410314724,224.9859645619057,395.7833874805286,306.03002879335486,288.5552103999771,294.7625406168471,320.0,363.25437434886305,467.12419459918664,562.8471476254847,627.163153468856,535.3946818433598,611.7416495182663,559.4549891082545,501.11756254502353,548.1346914292438,640.0,581.3451716131551,516.3557522479472,545.0883686489931,578.0144362266058,482.98679157016204,415.8707799867405,529.4702886384314,544.1108151158486,477.95222556101817,431.376667269372,320.0,167.12569426998658,82.51814961998195,115.52011121336332,163.31861509164298,82.19683880180096,0.0,12.049613864182788,52.21005059531171,184.04178831712989,86.6020542711841,78.86768551505821,100.01571878014144,290.3381047649668,208.01464101018806,202.53311344049422,219.99361147955165,397.09393650268856,308.73604398551,288.4474775887631,293.2799689685559,320.0,361.09792083124773,459.523388652202,551.7800216006866,613.8387668900806,532.0884450927794,607.4970170154459,556.4992833992746,498.05010683989804,546.201879268862,640.0,583.1178633663033,518.6810896346362,544.0588940393695,575.645832696431,482.5894541742848,416.7661846589496,528.4692030514734,544.4708310880148,479.7471067901626,433.6759358586455,320.0,165.44359076379547,85.01350431434724,124.49752448410777,172.34926826345207,84.98555367180998,0.0,11.968156377344826,51.80513466100581,186.8724708769184,86.52535781926079,80.10223516271068,101.51405238358703,291.8377775989108,205.48703004363986,202.94750291427596,221.18407839180207,396.0352947957417,303.77424574779775,284.54928192392236,288.785835565009,320.0,361.24426615097644,461.81038712748455,555.6303412314824,618.7423908686528,537.993992221102,610.3186478807648,555.2943786449977,495.71737999969287,553.0106617792825,640.0,578.5374379231704,512.3482980824565,550.7708378644539,575.0275786249213,478.48472146242,411.75430856570296,534.1016738771167,543.5934786699097,476.27225271999015,429.90824237287785,320.0,169.1300863347305,83.17238746690873,110.84842744019778,156.4170454010416,87.62256742163783,0.0,9.051593772639876,47.11676021747462,184.45889797536375,82.34493491607765,77.13380642855299,101.04187940678983,286.3931948811752,199.39759591214948,200.0215672287478,222.75460088223127,390.0140288241456,297.79968702204667,280.5756728747547,288.593538235507,320.0,359.50231543290033,456.91268033566223,549.0598330646551,612.6298707898518,534.6428888480809,610.2894730404781,556.6739902862413,499.1251737163252,548.9317954765825,640.0,576.0725668832974,508.78106006550945,547.1158961362136,577.5492254155439,481.8348073022126,414.9016513803191,531.302445505529,544.959726982996,478.37529341277343,431.8667788006192
320.0,165.01074041935243,82.4833655739435,120.00436583532598,170.35699992801017,80.66742578531495,0.0,15.402749598959872,54.27408311652522,182.96388096957668,88.85265486394565,86.0529055640404,108.243651799346,288.88371112516506,205.12275557489045,204.74698410314724,224.9859645619057,395.7833874805286,306.03002879335486,288.5552103999771,294.7625406168471,320.0,363.25437434886305,467.12419459918664,562.8471476254847,627.163153468856,535.3946818433598,611.7416495182663,559.4549891082545,501.11756254502353,548.1346914292438,640.0,581.3451716131551,516.3557522479472,545.0883686489931,578.0144362266058,482.98679157016204,415.8707799867405,529.4702886384314,544.1108151158486,477.95222556101817,431.376667269372,320.0,167.12569426998658,82.51814961998195,115.52011121336332,163.31861509164298,82.19683880180096,0.0,12.049613864182788,52.21005059531171,184.04178831712989,86.6020542711841,78.86768551505821,100.01571878014144,290.3381047649668,208.01464101018806,202.53311344049422,219.99361147955165,397.09393650268856,308.73604398551,288.4474775887631,293.2799689685559,320.0,361.09792083124773,459.523388652202,551.7800216006866,613.8387668900806,532.0884450927794,607.4970170154459,556.4992833992746,498.05010683989804,546.201879268862,640.0,583.1178633663033,518.6810896346362,544.0588940393695,575.645832696431,482.5894541742848,416.7661846589496,528.4692030514734,544.4708310880148,479.7471067901626,433.6759358586455,320.0,165.44359076379547,85.01350431434724,124.49752448410777,172.34926826345207,84.98555367180998,0.0,11.968156377344826,51.80513466100581,186.8724708769184,86.52535781926079,80.10223516271068,101.51405238358703,291.8377775989108,205.48703004363986,202.94750291427596,221.18407839180207,396.0352947957417,303.77424574779775,284.54928192392236,288.785835565009,320.0,361.24426615097644,461.81038712748455,555.6303412314824,618.7423908686528,537.993992221102,610.3186478807648,555.2943786449977,495.71737999969287,553.0106617792825,640.0,578.5374379231704,512.3482980824565,550.7708378644539,575.0275786249213,478.48472146242,411.75430856570296,534.1016738771167,543.5934786699097,476.27225271999015,429.90824237287785,320.0,169.1300863347305,83.17238746690873,110.84842744019778,156.4170454010416,87.62256742163783,0.0,9.051593772639876,47.11676021747462,184.45889797536375,82.34493491607765,77.13380642855299,101.04187940678983,286.3931948811752,199.39759591214948,200.0215672287478,222.75460088223127,390.0140288241456,297.79968702204667,280.5756728747547,288.593538235507,320.0,359.50231543290033,456.91268033566223,549.0598330646551,612.6298707898518,534.6428888480809,610.2894730404781,556.6739902862413,499.1251737163252,548.9317954765825,640.0,576.0725668832974,508.78106006550945,547.1158961362136,577.5492254155439,481.8348073022126,414.9016513803191,531.302445505529,544.959726982996,478.37529341277343,431.8667788006192,320.0,168.18024274024137,81.62925616075793,107.1154178685727,151.0296889360639,88.21432691521665,0.0,5.385666361664562,42.44162282845173,185.23455408023278,82.92938509693388,72.82889739069137,94.48377780194252,286.2646937708522,196.01762170182002,195.0949653262788,218.559383347395,388.546637434682,293.36353303967223,276.9499552938067,286.9390022127719,320.0,358.78913179775134,455.57080358010717,546.9739304846706,608.2784335349666,534.6150887264582,610.3323378354162,555.9721997647842,495.40030210436555,548.3851512802122,640.0,578.1451307898154,511.87738192800447,546.372080360314,574.6166918420305,478.151073373402,411.9177085766222,530.6625796432884,542.1700011931234,474.7861522139809,428.25887368232424
320.0,167.12569426998658,82.51814961998195,115.52011121336332,163.31861509164298,82.19683880180096,0.0,12.049613864182788,52.21005059531171,184.04178831712989,86.6020542711841,78.86768551505821,100.01571878014144,290.3381047649668,208.01464101018806,202.53311344049422,219.99361147955165,397.09393650268856,308.73604398551,288.4474775887631,293.2799689685559,320.0,361.09792083124773,459.523388652202,551.7800216006866,613.8387668900806,532.0884450927794,607.4970170154459,556.4992833992746,498.05010683989804,546.201879268862,640.0,583.1178633663033,518.6810896346362,544.0588940393695,575.645832696431,482.5894541742848,416.7661846589496,528.4692030514734,544.4708310880148,479.7471067901626,433.6759358586455,320.0,165.44359076379547,85.01350431434724,124.49752448410777,172.34926826345207,84.98555367180998,0.0,11.968156377344826,51.80513466100581,186.8724708769184,86.52535781926079,80.10223516271068,101.51405238358703,291.8377775989108,205.48703004363986,202.94750291427596,221.18407839180207,396.0352947957417,303.77424574779775,284.54928192392236,288.785835565009,320.0,361.24426615097644,461.81038712748455,555.6303412314824,618.7423908686528,537.993992221102,610.3186478807648,555.2943786449977,495.71737999969287,553.0106617792825,640.0,578.5374379231704,512.3482980824565,550.7708378644539,575.0275786249213,478.48472146242,411.75430856570296,534.1016738771167,543.5934786699097,476.27225271999015,429.90824237287785,320.0,169.1300863347305,83.17238746690873,110.84842744019778,156.4170454010416,87.62256742163783,0.0,9.051593772639876,47.11676021747462,184.45889797536375,82.34493491607765,77.13380642855299,101.04187940678983,286.3931948811752,199.39759591214948,200.0215672287478,222.75460088223127,390.0140288241456,297.79968702204667,280.5756728747547,288.593538235507,320.0,359.50231543290033,456.91268033566223,549.0598330646551,612.6298707898518,534.6428888480809,610.2894730404781,556.6739902862413,499.1251737163252,548.9317954765825,640.0,576.0725668832974,508.78106006550945,547.1158961362136,577.5492254155439,481.8348073022126,414.9016513803191,531.302445505529,544.959726982996,478.37529341277343,431.8667788006192,320.0,168.18024274024137,81.62925616075793,107.1154178685727,151.0296889360639,88.21432691521665,0.0,5.385666361664562,42.44162282845173,185.23455408023278,82.92938509693388,72.82889739069137,94.48377780194252,286.2646937708522,196.01762170182002,195.0949653262788,218.559383347395,388.546637434682,293.36353303967223,276.9499552938067,286.9390022127719,320.0,358.78913179775134,455.57080358010717,546.9739304846706,608.2784335349666,534.6150887264582,610.3323378354162,555.9721997647842,495.40030210436555,548.3851512802122,640.0,578.1451307898154,511.87738192800447,546.372080360314,574.6166918420305,478.151073373402,411.9177085766222,530.6625796432884,542.1700011931234,474.7861522139809,428.25887368232424,320.0,172.2641666265861,88.15382054023655,107.80520109956382,143.97934063169424,87.41055684841041,0.0,11.599554550869641,50.64753652571875,181.57205065688947,84.49062053333037,81.12316323145473,103.86014969162636,281.70372699838566,199.1511801565485,199.94519446469025,220.75610426864085,383.604729258929,295.9959845449377,279.73143807800784,286.52290449605175,320.0,358.3536465878311,453.7461059903192,545.6662716951968,608.6422932031332,533.2613349791495,606.8870082467845,555.790971574874,500.29269400455286,548.3477311727722,640.0,579.5511976426246,513.6405808461425,546.9684321952417,574.7102270750196,480.1759607055277,414.35376379729354,531.7910887843364,544.0701718400603,478.51217238581694,433.2035360629708
320.0,165.44359076379547,85.01350431434724,124.49752448410777,172.34926826345207,84.98555367180998,0.0,11.968156377344826,51.80513466100581,186.8724708769184,86.52535781926079,80.10223516271068,101.51405238358703,291.8377775989108,205.48703004363986,202.94750291427596,221.18407839180207,396.0352947957417,303.77424574779775,284.54928192392236,288.785835565009,320.0,361.24426615097644,461.81038712748455,555.6303412314824,618.7423908686528,537.993992221102,610.3186478807648,555.2943786449977,495.71737999969287,553.0106617792825,640.0,578.5374379231704,512.3482980824565,550.7708378644539,575.0275786249213,478.48472146242,411.75430856570296,534.1016738771167,543.5934786699097,476.27225271999015,429.90824237287785,320.0,169.1300863347305,83.17238746690873,110.84842744019778,156.4170454010416,87.62256742163783,0.0,9.051593772639876,47.11676021747462,184.45889797536375,82.34493491607765,77.13380642855299,101.04187940678983,286.3931948811752,199.39759591214948,200.0215672287478,222.75460088223127,390.0140288241456,297.79968702204667,280.5756728747547,288.593538235507,320.0,359.50231543290033,456.91268033566223,549.0598330646551,612.6298707898518,534.6428888480809,610.2894730404781,556.6739902862413,499.1251737163252,548.9317954765825,640.0,576.0725668832974,508.78106006550945,547.1158961362136,577.5492254155439,481.8348073022126,414.9016513803191,531.302445505529,544.959726982996,478.37529341277343,431.8667788006192,320.0,168.18024274024137,81.62925616075793,107.1154178685727,151.0296889360639,88.21432691521665,0.0,5.385666361664562,42.44162282845173,185.23455408023278,82.92938509693388,72.82889739069137,94.48377780194252,286.2646937708522,196.01762170182002,195.0949653262788,218.559383347395,388.546637434682,293.36353303967223,276.9499552938067,286.9390022127719,320.0,358.78913179775134,455.57080358010717,546.9739304846706,608.2784335349666,534.6150887264582,610.3323378354162,555.9721997647842,495.40030210436555,548.3851512802122,640.0,578.1451307898154,511.87738192800447,546.372080360314,574.6166918420305,478.151073373402,411.9177085766222,530.6625796432884,542.1700011931234,474.7861522139809,428.25887368232424,320.0,172.2641666265861,88.15382054023655,107.80520109956382,143.97934063169424,87.41055684841041,0.0,11.599554550869641,50.64753652571875,181.57205065688947,84.49062053333037,81.12316323145473,103.86014969162636,281.70372699838566,199.1511801565485,199.94519446469025,220.75610426864085,383.604729258929,295.9959845449377,279.73143807800784,286.52290449605175,320.0,358.3536465878311,453.7461059903192,545.6662716951968,608.6422932031332,533.2613349791495,606.8870082467845,555.790971574874,500.29269400455286,548.3477311727722,640.0,579.5511976426246,513.6405808461425,546.9684321952417,574.7102270750196,480.1759607055277,414.35376379729354,531.7910887843364,544.0701718400603,478.51217238581694,433.2035360629708,320.0,165.3755905561005,78.83866275982282,105.001568152142,148.47715308538622,85.8852562460562,0.0,10.043131056284778,47.87198880426837,181.62435571438388,81.9254859084974,76.10714415129229,98.70444892884589,282.19145450796884,195.56935918181193,196.897972647928,219.3766826397436,384.34594810728413,292.4188353190346,276.1625530266586,284.0653001043352,320.0,358.8531719493361,457.40536054425223,551.6936817352926,615.2138988233642,535.4466487628844,610.3585905564796,556.4622359900634,496.63604165438517,549.2958008404756,640.0,579.9705428597699,513.7751642875263,547.2258131948469,576.6121658427535,479.9162916074607,412.06202865720365,532.1006388071692,545.1762035129145,477.44191951558037,429.70498905941923
320.0,169.1300863347305,83.17238746690873,110.84842744019778,156.4170454010416,87.62256742163783,0.0,9.051593772639876,47.11676021747462,184.45889797536375,82.34493491607765,77.13380642855299,101.04187940678983,286.3931948811752,199.39759591214948,200.0215672287478,222.75460088223127,390.0140288241456,297.79968702204667,280.5756728747547,288.593538235507,320.0,359.50231543290033,456.91268033566223,549.0598330646551,612.6298707898518,534.6428888480809,610.2894730404781,556.6739902862413,499.1251737163252,548.9317954765825,640.0,576.0725668832974,508.78106006550945,547.1158961362136,577.5492254155439,481.8348073022126,414.9016513803191,531.302445505529,544.959726982996,478.37529341277343,431.8667788006192,320.0,168.18024274024137,81.62925616075793,107.1154178685727,151.0296889360639,88.21432691521665,0.0,5.385666361664562,42.44162282845173,185.23455408023278,82.92938509693388,72.82889739069137,94.48377780194252,286.2646937708522,196.01762170182002,195.0949653262788,218.559383347395,388.546637434682,293.36353303967223,276.9499552938067,286.9390022127719,320.0,358.78913179775134,455.57080358010717,546.9739304846706,608.2784335349666,534.6150887264582,610.3323378354162,555.9721997647842,495.40030210436555,548.3851512802122,640.0,578.1451307898154,511.87738192800447,546.372080360314,574.6166918420305,478.151073373402,411.9177085766222,530.6625796432884,542.1700011931234,474.7861522139809,428.25887368232424,320.0,172.2641666265861,88.15382054023655,107.80520109956382,143.97934063169424,87.41055684841041,0.0,11.599554550869641,50.64753652571875,181.57205065688947,84.49062053333037,81.12316323145473,103.86014969162636,281.70372699838566,199.1511801565485,199.94519446469025,220.75610426864085,383.604729258929,295.9959845449377,279.73143807800784,286.52290449605175,320.0,358.3536465878311,453.7461059903192,545.6662716951968,608.6422932031332,533.2613349791495,606.8870082467845,555.790971574874,500.29269400455286,548.3477311727722,640.0,579.5511976426246,513.6405808461425,546.9684321952417,574.7102270750196,480.1759607055277,414.35376379729354,531.7910887843364,544.0701718400603,478.51217238581694,433.2035360629708,320.0,165.3755905561005,78.83866275982282,105.001568152142,148.47715308538622,85.8852562460562,0.0,10.043131056284778,47.87198880426837,181.62435571438388,81.9254859084974,76.10714415129229,98.70444892884589,282.19145450796884,195.56935918181193,196.897972647928,219.3766826397436,384.34594810728413,292.4188353190346,276.1625530266586,284.0653001043352,320.0,358.8531719493361,457.40536054425223,551.6936817352926,615.2138988233642,535.4466487628844,610.3585905564796,556.4622359900634,496.63604165438517,549.2958008404756,640.0,579.9705428597699,513.7751642875263,547.2258131948469,576.6121658427535,479.9162916074607,412.06202865720365,532.1006388071692,545.1762035129145,477.44191951558037,429.70498905941923,320.0,171.13541828528585,86.0309482899026,112.09844630017014,153.6486991726554,90.2739283566618,0.0,8.947203936415349,48.7854513456478,185.08335426366432,82.006897406626,75.40741564744059,98.49977539905015,283.6630232509996,194.07884553365858,197.60286311962614,223.2625925559189,383.4727023173181,287.1152882536821,272.72646098490696,283.91060557953153,320.0,357.56560145282543,456.4551100537427,549.9485574930433,614.2917354806566,536.1267177927168,610.6736897791311,555.0189303119276,494.5514546768962,550.5909272697888,640.0,576.6179034689633,509.9579935219009,549.250965030054,574.7676112577592,477.45678489118745,411.5400925676738,534.2897513767894,543.9056231003215,475.909737578039,429.7504378005932
320.0,168.18024274024137,81.62925616075793,107.1154178685727,151.0296889360639,88.21432691521665,0.0,5.385666361664562,42.44162282845173,185.23455408023278,82.92938509693388,72.82889739069137,94.48377780194252,286.2646937708522,196.01762170182002,195.0949653262788,218.559383347395,388.546637434682,293.36353303967223,276.9499552938067,286.9390022127719,320.0,358.78913179775134,455.57080358010717,546.9739304846706,608.2784335349666,534.6150887264582,610.3323378354162,555.9721997647842,495.40030210436555,548.3851512802122,640.0,578.1451307898154,511.87738192800447,546.372080360314,574.6166918420305,478.151073373402,411.9177085766222,530.6625796432884,542.1700011931234,474.7861522139809,428.25887368232424,320.0,172.2641666265861,88.15382054023655,107.80520109956382,143.97934063169424,87.41055684841041,0.0,11.599554550869641,50.64753652571875,181.57205065688947,84.49062053333037,81.12316323145473,103.86014969162636,281.70372699838566,199.1511801565485,199.94519446469025,220.75610426864085,383.604729258929,295.9959845449377,279.73143807800784,286.52290449605175,320.0,358.3536465878311,453.7461059903192,545.6662716951968,608.6422932031332,533.2613349791495,606.8870082467845,555.790971574874,500.29269400455286,548.3477311727722,640.0,579.5511976426246,513.6405808461425,546.9684321952417,574.7102270750196,480.1759607055277,414.35376379729354,531.7910887843364,544.0701718400603,478.51217238581694,433.2035360629708,320.0,165.3755905561005,78.83866275982282,105.001568152142,148.47715308538622,85.8852562460562,0.0,10.043131056284778,47.87198880426837,181.62435571438388,81.9254859084974,76.10714415129229,98.70444892884589,282.19145450796884,195.56935918181193,196.897972647928,219.3766826397436,384.34594810728413,292.4188353190346,276.1625530266586,284.0653001043352,320.0,358.8531719493361,457.40536054425223,551.6936817352926,615.2138988233642,535.4466487628844,610.3585905564796,556.4622359900634,496.63604165438517,549.2958008404756,640.0,579.9705428597699,513.7751642875263,547.2258131948469,576.6121658427535,479.9162916074607,412.06202865720365,532.1006388071692,545.1762035129145,477.44191951558037,429.70498905941923,320.0,171.13541828528585,86.0309482899026,112.09844630017014,153.6486991726554,90.2739283566618,0.0,8.947203936415349,48.7854513456478,185.08335426366432,82.006897406626,75.40741564744059,98.49977539905015,283.6630232509996,194.07884553365858,197.60286311962614,223.2625925559189,383.4727023173181,287.1152882536821,272.72646098490696,283.91060557953153,320.0,357.56560145282543,456.4551100537427,549.9485574930433,614.2917354806566,536.1267177927168,610.6736897791311,555.0189303119276,494.5514546768962,550.5909272697888,640.0,576.6179034689633,509.9579935219009,549.250965030054,574.7676112577592,477.45678489118745,411.5400925676738,534.2897513767894,543.9056231003215,475.909737578039,429.7504378005932,320.0,170.56924896259613,82.03921700408341,95.26706632515646,129.6664642182766,90.72228610849885,0.0,10.523468281905025,50.45078453281121,183.4640616220613,82.24210686013419,79.36164019765158,104.45048110731528,281.3722146256031,196.59766125162523,200.5187488788329,224.2290299131086,380.5084600859574,291.0160850105334,274.49024763770404,281.64681964121667,320.0,357.1230193781536,447.252191236952,535.9812141461992,598.1789880582032,534.0696184502829,609.9812973207036,556.4090948424509,497.5142430546682,549.3981560050197,640.0,577.8143477873555,511.0385008757071,548.8834100805414,573.5276033359232,477.6982672248549,410.75527431194814,534.2422507252573,544.7320431399974,477.63465610528084,430.394577300334
320.0,172.2641666265861,88.15382054023655,107.80520109956382,143.97934063169424,87.41055684841041,0.0,11.599554550869641,50.64753652571875,181.57205065688947,84.49062053333037,81.12316323145473,103.86014969162636,281.70372699838566,199.1511801565485,199.94519446469025,220.75610426864085,383.604729258929,295.9959845449377,279.73143807800784,286.52290449605175,320.0,358.3536465878311,453.7461059903192,545.6662716951968,608.6422932031332,533.2613349791495,606.8870082467845,555.790971574874,500.29269400455286,548.3477311727722,640.0,579.5511976426246,513.6405808461425,546.9684321952417,574.7102270750196,480.1759607055277,414.35376379729354,531.7910887843364,544.0701718400603,478.51217238581694,433.2035360629708,320.0,165.3755905561005,78.83866275982282,105.001568152142,148.47715308538622,85.8852562460562,0.0,10.043131056284778,47.87198880426837,181.62435571438388,81.9254859084974,76.10714415129229,98.70444892884589,282.19145450796884,195.56935918181193,196.897972647928,219.3766826397436,384.34594810728413,292.4188353190346,276.1625530266586,284.0653001043352,320.0,358.8531719493361,457.40536054425223,551.6936817352926,615.2138988233642,535.4466487628844,610.3585905564796,556.4622359900634,496.63604165438517,549.2958008404756,640.0,579.9705428597699,513.7751642875263,547.2258131948469,576.6121658427535,479.9162916074607,412.06202865720365,532.1006388071692,545.1762035129145,477.44191951558037,429.70498905941923,320.0,171.13541828528585,86.0309482899026,112.09844630017014,153.6486991726554,90.2739283566618,0.0,8.947203936415349,48.7854513456478,185.08335426366432,82.006897406626,75.40741564744059,98.49977539905015,283.6630232509996,194.07884553365858,197.60286311962614,223.2625925559189,383.4727023173181,287.1152882536821,272.72646098490696,283.91060557953153,320.0,357.56560145282543,456.4551100537427,549.9485574930433,614.2917354806566,536.1267177927168,610.6736897791311,555.0189303119276,494.5514546768962,550.5909272697888,640.0,576.6179034689633,509.9579935219009,549.250965030054,574.7676112577592,477.45678489118745,411.5400925676738,534.2897513767894,543.9056231003215,475.909737578039,429.7504378005932,320.0,170.56924896259613,82.03921700408341,95.26706632515646,129.6664642182766,90.72228610849885,0.0,10.523468281905025,50.45078453281121,183.4640616220613,82.24210686013419,79.36164019765158,104.45048110731528,281.3722146256031,196.59766125162523,200.5187488788329,224.2290299131086,380.5084600859574,291.0160850105334,274.49024763770404,281.64681964121667,320.0,357.1230193781536,447.252191236952,535.9812141461992,598.1789880582032,534.0696184502829,609.9812973207036,556.4090948424509,497.5142430546682,549.3981560050197,640.0,577.8143477873555,511.0385008757071,548.8834100805414,573.5276033359232,477.6982672248549,410.75527431194814,534.2422507252573,544.7320431399974,477.63465610528084,430.394577300334,320.0,169.4653624547769,81.3318033123812,100.01888010929105,139.01515143882756,92.29629077383262,0.0,4.840884201660515,42.50333726584989,187.36338367021668,80.81420219448529,72.55660254750501,95.20233653945934,286.1693426921182,191.14714294781575,194.9886104783599,221.65264427315105,385.89948004138716,285.0624081307382,272.33628759020695,285.68051510257624,320.0,358.2253790787105,453.3522147288888,544.6170893121437,608.1339297091198,537.7128089327546,612.9877054670321,555.7728575582603,493.0855165724853,552.6098192902954,640.0,575.1576034878929,508.7240915623219,551.5019157553079,572.7632384082685,474.7306343952874,410.20696878455374,535.896834394634,541.7821915269893,473.33107117536224,428.21802784321284
320.0,165.3755905561005,78.83866275982282,105.001568152142,148.47715308538622,85.8852562460562,0.0,10.043131056284778,47.87198880426837,181.62435571438388,81.9254859084974,76.10714415129229,98.70444892884589,282.19145450796884,195.56935918181193,196.897972647928,219.3766826397436,384.34594810728413,292.4188353190346,276.1625530266586,284.0653001043352,320.0,358.8531719493361,457.40536054425223,551.6936817352926,615.2138988233642,535.4466487628844,610.3585905564796,556.4622359900634,496.63604165438517,549.2958008404756,640.0,579.9705428597699,513.7751642875263,547.2258131948469,576.6121658427535,479.9162916074607,412.06202865720365,532.1006388071692,545.1762035129145,477.44191951558037,429.70498905941923,320.0,171.13541828528585,86.0309482899026,112.09844630017014,153.6486991726554,90.2739283566618,0.0,8.947203936415349,48.7854513456478,185.08335426366432,82.006897406626,75.40741564744059,98.49977539905015,283.6630232509996,194.07884553365858,197.60286311962614,223.2625925559189,383.4727023173181,287.1152882536821,272.72646098490696,283.91060557953153,320.0,357.56560145282543,456.4551100537427,549.9485574930433,614.2917354806566,536.1267177927168,610.6736897791311,555.0189303119276,494.5514546768962,550.5909272697888,640.0,576.6179034689633,509.9579935219009,549.250965030054,574.7676112577592,477.45678489118745,411.5400925676738,534.2897513767894,543.9056231003215,475.909737578039,429.7504378005932,320.0,170.56924896259613,82.03921700408341,95.26706632515646,129.6664642182766,90.72228610849885,0.0,10.523468281905025,50.45078453281121,183.4640616220613,82.24210686013419,79.36164019765158,104.45048110731528,281.3722146256031,196.59766125162523,200.5187488788329,224.2290299131086,380.5084600859574,291.0160850105334,274.49024763770404,281.64681964121667,320.0,357.1230193781536,447.252191236952,535.9812141461992,598.1789880582032,534.0696184502829,609.9812973207036,556.4090948424509,497.5142430546682,549.3981560050197,640.0,577.8143477873555,511.0385008757071,548.8834100805414,573.5276033359232,477.6982672248549,410.75527431194814,534.2422507252573,544.7320431399974,477.63465610528084,430.394577300334,320.0,169.4653624547769,81.3318033123812,100.01888010929105,139.01515143882756,92.29629077383262,0.0,4.840884201660515,42.50333726584989,187.36338367021668,80.81420219448529,72.55660254750501,95.20233653945934,286.1693426921182,191.14714294781575,194.9886104783599,221.65264427315105,385.89948004138716,285.0624081307382,272.33628759020695,285.68051510257624,320.0,358.2253790787105,453.3522147288888,544.6170893121437,608.1339297091198,537.7128089327546,612.9877054670321,555.7728575582603,493.0855165724853,552.6098192902954,640.0,575.1576034878929,508.7240915623219,551.5019157553079,572.7632384082685,474.7306343952874,410.20696878455374,535.896834394634,541.7821915269893,473.33107117536224,428.21802784321284,320.0,169.86700876907116,83.56590471206562,103.49861118406983,142.4831486101509,91.23964736498411,0.0,9.685647358511176,50.71379686615808,186.24386845920228,79.3457167034586,75.30979794265536,100.58049692648075,285.1829111782691,193.76026923386206,196.74984458755142,220.3089029362434,384.28766078684384,286.65610915941346,271.0983035707395,280.29543427229754,320.0,358.09606416300966,451.88877204641466,543.0149171231301,608.0537190000483,537.1435535527422,611.3590487361773,555.2848038233572,494.46859305871493,553.0997770402316,640.0,575.7242601818742,508.98174298328195,552.2288128863097,574.2944732106172,476.60056002516035,410.2676815470645,535.8948759253392,543.3163169053282,474.59941218527825,427.7249904765781
320.0,171.13541828528585,86.0309482899026,112.09844630017014,153.6486991726554,90.2739283566618,0.0,8.947203936415349,48.7854513456478,185.08335426366432,82.006897406626,75.40741564744059,98.49977539905015,283.6630232509996,194.07884553365858,197.60286311962614,223.2625925559189,383.4727023173181,287.1152882536821,272.72646098490696,283.91060557953153,320.0,357.56560145282543,456.4551100537427,549.9485574930433,614.2917354806566,536.1267177927168,610.6736897791311,555.0189303119276,494.5514546768962,550.5909272697888,640.0,576.6179034689633,509.9579935219009,549.250965030054,574.7676112577592,477.45678489118745,411.5400925676738,534.2897513767894,543.9056231003215,475.909737578039,429.7504378005932,320.0,170.56924896259613,82.03921700408341,95.26706632515646,129.6664642182766,90.72228610849885,0.0,10.523468281905025,50.45078453281121,183.4640616220613,82.24210686013419,79.36164019765158,104.45048110731528,281.3722146256031,196.59766125162523,200.5187488788329,224.2290299131086,380.5084600859574,291.0160850105334,274.49024763770404,281.64681964121667,320.0,357.1230193781536,447.252191236952,535.9812141461992,598.1789880582032,534.0696184502829,609.9812973207036,556.4090948424509,497.5142430546682,549.3981560050197,640.0,577.8143477873555,511.0385008757071,548.8834100805414,573.5276033359232,477.6982672248549,410.75527431194814,534.2422507252573,544.7320431399974,477.63465610528084,430.394577300334,320.0,169.4653624547769,81.3318033123812,100.01888010929105,139.01515143882756,92.29629077383262,0.0,4.840884201660515,42.50333726584989,187.36338367021668,80.81420219448529,72.55660254750501,95.20233653945934,286.1693426921182,191.14714294781575,194.9886104783599,221.65264427315105,385.89948004138716,285.0624081307382,272.33628759020695,285.68051510257624,320.0,358.2253790787105,453.3522147288888,544.6170893121437,608.1339297091198,537.7128089327546,612.9877054670321,555.7728575582603,493.0855165724853,552.6098192902954,640.0,575.1576034878929,508.7240915623219,551.5019157553079,572.7632384082685,474.7306343952874,410.20696878455374,535.896834394634,541.7821915269893,473.33107117536224,428.21802784321284,320.0,169.86700876907116,83.56590471206562,103.49861118406983,142.4831486101509,91.23964736498411,0.0,9.685647358511176,50.71379686615808,186.24386845920228,79.3457167034586,75.30979794265536,100.58049692648075,285.1829111782691,193.76026923386206,196.74984458755142,220.3089029362434,384.28766078684384,286.65610915941346,271.0983035707395,280.29543427229754,320.0,358.09606416300966,451.88877204641466,543.0149171231301,608.0537190000483,537.1435535527422,611.3590487361773,555.2848038233572,494.46859305871493,553.0997770402316,640.0,575.7242601818742,508.98174298328195,552.2288128863097,574.2944732106172,476.60056002516035,410.2676815470645,535.8948759253392,543.3163169053282,474.59941218527825,427.7249904765781,320.0,166.62521570973925,83.67411670388606,112.98339938314965,157.6489859772803,89.65781406841609,0.0,11.767838948793042,54.18940832661275,185.18720105247377,78.50891172951987,73.91148759066533,99.37057434497194,284.82372912072367,193.8055012314511,196.59582351006483,220.87744268382818,384.49991095748294,287.5264994175476,270.8987010349417,279.0043576163651,320.0,360.6899083395689,460.12406032332296,554.3993157623457,621.1688559204676,537.889021684738,610.5334669011302,555.0628610484947,496.241819050686,553.0731264910194,640.0,578.6223802419805,513.1715560679618,551.5253298432957,575.7449017816655,479.5264414478273,413.0031442259937,535.4882938842035,542.558737127122,474.2704297234039,427.4796902153452
320.0,170.56924896259613,82.03921700408341,95.26706632515646,129.6664642182766,90.72228610849885,0.0,10.523468281905025,50.45078453281121,183.4640616220613,82.24210686013419,79.36164019765158,104.45048110731528,281.3722146256031,196.59766125162523,200.5187488788329,224.2290299131086,380.5084600859574,291.0160850105334,274.49024763770404,281.64681964121667,320.0,357.1230193781536,447.252191236952,535.9812141461992,598.1789880582032,534.0696184502829,609.9812973207036,556.4090948424509,497.5142430546682,549.3981560050197,640.0,577.8143477873555,511.0385008757071,548.8834100805414,573.5276033359232,477.6982672248549,410.75527431194814,534.2422507252573,544.7320431399974,477.63465610528084,430.394577300334,320.0,169.4653624547769,81.3318033123812,100.01888010929105,139.01515143882756,92.29629077383262,0.0,4.840884201660515,42.50333726584989,187.36338367021668,80.81420219448529,72.55660254750501,95.20233653945934,286.1693426921182,191.14714294781575,194.9886104783599,221.65264427315105,385.89948004138716,285.0624081307382,272.33628759020695,285.68051510257624,320.0,358.2253790787105,453.3522147288888,544.6170893121437,608.1339297091198,537.7128089327546,612.9877054670321,555.7728575582603,493.0855165724853,552.6098192902954,640.0,575.1576034878929,508.7240915623219,551.5019157553079,572.7632384082685,474.7306343952874,410.20696878455374,535.896834394634,541.7821915269893,473.33107117536224,428.21802784321284,320.0,169.86700876907116,83.56590471206562,103.49861118406983,142.4831486101509,91.23964736498411,0.0,9.685647358511176,50.71379686615808,186.24386845920228,79.3457167034586,75.30979794265536,100.58049692648075,285.1829111782691,193.76026923386206,196.74984458755142,220.3089029362434,384.28766078684384,286.65610915941346,271.0983035707395,280.29543427229754,320.0,358.09606416300966,451.88877204641466,543.0149171231301,608.0537190000483,537.1435535527422,611.3590487361773,555.2848038233572,494.46859305871493,553.0997770402316,640.0,575.7242601818742,508.98174298328195,552.2288128863097,574.2944732106172,476.60056002516035,410.2676815470645,535.8948759253392,543.3163169053282,474.59941218527825,427.7249904765781,320.0,166.62521570973925,83.67411670388606,112.98339938314965,157.6489859772803,89.65781406841609,0.0,11.767838948793042,54.18940832661275,185.18720105247377,78.50891172951987,73.91148759066533,99.37057434497194,284.82372912072367,193.8055012314511,196.59582351006483,220.87744268382818,384.49991095748294,287.5264994175476,270.8987010349417,279.0043576163651,320.0,360.6899083395689,460.12406032332296,554.3993157623457,621.1688559204676,537.889021684738,610.5334669011302,555.0628610484947,496.241819050686,553.0731264910194,640.0,578.6223802419805,513.1715560679618,551.5253298432957,575.7449017816655,479.5264414478273,413.0031442259937,535.4882938842035,542.558737127122,474.2704297234039,427.4796902153452,320.0,166.72118264803458,84.21738388335481,115.14227057591717,160.42835594103602,89.62622979255102,0.0,11.768150682945645,53.91871412540422,185.9560142506305,78.37449428590662,73.4976342652482,98.36390035248402,286.07496783624333,194.37202455311728,196.91069606579836,220.39705820436106,385.87097032816234,288.34038545076277,271.8379314752519,279.5378100307557,320.0,360.6558944828877,461.28838008403216,556.0367217007279,622.7019508770119,538.9898188844238,610.6318368534446,554.8141384765456,495.73499184372804,554.5202710193375,640.0,578.2304344791219,512.7679671144747,553.0195498300997,576.1971254493868,479.51777281277884,412.8240503559607,536.945360310132,542.7406458031127,474.1147110286522,427.35720013162654
320.0,169.4653624547769,81.3318033123812,100.01888010929105,139.01515143882756,92.29629077383262,0.0,4.840884201660515,42.50333726584989,187.36338367021668,80.81420219448529,72.55660254750501,95.20233653945934,286.1693426921182,191.14714294781575,194.9886104783599,221.65264427315105,385.89948004138716,285.0624081307382,272.33628759020695,285.68051510257624,320.0,358.2253790787105,453.3522147288888,544.6170893121437,608.1339297091198,537.7128089327546,612.9877054670321,555.7728575582603,493.0855165724853,552.6098192902954,640.0,575.1576034878929,508.7240915623219,551.5019157553079,572.7632384082685,474.7306343952874,410.20696878455374,535.896834394634,541.7821915269893,473.33107117536224,428.21802784321284,320.0,169.86700876907116,83.56590471206562,103.49861118406983,142.4831486101509,91.23964736498411,0.0,9.685647358511176,50.71379686615808,186.24386845920228,79.3457167034586,75.30979794265536,100.58049692648075,285.1829111782691,193.76026923386206,196.74984458755142,220.3089029362434,384.28766078684384,286.65610915941346,271.0983035707395,280.29543427229754,320.0,358.09606416300966,451.88877204641466,543.0149171231301,608.0537190000483,537.1435535527422,611.3590487361773,555.2848038233572,494.46859305871493,553.0997770402316,640.0,575.7242601818742,508.98174298328195,552.2288128863097,574.2944732106172,476.60056002516035,410.2676815470645,535.8948759253392,543.3163169053282,474.59941218527825,427.7249904765781,320.0,166.62521570973925,83.67411670388606,112.98339938314965,157.6489859772803,89.65781406841609,0.0,11.767838948793042,54.18940832661275,185.18720105247377,78.50891172951987,73.91148759066533,99.37057434497194,284.82372912072367,193.8055012314511,196.59582351006483,220.87744268382818,384.49991095748294,287.5264994175476,270.8987010349417,279.0043576163651,320.0,360.6899083395689,460.12406032332296,554.3993157623457,621.1688559204676,537.889021684738,610.5334669011302,555.0628610484947,496.241819050686,553.0731264910194,640.0,578.6223802419805,513.1715560679618,551.5253298432957,575.7449017816655,479.5264414478273,413.0031442259937,535.4882938842035,542.558737127122,474.2704297234039,427.4796902153452,320.0,166.72118264803458,84.21738388335481,115.14227057591717,160.42835594103602,89.62622979255102,0.0,11.768150682945645,53.91871412540422,185.9560142506305,78.37449428590662,73.4976342652482,98.36390035248402,286.07496783624333,194.37202455311728,196.91069606579836,220.39705820436106,385.87097032816234,288.34038545076277,271.8379314752519,279.5378100307557,320.0,360.6558944828877,461.28838008403216,556.0367217007279,622.7019508770119,538.9898188844238,610.6318368534446,554.8141384765456,495.73499184372804,554.5202710193375,640.0,578.2304344791219,512.7679671144747,553.0195498300997,576.1971254493868,479.51777281277884,412.8240503559607,536.945360310132,542.7406458031127,474.1147110286522,427.35720013162654,320.0,170.65125706274205,83.74867072967308,102.05572700147283,140.38750240297168,87.80825295793036,0.0,8.709112392751422,46.4629079659976,182.1368109330661,80.5655529427957,76.30442777608368,99.71205230861062,280.8069596542613,188.6592702097087,191.15749307034082,215.48785872845338,378.53976615813013,278.9411316195169,265.3198688794036,278.0890023310384,320.0,358.2135278593369,451.9332250381532,542.2944065853906,607.3591385210428,536.5621090562048,610.5352505004488,556.3987857615482,498.72196080199,551.5446645405963,640.0,576.3558846573636,510.7699195636326,549.9356064139911,573.069786331909,476.27423582189783,412.234900142596,533.2779115452702,542.0217701498277,474.319900328368,429.49511594327976
320.0,169.86700876907116,83.56590471206562,103.49861118406983,142.4831486101509,91.23964736498411,0.0,9.685647358511176,50.71379686615808,186.24386845920228,79.3457167034586,75.30979794265536,100.58049692648075,285.1829111782691,193.76026923386206,196.74984458755142,220.3089029362434,384.28766078684384,286.65610915941346,271.0983035707395,280.29543427229754,320.0,358.09606416300966,451.88877204641466,543.0149171231301,608.0537190000483,537.1435535527422,611.3590487361773,555.2848038233572,494.46859305871493,553.0997770402316,640.0,575.7242601818742,508.98174298328195,552.2288128863097,574.2944732106172,476.60056002516035,410.2676815470645,535.8948759253392,543.3163169053282,474.59941218527825,427.7249904765781,320.0,166.62521570973925,83.67411670388606,112.98339938314965,157.6489859772803,89.65781406841609,0.0,11.767838948793042,54.18940832661275,185.18720105247377,78.50891172951987,73.91148759066533,99.37057434497194,284.82372912072367,193.8055012314511,196.59582351006483,220.87744268382818,384.49991095748294,287.5264994175476,270.8987010349417,279.0043576163651,320.0,360.6899083395689,460.12406032332296,554.3993157623457,621.1688559204676,537.889021684738,610.5334669011302,555.0628610484947,496.241819050686,553.0731264910194,640.0,578.6223802419805,513.1715560679618,551.5253298432957,575.7449017816655,479.5264414478273,413.0031442259937,535.4882938842035,542.558737127122,474.2704297234039,427.4796902153452,320.0,166.72118264803458,84.21738388335481,115.14227057591717,160.42835594103602,89.62622979255102,0.0,11.768150682945645,53.91871412540422,185.9560142506305,78.37449428590662,73.4976342652482,98.36390035248402,286.07496783624333,194.37202455311728,196.91069606579836,220.39705820436106,385.87097032816234,288.34038545076277,271.8379314752519,279.5378100307557,320.0,360.6558944828877,461.28838008403216,556.0367217007279,622.7019508770119,538.9898188844238,610.6318368534446,554.8141384765456,495.73499184372804,554.5202710193375,640.0,578.2304344791219,512.7679671144747,553.0195498300997,576.1971254493868,479.51777281277884,412.8240503559607,536.945360310132,542.7406458031127,474.1147110286522,427.35720013162654,320.0,170.65125706274205,83.74867072967308,102.05572700147283,140.38750240297168,87.80825295793036,0.0,8.709112392751422,46.4629079659976,182.1368109330661,80.5655529427957,76.30442777608368,99.71205230861062,280.8069596542613,188.6592702097087,191.15749307034082,215.48785872845338,378.53976615813013,278.9411316195169,265.3198688794036,278.0890023310384,320.0,358.2135278593369,451.9332250381532,542.2944065853906,607.3591385210428,536.5621090562048,610.5352505004488,556.3987857615482,498.72196080199,551.5446645405963,640.0,576.3558846573636,510.7699195636326,549.9356064139911,573.069786331909,476.27423582189783,412.234900142596,533.2779115452702,542.0217701498277,474.319900328368,429.49511594327976,320.0,166.44933808503313,79.2741917832206,97.34195325107402,136.72566494944851,89.31563981797092,0.0,5.127935736642826,41.88937772232799,182.16671939700373,77.63919316614832,68.71602624179943,90.32790310352854,276.6148317504283,180.94154493918103,184.13417781465586,210.6132438708445,369.71360462594293,267.7491309443506,255.41731584675966,269.79419249955725,320.0,358.97388459199493,454.2160476379455,546.532934764299,613.1174512899723,539.9024514660355,615.6889258145778,558.2772833732569,495.54784684213985,555.2943348569938,640.0,576.8175195263614,511.6737900888786,554.2048747619577,570.9558899804808,473.80409779978095,409.4570115506981,538.5661983385344,539.9164984549263,471.5969313610447,426.5673860514162
320.0,166.62521570973925,83.67411670388606,112.98339938314965,157.6489859772803,89.65781406841609,0.0,11.767838948793042,54.18940832661275,185.18720105247377,78.50891172951987,73.91148759066533,99.37057434497194,284.82372912072367,193.8055012314511,196.59582351006483,220.87744268382818,384.49991095748294,287.5264994175476,270.8987010349417,279.0043576163651,320.0,360.6899083395689,460.12406032332296,554.3993157623457,621.1688559204676,537.889021684738,610.5334669011302,555.0628610484947,496.241819050686,553.0731264910194,640.0,578.6223802419805,513.1715560679618,551.5253298432957,575.7449017816655,479.5264414478273,413.0031442259937,535.4882938842035,542.558737127122,474.2704297234039,427.4796902153452,320.0,166.72118264803458,84.21738388335481,115.14227057591717,160.42835594103602,89.62622979255102,0.0,11.768150682945645,53.91871412540422,185.9560142506305,78.37449428590662,73.4976342652482,98.36390035248402,286.07496783624333,194.37202455311728,196.91069606579836,220.39705820436106,385.87097032816234,288.34038545076277,271.8379314752519,279.5378100307557,320.0,360.6558944828877,461.28838008403216,556.0367217007279,622.7019508770119,538.9898188844238,610.6318368534446,554.8141384765456,495.73499184372804,554.5202710193375,640.0,578.2304344791219,512.7679671144747,553.0195498300997,576.1971254493868,479.51777281277884,412.8240503559607,536.945360310132,542.7406458031127,474.1147110286522,427.35720013162654,320.0,170.65125706274205,83.74867072967308,102.05572700147283,140.38750240297168,87.80825295793036,0.0,8.709112392751422,46.4629079659976,182.1368109330661,80.5655529427957,76.30442777608368,99.71205230861062,280.8069596542613,188.6592702097087,191.15749307034082,215.48785872845338,378.53976615813013,278.9411316195169,265.3198688794036,278.0890023310384,320.0,358.2135278593369,451.9332250381532,542.2944065853906,607.3591385210428,536.5621090562048,610.5352505004488,556.3987857615482,498.72196080199,551.5446645405963,640.0,576.3558846573636,510.7699195636326,549.9356064139911,573.069786331909,476.27423582189783,412.234900142596,533.2779115452702,542.0217701498277,474.319900328368,429.49511594327976,320.0,166.44933808503313,79.2741917832206,97.34195325107402,136.72566494944851,89.31563981797092,0.0,5.127935736642826,41.88937772232799,182.16671939700373,77.63919316614832,68.71602624179943,90.32790310352854,276.6148317504283,180.94154493918103,184.13417781465586,210.6132438708445,369.71360462594293,267.7491309443506,255.41731584675966,269.79419249955725,320.0,358.97388459199493,454.2160476379455,546.532934764299,613.1174512899723,539.9024514660355,615.6889258145778,558.2772833732569,495.54784684213985,555.2943348569938,640.0,576.8175195263614,511.6737900888786,554.2048747619577,570.9558899804808,473.80409779978095,409.4570115506981,538.5661983385344,539.9164984549263,471.5969313610447,426.5673860514162,320.0,165.90404232781108,81.0129036455294,103.18109153826174,143.26744361018007,85.21000766282765,0.0,9.331347520407292,47.199680972101476,178.6952732321986,77.84328400088,69.82738028135441,90.00655040159077,274.32354812260724,180.64638906008443,184.25382781333292,209.9244891158547,367.7732955174693,266.4566300344107,252.80700351655753,265.40038150254,320.0,359.255693866738,457.4583855063437,551.6916093903567,619.8779347838758,539.3044428683827,613.3726243783551,557.1301422286026,495.8371778586745,555.5517880224963,640.0,582.3880729821803,520.0307673054792,555.1364817400611,568.5971255456902,470.7060849174776,405.4834323579647,540.252072070486,542.0059512324409,473.6665220930047,427.55907396405996
320.0,166.72118264803458,84.21738388335481,115.14227057591717,160.42835594103602,89.62622979255102,0.0,11.768150682945645,53.91871412540422,185.9560142506305,78.37449428590662,73.4976342652482,98.36390035248402,286.07496783624333,194.37202455311728,196.91069606579836,220.39705820436106,385.87097032816234,288.34038545076277,271.8379314752519,279.5378100307557,320.0,360.6558944828877,461.28838008403216,556.0367217007279,622.7019508770119,538.9898188844238,610.6318368534446,554.8141384765456,495.73499184372804,554.5202710193375,640.0,578.2304344791219,512.7679671144747,553.0195498300997,576.1971254493868,479.51777281277884,412.8240503559607,536.945360310132,542.7406458031127,474.1147110286522,427.35720013162654,320.0,170.65125706274205,83.74867072967308,102.05572700147283,140.38750240297168,87.80825295793036,0.0,8.709112392751422,46.4629079659976,182.1368109330661,80.5655529427957,76.30442777608368,99.71205230861062,280.8069596542613,188.6592702097087,191.15749307034082,215.48785872845338,378.53976615813013,278.9411316195169,265.3198688794036,278.0890023310384,320.0,358.2135278593369,451.9332250381532,542.2944065853906,607.3591385210428,536.5621090562048,610.5352505004488,556.3987857615482,498.72196080199,551.5446645405963,640.0,576.3558846573636,510.7699195636326,549.9356064139911,573.069786331909,476.27423582189783,412.234900142596,533.2779115452702,542.0217701498277,474.319900328368,429.49511594327976,320.0,166.44933808503313,79.2741917832206,97.34195325107402,136.72566494944851,89.31563981797092,0.0,5.127935736642826,41.88937772232799,182.16671939700373,77.63919316614832,68.71602624179943,90.32790310352854,276.6148317504283,180.94154493918103,184.13417781465586,210.6132438708445,369.71360462594293,267.7491309443506,255.41731584675966,269.79419249955725,320.0,358.97388459199493,454.2160476379455,546.532934764299,613.1174512899723,539.9024514660355,615.6889258145778,558.2772833732569,495.54784684213985,555.2943348569938,640.0,576.8175195263614,511.6737900888786,554.2048747619577,570.9558899804808,473.80409779978095,409.4570115506981,538.5661983385344,539.9164984549263,471.5969313610447,426.5673860514162,320.0,165.90404232781108,81.0129036455294,103.18109153826174,143.26744361018007,85.21000766282765,0.0,9.331347520407292,47.199680972101476,178.6952732321986,77.84328400088,69.82738028135441,90.00655040159077,274.32354812260724,180.64638906008443,184.25382781333292,209.9244891158547,367.7732955174693,266.4566300344107,252.80700351655753,265.40038150254,320.0,359.255693866738,457.4583855063437,551.6916093903567,619.8779347838758,539.3044428683827,613.3726243783551,557.1301422286026,495.8371778586745,555.5517880224963,640.0,582.3880729821803,520.0307673054792,555.1364817400611,568.5971255456902,470.7060849174776,405.4834323579647,540.252072070486,542.0059512324409,473.6665220930047,427.55907396405996,320.0,166.89862626297892,80.94899952990937,102.96701759286162,143.38038811780447,86.04562996509858,0.0,8.052859634925369,45.77263324326384,179.8289767860015,77.39105431230229,68.37951901123856,88.69820804441048,275.71920750449203,179.94939979276108,183.77045611261227,210.58711951649246,369.52226571218733,265.6229075043674,252.56527090064128,266.6514907609109,320.0,359.04146402735745,457.3941198231702,551.3831869169841,619.6072188903447,539.7248775141244,614.0336497205512,557.0920806001463,495.38186102548593,555.8451347332759,640.0,581.6313309300758,519.401392281051,555.3441073098317,569.0277634651358,470.85552769009473,406.00089374204856,540.3631290089578,541.6489778240848,473.1235999663778,427.38148301343983
320.0,170.65125706274205,83.74867072967308,102.05572700147283,140.38750240297168,87.80825295793036,0.0,8.709112392751422,46.4629079659976,182.1368109330661,80.5655529427957,76.30442777608368,99.71205230861062,280.8069596542613,188.6592702097087,191.15749307034082,215.48785872845338,378.53976615813013,278.9411316195169,265.3198688794036,278.0890023310384,320.0,358.2135278593369,451.9332250381532,542.2944065853906,607.3591385210428,536.5621090562048,610.5352505004488,556.3987857615482,498.72196080199,551.5446645405963,640.0,576.3558846573636,510.7699195636326,549.9356064139911,573.069786331909,476.27423582189783,412.234900142596,533.2779115452702,542.0217701498277,474.319900328368,429.49511594327976,320.0,166.44933808503313,79.2741917832206,97.34195325107402,136.72566494944851,89.31563981797092,0.0,5.127935736642826,41.88937772232799,182.16671939700373,77.63919316614832,68.71602624179943,90.32790310352854,276.6148317504283,180.94154493918103,184.13417781465586,210.6132438708445,369.71360462594293,267.7491309443506,255.41731584675966,269.79419249955725,320.0,358.97388459199493,454.2160476379455,546.532934764299,613.1174512899723,539.9024514660355,615.6889258145778,558.2772833732569,495.54784684213985,555.2943348569938,640.0,576.8175195263614,511.6737900888786,554.2048747619577,570.9558899804808,473.80409779978095,409.4570115506981,538.5661983385344,539.9164984549263,471.5969313610447,426.5673860514162,320.0,165.90404232781108,81.0129036455294,103.18109153826174,143.26744361018007,85.21000766282765,0.0,9.331347520407292,47.199680972101476,178.6952732321986,77.84328400088,69.82738028135441,90.00655040159077,274.32354812260724,180.64638906008443,184.25382781333292,209.9244891158547,367.7732955174693,266.4566300344107,252.80700351655753,265.40038150254,320.0,359.255693866738,457.4583855063437,551.6916093903567,619.8779347838758,539.3044428683827,613.3726243783551,557.1301422286026,495.8371778586745,555.5517880224963,640.0,582.3880729821803,520.0307673054792,555.1364817400611,568.5971255456902,470.7060849174776,405.4834323579647,540.252072070486,542.0059512324409,473.6665220930047,427.55907396405996,320.0,166.89862626297892,80.94899952990937,102.96701759286162,143.38038811780447,86.04562996509858,0.0,8.052859634925369,45.77263324326384,179.8289767860015,77.39105431230229,68.37951901123856,88.69820804441048,275.71920750449203,179.94939979276108,183.77045611261227,210.58711951649246,369.52226571218733,265.6229075043674,252.56527090064128,266.6514907609109,320.0,359.04146402735745,457.3941198231702,551.3831869169841,619.6072188903447,539.7248775141244,614.0336497205512,557.0920806001463,495.38186102548593,555.8451347332759,640.0,581.6313309300758,519.401392281051,555.3441073098317,569.0277634651358,470.85552769009473,406.00089374204856,540.3631290089578,541.6489778240848,473.1235999663778,427.38148301343983,320.0,162.77742452961647,77.03587849581191,111.40835974384538,162.14853725082773,86.14580072202583,0.0,0.5190482401112604,35.42964000790414,187.5952530095125,76.54454193977062,57.412815131839125,74.49312154538825,289.9928647661945,186.25812226573458,184.17269207726628,210.66212293018518,389.4055922493359,276.2639926291119,259.46063510666244,274.2263441019643,320.0,359.6110503870986,462.7087444323126,557.4513397061553,624.7972212898711,541.550211713187,617.6976099300146,559.5727459773332,493.7688693486191,555.6688699884996,640.0,579.9016422242014,517.0036700054856,552.9732372892103,568.9591366499697,470.80145031822417,406.71005211535766,536.1082770868684,536.3153842976817,467.5322613202131,422.98057031966687
320.0,166.44933808503313,79.2741917832206,97.34195325107402,136.72566494944851,89.31563981797092,0.0,5.127935736642826,41.88937772232799,182.16671939700373,77.63919316614832,68.71602624179943,90.32790310352854,276.6148317504283,180.94154493918103,184.13417781465586,210.6132438708445,369.71360462594293,267.7491309443506,255.41731584675966,269.79419249955725,320.0,358.97388459199493,454.2160476379455,546.532934764299,613.1174512899723,539.9024514660355,615.6889258145778,558.2772833732569,495.54784684213985,555.2943348569938,640.0,576.8175195263614,511.6737900888786,554.2048747619577,570.9558899804808,473.80409779978095,409.4570115506981,538.5661983385344,539.9164984549263,471.5969313610447,426.5673860514162,320.0,165.90404232781108,81.0129036455294,103.18109153826174,143.26744361018007,85.21000766282765,0.0,9.331347520407292,47.199680972101476,178.6952732321986,77.84328400088,69.82738028135441,90.00655040159077,274.32354812260724,180.64638906008443,184.25382781333292,209.9244891158547,367.7732955174693,266.4566300344107,252.80700351655753,265.40038150254,320.0,359.255693866738,457.4583855063437,551.6916093903567,619.8779347838758,539.3044428683827,613.3726243783551,557.1301422286026,495.8371778586745,555.5517880224963,640.0,582.3880729821803,520.0307673054792,555.1364817400611,568.5971255456902,470.7060849174776,405.4834323579647,540.252072070486,542.0059512324409,473.6665220930047,427.55907396405996,320.0,166.89862626297892,80.94899952990937,102.96701759286162,143.38038811780447,86.04562996509858,0.0,8.052859634925369,45.77263324326384,179.8289767860015,77.39105431230229,68.37951901123856,88.69820804441048,275.71920750449203,179.94939979276108,183.77045611261227,210.58711951649246,369.52226571218733,265.6229075043674,252.56527090064128,266.6514907609109,320.0,359.04146402735745,457.3941198231702,551.3831869169841,619.6072188903447,539.7248775141244,614.0336497205512,557.0920806001463,495.38186102548593,555.8451347332759,640.0,581.6313309300758,519.401392281051,555.3441073098317,569.0277634651358,470.85552769009473,406.00089374204856,540.3631290089578,541.6489778240848,473.1235999663778,427.38148301343983,320.0,162.77742452961647,77.03587849581191,111.40835974384538,162.14853725082773,86.14580072202583,0.0,0.5190482401112604,35.42964000790414,187.5952530095125,76.54454193977062,57.412815131839125,74.49312154538825,289.9928647661945,186.25812226573458,184.17269207726628,210.66212293018518,389.4055922493359,276.2639926291119,259.46063510666244,274.2263441019643,320.0,359.6110503870986,462.7087444323126,557.4513397061553,624.7972212898711,541.550211713187,617.6976099300146,559.5727459773332,493.7688693486191,555.6688699884996,640.0,579.9016422242014,517.0036700054856,552.9732372892103,568.9591366499697,470.80145031822417,406.71005211535766,536.1082770868684,536.3153842976817,467.5322613202131,422.98057031966687,320.0,168.21910274359922,88.12353178146435,126.08767341095356,182.6413729605438,102.08656490763099,11.658202202347866,0.0,26.210753659211207,205.69464692403702,92.05833338237426,63.87572778967541,73.92330462388196,311.88481409297196,210.02482897644805,191.55074371906073,203.0689064283028,413.9851603932619,307.52655566297005,272.75447560891445,268.4650385434951,320.0,365.5610511618968,463.6873349863379,551.4918836636848,611.2492752726864,544.3254740805592,620.886275972836,570.5133568726317,507.63702929577505,555.910665935594,640.0,586.4269244883739,524.3189281206833,548.8396992405201,558.8533996485842,472.0380734129511,410.6916694403315,525.299461038959,520.7396956826923,461.1814182964788,418.96558538626095
320.0,165.90404232781108,81.0129036455294,103.18109153826174,143.26744361018007,85.21000766282765,0.0,9.331347520407292,47.199680972101476,178.6952732321986,77.84328400088,69.82738028135441,90.00655040159077,274.32354812260724,180.64638906008443,184.25382781333292,209.9244891158547,367.7732955174693,266.4566300344107,252.80700351655753,265.40038150254,320.0,359.255693866738,457.4583855063437,551.6916093903567,619.8779347838758,539.3044428683827,613.3726243783551,557.1301422286026,495.8371778586745,555.5517880224963,640.0,582.3880729821803,520.0307673054792,555.1364817400611,568.5971255456902,470.7060849174776,405.4834323579647,540.252072070486,542.0059512324409,473.6665220930047,427.55907396405996,320.0,166.89862626297892,80.94899952990937,102.96701759286162,143.38038811780447,86.04562996509858,0.0,8.052859634925369,45.77263324326384,179.8289767860015,77.39105431230229,68.37951901123856,88.69820804441048,275.71920750449203,179.94939979276108,183.77045611261227,210.58711951649246,369.52226571218733,265.6229075043674,252.56527090064128,266.6514907609109,320.0,359.04146402735745,457.3941198231702,551.3831869169841,619.6072188903447,539.7248775141244,614.0336497205512,557.0920806001463,495.38186102548593,555.8451347332759,640.0,581.6313309300758,519.401392281051,555.3441073098317,569.0277634651358,470.85552769009473,406.00089374204856,540.3631290089578,541.6489778240848,473.1235999663778,427.38148301343983,320.0,162.77742452961647,77.03587849581191,111.40835974384538,162.14853725082773,86.14580072202583,0.0,0.5190482401112604,35.42964000790414,187.5952530095125,76.54454193977062,57.412815131839125,74.49312154538825,289.9928647661945,186.25812226573458,184.17269207726628,210.66212293018518,389.4055922493359,276.2639926291119,259.46063510666244,274.2263441019643,320.0,359.6110503870986,462.7087444323126,557.4513397061553,624.7972212898711,541.550211713187,617.6976099300146,559.5727459773332,493.7688693486191,555.6688699884996,640.0,579.9016422242014,517.0036700054856,552.9732372892103,568.9591366499697,470.80145031822417,406.71005211535766,536.1082770868684,536.3153842976817,467.5322613202131,422.98057031966687,320.0,168.21910274359922,88.12353178146435,126.08767341095356,182.6413729605438,102.08656490763099,11.658202202347866,0.0,26.210753659211207,205.69464692403702,92.05833338237426,63.87572778967541,73.92330462388196,311.88481409297196,210.02482897644805,191.55074371906073,203.0689064283028,413.9851603932619,307.52655566297005,272.75447560891445,268.4650385434951,320.0,365.5610511618968,463.6873349863379,551.4918836636848,611.2492752726864,544.3254740805592,620.886275972836,570.5133568726317,507.63702929577505,555.910665935594,640.0,586.4269244883739,524.3189281206833,548.8396992405201,558.8533996485842,472.0380734129511,410.6916694403315,525.299461038959,520.7396956826923,461.1814182964788,418.96558538626095,320.0,165.85226152553102,92.77721417345586,128.45678928585968,175.549285402045,97.91979719822581,3.9603389288466815,0.0,30.193199659336415,203.22764089420727,91.72548859971687,70.07925137027686,81.63018315322381,308.991277746427,203.8565647842105,187.89065029651087,199.82538997117769,407.34634953347665,297.6728187781076,265.3567562145691,263.01440423653077,320.0,368.60679487247967,463.74654660638436,548.0634758408785,610.340670160837,540.121855947064,618.6121982174085,565.141612437918,501.8696707098918,551.7281144092069,640.0,583.4699328435188,520.3019027687865,544.8900369710007,555.2138114597784,467.00725870772965,407.0783142741069,521.5811427731161,517.3922369510092,456.0692229854827,414.6340413782639
320.0,166.89862626297892,80.94899952990937,102.96701759286162,143.38038811780447,86.04562996509858,0.0,8.052859634925369,45.77263324326384,179.8289767860015,77.39105431230229,68.37951901123856,88.69820804441048,275.71920750449203,179.94939979276108,183.77045611261227,210.58711951649246,369.52226571218733,265.6229075043674,252.56527090064128,266.6514907609109,320.0,359.04146402735745,457.3941198231702,551.3831869169841,619.6072188903447,539.7248775141244,614.0336497205512,557.0920806001463,495.38186102548593,555.8451347332759,640.0,581.6313309300758,519.401392281051,555.3441073098317,569.0277634651358,470.85552769009473,406.00089374204856,540.3631290089578,541.6489778240848,473.1235999663778,427.38148301343983,320.0,162.77742452961647,77.03587849581191,111.40835974384538,162.14853725082773,86.14580072202583,0.0,0.5190482401112604,35.42964000790414,187.5952530095125,76.54454193977062,57.412815131839125,74.49312154538825,289.9928647661945,186.25812226573458,184.17269207726628,210.66212293018518,389.4055922493359,276.2639926291119,259.46063510666244,274.2263441019643,320.0,359.6110503870986,462.7087444323126,557.4513397061553,624.7972212898711,541.550211713187,617.6976099300146,559.5727459773332,493.7688693486191,555.6688699884996,640.0,579.9016422242014,517.0036700054856,552.9732372892103,568.9591366499697,470.80145031822417,406.71005211535766,536.1082770868684,536.3153842976817,467.5322613202131,422.98057031966687,320.0,168.21910274359922,88.12353178146435,126.08767341095356,182.6413729605438,102.08656490763099,11.658202202347866,0.0,26.210753659211207,205.69464692403702,92.05833338237426,63.87572778967541,73.92330462388196,311.88481409297196,210.02482897644805,191.55074371906073,203.0689064283028,413.9851603932619,307.52655566297005,272.75447560891445,268.4650385434951,320.0,365.5610511618968,463.6873349863379,551.4918836636848,611.2492752726864,544.3254740805592,620.886275972836,570.5133568726317,507.63702929577505,555.910665935594,640.0,586.4269244883739,524.3189281206833,548.8396992405201,558.8533996485842,472.0380734129511,410.6916694403315,525.299461038959,520.7396956826923,461.1814182964788,418.96558538626095,320.0,165.85226152553102,92.77721417345586,128.45678928585968,175.549285402045,97.91979719822581,3.9603389288466815,0.0,30.193199659336415,203.22764089420727,91.72548859971687,70.07925137027686,81.63018315322381,308.991277746427,203.8565647842105,187.89065029651087,199.82538997117769,407.34634953347665,297.6728187781076,265.3567562145691,263.01440423653077,320.0,368.60679487247967,463.74654660638436,548.0634758408785,610.340670160837,540.121855947064,618.6121982174085,565.141612437918,501.8696707098918,551.7281144092069,640.0,583.4699328435188,520.3019027687865,544.8900369710007,555.2138114597784,467.00725870772965,407.0783142741069,521.5811427731161,517.3922369510092,456.0692229854827,414.6340413782639,320.0,161.6128694734869,87.22908873680609,124.56073131792238,178.91136509654692,101.60609762612307,18.0278690764045,0.0,16.765607126011105,209.99417049224053,97.89634186365137,62.59243734124016,65.37716655248113,319.6283672556094,210.26776872308565,193.05395628610054,207.30468906887359,420.8355055885938,314.01486193035083,285.8598653923116,289.56425566804273,320.0,368.8936185615521,469.13047748552276,558.0276703138667,618.2654152410928,547.9920627074207,631.4102459793551,573.4021865912051,508.60767073525847,558.727967287031,640.0,578.9705744272449,515.8241802173841,552.3278601022469,552.6520422104917,463.1999779579678,403.5173464850792,529.4006890296049,517.6399596112174,451.54601841482133,409.2234494807967
320.0,162.77742452961647,77.03587849581191,111.40835974384538,162.14853725082773,86.14580072202583,0.0,0.5190482401112604,35.42964000790414,187.5952530095125,76.54454193977062,57.412815131839125,74.49312154538825,289.9928647661945,186.25812226573458,184.17269207726628,210.66212293018518,389.4055922493359,276.2639926291119,259.46063510666244,274.2263441019643,320.0,359.6110503870986,462.7087444323126,557.4513397061553,624.7972212898711,541.550211713187,617.6976099300146,559.5727459773332,493.7688693486191,555.6688699884996,640.0,579.9016422242014,517.0036700054856,552.9732372892103,568.9591366499697,470.80145031822417,406.71005211535766,536.1082770868684,536.3153842976817,467.5322613202131,422.98057031966687,320.0,168.21910274359922,88.12353178146435,126.08767341095356,182.6413729605438,102.08656490763099,11.658202202347866,0.0,26.210753659211207,205.69464692403702,92.05833338237426,63.87572778967541,73.92330462388196,311.88481409297196,210.02482897644805,191.55074371906073,203.0689064283028,413.9851603932619,307.52655566297005,272.75447560891445,268.4650385434951,320.0,365.5610511618968,463.6873349863379,551.4918836636848,611.2492752726864,544.3254740805592,620.886275972836,570.5133568726317,507.63702929577505,555.910665935594,640.0,586.4269244883739,524.3189281206833,548.8396992405201,558.8533996485842,472.0380734129511,410.6916694403315,525.299461038959,520.7396956826923,461.1814182964788,418.96558538626095,320.0,165.85226152553102,92.77721417345586,128.45678928585968,175.549285402045,97.91979719822581,3.9603389288466815,0.0,30.193199659336415,203.22764089420727,91.72548859971687,70.07925137027686,81.63018315322381,308.991277746427,203.8565647842105,187.89065029651087,199.82538997117769,407.34634953347665,297.6728187781076,265.3567562145691,263.01440423653077,320.0,368.60679487247967,463.74654660638436,548.0634758408785,610.340670160837,540.121855947064,618.6121982174085,565.141612437918,501.8696707098918,551.7281144092069,640.0,583.4699328435188,520.3019027687865,544.8900369710007,555.2138114597784,467.00725870772965,407.0783142741069,521.5811427731161,517.3922369510092,456.0692229854827,414.6340413782639,320.0,161.6128694734869,87.22908873680609,124.56073131792238,178.91136509654692,101.60609762612307,18.0278690764045,0.0,16.765607126011105,209.99417049224053,97.89634186365137,62.59243734124016,65.37716655248113,319.6283672556094,210.26776872308565,193.05395628610054,207.30468906887359,420.8355055885938,314.01486193035083,285.8598653923116,289.56425566804273,320.0,368.8936185615521,469.13047748552276,558.0276703138667,618.2654152410928,547.9920627074207,631.4102459793551,573.4021865912051,508.60767073525847,558.727967287031,640.0,578.9705744272449,515.8241802173841,552.3278601022469,552.6520422104917,463.1999779579678,403.5173464850792,529.4006890296049,517.6399596112174,451.54601841482133,409.2234494807967,320.0,164.11902125479375,91.18850306048165,131.88095279094415,188.09964140693063,106.43850873797649,14.668470487882757,0.0,19.168300662158117,215.45215943204087,108.74628186478378,78.95454235773008,80.78691326210387,323.4256431603407,222.76335527716282,204.34094017817102,212.56692393828973,421.9253021363103,324.40080468194924,294.6628104622629,292.50066071066266,320.0,365.05518037184174,459.0231278600852,542.7027791798907,597.5170434755833,553.717664418616,627.3978109282145,569.8917781433213,503.73808371537154,567.1538030368034,640.0,578.1990488194717,514.3048846103751,560.0605546375357,548.7698944579939,462.0031883564651,404.2987134636279,533.5394876408534,511.84235154397265,448.09679420786074,407.3420916733628
320.0,168.21910274359922,88.12353178146435,126.08767341095356,182.6413729605438,102.08656490763099,11.658202202347866,0.0,26.210753659211207,205.69464692403702,92.05833338237426,63.87572778967541,73.92330462388196,311.88481409297196,210.02482897644805,191.55074371906073,203.0689064283028,413.9851603932619,307.52655566297005,272.75447560891445,268.4650385434951,320.0,365.5610511618968,463.6873349863379,551.4918836636848,611.2492752726864,544.3254740805592,620.886275972836,570.5133568726317,507.63702929577505,555.910665935594,640.0,586.4269244883739,524.3189281206833,548.8396992405201,558.8533996485842,472.0380734129511,410.6916694403315,525.299461038959,520.7396956826923,461.1814182964788,418.96558538626095,320.0,165.85226152553102,92.77721417345586,128.45678928585968,175.549285402045,97.91979719822581,3.9603389288466815,0.0,30.193199659336415,203.22764089420727,91.72548859971687,70.07925137027686,81.63018315322381,308.991277746427,203.8565647842105,187.89065029651087,199.82538997117769,407.34634953347665,297.6728187781076,265.3567562145691,263.01440423653077,320.0,368.60679487247967,463.74654660638436,548.0634758408785,610.340670160837,540.121855947064,618.6121982174085,565.141612437918,501.8696707098918,551.7281144092069,640.0,583.4699328435188,520.3019027687865,544.8900369710007,555.2138114597784,467.00725870772965,407.0783142741069,521.5811427731161,517.3922369510092,456.0692229854827,414.6340413782639,320.0,161.6128694734869,87.22908873680609,124.56073131792238,178.91136509654692,101.60609762612307,18.0278690764045,0.0,16.765607126011105,209.99417049224053,97.89634186365137,62.59243734124016,65.37716655248113,319.6283672556094,210.26776872308565,193.05395628610054,207.30468906887359,420.8355055885938,314.01486193035083,285.8598653923116,289.56425566804273,320.0,368.8936185615521,469.13047748552276,558.0276703138667,618.2654152410928,547.9920627074207,631.4102459793551,573.4021865912051,508.60767073525847,558.727967287031,640.0,578.9705744272449,515.8241802173841,552.3278601022469,552.6520422104917,463.1999779579678,403.5173464850792,529.4006890296049,517.6399596112174,451.54601841482133,409.2234494807967,320.0,164.11902125479375,91.18850306048165,131.88095279094415,188.09964140693063,106.43850873797649,14.668470487882757,0.0,19.168300662158117,215.45215943204087,108.74628186478378,78.95454235773008,80.78691326210387,323.4256431603407,222.76335527716282,204.34094017817102,212.56692393828973,421.9253021363103,324.40080468194924,294.6628104622629,292.50066071066266,320.0,365.05518037184174,459.0231278600852,542.7027791798907,597.5170434755833,553.717664418616,627.3978109282145,569.8917781433213,503.73808371537154,567.1538030368034,640.0,578.1990488194717,514.3048846103751,560.0605546375357,548.7698944579939,462.0031883564651,404.2987134636279,533.5394876408534,511.84235154397265,448.09679420786074,407.3420916733628,320.0,373.14235515501804,364.23625711389894,318.37656650481836,263.92966864409794,197.75925100795936,102.2965688683301,75.86498318711114,90.43687222988285,134.70681662103442,43.068855969886954,30.9939157661305,56.01418589381444,91.18455228033662,7.542631541184505,0.0,30.76045869009596,64.0455723647598,11.294537574711399,3.224563157314037,24.44808805769378,320.0,379.7402657107147,470.4694776229358,537.2551495675012,569.993403359948,564.193214147893,640.0,586.4999673326018,532.5296732317955,559.3854346063403,637.6336502985573,577.8641609857664,522.9328676166891,544.8538162406566,616.5390801999638,566.5963087186128,517.6221903060764,522.8931738805359,576.2477180709316,551.4329701747172,519.6136363142188
320.0,165.85226152553102,92.77721417345586,128.45678928585968,175.549285402045,97.91979719822581,3.9603389288466815,0.0,30.193199659336415,203.22764089420727,91.72548859971687,70.07925137027686,81.63018315322381,308.991277746427,203.8565647842105,187.89065029651087,199.82538997117769,407.34634953347665,297.6728187781076,265.3567562145691,263.01440423653077,320.0,368.60679487247967,463.74654660638436,548.0634758408785,610.340670160837,540.121855947064,618.6121982174085,565.141612437918,501.8696707098918,551.7281144092069,640.0,583.4699328435188,520.3019027687865,544.8900369710007,555.2138114597784,467.00725870772965,407.0783142741069,521.5811427731161,517.3922369510092,456.0692229854827,414.6340413782639,320.0,161.6128694734869,87.22908873680609,124.56073131792238,178.91136509654692,101.60609762612307,18.0278690764045,0.0,16.765607126011105,209.99417049224053,97.89634186365137,62.59243734124016,65.37716655248113,319.6283672556094,210.26776872308565,193.05395628610054,207.30468906887359,420.8355055885938,314.01486193035083,285.8598653923116,289.56425566804273,320.0,368.8936185615521,469.13047748552276,558.0276703138667,618.2654152410928,547.9920627074207,631.4102459793551,573.4021865912051,508.60767073525847,558.727967287031,640.0,578.9705744272449,515.8241802173841,552.3278601022469,552.6520422104917,463.1999779579678,403.5173464850792,529.4006890296049,517.6399596112174,451.54601841482133,409.2234494807967,320.0,164.11902125479375,91.18850306048165,131.88095279094415,188.09964140693063,106.43850873797649,14.668470487882757,0.0,19.168300662158117,215.45215943204087,108.74628186478378,78.95454235773008,80.78691326210387,323.4256431603407,222.76335527716282,204.34094017817102,212.56692393828973,421.9253021363103,324.40080468194924,294.6628104622629,292.50066071066266,320.0,365.05518037184174,459.0231278600852,542.7027791798907,597.5170434755833,553.717664418616,627.3978109282145,569.8917781433213,503.73808371537154,567.1538030368034,640.0,578.1990488194717,514.3048846103751,560.0605546375357,548.7698944579939,462.0031883564651,404.2987134636279,533.5394876408534,511.84235154397265,448.09679420786074,407.3420916733628,320.0,373.14235515501804,364.23625711389894,318.37656650481836,263.92966864409794,197.75925100795936,102.2965688683301,75.86498318711114,90.43687222988285,134.70681662103442,43.068855969886954,30.9939157661305,56.01418589381444,91.18455228033662,7.542631541184505,0.0,30.76045869009596,64.0455723647598,11.294537574711399,3.224563157314037,24.44808805769378,320.0,379.7402657107147,470.4694776229358,537.2551495675012,569.993403359948,564.193214147893,640.0,586.4999673326018,532.5296732317955,559.3854346063403,637.6336502985573,577.8641609857664,522.9328676166891,544.8538162406566,616.5390801999638,566.5963087186128,517.6221903060764,522.8931738805359,576.2477180709316,551.4329701747172,519.6136363142188,320.0,238.74449971010955,154.15556437093773,70.54456684263525,0.0,274.37453846388576,97.87336364468587,35.62002990448872,35.934210124805475,277.3640108632633,77.32568429404046,30.835311708522795,48.757254889994215,258.65234506118213,81.18983247383358,47.69485215586951,65.85163711818376,229.67697049220348,91.25922309358884,62.728143785664145,73.11024991608434,320.0,289.2675455068514,307.05265015119,338.54801387243145,372.2490955522812,552.3816090381445,617.8289258686441,523.2327330322289,461.0185691591371,611.947914377256,621.0310856386604,514.4482233947767,432.1212147893584,631.6563305244629,621.5994746871472,532.0472605469797,463.43191979970925,633.8576054037597,640.0,575.5100042094112,517.5497094896656
