320.0,218.40103314880082,147.77115637453392,99.88659850916395,57.90129697489135,146.97336959848877,81.19159604581537,37.582361841127124,0.0,202.83523550486984,170.36703019278252,142.58349002562466,113.52248352180138,261.1619192546403,234.2933337997662,213.05981710001194,187.934011410114,315.2345486824729,299.46501316215245,281.8185517842515,262.290500220098,320.0,344.0336307703368,399.5646370703133,434.97878173122655,449.6533096785904,496.7343918355488,548.1550815562816,580.4120072378284,603.6726840300481,512.9175632010309,576.2606236165793,613.1102134957398,633.9147579632006,515.7362642716437,579.5909515855104,616.6927425351353,640.0,507.1559142452193,559.6092689597151,587.75169530774,602.9926062094295,320.0,236.97781729831644,157.2984440260109,96.90111539195755,42.29194914609627,161.3857575895874,89.28993075236079,42.727721973010546,0.0,207.9101208729786,163.18067053071536,133.7024839541869,102.75633183315594,257.83272703003644,231.2900004367543,219.56040925349856,203.79187136457256,307.55841097990486,285.1862266342585,267.7160547444521,250.4346392286821,320.0,323.66094609570814,359.9287413089217,393.0655248043984,408.96834980321614,474.63218208152335,532.4221933519107,570.9924961014799,605.5637117612382,499.50328638856195,558.7847367760935,594.2151454385184,625.1097181169495,508.2376163057274,566.8355472188696,606.1547887984627,640.0,504.0522814383446,559.1627779375337,596.4581551988443,627.2660660297248,320.0,281.25644225054,213.63160327889162,149.84549211772162,99.51232952168323,217.4665818391806,112.35742879826603,50.48989134162264,4.308275161548522,232.52499968607384,110.2373370992562,44.55060828379385,0.0,241.14329853840712,121.27247323733621,59.05035422690918,19.789954773093427,242.90218444787274,155.09898183373747,117.5691219404219,92.3753375625534,320.0,453.94233997262313,537.4713790070318,539.1804160912552,506.7571894523995,614.5336307422074,640.0,611.5965572819681,571.7330972417026,523.8410821706169,516.2681551956073,466.392106675808,412.11309319962305,407.81528978976803,385.3880244454709,336.84290650481256,290.57679259307497,285.6437011546919,261.3250395351136,240.50488879051738,217.29366247151904,320.0,280.60714996081975,213.93970786846512,150.04178006136237,103.11550101356977,199.40516218421547,110.66550213598802,56.81973075535615,17.358821450404548,199.63530073239096,95.42958182872735,37.811415985428425,0.0,199.8471297677325,103.72141892459805,49.45466239486461,15.031775921466192,200.50787598270327,131.9106179199554,101.33874321524274,81.39517318391424,320.0,453.8878613745834,536.2861127320562,535.9643743756615,503.1000820912499,610.5843314508393,640.0,623.3847310275253,592.5835006478285,540.1026635148901,518.0413819023411,461.9814651804524,405.16047355771605,447.8564293273463,412.3733272671526,362.1790776108479,314.8390319166823,348.19122315962295,318.08282314775437,292.3864816481549,262.72424263404116,320.0,325.38289853726855,351.8244034005414,357.79155045899256,329.99767232958254,389.82632072571374,461.72317083899696,502.2517760255141,532.7987071527656,414.6017200088432,523.1377256939429,588.4138890178432,640.0,437.26991854452103,528.2751442782322,584.9668850737892,629.1540038041342,455.50451850497984,531.2216309080868,567.7858854870561,594.9193674839701,320.0,389.12377467574765,459.88081095140376,511.64489434334956,545.9162370462255,471.8724396341079,550.2616326260335,600.1503505868736,640.0,444.1191652539925,509.6504056118947,551.2282445703297,583.6506213287627,403.03530226895634,454.04061331843457,487.6790195621386,515.677804158827,354.78169938242047,371.2390992928463,378.7514814880331,383.44472912739707
320.0,236.97781729831644,157.2984440260109,96.90111539195755,42.29194914609627,161.3857575895874,89.28993075236079,42.727721973010546,0.0,207.9101208729786,163.18067053071536,133.7024839541869,102.75633183315594,257.83272703003644,231.2900004367543,219.56040925349856,203.79187136457256,307.55841097990486,285.1862266342585,267.7160547444521,250.4346392286821,320.0,323.66094609570814,359.9287413089217,393.0655248043984,408.96834980321614,474.63218208152335,532.4221933519107,570.9924961014799,605.5637117612382,499.50328638856195,558.7847367760935,594.2151454385184,625.1097181169495,508.2376163057274,566.8355472188696,606.1547887984627,640.0,504.0522814383446,559.1627779375337,596.4581551988443,627.2660660297248,320.0,281.25644225054,213.63160327889162,149.84549211772162,99.51232952168323,217.4665818391806,112.35742879826603,50.48989134162264,4.308275161548522,232.52499968607384,110.2373370992562,44.55060828379385,0.0,241.14329853840712,121.27247323733621,59.05035422690918,19.789954773093427,242.90218444787274,155.09898183373747,117.5691219404219,92.3753375625534,320.0,453.94233997262313,537.4713790070318,539.1804160912552,506.7571894523995,614.5336307422074,640.0,611.5965572819681,571.7330972417026,523.8410821706169,516.2681551956073,466.392106675808,412.11309319962305,407.81528978976803,385.3880244454709,336.84290650481256,290.57679259307497,285.6437011546919,261.3250395351136,240.50488879051738,217.29366247151904,320.0,280.60714996081975,213.93970786846512,150.04178006136237,103.11550101356977,199.40516218421547,110.66550213598802,56.81973075535615,17.358821450404548,199.63530073239096,95.42958182872735,37.811415985428425,0.0,199.8471297677325,103.72141892459805,49.45466239486461,15.031775921466192,200.50787598270327,131.9106179199554,101.33874321524274,81.39517318391424,320.0,453.8878613745834,536.2861127320562,535.9643743756615,503.1000820912499,610.5843314508393,640.0,623.3847310275253,592.5835006478285,540.1026635148901,518.0413819023411,461.9814651804524,405.16047355771605,447.8564293273463,412.3733272671526,362.1790776108479,314.8390319166823,348.19122315962295,318.08282314775437,292.3864816481549,262.72424263404116,320.0,325.38289853726855,351.8244034005414,357.79155045899256,329.99767232958254,389.82632072571374,461.72317083899696,502.2517760255141,532.7987071527656,414.6017200088432,523.1377256939429,588.4138890178432,640.0,437.26991854452103,528.2751442782322,584.9668850737892,629.1540038041342,455.50451850497984,531.2216309080868,567.7858854870561,594.9193674839701,320.0,389.12377467574765,459.88081095140376,511.64489434334956,545.9162370462255,471.8724396341079,550.2616326260335,600.1503505868736,640.0,444.1191652539925,509.6504056118947,551.2282445703297,583.6506213287627,403.03530226895634,454.04061331843457,487.6790195621386,515.677804158827,354.78169938242047,371.2390992928463,378.7514814880331,383.44472912739707,320.0,327.2547739584189,356.5914687283258,361.54666432798956,340.90530272383825,402.18855707535255,472.37821843449865,512.8379908211042,546.2431931835797,421.8020206911161,522.0920372368448,586.6841902752619,640.0,439.10167625091947,524.0705580524091,575.4572556324341,616.6459047314361,452.53836428889497,510.05598620015826,538.1912597296481,561.9970490671334,320.0,387.1981468257291,458.8205816702956,509.61248192846267,544.2045419452281,476.7696798683472,549.6578052326831,599.758458243566,640.0,452.39682151067706,520.9233142809478,563.9609689814259,596.760625395377,413.25735301842826,463.47781542692445,496.09032059647456,521.8922829720193,365.7395298105151,376.73300988956026,384.67690272076726,389.89722027043075
320.0,281.25644225054,213.63160327889162,149.84549211772162,99.51232952168323,217.4665818391806,112.35742879826603,50.48989134162264,4.308275161548522,232.52499968607384,110.2373370992562,44.55060828379385,0.0,241.14329853840712,121.27247323733621,59.05035422690918,19.789954773093427,242.90218444787274,155.09898183373747,117.5691219404219,92.3753375625534,320.0,453.94233997262313,537.4713790070318,539.1804160912552,506.7571894523995,614.5336307422074,640.0,611.5965572819681,571.7330972417026,523.8410821706169,516.2681551956073,466.392106675808,412.11309319962305,407.81528978976803,385.3880244454709,336.84290650481256,290.57679259307497,285.6437011546919,261.3250395351136,240.50488879051738,217.29366247151904,320.0,280.60714996081975,213.93970786846512,150.04178006136237,103.11550101356977,199.40516218421547,110.66550213598802,56.81973075535615,17.358821450404548,199.63530073239096,95.42958182872735,37.811415985428425,0.0,199.8471297677325,103.72141892459805,49.45466239486461,15.031775921466192,200.50787598270327,131.9106179199554,101.33874321524274,81.39517318391424,320.0,453.8878613745834,536.2861127320562,535.9643743756615,503.1000820912499,610.5843314508393,640.0,623.3847310275253,592.5835006478285,540.1026635148901,518.0413819023411,461.9814651804524,405.16047355771605,447.8564293273463,412.3733272671526,362.1790776108479,314.8390319166823,348.19122315962295,318.08282314775437,292.3864816481549,262.72424263404116,320.0,325.38289853726855,351.8244034005414,357.79155045899256,329.99767232958254,389.82632072571374,461.72317083899696,502.2517760255141,532.7987071527656,414.6017200088432,523.1377256939429,588.4138890178432,640.0,437.26991854452103,528.2751442782322,584.9668850737892,629.1540038041342,455.50451850497984,531.2216309080868,567.7858854870561,594.9193674839701,320.0,389.12377467574765,459.88081095140376,511.64489434334956,545.9162370462255,471.8724396341079,550.2616326260335,600.1503505868736,640.0,444.1191652539925,509.6504056118947,551.2282445703297,583.6506213287627,403.03530226895634,454.04061331843457,487.6790195621386,515.677804158827,354.78169938242047,371.2390992928463,378.7514814880331,383.44472912739707,320.0,327.2547739584189,356.5914687283258,361.54666432798956,340.90530272383825,402.18855707535255,472.37821843449865,512.8379908211042,546.2431931835797,421.8020206911161,522.0920372368448,586.6841902752619,640.0,439.10167625091947,524.0705580524091,575.4572556324341,616.6459047314361,452.53836428889497,510.05598620015826,538.1912597296481,561.9970490671334,320.0,387.1981468257291,458.8205816702956,509.61248192846267,544.2045419452281,476.7696798683472,549.6578052326831,599.758458243566,640.0,452.39682151067706,520.9233142809478,563.9609689814259,596.760625395377,413.25735301842826,463.47781542692445,496.09032059647456,521.8922829720193,365.7395298105151,376.73300988956026,384.67690272076726,389.89722027043075,320.0,318.12989461052103,350.3341478777045,358.98541887439444,351.4320323252446,399.48722366807993,469.97140520015597,512.5895844058032,549.4833726703366,410.7438027095803,518.4703288995614,584.2840690768535,640.0,415.17888569477634,509.65452136055603,569.761697824232,619.1218811865213,416.90471718303013,466.49217334178013,501.95939374031735,536.7856132812844,320.0,388.65430280585446,451.5915032836508,495.65742575207355,530.8479446600497,477.0379982442422,550.7270084477854,599.5072365044109,640.0,449.6746091520074,512.091318593283,553.8278877658222,589.9679070503748,407.5870323376044,457.9910005420782,496.57478520750084,529.1835246597619,358.7570578104837,373.79843325002275,391.06741438282234,404.9305612188605
320.0,280.60714996081975,213.93970786846512,150.04178006136237,103.11550101356977,199.40516218421547,110.66550213598802,56.81973075535615,17.358821450404548,199.63530073239096,95.42958182872735,37.811415985428425,0.0,199.8471297677325,103.72141892459805,49.45466239486461,15.031775921466192,200.50787598270327,131.9106179199554,101.33874321524274,81.39517318391424,320.0,453.8878613745834,536.2861127320562,535.9643743756615,503.1000820912499,610.5843314508393,640.0,623.3847310275253,592.5835006478285,540.1026635148901,518.0413819023411,461.9814651804524,405.16047355771605,447.8564293273463,412.3733272671526,362.1790776108479,314.8390319166823,348.19122315962295,318.08282314775437,292.3864816481549,262.72424263404116,320.0,325.38289853726855,351.8244034005414,357.79155045899256,329.99767232958254,389.82632072571374,461.72317083899696,502.2517760255141,532.7987071527656,414.6017200088432,523.1377256939429,588.4138890178432,640.0,437.26991854452103,528.2751442782322,584.9668850737892,629.1540038041342,455.50451850497984,531.2216309080868,567.7858854870561,594.9193674839701,320.0,389.12377467574765,459.88081095140376,511.64489434334956,545.9162370462255,471.8724396341079,550.2616326260335,600.1503505868736,640.0,444.1191652539925,509.6504056118947,551.2282445703297,583.6506213287627,403.03530226895634,454.04061331843457,487.6790195621386,515.677804158827,354.78169938242047,371.2390992928463,378.7514814880331,383.44472912739707,320.0,327.2547739584189,356.5914687283258,361.54666432798956,340.90530272383825,402.18855707535255,472.37821843449865,512.8379908211042,546.2431931835797,421.8020206911161,522.0920372368448,586.6841902752619,640.0,439.10167625091947,524.0705580524091,575.4572556324341,616.6459047314361,452.53836428889497,510.05598620015826,538.1912597296481,561.9970490671334,320.0,387.1981468257291,458.8205816702956,509.61248192846267,544.2045419452281,476.7696798683472,549.6578052326831,599.758458243566,640.0,452.39682151067706,520.9233142809478,563.9609689814259,596.760625395377,413.25735301842826,463.47781542692445,496.09032059647456,521.8922829720193,365.7395298105151,376.73300988956026,384.67690272076726,389.89722027043075,320.0,318.12989461052103,350.3341478777045,358.98541887439444,351.4320323252446,399.48722366807993,469.97140520015597,512.5895844058032,549.4833726703366,410.7438027095803,518.4703288995614,584.2840690768535,640.0,415.17888569477634,509.65452136055603,569.761697824232,619.1218811865213,416.90471718303013,466.49217334178013,501.95939374031735,536.7856132812844,320.0,388.65430280585446,451.5915032836508,495.65742575207355,530.8479446600497,477.0379982442422,550.7270084477854,599.5072365044109,640.0,449.6746091520074,512.091318593283,553.8278877658222,589.9679070503748,407.5870323376044,457.9910005420782,496.57478520750084,529.1835246597619,358.7570578104837,373.79843325002275,391.06741438282234,404.9305612188605,320.0,343.62109685629076,383.4526452040344,400.3956789872673,390.0287940615196,409.6607812381475,490.22828704738845,540.1882537843522,581.1400402804345,422.05431352656086,521.193298640301,586.7366853390071,640.0,437.2853521327635,525.5917925418408,585.7318166282794,634.4460843627649,454.69177285335087,526.8601290462617,569.0128850229116,605.5087201828046,320.0,384.5370425404911,455.0889366217184,504.33323097740526,537.3028309673443,479.0605252910219,551.8896855616907,601.1171158924121,640.0,454.30873592125647,519.2098880916838,555.8253273880059,585.4770741934755,416.1355781370732,470.00588534109903,503.2153185951776,529.0234091650526,369.4790013395102,388.86779122444887,400.3274710984238,408.6766007311836
320.0,325.38289853726855,351.8244034005414,357.79155045899256,329.99767232958254,389.82632072571374,461.72317083899696,502.2517760255141,532.7987071527656,414.6017200088432,523.1377256939429,588.4138890178432,640.0,437.26991854452103,528.2751442782322,584.9668850737892,629.1540038041342,455.50451850497984,531.2216309080868,567.7858854870561,594.9193674839701,320.0,389.12377467574765,459.88081095140376,511.64489434334956,545.9162370462255,471.8724396341079,550.2616326260335,600.1503505868736,640.0,444.1191652539925,509.6504056118947,551.2282445703297,583.6506213287627,403.03530226895634,454.04061331843457,487.6790195621386,515.677804158827,354.78169938242047,371.2390992928463,378.7514814880331,383.44472912739707,320.0,327.2547739584189,356.5914687283258,361.54666432798956,340.90530272383825,402.18855707535255,472.37821843449865,512.8379908211042,546.2431931835797,421.8020206911161,522.0920372368448,586.6841902752619,640.0,439.10167625091947,524.0705580524091,575.4572556324341,616.6459047314361,452.53836428889497,510.05598620015826,538.1912597296481,561.9970490671334,320.0,387.1981468257291,458.8205816702956,509.61248192846267,544.2045419452281,476.7696798683472,549.6578052326831,599.758458243566,640.0,452.39682151067706,520.9233142809478,563.9609689814259,596.760625395377,413.25735301842826,463.47781542692445,496.09032059647456,521.8922829720193,365.7395298105151,376.73300988956026,384.67690272076726,389.89722027043075,320.0,318.12989461052103,350.3341478777045,358.98541887439444,351.4320323252446,399.48722366807993,469.97140520015597,512.5895844058032,549.4833726703366,410.7438027095803,518.4703288995614,584.2840690768535,640.0,415.17888569477634,509.65452136055603,569.761697824232,619.1218811865213,416.90471718303013,466.49217334178013,501.95939374031735,536.7856132812844,320.0,388.65430280585446,451.5915032836508,495.65742575207355,530.8479446600497,477.0379982442422,550.7270084477854,599.5072365044109,640.0,449.6746091520074,512.091318593283,553.8278877658222,589.9679070503748,407.5870323376044,457.9910005420782,496.57478520750084,529.1835246597619,358.7570578104837,373.79843325002275,391.06741438282234,404.9305612188605,320.0,343.62109685629076,383.4526452040344,400.3956789872673,390.0287940615196,409.6607812381475,490.22828704738845,540.1882537843522,581.1400402804345,422.05431352656086,521.193298640301,586.7366853390071,640.0,437.2853521327635,525.5917925418408,585.7318166282794,634.4460843627649,454.69177285335087,526.8601290462617,569.0128850229116,605.5087201828046,320.0,384.5370425404911,455.0889366217184,504.33323097740526,537.3028309673443,479.0605252910219,551.8896855616907,601.1171158924121,640.0,454.30873592125647,519.2098880916838,555.8253273880059,585.4770741934755,416.1355781370732,470.00588534109903,503.2153185951776,529.0234091650526,369.4790013395102,388.86779122444887,400.3274710984238,408.6766007311836,320.0,345.74617125110393,388.1016314850558,402.56462800796584,394.4916480274677,419.7027082156716,498.8050082358337,547.6471691016516,586.7795119340001,428.4533257558161,524.6246593949227,587.6890969823953,640.0,438.48960587084656,525.6899765717944,583.9253032873769,630.5489180225038,449.2839835731374,523.9352310926599,567.9059287391098,604.8205743742358,320.0,386.8160993930004,456.62661691512085,503.8213898457791,535.8291512812075,485.2470800513382,554.0277260038442,601.1986512198882,640.0,461.91595259113194,523.0846606011227,560.8824625800944,592.8445199433191,422.7397429935196,473.308214712,507.13617360747685,534.0922508284166,373.47959284034295,385.005033033456,394.5144428025193,402.22201445190933
320.0,327.2547739584189,356.5914687283258,361.54666432798956,340.90530272383825,402.18855707535255,472.37821843449865,512.8379908211042,546.2431931835797,421.8020206911161,522.0920372368448,586.6841902752619,640.0,439.10167625091947,524.0705580524091,575.4572556324341,616.6459047314361,452.53836428889497,510.05598620015826,538.1912597296481,561.9970490671334,320.0,387.1981468257291,458.8205816702956,509.61248192846267,544.2045419452281,476.7696798683472,549.6578052326831,599.758458243566,640.0,452.39682151067706,520.9233142809478,563.9609689814259,596.760625395377,413.25735301842826,463.47781542692445,496.09032059647456,521.8922829720193,365.7395298105151,376.73300988956026,384.67690272076726,389.89722027043075,320.0,318.12989461052103,350.3341478777045,358.98541887439444,351.4320323252446,399.48722366807993,469.97140520015597,512.5895844058032,549.4833726703366,410.7438027095803,518.4703288995614,584.2840690768535,640.0,415.17888569477634,509.65452136055603,569.761697824232,619.1218811865213,416.90471718303013,466.49217334178013,501.95939374031735,536.7856132812844,320.0,388.65430280585446,451.5915032836508,495.65742575207355,530.8479446600497,477.0379982442422,550.7270084477854,599.5072365044109,640.0,449.6746091520074,512.091318593283,553.8278877658222,589.9679070503748,407.5870323376044,457.9910005420782,496.57478520750084,529.1835246597619,358.7570578104837,373.79843325002275,391.06741438282234,404.9305612188605,320.0,343.62109685629076,383.4526452040344,400.3956789872673,390.0287940615196,409.6607812381475,490.22828704738845,540.1882537843522,581.1400402804345,422.05431352656086,521.193298640301,586.7366853390071,640.0,437.2853521327635,525.5917925418408,585.7318166282794,634.4460843627649,454.69177285335087,526.8601290462617,569.0128850229116,605.5087201828046,320.0,384.5370425404911,455.0889366217184,504.33323097740526,537.3028309673443,479.0605252910219,551.8896855616907,601.1171158924121,640.0,454.30873592125647,519.2098880916838,555.8253273880059,585.4770741934755,416.1355781370732,470.00588534109903,503.2153185951776,529.0234091650526,369.4790013395102,388.86779122444887,400.3274710984238,408.6766007311836,320.0,345.74617125110393,388.1016314850558,402.56462800796584,394.4916480274677,419.7027082156716,498.8050082358337,547.6471691016516,586.7795119340001,428.4533257558161,524.6246593949227,587.6890969823953,640.0,438.48960587084656,525.6899765717944,583.9253032873769,630.5489180225038,449.2839835731374,523.9352310926599,567.9059287391098,604.8205743742358,320.0,386.8160993930004,456.62661691512085,503.8213898457791,535.8291512812075,485.2470800513382,554.0277260038442,601.1986512198882,640.0,461.91595259113194,523.0846606011227,560.8824625800944,592.8445199433191,422.7397429935196,473.308214712,507.13617360747685,534.0922508284166,373.47959284034295,385.005033033456,394.5144428025193,402.22201445190933,320.0,354.72720211720315,409.16480087841137,448.23537127393683,477.04471312541506,417.0142931779884,505.6476820241406,565.9343724524343,615.6831481780928,417.72400660613386,519.845979997127,586.2263472841514,640.0,421.53294079463956,517.2767609754992,579.113498303398,629.0470224810651,427.3055408271057,492.5696272092631,533.2985684786175,570.7726194449887,320.0,412.35192336903344,488.699936440696,532.7906437988946,554.6430962630693,554.1369978793765,609.5165165088715,631.1750833950682,640.0,525.6690825990918,587.4301929606161,615.443264623095,631.9203480571982,470.9660589921989,524.1613099496193,557.1049543162198,579.3153754963184,400.92360409257424,403.71763376093725,408.4738044868286,413.304311595033
320.0,318.12989461052103,350.3341478777045,358.98541887439444,351.4320323252446,399.48722366807993,469.97140520015597,512.5895844058032,549.4833726703366,410.7438027095803,518.4703288995614,584.2840690768535,640.0,415.17888569477634,509.65452136055603,569.761697824232,619.1218811865213,416.90471718303013,466.49217334178013,501.95939374031735,536.7856132812844,320.0,388.65430280585446,451.5915032836508,495.65742575207355,530.8479446600497,477.0379982442422,550.7270084477854,599.5072365044109,640.0,449.6746091520074,512.091318593283,553.8278877658222,589.9679070503748,407.5870323376044,457.9910005420782,496.57478520750084,529.1835246597619,358.7570578104837,373.79843325002275,391.06741438282234,404.9305612188605,320.0,343.62109685629076,383.4526452040344,400.3956789872673,390.0287940615196,409.6607812381475,490.22828704738845,540.1882537843522,581.1400402804345,422.05431352656086,521.193298640301,586.7366853390071,640.0,437.2853521327635,525.5917925418408,585.7318166282794,634.4460843627649,454.69177285335087,526.8601290462617,569.0128850229116,605.5087201828046,320.0,384.5370425404911,455.0889366217184,504.33323097740526,537.3028309673443,479.0605252910219,551.8896855616907,601.1171158924121,640.0,454.30873592125647,519.2098880916838,555.8253273880059,585.4770741934755,416.1355781370732,470.00588534109903,503.2153185951776,529.0234091650526,369.4790013395102,388.86779122444887,400.3274710984238,408.6766007311836,320.0,345.74617125110393,388.1016314850558,402.56462800796584,394.4916480274677,419.7027082156716,498.8050082358337,547.6471691016516,586.7795119340001,428.4533257558161,524.6246593949227,587.6890969823953,640.0,438.48960587084656,525.6899765717944,583.9253032873769,630.5489180225038,449.2839835731374,523.9352310926599,567.9059287391098,604.8205743742358,320.0,386.8160993930004,456.62661691512085,503.8213898457791,535.8291512812075,485.2470800513382,554.0277260038442,601.1986512198882,640.0,461.91595259113194,523.0846606011227,560.8824625800944,592.8445199433191,422.7397429935196,473.308214712,507.13617360747685,534.0922508284166,373.47959284034295,385.005033033456,394.5144428025193,402.22201445190933,320.0,354.72720211720315,409.16480087841137,448.23537127393683,477.04471312541506,417.0142931779884,505.6476820241406,565.9343724524343,615.6831481780928,417.72400660613386,519.845979997127,586.2263472841514,640.0,421.53294079463956,517.2767609754992,579.113498303398,629.0470224810651,427.3055408271057,492.5696272092631,533.2985684786175,570.7726194449887,320.0,412.35192336903344,488.699936440696,532.7906437988946,554.6430962630693,554.1369978793765,609.5165165088715,631.1750833950682,640.0,525.6690825990918,587.4301929606161,615.443264623095,631.9203480571982,470.9660589921989,524.1613099496193,557.1049543162198,579.3153754963184,400.92360409257424,403.71763376093725,408.4738044868286,413.304311595033,320.0,431.57112834676195,520.360655586502,584.219731127826,635.3683476083115,453.63803740728815,529.9005313476678,592.5080060234052,640.0,436.54272171428863,510.2836973898126,571.8598036452397,620.0375825322337,430.5506977617315,498.80895329094017,553.6375436855567,596.306299536634,438.17072300664597,491.9165545167807,537.1260132485615,574.6538129017084,320.0,348.7802503747834,415.9740770932214,467.27055256321376,497.6199920599247,550.5784319451745,621.0323282958719,639.0101485674428,640.0,547.6323084880082,620.5296487320851,637.1837619534956,636.1543625126867,530.0066957351299,596.3351388962957,611.8901696281116,609.5402459391763,499.15613421605303,549.0985644377741,563.2178128563194,564.38474997651
320.0,343.62109685629076,383.4526452040344,400.3956789872673,390.0287940615196,409.6607812381475,490.22828704738845,540.1882537843522,581.1400402804345,422.05431352656086,521.193298640301,586.7366853390071,640.0,437.2853521327635,525.5917925418408,585.7318166282794,634.4460843627649,454.69177285335087,526.8601290462617,569.0128850229116,605.5087201828046,320.0,384.5370425404911,455.0889366217184,504.33323097740526,537.3028309673443,479.0605252910219,551.8896855616907,601.1171158924121,640.0,454.30873592125647,519.2098880916838,555.8253273880059,585.4770741934755,416.1355781370732,470.00588534109903,503.2153185951776,529.0234091650526,369.4790013395102,388.86779122444887,400.3274710984238,408.6766007311836,320.0,345.74617125110393,388.1016314850558,402.56462800796584,394.4916480274677,419.7027082156716,498.8050082358337,547.6471691016516,586.7795119340001,428.4533257558161,524.6246593949227,587.6890969823953,640.0,438.48960587084656,525.6899765717944,583.9253032873769,630.5489180225038,449.2839835731374,523.9352310926599,567.9059287391098,604.8205743742358,320.0,386.8160993930004,456.62661691512085,503.8213898457791,535.8291512812075,485.2470800513382,554.0277260038442,601.1986512198882,640.0,461.91595259113194,523.0846606011227,560.8824625800944,592.8445199433191,422.7397429935196,473.308214712,507.13617360747685,534.0922508284166,373.47959284034295,385.005033033456,394.5144428025193,402.22201445190933,320.0,354.72720211720315,409.16480087841137,448.23537127393683,477.04471312541506,417.0142931779884,505.6476820241406,565.9343724524343,615.6831481780928,417.72400660613386,519.845979997127,586.2263472841514,640.0,421.53294079463956,517.2767609754992,579.113498303398,629.0470224810651,427.3055408271057,492.5696272092631,533.2985684786175,570.7726194449887,320.0,412.35192336903344,488.699936440696,532.7906437988946,554.6430962630693,554.1369978793765,609.5165165088715,631.1750833950682,640.0,525.6690825990918,587.4301929606161,615.443264623095,631.9203480571982,470.9660589921989,524.1613099496193,557.1049543162198,579.3153754963184,400.92360409257424,403.71763376093725,408.4738044868286,413.304311595033,320.0,431.57112834676195,520.360655586502,584.219731127826,635.3683476083115,453.63803740728815,529.9005313476678,592.5080060234052,640.0,436.54272171428863,510.2836973898126,571.8598036452397,620.0375825322337,430.5506977617315,498.80895329094017,553.6375436855567,596.306299536634,438.17072300664597,491.9165545167807,537.1260132485615,574.6538129017084,320.0,348.7802503747834,415.9740770932214,467.27055256321376,497.6199920599247,550.5784319451745,621.0323282958719,639.0101485674428,640.0,547.6323084880082,620.5296487320851,637.1837619534956,636.1543625126867,530.0066957351299,596.3351388962957,611.8901696281116,609.5402459391763,499.15613421605303,549.0985644377741,563.2178128563194,564.38474997651,320.0,435.55027153470337,526.6026111617371,590.1586625673868,640.0,455.868255279526,522.407583099839,585.5314046278711,636.1902361060249,432.704440224041,497.85405541976456,560.5855270441751,609.4775575786996,418.87208486985355,480.9407676781441,532.6271216753677,572.439326968662,418.12962694850637,465.92582120440477,504.0343612760002,534.128843429655,320.0,351.8593203026191,418.52693221693437,470.57915854781436,503.0946932594474,543.3533834901871,621.6023709495754,638.9917507566526,640.0,544.1968576108866,622.9157394220706,638.0575999798646,634.1697125034871,529.6112724976981,596.900465842092,613.0325208538271,611.1567691826895,501.0077206877096,547.6388119243829,562.4315237294214,564.4848029766911
320.0,345.74617125110393,388.1016314850558,402.56462800796584,394.4916480274677,419.7027082156716,498.8050082358337,547.6471691016516,586.7795119340001,428.4533257558161,524.6246593949227,587.6890969823953,640.0,438.48960587084656,525.6899765717944,583.9253032873769,630.5489180225038,449.2839835731374,523.9352310926599,567.9059287391098,604.8205743742358,320.0,386.8160993930004,456.62661691512085,503.8213898457791,535.8291512812075,485.2470800513382,554.0277260038442,601.1986512198882,640.0,461.91595259113194,523.0846606011227,560.8824625800944,592.8445199433191,422.7397429935196,473.308214712,507.13617360747685,534.0922508284166,373.47959284034295,385.005033033456,394.5144428025193,402.22201445190933,320.0,354.72720211720315,409.16480087841137,448.23537127393683,477.04471312541506,417.0142931779884,505.6476820241406,565.9343724524343,615.6831481780928,417.72400660613386,519.845979997127,586.2263472841514,640.0,421.53294079463956,517.2767609754992,579.113498303398,629.0470224810651,427.3055408271057,492.5696272092631,533.2985684786175,570.7726194449887,320.0,412.35192336903344,488.699936440696,532.7906437988946,554.6430962630693,554.1369978793765,609.5165165088715,631.1750833950682,640.0,525.6690825990918,587.4301929606161,615.443264623095,631.9203480571982,470.9660589921989,524.1613099496193,557.1049543162198,579.3153754963184,400.92360409257424,403.71763376093725,408.4738044868286,413.304311595033,320.0,431.57112834676195,520.360655586502,584.219731127826,635.3683476083115,453.63803740728815,529.9005313476678,592.5080060234052,640.0,436.54272171428863,510.2836973898126,571.8598036452397,620.0375825322337,430.5506977617315,498.80895329094017,553.6375436855567,596.306299536634,438.17072300664597,491.9165545167807,537.1260132485615,574.6538129017084,320.0,348.7802503747834,415.9740770932214,467.27055256321376,497.6199920599247,550.5784319451745,621.0323282958719,639.0101485674428,640.0,547.6323084880082,620.5296487320851,637.1837619534956,636.1543625126867,530.0066957351299,596.3351388962957,611.8901696281116,609.5402459391763,499.15613421605303,549.0985644377741,563.2178128563194,564.38474997651,320.0,435.55027153470337,526.6026111617371,590.1586625673868,640.0,455.868255279526,522.407583099839,585.5314046278711,636.1902361060249,432.704440224041,497.85405541976456,560.5855270441751,609.4775575786996,418.87208486985355,480.9407676781441,532.6271216753677,572.439326968662,418.12962694850637,465.92582120440477,504.0343612760002,534.128843429655,320.0,351.8593203026191,418.52693221693437,470.57915854781436,503.0946932594474,543.3533834901871,621.6023709495754,638.9917507566526,640.0,544.1968576108866,622.9157394220706,638.0575999798646,634.1697125034871,529.6112724976981,596.900465842092,613.0325208538271,611.1567691826895,501.0077206877096,547.6388119243829,562.4315237294214,564.4848029766911,320.0,435.54151490676566,527.2182908211714,590.8714932592572,640.0,455.05764961516996,516.5819680880303,579.7555806392224,630.9913790972265,429.91394221107066,491.8137052024113,555.7896745195478,605.60410741329,414.6554823630831,474.3040673640909,528.5436081100065,570.8637626295309,413.171387595684,459.25427053306737,499.35982358574995,532.356408206334,320.0,349.79870378038186,413.1875935782214,463.8779108621425,496.9748806582705,535.8594219660939,619.0214628428649,637.8968503180558,638.393556910032,539.0664684874487,623.0102852664827,640.0,636.4608312871455,526.4001819020086,599.1050051998972,617.9262919300701,616.4353666839927,499.78066880032355,550.3405670425947,568.7791883294087,573.1708800726266
320.0,354.72720211720315,409.16480087841137,448.23537127393683,477.04471312541506,417.0142931779884,505.6476820241406,565.9343724524343,615.6831481780928,417.72400660613386,519.845979997127,586.2263472841514,640.0,421.53294079463956,517.2767609754992,579.113498303398,629.0470224810651,427.3055408271057,492.5696272092631,533.2985684786175,570.7726194449887,320.0,412.35192336903344,488.699936440696,532.7906437988946,554.6430962630693,554.1369978793765,609.5165165088715,631.1750833950682,640.0,525.6690825990918,587.4301929606161,615.443264623095,631.9203480571982,470.9660589921989,524.1613099496193,557.1049543162198,579.3153754963184,400.92360409257424,403.71763376093725,408.4738044868286,413.304311595033,320.0,431.57112834676195,520.360655586502,584.219731127826,635.3683476083115,453.63803740728815,529.9005313476678,592.5080060234052,640.0,436.54272171428863,510.2836973898126,571.8598036452397,620.0375825322337,430.5506977617315,498.80895329094017,553.6375436855567,596.306299536634,438.17072300664597,491.9165545167807,537.1260132485615,574.6538129017084,320.0,348.7802503747834,415.9740770932214,467.27055256321376,497.6199920599247,550.5784319451745,621.0323282958719,639.0101485674428,640.0,547.6323084880082,620.5296487320851,637.1837619534956,636.1543625126867,530.0066957351299,596.3351388962957,611.8901696281116,609.5402459391763,499.15613421605303,549.0985644377741,563.2178128563194,564.38474997651,320.0,435.55027153470337,526.6026111617371,590.1586625673868,640.0,455.868255279526,522.407583099839,585.5314046278711,636.1902361060249,432.704440224041,497.85405541976456,560.5855270441751,609.4775575786996,418.87208486985355,480.9407676781441,532.6271216753677,572.439326968662,418.12962694850637,465.92582120440477,504.0343612760002,534.128843429655,320.0,351.8593203026191,418.52693221693437,470.57915854781436,503.0946932594474,543.3533834901871,621.6023709495754,638.9917507566526,640.0,544.1968576108866,622.9157394220706,638.0575999798646,634.1697125034871,529.6112724976981,596.900465842092,613.0325208538271,611.1567691826895,501.0077206877096,547.6388119243829,562.4315237294214,564.4848029766911,320.0,435.54151490676566,527.2182908211714,590.8714932592572,640.0,455.05764961516996,516.5819680880303,579.7555806392224,630.9913790972265,429.91394221107066,491.8137052024113,555.7896745195478,605.60410741329,414.6554823630831,474.3040673640909,528.5436081100065,570.8637626295309,413.171387595684,459.25427053306737,499.35982358574995,532.356408206334,320.0,349.79870378038186,413.1875935782214,463.8779108621425,496.9748806582705,535.8594219660939,619.0214628428649,637.8968503180558,638.393556910032,539.0664684874487,623.0102852664827,640.0,636.4608312871455,526.4001819020086,599.1050051998972,617.9262919300701,616.4353666839927,499.78066880032355,550.3405670425947,568.7791883294087,573.1708800726266,320.0,270.755553726641,199.73447007275695,138.11941470678954,95.37893373805832,176.4105399052877,89.74403758212404,39.05283016011265,0.0,177.37930215219464,82.85465441181753,36.27095792139892,4.136083408339346,180.8694612438228,96.64543982688804,54.033597117596116,27.195624994783373,186.49125132890163,125.53106470714863,100.17920300259462,82.37966804294643,320.0,456.5182614030374,528.6283796285654,512.5932703435296,452.65593857834676,640.0,630.6886534318489,608.806940761372,584.4822296174675,587.1308311511247,553.7011000291296,479.427024668222,409.33832820142163,499.59867458379136,437.9956565599849,364.37902863859193,302.8508959522651,391.1641029718611,318.37121376274325,268.3930289408164,228.05660264306954
320.0,431.57112834676195,520.360655586502,584.219731127826,635.3683476083115,453.63803740728815,529.9005313476678,592.5080060234052,640.0,436.54272171428863,510.2836973898126,571.8598036452397,620.0375825322337,430.5506977617315,498.80895329094017,553.6375436855567,596.306299536634,438.17072300664597,491.9165545167807,537.1260132485615,574.6538129017084,320.0,348.7802503747834,415.9740770932214,467.27055256321376,497.6199920599247,550.5784319451745,621.0323282958719,639.0101485674428,640.0,547.6323084880082,620.5296487320851,637.1837619534956,636.1543625126867,530.0066957351299,596.3351388962957,611.8901696281116,609.5402459391763,499.15613421605303,549.0985644377741,563.2178128563194,564.38474997651,320.0,435.55027153470337,526.6026111617371,590.1586625673868,640.0,455.868255279526,522.407583099839,585.5314046278711,636.1902361060249,432.704440224041,497.85405541976456,560.5855270441751,609.4775575786996,418.87208486985355,480.9407676781441,532.6271216753677,572.439326968662,418.12962694850637,465.92582120440477,504.0343612760002,534.128843429655,320.0,351.8593203026191,418.52693221693437,470.57915854781436,503.0946932594474,543.3533834901871,621.6023709495754,638.9917507566526,640.0,544.1968576108866,622.9157394220706,638.0575999798646,634.1697125034871,529.6112724976981,596.900465842092,613.0325208538271,611.1567691826895,501.0077206877096,547.6388119243829,562.4315237294214,564.4848029766911,320.0,435.54151490676566,527.2182908211714,590.8714932592572,640.0,455.05764961516996,516.5819680880303,579.7555806392224,630.9913790972265,429.91394221107066,491.8137052024113,555.7896745195478,605.60410741329,414.6554823630831,474.3040673640909,528.5436081100065,570.8637626295309,413.171387595684,459.25427053306737,499.35982358574995,532.356408206334,320.0,349.79870378038186,413.1875935782214,463.8779108621425,496.9748806582705,535.8594219660939,619.0214628428649,637.8968503180558,638.393556910032,539.0664684874487,623.0102852664827,640.0,636.4608312871455,526.4001819020086,599.1050051998972,617.9262919300701,616.4353666839927,499.78066880032355,550.3405670425947,568.7791883294087,573.1708800726266,320.0,270.755553726641,199.73447007275695,138.11941470678954,95.37893373805832,176.4105399052877,89.74403758212404,39.05283016011265,0.0,177.37930215219464,82.85465441181753,36.27095792139892,4.136083408339346,180.8694612438228,96.64543982688804,54.033597117596116,27.195624994783373,186.49125132890163,125.53106470714863,100.17920300259462,82.37966804294643,320.0,456.5182614030374,528.6283796285654,512.5932703435296,452.65593857834676,640.0,630.6886534318489,608.806940761372,584.4822296174675,587.1308311511247,553.7011000291296,479.427024668222,409.33832820142163,499.59867458379136,437.9956565599849,364.37902863859193,302.8508959522651,391.1641029718611,318.37121376274325,268.3930289408164,228.05660264306954,320.0,267.1131367841557,195.64330554387612,132.4382465192537,88.68609762773377,172.78895681314336,82.53865131607222,35.37547690866484,3.145672191537585,175.66088319779124,77.14800576138427,29.697286671300674,0.0,180.79397069281055,90.73364333982497,47.91252565740746,24.179936633024226,187.7223579359424,120.5096999034285,91.44819879142946,73.09937160010037,320.0,463.64656485605053,533.8602274108454,521.1681898472259,472.0678258705128,640.0,612.8711656352416,569.0850800115576,519.6974357145508,581.5538843469635,555.1585638604093,482.0070029672727,408.0411124106525,489.4871210759329,439.68876024480545,366.4885235616879,306.6078694953162,378.48547550235116,325.4675255769879,286.8309426057996,254.97729603366548
320.0,435.55027153470337,526.6026111617371,590.1586625673868,640.0,455.868255279526,522.407583099839,585.5314046278711,636.1902361060249,432.704440224041,497.85405541976456,560.5855270441751,609.4775575786996,418.87208486985355,480.9407676781441,532.6271216753677,572.439326968662,418.12962694850637,465.92582120440477,504.0343612760002,534.128843429655,320.0,351.8593203026191,418.52693221693437,470.57915854781436,503.0946932594474,543.3533834901871,621.6023709495754,638.9917507566526,640.0,544.1968576108866,622.9157394220706,638.0575999798646,634.1697125034871,529.6112724976981,596.900465842092,613.0325208538271,611.1567691826895,501.0077206877096,547.6388119243829,562.4315237294214,564.4848029766911,320.0,435.54151490676566,527.2182908211714,590.8714932592572,640.0,455.05764961516996,516.5819680880303,579.7555806392224,630.9913790972265,429.91394221107066,491.8137052024113,555.7896745195478,605.60410741329,414.6554823630831,474.3040673640909,528.5436081100065,570.8637626295309,413.171387595684,459.25427053306737,499.35982358574995,532.356408206334,320.0,349.79870378038186,413.1875935782214,463.8779108621425,496.9748806582705,535.8594219660939,619.0214628428649,637.8968503180558,638.393556910032,539.0664684874487,623.0102852664827,640.0,636.4608312871455,526.4001819020086,599.1050051998972,617.9262919300701,616.4353666839927,499.78066880032355,550.3405670425947,568.7791883294087,573.1708800726266,320.0,270.755553726641,199.73447007275695,138.11941470678954,95.37893373805832,176.4105399052877,89.74403758212404,39.05283016011265,0.0,177.37930215219464,82.85465441181753,36.27095792139892,4.136083408339346,180.8694612438228,96.64543982688804,54.033597117596116,27.195624994783373,186.49125132890163,125.53106470714863,100.17920300259462,82.37966804294643,320.0,456.5182614030374,528.6283796285654,512.5932703435296,452.65593857834676,640.0,630.6886534318489,608.806940761372,584.4822296174675,587.1308311511247,553.7011000291296,479.427024668222,409.33832820142163,499.59867458379136,437.9956565599849,364.37902863859193,302.8508959522651,391.1641029718611,318.37121376274325,268.3930289408164,228.05660264306954,320.0,267.1131367841557,195.64330554387612,132.4382465192537,88.68609762773377,172.78895681314336,82.53865131607222,35.37547690866484,3.145672191537585,175.66088319779124,77.14800576138427,29.697286671300674,0.0,180.79397069281055,90.73364333982497,47.91252565740746,24.179936633024226,187.7223579359424,120.5096999034285,91.44819879142946,73.09937160010037,320.0,463.64656485605053,533.8602274108454,521.1681898472259,472.0678258705128,640.0,612.8711656352416,569.0850800115576,519.6974357145508,581.5538843469635,555.1585638604093,482.0070029672727,408.0411124106525,489.4871210759329,439.68876024480545,366.4885235616879,306.6078694953162,378.48547550235116,325.4675255769879,286.8309426057996,254.97729603366548,320.0,430.22661329920993,497.6883873447091,442.4867483528758,361.752629421299,446.7222677440722,522.5105964434124,582.9187538449146,640.0,354.096940846166,373.3476449240971,410.01706000452543,441.07786391298526,270.8046319066723,317.58317457695034,396.84109259965226,451.48893049420656,195.54104329239104,281.48578529637973,348.9697245206908,386.0174253195095,320.0,335.0110906879111,382.1869769390337,417.81616222897554,440.24848079487447,454.0934830297592,503.3341790424719,533.7041919689252,555.2921232370372,464.7088779228536,541.3172904897206,594.870714380146,640.0,451.94969532161895,502.77362729702173,526.4462008274177,544.0220602342531,419.82933707751647,433.7558990046038,418.8525766390036,399.7759015435648
320.0,435.54151490676566,527.2182908211714,590.8714932592572,640.0,455.05764961516996,516.5819680880303,579.7555806392224,630.9913790972265,429.91394221107066,491.8137052024113,555.7896745195478,605.60410741329,414.6554823630831,474.3040673640909,528.5436081100065,570.8637626295309,413.171387595684,459.25427053306737,499.35982358574995,532.356408206334,320.0,349.79870378038186,413.1875935782214,463.8779108621425,496.9748806582705,535.8594219660939,619.0214628428649,637.8968503180558,638.393556910032,539.0664684874487,623.0102852664827,640.0,636.4608312871455,526.4001819020086,599.1050051998972,617.9262919300701,616.4353666839927,499.78066880032355,550.3405670425947,568.7791883294087,573.1708800726266,320.0,270.755553726641,199.73447007275695,138.11941470678954,95.37893373805832,176.4105399052877,89.74403758212404,39.05283016011265,0.0,177.37930215219464,82.85465441181753,36.27095792139892,4.136083408339346,180.8694612438228,96.64543982688804,54.033597117596116,27.195624994783373,186.49125132890163,125.53106470714863,100.17920300259462,82.37966804294643,320.0,456.5182614030374,528.6283796285654,512.5932703435296,452.65593857834676,640.0,630.6886534318489,608.806940761372,584.4822296174675,587.1308311511247,553.7011000291296,479.427024668222,409.33832820142163,499.59867458379136,437.9956565599849,364.37902863859193,302.8508959522651,391.1641029718611,318.37121376274325,268.3930289408164,228.05660264306954,320.0,267.1131367841557,195.64330554387612,132.4382465192537,88.68609762773377,172.78895681314336,82.53865131607222,35.37547690866484,3.145672191537585,175.66088319779124,77.14800576138427,29.697286671300674,0.0,180.79397069281055,90.73364333982497,47.91252565740746,24.179936633024226,187.7223579359424,120.5096999034285,91.44819879142946,73.09937160010037,320.0,463.64656485605053,533.8602274108454,521.1681898472259,472.0678258705128,640.0,612.8711656352416,569.0850800115576,519.6974357145508,581.5538843469635,555.1585638604093,482.0070029672727,408.0411124106525,489.4871210759329,439.68876024480545,366.4885235616879,306.6078694953162,378.48547550235116,325.4675255769879,286.8309426057996,254.97729603366548,320.0,430.22661329920993,497.6883873447091,442.4867483528758,361.752629421299,446.7222677440722,522.5105964434124,582.9187538449146,640.0,354.096940846166,373.3476449240971,410.01706000452543,441.07786391298526,270.8046319066723,317.58317457695034,396.84109259965226,451.48893049420656,195.54104329239104,281.48578529637973,348.9697245206908,386.0174253195095,320.0,335.0110906879111,382.1869769390337,417.81616222897554,440.24848079487447,454.0934830297592,503.3341790424719,533.7041919689252,555.2921232370372,464.7088779228536,541.3172904897206,594.870714380146,640.0,451.94969532161895,502.77362729702173,526.4462008274177,544.0220602342531,419.82933707751647,433.7558990046038,418.8525766390036,399.7759015435648,320.0,467.0791280945036,522.9964619175457,527.4271634014882,544.0681091660741,473.07377805736786,526.2173396247495,586.4659499720224,640.0,405.3228793920962,447.69770516107405,494.8951017768088,531.7150182226351,334.26471991419226,366.18396782114246,404.2763089442667,436.1168454247785,255.04067188564596,317.0356632382253,356.32601375244354,384.59246842504746,320.0,351.87634336868655,420.5433540854268,471.4447333905631,509.56855617288767,465.75958955665374,516.0972637949394,521.7892147854261,517.5405018264024,473.9636632773539,545.2193671660427,597.7255437040095,640.0,469.7892651342173,535.7494442752165,580.0049442513009,614.9947964524242,458.18044503296585,499.0009893537481,522.0168316009153,540.5504230557185
320.0,270.755553726641,199.73447007275695,138.11941470678954,95.37893373805832,176.4105399052877,89.74403758212404,39.05283016011265,0.0,177.37930215219464,82.85465441181753,36.27095792139892,4.136083408339346,180.8694612438228,96.64543982688804,54.033597117596116,27.195624994783373,186.49125132890163,125.53106470714863,100.17920300259462,82.37966804294643,320.0,456.5182614030374,528.6283796285654,512.5932703435296,452.65593857834676,640.0,630.6886534318489,608.806940761372,584.4822296174675,587.1308311511247,553.7011000291296,479.427024668222,409.33832820142163,499.59867458379136,437.9956565599849,364.37902863859193,302.8508959522651,391.1641029718611,318.37121376274325,268.3930289408164,228.05660264306954,320.0,267.1131367841557,195.64330554387612,132.4382465192537,88.68609762773377,172.78895681314336,82.53865131607222,35.37547690866484,3.145672191537585,175.66088319779124,77.14800576138427,29.697286671300674,0.0,180.79397069281055,90.73364333982497,47.91252565740746,24.179936633024226,187.7223579359424,120.5096999034285,91.44819879142946,73.09937160010037,320.0,463.64656485605053,533.8602274108454,521.1681898472259,472.0678258705128,640.0,612.8711656352416,569.0850800115576,519.6974357145508,581.5538843469635,555.1585638604093,482.0070029672727,408.0411124106525,489.4871210759329,439.68876024480545,366.4885235616879,306.6078694953162,378.48547550235116,325.4675255769879,286.8309426057996,254.97729603366548,320.0,430.22661329920993,497.6883873447091,442.4867483528758,361.752629421299,446.7222677440722,522.5105964434124,582.9187538449146,640.0,354.096940846166,373.3476449240971,410.01706000452543,441.07786391298526,270.8046319066723,317.58317457695034,396.84109259965226,451.48893049420656,195.54104329239104,281.48578529637973,348.9697245206908,386.0174253195095,320.0,335.0110906879111,382.1869769390337,417.81616222897554,440.24848079487447,454.0934830297592,503.3341790424719,533.7041919689252,555.2921232370372,464.7088779228536,541.3172904897206,594.870714380146,640.0,451.94969532161895,502.77362729702173,526.4462008274177,544.0220602342531,419.82933707751647,433.7558990046038,418.8525766390036,399.7759015435648,320.0,467.0791280945036,522.9964619175457,527.4271634014882,544.0681091660741,473.07377805736786,526.2173396247495,586.4659499720224,640.0,405.3228793920962,447.69770516107405,494.8951017768088,531.7150182226351,334.26471991419226,366.18396782114246,404.2763089442667,436.1168454247785,255.04067188564596,317.0356632382253,356.32601375244354,384.59246842504746,320.0,351.87634336868655,420.5433540854268,471.4447333905631,509.56855617288767,465.75958955665374,516.0972637949394,521.7892147854261,517.5405018264024,473.9636632773539,545.2193671660427,597.7255437040095,640.0,469.7892651342173,535.7494442752165,580.0049442513009,614.9947964524242,458.18044503296585,499.0009893537481,522.0168316009153,540.5504230557185,320.0,468.59573183454756,523.9725123949249,510.3363240976283,516.8318517630612,453.0494006386019,509.8233115845625,581.7085191153889,640.0,365.08069834814904,415.45836928120536,468.5205952326339,510.76899095864775,283.3390208662907,321.5055733383451,358.6925086854498,393.0354605101219,208.46886975944153,308.871890416581,370.1140614263425,416.93205691873834,320.0,353.21574189881824,423.3729901917722,474.3162437752786,513.4065006890914,472.16801308880014,520.6688103954643,521.4811897232476,513.7061245472859,479.7926865217123,549.9531737753648,599.5838885197712,640.0,472.47111583070784,538.001088900599,588.5884966661322,630.0612490966961,454.6356787765726,486.65428480636274,505.22104719648087,521.0621641780693
320.0,267.1131367841557,195.64330554387612,132.4382465192537,88.68609762773377,172.78895681314336,82.53865131607222,35.37547690866484,3.145672191537585,175.66088319779124,77.14800576138427,29.697286671300674,0.0,180.79397069281055,90.73364333982497,47.91252565740746,24.179936633024226,187.7223579359424,120.5096999034285,91.44819879142946,73.09937160010037,320.0,463.64656485605053,533.8602274108454,521.1681898472259,472.0678258705128,640.0,612.8711656352416,569.0850800115576,519.6974357145508,581.5538843469635,555.1585638604093,482.0070029672727,408.0411124106525,489.4871210759329,439.68876024480545,366.4885235616879,306.6078694953162,378.48547550235116,325.4675255769879,286.8309426057996,254.97729603366548,320.0,430.22661329920993,497.6883873447091,442.4867483528758,361.752629421299,446.7222677440722,522.5105964434124,582.9187538449146,640.0,354.096940846166,373.3476449240971,410.01706000452543,441.07786391298526,270.8046319066723,317.58317457695034,396.84109259965226,451.48893049420656,195.54104329239104,281.48578529637973,348.9697245206908,386.0174253195095,320.0,335.0110906879111,382.1869769390337,417.81616222897554,440.24848079487447,454.0934830297592,503.3341790424719,533.7041919689252,555.2921232370372,464.7088779228536,541.3172904897206,594.870714380146,640.0,451.94969532161895,502.77362729702173,526.4462008274177,544.0220602342531,419.82933707751647,433.7558990046038,418.8525766390036,399.7759015435648,320.0,467.0791280945036,522.9964619175457,527.4271634014882,544.0681091660741,473.07377805736786,526.2173396247495,586.4659499720224,640.0,405.3228793920962,447.69770516107405,494.8951017768088,531.7150182226351,334.26471991419226,366.18396782114246,404.2763089442667,436.1168454247785,255.04067188564596,317.0356632382253,356.32601375244354,384.59246842504746,320.0,351.87634336868655,420.5433540854268,471.4447333905631,509.56855617288767,465.75958955665374,516.0972637949394,521.7892147854261,517.5405018264024,473.9636632773539,545.2193671660427,597.7255437040095,640.0,469.7892651342173,535.7494442752165,580.0049442513009,614.9947964524242,458.18044503296585,499.0009893537481,522.0168316009153,540.5504230557185,320.0,468.59573183454756,523.9725123949249,510.3363240976283,516.8318517630612,453.0494006386019,509.8233115845625,581.7085191153889,640.0,365.08069834814904,415.45836928120536,468.5205952326339,510.76899095864775,283.3390208662907,321.5055733383451,358.6925086854498,393.0354605101219,208.46886975944153,308.871890416581,370.1140614263425,416.93205691873834,320.0,353.21574189881824,423.3729901917722,474.3162437752786,513.4065006890914,472.16801308880014,520.6688103954643,521.4811897232476,513.7061245472859,479.7926865217123,549.9531737753648,599.5838885197712,640.0,472.47111583070784,538.001088900599,588.5884966661322,630.0612490966961,454.6356787765726,486.65428480636274,505.22104719648087,521.0621641780693,320.0,471.20425796808956,543.0620050621968,558.9425092119502,562.6820206779935,486.3715697122543,520.3994356396313,577.7826076148062,617.9738326329561,424.4787099058841,495.7839885829146,576.7870929708115,640.0,352.30065126699515,435.2077667026368,519.0615301958671,586.2715941151074,271.50080590295374,354.92516035617007,417.522283457656,472.8691312026243,320.0,377.3078922827696,461.4359922824189,522.1326243945553,567.7488255473602,519.8863172711469,579.3254902694334,602.1290017610456,614.0762350799212,526.6644453875139,592.7177366022768,621.7433487303051,640.0,524.9331632690838,589.7119858274596,618.7942881170529,636.9238416906039,515.1067854622346,568.3346321970906,601.1135669885183,626.5154980984681
320.0,430.22661329920993,497.6883873447091,442.4867483528758,361.752629421299,446.7222677440722,522.5105964434124,582.9187538449146,640.0,354.096940846166,373.3476449240971,410.01706000452543,441.07786391298526,270.8046319066723,317.58317457695034,396.84109259965226,451.48893049420656,195.54104329239104,281.48578529637973,348.9697245206908,386.0174253195095,320.0,335.0110906879111,382.1869769390337,417.81616222897554,440.24848079487447,454.0934830297592,503.3341790424719,533.7041919689252,555.2921232370372,464.7088779228536,541.3172904897206,594.870714380146,640.0,451.94969532161895,502.77362729702173,526.4462008274177,544.0220602342531,419.82933707751647,433.7558990046038,418.8525766390036,399.7759015435648,320.0,467.0791280945036,522.9964619175457,527.4271634014882,544.0681091660741,473.07377805736786,526.2173396247495,586.4659499720224,640.0,405.3228793920962,447.69770516107405,494.8951017768088,531.7150182226351,334.26471991419226,366.18396782114246,404.2763089442667,436.1168454247785,255.04067188564596,317.0356632382253,356.32601375244354,384.59246842504746,320.0,351.87634336868655,420.5433540854268,471.4447333905631,509.56855617288767,465.75958955665374,516.0972637949394,521.7892147854261,517.5405018264024,473.9636632773539,545.2193671660427,597.7255437040095,640.0,469.7892651342173,535.7494442752165,580.0049442513009,614.9947964524242,458.18044503296585,499.0009893537481,522.0168316009153,540.5504230557185,320.0,468.59573183454756,523.9725123949249,510.3363240976283,516.8318517630612,453.0494006386019,509.8233115845625,581.7085191153889,640.0,365.08069834814904,415.45836928120536,468.5205952326339,510.76899095864775,283.3390208662907,321.5055733383451,358.6925086854498,393.0354605101219,208.46886975944153,308.871890416581,370.1140614263425,416.93205691873834,320.0,353.21574189881824,423.3729901917722,474.3162437752786,513.4065006890914,472.16801308880014,520.6688103954643,521.4811897232476,513.7061245472859,479.7926865217123,549.9531737753648,599.5838885197712,640.0,472.47111583070784,538.001088900599,588.5884966661322,630.0612490966961,454.6356787765726,486.65428480636274,505.22104719648087,521.0621641780693,320.0,471.20425796808956,543.0620050621968,558.9425092119502,562.6820206779935,486.3715697122543,520.3994356396313,577.7826076148062,617.9738326329561,424.4787099058841,495.7839885829146,576.7870929708115,640.0,352.30065126699515,435.2077667026368,519.0615301958671,586.2715941151074,271.50080590295374,354.92516035617007,417.522283457656,472.8691312026243,320.0,377.3078922827696,461.4359922824189,522.1326243945553,567.7488255473602,519.8863172711469,579.3254902694334,602.1290017610456,614.0762350799212,526.6644453875139,592.7177366022768,621.7433487303051,640.0,524.9331632690838,589.7119858274596,618.7942881170529,636.9238416906039,515.1067854622346,568.3346321970906,601.1135669885183,626.5154980984681,320.0,468.0933436916179,548.3007920655136,592.8064439433565,640.0,433.64261798071,480.91257900589744,574.6015467765897,637.9612957547691,364.7211365037155,436.4804245079436,547.3634177896976,610.6441772760841,295.6150231471316,396.24230511205576,515.19741063077,583.5322053302764,233.4643464513032,351.27111598401433,437.97718653443195,483.64781226669254,320.0,387.8098596712438,471.6156356615742,531.9239881157241,580.0485653737154,548.4191777917142,623.6556918967121,616.201166120222,589.9511828874954,551.5944528530918,640.0,624.2511037459651,589.6702938489924,543.3115484342675,618.6256789367583,593.7870205317789,556.9579811210608,523.2002578393204,559.0507426386157,534.2448948016676,499.9611440260088
320.0,467.0791280945036,522.9964619175457,527.4271634014882,544.0681091660741,473.07377805736786,526.2173396247495,586.4659499720224,640.0,405.3228793920962,447.69770516107405,494.8951017768088,531.7150182226351,334.26471991419226,366.18396782114246,404.2763089442667,436.1168454247785,255.04067188564596,317.0356632382253,356.32601375244354,384.59246842504746,320.0,351.87634336868655,420.5433540854268,471.4447333905631,509.56855617288767,465.75958955665374,516.0972637949394,521.7892147854261,517.5405018264024,473.9636632773539,545.2193671660427,597.7255437040095,640.0,469.7892651342173,535.7494442752165,580.0049442513009,614.9947964524242,458.18044503296585,499.0009893537481,522.0168316009153,540.5504230557185,320.0,468.59573183454756,523.9725123949249,510.3363240976283,516.8318517630612,453.0494006386019,509.8233115845625,581.7085191153889,640.0,365.08069834814904,415.45836928120536,468.5205952326339,510.76899095864775,283.3390208662907,321.5055733383451,358.6925086854498,393.0354605101219,208.46886975944153,308.871890416581,370.1140614263425,416.93205691873834,320.0,353.21574189881824,423.3729901917722,474.3162437752786,513.4065006890914,472.16801308880014,520.6688103954643,521.4811897232476,513.7061245472859,479.7926865217123,549.9531737753648,599.5838885197712,640.0,472.47111583070784,538.001088900599,588.5884966661322,630.0612490966961,454.6356787765726,486.65428480636274,505.22104719648087,521.0621641780693,320.0,471.20425796808956,543.0620050621968,558.9425092119502,562.6820206779935,486.3715697122543,520.3994356396313,577.7826076148062,617.9738326329561,424.4787099058841,495.7839885829146,576.7870929708115,640.0,352.30065126699515,435.2077667026368,519.0615301958671,586.2715941151074,271.50080590295374,354.92516035617007,417.522283457656,472.8691312026243,320.0,377.3078922827696,461.4359922824189,522.1326243945553,567.7488255473602,519.8863172711469,579.3254902694334,602.1290017610456,614.0762350799212,526.6644453875139,592.7177366022768,621.7433487303051,640.0,524.9331632690838,589.7119858274596,618.7942881170529,636.9238416906039,515.1067854622346,568.3346321970906,601.1135669885183,626.5154980984681,320.0,468.0933436916179,548.3007920655136,592.8064439433565,640.0,433.64261798071,480.91257900589744,574.6015467765897,637.9612957547691,364.7211365037155,436.4804245079436,547.3634177896976,610.6441772760841,295.6150231471316,396.24230511205576,515.19741063077,583.5322053302764,233.4643464513032,351.27111598401433,437.97718653443195,483.64781226669254,320.0,387.8098596712438,471.6156356615742,531.9239881157241,580.0485653737154,548.4191777917142,623.6556918967121,616.201166120222,589.9511828874954,551.5944528530918,640.0,624.2511037459651,589.6702938489924,543.3115484342675,618.6256789367583,593.7870205317789,556.9579811210608,523.2002578393204,559.0507426386157,534.2448948016676,499.9611440260088,320.0,466.22958878486565,542.9773181240321,587.7993445157632,616.8048942551045,436.55205296500293,482.45826476688086,575.5121818384869,640.0,369.6798101778028,442.89349324551387,550.4398230896286,615.5713967362453,301.19744435599716,403.22738530938153,518.9538973367064,590.9220073707555,238.22885650280242,366.0785326617688,457.9244087051815,513.000505356215,320.0,387.0886409282384,475.0647609902451,538.6708597844614,582.9545991414564,550.418679197046,621.3536078430116,614.9760575811312,591.2889688022202,556.6812724215731,640.0,625.1461017618149,595.0806542593057,550.8054970343933,628.0871922075951,607.4764246441287,574.2851531932927,533.2205218290009,572.3694720579791,549.3260120905838,516.2332485906093
320.0,468.59573183454756,523.9725123949249,510.3363240976283,516.8318517630612,453.0494006386019,509.8233115845625,581.7085191153889,640.0,365.08069834814904,415.45836928120536,468.5205952326339,510.76899095864775,283.3390208662907,321.5055733383451,358.6925086854498,393.0354605101219,208.46886975944153,308.871890416581,370.1140614263425,416.93205691873834,320.0,353.21574189881824,423.3729901917722,474.3162437752786,513.4065006890914,472.16801308880014,520.6688103954643,521.4811897232476,513.7061245472859,479.7926865217123,549.9531737753648,599.5838885197712,640.0,472.47111583070784,538.001088900599,588.5884966661322,630.0612490966961,454.6356787765726,486.65428480636274,505.22104719648087,521.0621641780693,320.0,471.20425796808956,543.0620050621968,558.9425092119502,562.6820206779935,486.3715697122543,520.3994356396313,577.7826076148062,617.9738326329561,424.4787099058841,495.7839885829146,576.7870929708115,640.0,352.30065126699515,435.2077667026368,519.0615301958671,586.2715941151074,271.50080590295374,354.92516035617007,417.522283457656,472.8691312026243,320.0,377.3078922827696,461.4359922824189,522.1326243945553,567.7488255473602,519.8863172711469,579.3254902694334,602.1290017610456,614.0762350799212,526.6644453875139,592.7177366022768,621.7433487303051,640.0,524.9331632690838,589.7119858274596,618.7942881170529,636.9238416906039,515.1067854622346,568.3346321970906,601.1135669885183,626.5154980984681,320.0,468.0933436916179,548.3007920655136,592.8064439433565,640.0,433.64261798071,480.91257900589744,574.6015467765897,637.9612957547691,364.7211365037155,436.4804245079436,547.3634177896976,610.6441772760841,295.6150231471316,396.24230511205576,515.19741063077,583.5322053302764,233.4643464513032,351.27111598401433,437.97718653443195,483.64781226669254,320.0,387.8098596712438,471.6156356615742,531.9239881157241,580.0485653737154,548.4191777917142,623.6556918967121,616.201166120222,589.9511828874954,551.5944528530918,640.0,624.2511037459651,589.6702938489924,543.3115484342675,618.6256789367583,593.7870205317789,556.9579811210608,523.2002578393204,559.0507426386157,534.2448948016676,499.9611440260088,320.0,466.22958878486565,542.9773181240321,587.7993445157632,616.8048942551045,436.55205296500293,482.45826476688086,575.5121818384869,640.0,369.6798101778028,442.89349324551387,550.4398230896286,615.5713967362453,301.19744435599716,403.22738530938153,518.9538973367064,590.9220073707555,238.22885650280242,366.0785326617688,457.9244087051815,513.000505356215,320.0,387.0886409282384,475.0647609902451,538.6708597844614,582.9545991414564,550.418679197046,621.3536078430116,614.9760575811312,591.2889688022202,556.6812724215731,640.0,625.1461017618149,595.0806542593057,550.8054970343933,628.0871922075951,607.4764246441287,574.2851531932927,533.2205218290009,572.3694720579791,549.3260120905838,516.2332485906093,320.0,466.02985784809374,548.6893645223508,596.2957235472551,640.0,440.7839172069232,474.15129449150743,564.4110424756353,627.3346305155025,367.25357079130947,426.1144862393896,536.0403089446093,603.5202351921557,291.7347970533006,384.2586094093856,506.6951593579798,583.947455625324,221.11801242236027,351.807529887587,450.5952026917946,508.80084288518236,320.0,379.5886908159925,469.3349315512571,533.7888676109435,579.3939949807946,547.3691867590386,620.4552707192455,616.5254573660083,594.0947956183949,553.6599875705875,640.0,627.5773873248456,598.5793782447329,547.0612662503498,625.602660463557,606.1180224899624,573.2404553656003,528.6215844812618,564.243331841593,539.0391399985135,504.91436198054623
320.0,471.20425796808956,543.0620050621968,558.9425092119502,562.6820206779935,486.3715697122543,520.3994356396313,577.7826076148062,617.9738326329561,424.4787099058841,495.7839885829146,576.7870929708115,640.0,352.30065126699515,435.2077667026368,519.0615301958671,586.2715941151074,271.50080590295374,354.92516035617007,417.522283457656,472.8691312026243,320.0,377.3078922827696,461.4359922824189,522.1326243945553,567.7488255473602,519.8863172711469,579.3254902694334,602.1290017610456,614.0762350799212,526.6644453875139,592.7177366022768,621.7433487303051,640.0,524.9331632690838,589.7119858274596,618.7942881170529,636.9238416906039,515.1067854622346,568.3346321970906,601.1135669885183,626.5154980984681,320.0,468.0933436916179,548.3007920655136,592.8064439433565,640.0,433.64261798071,480.91257900589744,574.6015467765897,637.9612957547691,364.7211365037155,436.4804245079436,547.3634177896976,610.6441772760841,295.6150231471316,396.24230511205576,515.19741063077,583.5322053302764,233.4643464513032,351.27111598401433,437.97718653443195,483.64781226669254,320.0,387.8098596712438,471.6156356615742,531.9239881157241,580.0485653737154,548.4191777917142,623.6556918967121,616.201166120222,589.9511828874954,551.5944528530918,640.0,624.2511037459651,589.6702938489924,543.3115484342675,618.6256789367583,593.7870205317789,556.9579811210608,523.2002578393204,559.0507426386157,534.2448948016676,499.9611440260088,320.0,466.22958878486565,542.9773181240321,587.7993445157632,616.8048942551045,436.55205296500293,482.45826476688086,575.5121818384869,640.0,369.6798101778028,442.89349324551387,550.4398230896286,615.5713967362453,301.19744435599716,403.22738530938153,518.9538973367064,590.9220073707555,238.22885650280242,366.0785326617688,457.9244087051815,513.000505356215,320.0,387.0886409282384,475.0647609902451,538.6708597844614,582.9545991414564,550.418679197046,621.3536078430116,614.9760575811312,591.2889688022202,556.6812724215731,640.0,625.1461017618149,595.0806542593057,550.8054970343933,628.0871922075951,607.4764246441287,574.2851531932927,533.2205218290009,572.3694720579791,549.3260120905838,516.2332485906093,320.0,466.02985784809374,548.6893645223508,596.2957235472551,640.0,440.7839172069232,474.15129449150743,564.4110424756353,627.3346305155025,367.25357079130947,426.1144862393896,536.0403089446093,603.5202351921557,291.7347970533006,384.2586094093856,506.6951593579798,583.947455625324,221.11801242236027,351.807529887587,450.5952026917946,508.80084288518236,320.0,379.5886908159925,469.3349315512571,533.7888676109435,579.3939949807946,547.3691867590386,620.4552707192455,616.5254573660083,594.0947956183949,553.6599875705875,640.0,627.5773873248456,598.5793782447329,547.0612662503498,625.602660463557,606.1180224899624,573.2404553656003,528.6215844812618,564.243331841593,539.0391399985135,504.91436198054623,320.0,466.6517181619954,527.1846404600897,490.6828434779691,426.75465855880526,494.5562507204709,561.6466961453773,622.0589927658641,640.0,415.9727463791625,495.8449998954253,574.2867106982817,603.7235784774607,328.7851291886415,419.0162489597251,504.82655438102245,544.2966769085001,240.13366103309085,345.8976325751588,409.6519608725322,435.80703199061065,320.0,377.63983779472926,474.2665497627188,547.196322490513,595.8778967052237,550.2126946756343,615.3857861571457,584.4473440962568,542.0604925778301,560.691894471866,640.0,601.1293455402416,553.122793578794,556.7555775011218,636.4152126164477,597.126908163855,553.6593668453811,540.2475718545193,564.4244764824679,520.5535706500164,479.4308171239668
320.0,468.0933436916179,548.3007920655136,592.8064439433565,640.0,433.64261798071,480.91257900589744,574.6015467765897,637.9612957547691,364.7211365037155,436.4804245079436,547.3634177896976,610.6441772760841,295.6150231471316,396.24230511205576,515.19741063077,583.5322053302764,233.4643464513032,351.27111598401433,437.97718653443195,483.64781226669254,320.0,387.8098596712438,471.6156356615742,531.9239881157241,580.0485653737154,548.4191777917142,623.6556918967121,616.201166120222,589.9511828874954,551.5944528530918,640.0,624.2511037459651,589.6702938489924,543.3115484342675,618.6256789367583,593.7870205317789,556.9579811210608,523.2002578393204,559.0507426386157,534.2448948016676,499.9611440260088,320.0,466.22958878486565,542.9773181240321,587.7993445157632,616.8048942551045,436.55205296500293,482.45826476688086,575.5121818384869,640.0,369.6798101778028,442.89349324551387,550.4398230896286,615.5713967362453,301.19744435599716,403.22738530938153,518.9538973367064,590.9220073707555,238.22885650280242,366.0785326617688,457.9244087051815,513.000505356215,320.0,387.0886409282384,475.0647609902451,538.6708597844614,582.9545991414564,550.418679197046,621.3536078430116,614.9760575811312,591.2889688022202,556.6812724215731,640.0,625.1461017618149,595.0806542593057,550.8054970343933,628.0871922075951,607.4764246441287,574.2851531932927,533.2205218290009,572.3694720579791,549.3260120905838,516.2332485906093,320.0,466.02985784809374,548.6893645223508,596.2957235472551,640.0,440.7839172069232,474.15129449150743,564.4110424756353,627.3346305155025,367.25357079130947,426.1144862393896,536.0403089446093,603.5202351921557,291.7347970533006,384.2586094093856,506.6951593579798,583.947455625324,221.11801242236027,351.807529887587,450.5952026917946,508.80084288518236,320.0,379.5886908159925,469.3349315512571,533.7888676109435,579.3939949807946,547.3691867590386,620.4552707192455,616.5254573660083,594.0947956183949,553.6599875705875,640.0,627.5773873248456,598.5793782447329,547.0612662503498,625.602660463557,606.1180224899624,573.2404553656003,528.6215844812618,564.243331841593,539.0391399985135,504.91436198054623,320.0,466.6517181619954,527.1846404600897,490.6828434779691,426.75465855880526,494.5562507204709,561.6466961453773,622.0589927658641,640.0,415.9727463791625,495.8449998954253,574.2867106982817,603.7235784774607,328.7851291886415,419.0162489597251,504.82655438102245,544.2966769085001,240.13366103309085,345.8976325751588,409.6519608725322,435.80703199061065,320.0,377.63983779472926,474.2665497627188,547.196322490513,595.8778967052237,550.2126946756343,615.3857861571457,584.4473440962568,542.0604925778301,560.691894471866,640.0,601.1293455402416,553.122793578794,556.7555775011218,636.4152126164477,597.126908163855,553.6593668453811,540.2475718545193,564.4244764824679,520.5535706500164,479.4308171239668,320.0,470.07189437001,533.8995255573701,468.1416289970175,376.9911562077558,508.18034248904456,570.74797881912,620.9555678283182,640.0,421.9090726480098,496.2010732580286,562.0711027274652,587.3502825778921,329.5507231141362,396.24769330464864,470.9713266478035,510.7391838876065,236.87034681741437,336.17888357672393,389.16610526180716,409.66210583826506,320.0,374.04971148949846,481.84756515653635,564.2272248257909,613.5217124915926,551.9172575300015,614.931859238463,574.3845895362864,526.954136224883,563.7073907159254,639.1259648559081,599.4923957944727,550.5487630401573,558.2451938970294,640.0,611.4331393591499,578.091466134395,538.62708540401,561.1942434053769,511.9411291530399,465.6481484406273
320.0,466.22958878486565,542.9773181240321,587.7993445157632,616.8048942551045,436.55205296500293,482.45826476688086,575.5121818384869,640.0,369.6798101778028,442.89349324551387,550.4398230896286,615.5713967362453,301.19744435599716,403.22738530938153,518.9538973367064,590.9220073707555,238.22885650280242,366.0785326617688,457.9244087051815,513.000505356215,320.0,387.0886409282384,475.0647609902451,538.6708597844614,582.9545991414564,550.418679197046,621.3536078430116,614.9760575811312,591.2889688022202,556.6812724215731,640.0,625.1461017618149,595.0806542593057,550.8054970343933,628.0871922075951,607.4764246441287,574.2851531932927,533.2205218290009,572.3694720579791,549.3260120905838,516.2332485906093,320.0,466.02985784809374,548.6893645223508,596.2957235472551,640.0,440.7839172069232,474.15129449150743,564.4110424756353,627.3346305155025,367.25357079130947,426.1144862393896,536.0403089446093,603.5202351921557,291.7347970533006,384.2586094093856,506.6951593579798,583.947455625324,221.11801242236027,351.807529887587,450.5952026917946,508.80084288518236,320.0,379.5886908159925,469.3349315512571,533.7888676109435,579.3939949807946,547.3691867590386,620.4552707192455,616.5254573660083,594.0947956183949,553.6599875705875,640.0,627.5773873248456,598.5793782447329,547.0612662503498,625.602660463557,606.1180224899624,573.2404553656003,528.6215844812618,564.243331841593,539.0391399985135,504.91436198054623,320.0,466.6517181619954,527.1846404600897,490.6828434779691,426.75465855880526,494.5562507204709,561.6466961453773,622.0589927658641,640.0,415.9727463791625,495.8449998954253,574.2867106982817,603.7235784774607,328.7851291886415,419.0162489597251,504.82655438102245,544.2966769085001,240.13366103309085,345.8976325751588,409.6519608725322,435.80703199061065,320.0,377.63983779472926,474.2665497627188,547.196322490513,595.8778967052237,550.2126946756343,615.3857861571457,584.4473440962568,542.0604925778301,560.691894471866,640.0,601.1293455402416,553.122793578794,556.7555775011218,636.4152126164477,597.126908163855,553.6593668453811,540.2475718545193,564.4244764824679,520.5535706500164,479.4308171239668,320.0,470.07189437001,533.8995255573701,468.1416289970175,376.9911562077558,508.18034248904456,570.74797881912,620.9555678283182,640.0,421.9090726480098,496.2010732580286,562.0711027274652,587.3502825778921,329.5507231141362,396.24769330464864,470.9713266478035,510.7391838876065,236.87034681741437,336.17888357672393,389.16610526180716,409.66210583826506,320.0,374.04971148949846,481.84756515653635,564.2272248257909,613.5217124915926,551.9172575300015,614.931859238463,574.3845895362864,526.954136224883,563.7073907159254,639.1259648559081,599.4923957944727,550.5487630401573,558.2451938970294,640.0,611.4331393591499,578.091466134395,538.62708540401,561.1942434053769,511.9411291530399,465.6481484406273,320.0,468.16150950526503,524.2334454687261,454.8317994505146,368.93238403434464,517.2214871255939,590.9665163344679,640.0,638.8466189985427,430.7442434314954,513.7988907688174,578.3965163700234,585.8518827419009,336.2004844695952,431.37424692101746,509.5216611953467,534.4675888418597,243.47570617106987,364.92903368684006,418.1147539734583,426.1294191088665,320.0,368.4538089272042,480.16229771694896,555.4750426302783,601.393568878498,540.6343419458428,602.1892106699047,564.7286848342379,521.2843008980099,554.9843537383847,632.3185435247988,583.8114240103387,529.2100124584988,553.8309931405385,640.0,588.610602394104,536.2384312610765,540.1050488355916,546.5531788320628,485.41260758367355,436.6032585713482
320.0,466.02985784809374,548.6893645223508,596.2957235472551,640.0,440.7839172069232,474.15129449150743,564.4110424756353,627.3346305155025,367.25357079130947,426.1144862393896,536.0403089446093,603.5202351921557,291.7347970533006,384.2586094093856,506.6951593579798,583.947455625324,221.11801242236027,351.807529887587,450.5952026917946,508.80084288518236,320.0,379.5886908159925,469.3349315512571,533.7888676109435,579.3939949807946,547.3691867590386,620.4552707192455,616.5254573660083,594.0947956183949,553.6599875705875,640.0,627.5773873248456,598.5793782447329,547.0612662503498,625.602660463557,606.1180224899624,573.2404553656003,528.6215844812618,564.243331841593,539.0391399985135,504.91436198054623,320.0,466.6517181619954,527.1846404600897,490.6828434779691,426.75465855880526,494.5562507204709,561.6466961453773,622.0589927658641,640.0,415.9727463791625,495.8449998954253,574.2867106982817,603.7235784774607,328.7851291886415,419.0162489597251,504.82655438102245,544.2966769085001,240.13366103309085,345.8976325751588,409.6519608725322,435.80703199061065,320.0,377.63983779472926,474.2665497627188,547.196322490513,595.8778967052237,550.2126946756343,615.3857861571457,584.4473440962568,542.0604925778301,560.691894471866,640.0,601.1293455402416,553.122793578794,556.7555775011218,636.4152126164477,597.126908163855,553.6593668453811,540.2475718545193,564.4244764824679,520.5535706500164,479.4308171239668,320.0,470.07189437001,533.8995255573701,468.1416289970175,376.9911562077558,508.18034248904456,570.74797881912,620.9555678283182,640.0,421.9090726480098,496.2010732580286,562.0711027274652,587.3502825778921,329.5507231141362,396.24769330464864,470.9713266478035,510.7391838876065,236.87034681741437,336.17888357672393,389.16610526180716,409.66210583826506,320.0,374.04971148949846,481.84756515653635,564.2272248257909,613.5217124915926,551.9172575300015,614.931859238463,574.3845895362864,526.954136224883,563.7073907159254,639.1259648559081,599.4923957944727,550.5487630401573,558.2451938970294,640.0,611.4331393591499,578.091466134395,538.62708540401,561.1942434053769,511.9411291530399,465.6481484406273,320.0,468.16150950526503,524.2334454687261,454.8317994505146,368.93238403434464,517.2214871255939,590.9665163344679,640.0,638.8466189985427,430.7442434314954,513.7988907688174,578.3965163700234,585.8518827419009,336.2004844695952,431.37424692101746,509.5216611953467,534.4675888418597,243.47570617106987,364.92903368684006,418.1147539734583,426.1294191088665,320.0,368.4538089272042,480.16229771694896,555.4750426302783,601.393568878498,540.6343419458428,602.1892106699047,564.7286848342379,521.2843008980099,554.9843537383847,632.3185435247988,583.8114240103387,529.2100124584988,553.8309931405385,640.0,588.610602394104,536.2384312610765,540.1050488355916,546.5531788320628,485.41260758367355,436.6032585713482,320.0,474.3461778087852,544.9813868964995,473.2005519140241,373.4936136995759,542.9165401086204,617.946494195262,640.0,623.9849560925647,445.0553417170912,525.6875341447562,569.1896380318937,562.9750280673783,344.4698194046917,427.68385817343824,486.01192358209204,499.4645272914436,245.39698105931416,362.19691637217085,406.8837901690055,408.7388184022483,320.0,365.4075338451301,476.6220540345504,558.1220424866578,607.7937729405423,537.9878864785508,602.6293810634606,551.7823278895551,503.73619209766815,552.1506751595243,635.2078598878938,582.2437686046355,523.2263155991112,550.3940010223153,640.0,591.477794709845,543.4473466211084,535.0991876820154,550.2943666765295,485.84468040880415,432.57098358848367
320.0,466.6517181619954,527.1846404600897,490.6828434779691,426.75465855880526,494.5562507204709,561.6466961453773,622.0589927658641,640.0,415.9727463791625,495.8449998954253,574.2867106982817,603.7235784774607,328.7851291886415,419.0162489597251,504.82655438102245,544.2966769085001,240.13366103309085,345.8976325751588,409.6519608725322,435.80703199061065,320.0,377.63983779472926,474.2665497627188,547.196322490513,595.8778967052237,550.2126946756343,615.3857861571457,584.4473440962568,542.0604925778301,560.691894471866,640.0,601.1293455402416,553.122793578794,556.7555775011218,636.4152126164477,597.126908163855,553.6593668453811,540.2475718545193,564.4244764824679,520.5535706500164,479.4308171239668,320.0,470.07189437001,533.8995255573701,468.1416289970175,376.9911562077558,508.18034248904456,570.74797881912,620.9555678283182,640.0,421.9090726480098,496.2010732580286,562.0711027274652,587.3502825778921,329.5507231141362,396.24769330464864,470.9713266478035,510.7391838876065,236.87034681741437,336.17888357672393,389.16610526180716,409.66210583826506,320.0,374.04971148949846,481.84756515653635,564.2272248257909,613.5217124915926,551.9172575300015,614.931859238463,574.3845895362864,526.954136224883,563.7073907159254,639.1259648559081,599.4923957944727,550.5487630401573,558.2451938970294,640.0,611.4331393591499,578.091466134395,538.62708540401,561.1942434053769,511.9411291530399,465.6481484406273,320.0,468.16150950526503,524.2334454687261,454.8317994505146,368.93238403434464,517.2214871255939,590.9665163344679,640.0,638.8466189985427,430.7442434314954,513.7988907688174,578.3965163700234,585.8518827419009,336.2004844695952,431.37424692101746,509.5216611953467,534.4675888418597,243.47570617106987,364.92903368684006,418.1147539734583,426.1294191088665,320.0,368.4538089272042,480.16229771694896,555.4750426302783,601.393568878498,540.6343419458428,602.1892106699047,564.7286848342379,521.2843008980099,554.9843537383847,632.3185435247988,583.8114240103387,529.2100124584988,553.8309931405385,640.0,588.610602394104,536.2384312610765,540.1050488355916,546.5531788320628,485.41260758367355,436.6032585713482,320.0,474.3461778087852,544.9813868964995,473.2005519140241,373.4936136995759,542.9165401086204,617.946494195262,640.0,623.9849560925647,445.0553417170912,525.6875341447562,569.1896380318937,562.9750280673783,344.4698194046917,427.68385817343824,486.01192358209204,499.4645272914436,245.39698105931416,362.19691637217085,406.8837901690055,408.7388184022483,320.0,365.4075338451301,476.6220540345504,558.1220424866578,607.7937729405423,537.9878864785508,602.6293810634606,551.7823278895551,503.73619209766815,552.1506751595243,635.2078598878938,582.2437686046355,523.2263155991112,550.3940010223153,640.0,591.477794709845,543.4473466211084,535.0991876820154,550.2943666765295,485.84468040880415,432.57098358848367,320.0,478.21632528317946,553.0622213474953,479.46773938046937,376.7321378377499,548.5092040999087,621.2516594475032,640.0,624.8756741130456,447.3228504787796,525.7765467597504,568.164700398054,562.9535472040476,343.5360406129275,424.785619917317,480.9057049791693,495.1377241420876,243.42393690019207,358.62640149642294,395.3900188332957,392.2389540400379,320.0,363.0838551035901,473.8705236045756,556.734512556934,606.846016974404,538.3100229224655,603.5177801786201,550.5645246647424,502.1207725090374,553.6515354922223,634.283045395262,581.0268751617798,523.7863209801521,552.6431643477964,640.0,593.4083361098053,549.0834382524592,537.625048275838,551.5820760968477,486.3498728473649,432.93172617444765
320.0,470.07189437001,533.8995255573701,468.1416289970175,376.9911562077558,508.18034248904456,570.74797881912,620.9555678283182,640.0,421.9090726480098,496.2010732580286,562.0711027274652,587.3502825778921,329.5507231141362,396.24769330464864,470.9713266478035,510.7391838876065,236.87034681741437,336.17888357672393,389.16610526180716,409.66210583826506,320.0,374.04971148949846,481.84756515653635,564.2272248257909,613.5217124915926,551.9172575300015,614.931859238463,574.3845895362864,526.954136224883,563.7073907159254,639.1259648559081,599.4923957944727,550.5487630401573,558.2451938970294,640.0,611.4331393591499,578.091466134395,538.62708540401,561.1942434053769,511.9411291530399,465.6481484406273,320.0,468.16150950526503,524.2334454687261,454.8317994505146,368.93238403434464,517.2214871255939,590.9665163344679,640.0,638.8466189985427,430.7442434314954,513.7988907688174,578.3965163700234,585.8518827419009,336.2004844695952,431.37424692101746,509.5216611953467,534.4675888418597,243.47570617106987,364.92903368684006,418.1147539734583,426.1294191088665,320.0,368.4538089272042,480.16229771694896,555.4750426302783,601.393568878498,540.6343419458428,602.1892106699047,564.7286848342379,521.2843008980099,554.9843537383847,632.3185435247988,583.8114240103387,529.2100124584988,553.8309931405385,640.0,588.610602394104,536.2384312610765,540.1050488355916,546.5531788320628,485.41260758367355,436.6032585713482,320.0,474.3461778087852,544.9813868964995,473.2005519140241,373.4936136995759,542.9165401086204,617.946494195262,640.0,623.9849560925647,445.0553417170912,525.6875341447562,569.1896380318937,562.9750280673783,344.4698194046917,427.68385817343824,486.01192358209204,499.4645272914436,245.39698105931416,362.19691637217085,406.8837901690055,408.7388184022483,320.0,365.4075338451301,476.6220540345504,558.1220424866578,607.7937729405423,537.9878864785508,602.6293810634606,551.7823278895551,503.73619209766815,552.1506751595243,635.2078598878938,582.2437686046355,523.2263155991112,550.3940010223153,640.0,591.477794709845,543.4473466211084,535.0991876820154,550.2943666765295,485.84468040880415,432.57098358848367,320.0,478.21632528317946,553.0622213474953,479.46773938046937,376.7321378377499,548.5092040999087,621.2516594475032,640.0,624.8756741130456,447.3228504787796,525.7765467597504,568.164700398054,562.9535472040476,343.5360406129275,424.785619917317,480.9057049791693,495.1377241420876,243.42393690019207,358.62640149642294,395.3900188332957,392.2389540400379,320.0,363.0838551035901,473.8705236045756,556.734512556934,606.846016974404,538.3100229224655,603.5177801786201,550.5645246647424,502.1207725090374,553.6515354922223,634.283045395262,581.0268751617798,523.7863209801521,552.6431643477964,640.0,593.4083361098053,549.0834382524592,537.625048275838,551.5820760968477,486.3498728473649,432.93172617444765,320.0,479.35597225431513,549.9920215896656,454.24813292118813,337.32963042085026,572.2061830500198,640.0,638.7515313752076,605.7840423073737,464.33127406057486,540.2846940955403,563.7919684002634,536.313974425489,355.51325593258025,426.2827147522115,466.4672209409292,461.26250713915135,248.21750105724837,352.37281411175877,386.5160505560908,377.1526230658895,320.0,363.5232954247681,476.87975822371294,559.7559177541359,602.2788812605909,534.0465733801512,604.2054399664588,542.3211222332861,490.5746379469979,549.0855475778698,637.0740876613734,576.3205632129693,514.3230788043953,547.8777143056793,640.0,582.9997030204566,532.0593260311305,533.1299198155233,552.4999039183831,485.90898450465556,434.5062977132575
320.0,468.16150950526503,524.2334454687261,454.8317994505146,368.93238403434464,517.2214871255939,590.9665163344679,640.0,638.8466189985427,430.7442434314954,513.7988907688174,578.3965163700234,585.8518827419009,336.2004844695952,431.37424692101746,509.5216611953467,534.4675888418597,243.47570617106987,364.92903368684006,418.1147539734583,426.1294191088665,320.0,368.4538089272042,480.16229771694896,555.4750426302783,601.393568878498,540.6343419458428,602.1892106699047,564.7286848342379,521.2843008980099,554.9843537383847,632.3185435247988,583.8114240103387,529.2100124584988,553.8309931405385,640.0,588.610602394104,536.2384312610765,540.1050488355916,546.5531788320628,485.41260758367355,436.6032585713482,320.0,474.3461778087852,544.9813868964995,473.2005519140241,373.4936136995759,542.9165401086204,617.946494195262,640.0,623.9849560925647,445.0553417170912,525.6875341447562,569.1896380318937,562.9750280673783,344.4698194046917,427.68385817343824,486.01192358209204,499.4645272914436,245.39698105931416,362.19691637217085,406.8837901690055,408.7388184022483,320.0,365.4075338451301,476.6220540345504,558.1220424866578,607.7937729405423,537.9878864785508,602.6293810634606,551.7823278895551,503.73619209766815,552.1506751595243,635.2078598878938,582.2437686046355,523.2263155991112,550.3940010223153,640.0,591.477794709845,543.4473466211084,535.0991876820154,550.2943666765295,485.84468040880415,432.57098358848367,320.0,478.21632528317946,553.0622213474953,479.46773938046937,376.7321378377499,548.5092040999087,621.2516594475032,640.0,624.8756741130456,447.3228504787796,525.7765467597504,568.164700398054,562.9535472040476,343.5360406129275,424.785619917317,480.9057049791693,495.1377241420876,243.42393690019207,358.62640149642294,395.3900188332957,392.2389540400379,320.0,363.0838551035901,473.8705236045756,556.734512556934,606.846016974404,538.3100229224655,603.5177801786201,550.5645246647424,502.1207725090374,553.6515354922223,634.283045395262,581.0268751617798,523.7863209801521,552.6431643477964,640.0,593.4083361098053,549.0834382524592,537.625048275838,551.5820760968477,486.3498728473649,432.93172617444765,320.0,479.35597225431513,549.9920215896656,454.24813292118813,337.32963042085026,572.2061830500198,640.0,638.7515313752076,605.7840423073737,464.33127406057486,540.2846940955403,563.7919684002634,536.313974425489,355.51325593258025,426.2827147522115,466.4672209409292,461.26250713915135,248.21750105724837,352.37281411175877,386.5160505560908,377.1526230658895,320.0,363.5232954247681,476.87975822371294,559.7559177541359,602.2788812605909,534.0465733801512,604.2054399664588,542.3211222332861,490.5746379469979,549.0855475778698,637.0740876613734,576.3205632129693,514.3230788043953,547.8777143056793,640.0,582.9997030204566,532.0593260311305,533.1299198155233,552.4999039183831,485.90898450465556,434.5062977132575,320.0,483.8309677216794,552.9432185923845,450.07869424516093,334.34859150981265,568.7791290930987,640.0,632.8789893766133,596.5396061475253,457.55045379824764,520.5611085819113,536.8272471815619,509.51583640388156,345.27599051811717,392.0129714310063,427.02058519453783,426.8365092856518,237.86823591678012,332.1533158556906,362.45156457794633,356.15548673141916,320.0,368.66251978768565,482.3454042258571,567.4163281097804,610.4536453329406,536.5987997605582,603.6339462660156,548.7797965399118,498.422355252691,552.8612690958457,635.6979497335824,585.7724193483857,528.1850316630225,552.1059395707164,640.0,597.6262996970567,556.3894659142704,535.5377382957358,553.2058629000776,489.096693852602,437.07412283632743
320.0,474.3461778087852,544.9813868964995,473.2005519140241,373.4936136995759,542.9165401086204,617.946494195262,640.0,623.9849560925647,445.0553417170912,525.6875341447562,569.1896380318937,562.9750280673783,344.4698194046917,427.68385817343824,486.01192358209204,499.4645272914436,245.39698105931416,362.19691637217085,406.8837901690055,408.7388184022483,320.0,365.4075338451301,476.6220540345504,558.1220424866578,607.7937729405423,537.9878864785508,602.6293810634606,551.7823278895551,503.73619209766815,552.1506751595243,635.2078598878938,582.2437686046355,523.2263155991112,550.3940010223153,640.0,591.477794709845,543.4473466211084,535.0991876820154,550.2943666765295,485.84468040880415,432.57098358848367,320.0,478.21632528317946,553.0622213474953,479.46773938046937,376.7321378377499,548.5092040999087,621.2516594475032,640.0,624.8756741130456,447.3228504787796,525.7765467597504,568.164700398054,562.9535472040476,343.5360406129275,424.785619917317,480.9057049791693,495.1377241420876,243.42393690019207,358.62640149642294,395.3900188332957,392.2389540400379,320.0,363.0838551035901,473.8705236045756,556.734512556934,606.846016974404,538.3100229224655,603.5177801786201,550.5645246647424,502.1207725090374,553.6515354922223,634.283045395262,581.0268751617798,523.7863209801521,552.6431643477964,640.0,593.4083361098053,549.0834382524592,537.625048275838,551.5820760968477,486.3498728473649,432.93172617444765,320.0,479.35597225431513,549.9920215896656,454.24813292118813,337.32963042085026,572.2061830500198,640.0,638.7515313752076,605.7840423073737,464.33127406057486,540.2846940955403,563.7919684002634,536.313974425489,355.51325593258025,426.2827147522115,466.4672209409292,461.26250713915135,248.21750105724837,352.37281411175877,386.5160505560908,377.1526230658895,320.0,363.5232954247681,476.87975822371294,559.7559177541359,602.2788812605909,534.0465733801512,604.2054399664588,542.3211222332861,490.5746379469979,549.0855475778698,637.0740876613734,576.3205632129693,514.3230788043953,547.8777143056793,640.0,582.9997030204566,532.0593260311305,533.1299198155233,552.4999039183831,485.90898450465556,434.5062977132575,320.0,483.8309677216794,552.9432185923845,450.07869424516093,334.34859150981265,568.7791290930987,640.0,632.8789893766133,596.5396061475253,457.55045379824764,520.5611085819113,536.8272471815619,509.51583640388156,345.27599051811717,392.0129714310063,427.02058519453783,426.8365092856518,237.86823591678012,332.1533158556906,362.45156457794633,356.15548673141916,320.0,368.66251978768565,482.3454042258571,567.4163281097804,610.4536453329406,536.5987997605582,603.6339462660156,548.7797965399118,498.422355252691,552.8612690958457,635.6979497335824,585.7724193483857,528.1850316630225,552.1059395707164,640.0,597.6262996970567,556.3894659142704,535.5377382957358,553.2058629000776,489.096693852602,437.07412283632743,320.0,482.940293853789,553.2415204395312,455.26306251343703,337.62501392952055,566.344252201427,640.0,633.2399895992913,595.1705142159904,456.4983605376401,522.8460571296071,540.0568437000859,512.68668090198,344.26669938462476,393.5449870047422,430.7654764008595,432.32225087544924,235.7375104260351,330.1080480548761,362.02498646444565,356.2070731572792,320.0,370.2401171609022,483.5450954099753,567.88810493619,611.3836452681592,538.4386415790935,604.6685898565921,549.5451678797198,498.9396253669892,553.6011260820167,636.7669779827579,587.1045202669643,528.8189276745281,551.9236693521227,640.0,596.504815347758,553.7240489957717,534.5633686782652,553.5202445120285,488.67506411682837,435.31136759077447
320.0,478.21632528317946,553.0622213474953,479.46773938046937,376.7321378377499,548.5092040999087,621.2516594475032,640.0,624.8756741130456,447.3228504787796,525.7765467597504,568.164700398054,562.9535472040476,343.5360406129275,424.785619917317,480.9057049791693,495.1377241420876,243.42393690019207,358.62640149642294,395.3900188332957,392.2389540400379,320.0,363.0838551035901,473.8705236045756,556.734512556934,606.846016974404,538.3100229224655,603.5177801786201,550.5645246647424,502.1207725090374,553.6515354922223,634.283045395262,581.0268751617798,523.7863209801521,552.6431643477964,640.0,593.4083361098053,549.0834382524592,537.625048275838,551.5820760968477,486.3498728473649,432.93172617444765,320.0,479.35597225431513,549.9920215896656,454.24813292118813,337.32963042085026,572.2061830500198,640.0,638.7515313752076,605.7840423073737,464.33127406057486,540.2846940955403,563.7919684002634,536.313974425489,355.51325593258025,426.2827147522115,466.4672209409292,461.26250713915135,248.21750105724837,352.37281411175877,386.5160505560908,377.1526230658895,320.0,363.5232954247681,476.87975822371294,559.7559177541359,602.2788812605909,534.0465733801512,604.2054399664588,542.3211222332861,490.5746379469979,549.0855475778698,637.0740876613734,576.3205632129693,514.3230788043953,547.8777143056793,640.0,582.9997030204566,532.0593260311305,533.1299198155233,552.4999039183831,485.90898450465556,434.5062977132575,320.0,483.8309677216794,552.9432185923845,450.07869424516093,334.34859150981265,568.7791290930987,640.0,632.8789893766133,596.5396061475253,457.55045379824764,520.5611085819113,536.8272471815619,509.51583640388156,345.27599051811717,392.0129714310063,427.02058519453783,426.8365092856518,237.86823591678012,332.1533158556906,362.45156457794633,356.15548673141916,320.0,368.66251978768565,482.3454042258571,567.4163281097804,610.4536453329406,536.5987997605582,603.6339462660156,548.7797965399118,498.422355252691,552.8612690958457,635.6979497335824,585.7724193483857,528.1850316630225,552.1059395707164,640.0,597.6262996970567,556.3894659142704,535.5377382957358,553.2058629000776,489.096693852602,437.07412283632743,320.0,482.940293853789,553.2415204395312,455.26306251343703,337.62501392952055,566.344252201427,640.0,633.2399895992913,595.1705142159904,456.4983605376401,522.8460571296071,540.0568437000859,512.68668090198,344.26669938462476,393.5449870047422,430.7654764008595,432.32225087544924,235.7375104260351,330.1080480548761,362.02498646444565,356.2070731572792,320.0,370.2401171609022,483.5450954099753,567.88810493619,611.3836452681592,538.4386415790935,604.6685898565921,549.5451678797198,498.9396253669892,553.6011260820167,636.7669779827579,587.1045202669643,528.8189276745281,551.9236693521227,640.0,596.504815347758,553.7240489957717,534.5633686782652,553.5202445120285,488.67506411682837,435.31136759077447,320.0,486.14900584194766,556.5046341138934,452.39109073807396,327.93011135410416,569.8648859968305,640.0,637.6051515568802,602.6513059775518,456.546318966141,523.1485367123115,544.4181742221434,518.0296555281443,340.9559508277454,392.40784870219136,432.825444097719,435.23504328362736,229.47058370463037,327.7067963113807,361.384049125575,355.7020256597573,320.0,370.6817677869369,484.46639692709,567.2993919112585,608.7248394528924,538.864010485878,605.3962802251564,551.0304214421707,500.8949646797482,553.6436927098937,636.6672879492729,586.6818340173036,527.6327723069357,551.5007644461072,640.0,595.6849036605479,551.7860204253556,533.5948657145752,551.5520303299279,487.05152923902875,433.93899959478654
320.0,479.35597225431513,549.9920215896656,454.24813292118813,337.32963042085026,572.2061830500198,640.0,638.7515313752076,605.7840423073737,464.33127406057486,540.2846940955403,563.7919684002634,536.313974425489,355.51325593258025,426.2827147522115,466.4672209409292,461.26250713915135,248.21750105724837,352.37281411175877,386.5160505560908,377.1526230658895,320.0,363.5232954247681,476.87975822371294,559.7559177541359,602.2788812605909,534.0465733801512,604.2054399664588,542.3211222332861,490.5746379469979,549.0855475778698,637.0740876613734,576.3205632129693,514.3230788043953,547.8777143056793,640.0,582.9997030204566,532.0593260311305,533.1299198155233,552.4999039183831,485.90898450465556,434.5062977132575,320.0,483.8309677216794,552.9432185923845,450.07869424516093,334.34859150981265,568.7791290930987,640.0,632.8789893766133,596.5396061475253,457.55045379824764,520.5611085819113,536.8272471815619,509.51583640388156,345.27599051811717,392.0129714310063,427.02058519453783,426.8365092856518,237.86823591678012,332.1533158556906,362.45156457794633,356.15548673141916,320.0,368.66251978768565,482.3454042258571,567.4163281097804,610.4536453329406,536.5987997605582,603.6339462660156,548.7797965399118,498.422355252691,552.8612690958457,635.6979497335824,585.7724193483857,528.1850316630225,552.1059395707164,640.0,597.6262996970567,556.3894659142704,535.5377382957358,553.2058629000776,489.096693852602,437.07412283632743,320.0,482.940293853789,553.2415204395312,455.26306251343703,337.62501392952055,566.344252201427,640.0,633.2399895992913,595.1705142159904,456.4983605376401,522.8460571296071,540.0568437000859,512.68668090198,344.26669938462476,393.5449870047422,430.7654764008595,432.32225087544924,235.7375104260351,330.1080480548761,362.02498646444565,356.2070731572792,320.0,370.2401171609022,483.5450954099753,567.88810493619,611.3836452681592,538.4386415790935,604.6685898565921,549.5451678797198,498.9396253669892,553.6011260820167,636.7669779827579,587.1045202669643,528.8189276745281,551.9236693521227,640.0,596.504815347758,553.7240489957717,534.5633686782652,553.5202445120285,488.67506411682837,435.31136759077447,320.0,486.14900584194766,556.5046341138934,452.39109073807396,327.93011135410416,569.8648859968305,640.0,637.6051515568802,602.6513059775518,456.546318966141,523.1485367123115,544.4181742221434,518.0296555281443,340.9559508277454,392.40784870219136,432.825444097719,435.23504328362736,229.47058370463037,327.7067963113807,361.384049125575,355.7020256597573,320.0,370.6817677869369,484.46639692709,567.2993919112585,608.7248394528924,538.864010485878,605.3962802251564,551.0304214421707,500.8949646797482,553.6436927098937,636.6672879492729,586.6818340173036,527.6327723069357,551.5007644461072,640.0,595.6849036605479,551.7860204253556,533.5948657145752,551.5520303299279,487.05152923902875,433.93899959478654,320.0,478.043839842407,541.4220537265725,431.3121288991721,305.5973387598844,563.31577137866,640.0,628.6371365651046,585.2282589505571,448.10804783541937,512.1045540285637,523.6344883338444,491.5310493500218,332.17052750908294,378.1936275193042,417.61064496046237,420.13269032419925,219.51476969680073,314.27350189093005,354.9687322870497,356.78644105594736,320.0,371.169158002136,481.5324555866214,563.497509547709,608.8629499434435,540.3084632543749,603.9344266638582,554.4457449244297,508.6641862605283,555.1964817710904,640.0,591.7898424343749,534.2449852586509,551.0143501011349,634.9898003950898,590.6703963284513,546.746196868824,529.3646835119672,551.1709905970218,489.4241125769662,437.6016852807524
320.0,483.8309677216794,552.9432185923845,450.07869424516093,334.34859150981265,568.7791290930987,640.0,632.8789893766133,596.5396061475253,457.55045379824764,520.5611085819113,536.8272471815619,509.51583640388156,345.27599051811717,392.0129714310063,427.02058519453783,426.8365092856518,237.86823591678012,332.1533158556906,362.45156457794633,356.15548673141916,320.0,368.66251978768565,482.3454042258571,567.4163281097804,610.4536453329406,536.5987997605582,603.6339462660156,548.7797965399118,498.422355252691,552.8612690958457,635.6979497335824,585.7724193483857,528.1850316630225,552.1059395707164,640.0,597.6262996970567,556.3894659142704,535.5377382957358,553.2058629000776,489.096693852602,437.07412283632743,320.0,482.940293853789,553.2415204395312,455.26306251343703,337.62501392952055,566.344252201427,640.0,633.2399895992913,595.1705142159904,456.4983605376401,522.8460571296071,540.0568437000859,512.68668090198,344.26669938462476,393.5449870047422,430.7654764008595,432.32225087544924,235.7375104260351,330.1080480548761,362.02498646444565,356.2070731572792,320.0,370.2401171609022,483.5450954099753,567.88810493619,611.3836452681592,538.4386415790935,604.6685898565921,549.5451678797198,498.9396253669892,553.6011260820167,636.7669779827579,587.1045202669643,528.8189276745281,551.9236693521227,640.0,596.504815347758,553.7240489957717,534.5633686782652,553.5202445120285,488.67506411682837,435.31136759077447,320.0,486.14900584194766,556.5046341138934,452.39109073807396,327.93011135410416,569.8648859968305,640.0,637.6051515568802,602.6513059775518,456.546318966141,523.1485367123115,544.4181742221434,518.0296555281443,340.9559508277454,392.40784870219136,432.825444097719,435.23504328362736,229.47058370463037,327.7067963113807,361.384049125575,355.7020256597573,320.0,370.6817677869369,484.46639692709,567.2993919112585,608.7248394528924,538.864010485878,605.3962802251564,551.0304214421707,500.8949646797482,553.6436927098937,636.6672879492729,586.6818340173036,527.6327723069357,551.5007644461072,640.0,595.6849036605479,551.7860204253556,533.5948657145752,551.5520303299279,487.05152923902875,433.93899959478654,320.0,478.043839842407,541.4220537265725,431.3121288991721,305.5973387598844,563.31577137866,640.0,628.6371365651046,585.2282589505571,448.10804783541937,512.1045540285637,523.6344883338444,491.5310493500218,332.17052750908294,378.1936275193042,417.61064496046237,420.13269032419925,219.51476969680073,314.27350189093005,354.9687322870497,356.78644105594736,320.0,371.169158002136,481.5324555866214,563.497509547709,608.8629499434435,540.3084632543749,603.9344266638582,554.4457449244297,508.6641862605283,555.1964817710904,640.0,591.7898424343749,534.2449852586509,551.0143501011349,634.9898003950898,590.6703963284513,546.746196868824,529.3646835119672,551.1709905970218,489.4241125769662,437.6016852807524,320.0,482.8703405505449,549.7613850755381,443.83196985527223,312.0370182992652,567.7823538628859,640.0,639.231788186685,601.3803343465222,452.94264372315376,508.23890749067806,526.9453832068148,498.96837451713566,338.3845372394585,377.5198595219607,420.1443288120482,423.564462571472,230.10349096253708,325.007253445025,368.3094587351541,372.2084297231086,320.0,372.07062111591034,483.4233929735716,565.2285622566566,610.3007450858713,540.6391184923,604.9330513582328,556.8184639439619,511.05839563557043,555.6140422548647,640.0,592.2207510615413,534.6054792819164,552.1605606440143,638.2082102594674,598.627685642522,559.3304883916369,531.916813329424,551.191415625917,489.11860949139225,437.18979225018256
320.0,482.940293853789,553.2415204395312,455.26306251343703,337.62501392952055,566.344252201427,640.0,633.2399895992913,595.1705142159904,456.4983605376401,522.8460571296071,540.0568437000859,512.68668090198,344.26669938462476,393.5449870047422,430.7654764008595,432.32225087544924,235.7375104260351,330.1080480548761,362.02498646444565,356.2070731572792,320.0,370.2401171609022,483.5450954099753,567.88810493619,611.3836452681592,538.4386415790935,604.6685898565921,549.5451678797198,498.9396253669892,553.6011260820167,636.7669779827579,587.1045202669643,528.8189276745281,551.9236693521227,640.0,596.504815347758,553.7240489957717,534.5633686782652,553.5202445120285,488.67506411682837,435.31136759077447,320.0,486.14900584194766,556.5046341138934,452.39109073807396,327.93011135410416,569.8648859968305,640.0,637.6051515568802,602.6513059775518,456.546318966141,523.1485367123115,544.4181742221434,518.0296555281443,340.9559508277454,392.40784870219136,432.825444097719,435.23504328362736,229.47058370463037,327.7067963113807,361.384049125575,355.7020256597573,320.0,370.6817677869369,484.46639692709,567.2993919112585,608.7248394528924,538.864010485878,605.3962802251564,551.0304214421707,500.8949646797482,553.6436927098937,636.6672879492729,586.6818340173036,527.6327723069357,551.5007644461072,640.0,595.6849036605479,551.7860204253556,533.5948657145752,551.5520303299279,487.05152923902875,433.93899959478654,320.0,478.043839842407,541.4220537265725,431.3121288991721,305.5973387598844,563.31577137866,640.0,628.6371365651046,585.2282589505571,448.10804783541937,512.1045540285637,523.6344883338444,491.5310493500218,332.17052750908294,378.1936275193042,417.61064496046237,420.13269032419925,219.51476969680073,314.27350189093005,354.9687322870497,356.78644105594736,320.0,371.169158002136,481.5324555866214,563.497509547709,608.8629499434435,540.3084632543749,603.9344266638582,554.4457449244297,508.6641862605283,555.1964817710904,640.0,591.7898424343749,534.2449852586509,551.0143501011349,634.9898003950898,590.6703963284513,546.746196868824,529.3646835119672,551.1709905970218,489.4241125769662,437.6016852807524,320.0,482.8703405505449,549.7613850755381,443.83196985527223,312.0370182992652,567.7823538628859,640.0,639.231788186685,601.3803343465222,452.94264372315376,508.23890749067806,526.9453832068148,498.96837451713566,338.3845372394585,377.5198595219607,420.1443288120482,423.564462571472,230.10349096253708,325.007253445025,368.3094587351541,372.2084297231086,320.0,372.07062111591034,483.4233929735716,565.2285622566566,610.3007450858713,540.6391184923,604.9330513582328,556.8184639439619,511.05839563557043,555.6140422548647,640.0,592.2207510615413,534.6054792819164,552.1605606440143,638.2082102594674,598.627685642522,559.3304883916369,531.916813329424,551.191415625917,489.11860949139225,437.18979225018256,320.0,482.4000459229069,544.2262468547592,438.1135252528152,312.2109009500301,568.538790505439,636.7193823369018,640.0,602.5290127531739,454.7070022865781,511.29933124766796,532.8077073945448,503.0596136735455,337.6602278924256,372.1927231327076,420.5520316102676,424.5643542569578,221.21542626981622,308.0623403461439,357.183586387685,363.088506835816,320.0,376.80895348609033,485.2167095110076,564.1305694917767,604.398127495165,542.8759040373977,611.0289052126191,563.1912645512682,518.401018670539,554.6940870448743,640.0,593.5010389480134,539.0286086818115,548.3601192228276,631.3723489382671,593.4631178906194,555.1174632661559,526.1415890998763,551.2357703368896,498.53917586239226,452.2538565357788
320.0,486.14900584194766,556.5046341138934,452.39109073807396,327.93011135410416,569.8648859968305,640.0,637.6051515568802,602.6513059775518,456.546318966141,523.1485367123115,544.4181742221434,518.0296555281443,340.9559508277454,392.40784870219136,432.825444097719,435.23504328362736,229.47058370463037,327.7067963113807,361.384049125575,355.7020256597573,320.0,370.6817677869369,484.46639692709,567.2993919112585,608.7248394528924,538.864010485878,605.3962802251564,551.0304214421707,500.8949646797482,553.6436927098937,636.6672879492729,586.6818340173036,527.6327723069357,551.5007644461072,640.0,595.6849036605479,551.7860204253556,533.5948657145752,551.5520303299279,487.05152923902875,433.93899959478654,320.0,478.043839842407,541.4220537265725,431.3121288991721,305.5973387598844,563.31577137866,640.0,628.6371365651046,585.2282589505571,448.10804783541937,512.1045540285637,523.6344883338444,491.5310493500218,332.17052750908294,378.1936275193042,417.61064496046237,420.13269032419925,219.51476969680073,314.27350189093005,354.9687322870497,356.78644105594736,320.0,371.169158002136,481.5324555866214,563.497509547709,608.8629499434435,540.3084632543749,603.9344266638582,554.4457449244297,508.6641862605283,555.1964817710904,640.0,591.7898424343749,534.2449852586509,551.0143501011349,634.9898003950898,590.6703963284513,546.746196868824,529.3646835119672,551.1709905970218,489.4241125769662,437.6016852807524,320.0,482.8703405505449,549.7613850755381,443.83196985527223,312.0370182992652,567.7823538628859,640.0,639.231788186685,601.3803343465222,452.94264372315376,508.23890749067806,526.9453832068148,498.96837451713566,338.3845372394585,377.5198595219607,420.1443288120482,423.564462571472,230.10349096253708,325.007253445025,368.3094587351541,372.2084297231086,320.0,372.07062111591034,483.4233929735716,565.2285622566566,610.3007450858713,540.6391184923,604.9330513582328,556.8184639439619,511.05839563557043,555.6140422548647,640.0,592.2207510615413,534.6054792819164,552.1605606440143,638.2082102594674,598.627685642522,559.3304883916369,531.916813329424,551.191415625917,489.11860949139225,437.18979225018256,320.0,482.4000459229069,544.2262468547592,438.1135252528152,312.2109009500301,568.538790505439,636.7193823369018,640.0,602.5290127531739,454.7070022865781,511.29933124766796,532.8077073945448,503.0596136735455,337.6602278924256,372.1927231327076,420.5520316102676,424.5643542569578,221.21542626981622,308.0623403461439,357.183586387685,363.088506835816,320.0,376.80895348609033,485.2167095110076,564.1305694917767,604.398127495165,542.8759040373977,611.0289052126191,563.1912645512682,518.401018670539,554.6940870448743,640.0,593.5010389480134,539.0286086818115,548.3601192228276,631.3723489382671,593.4631178906194,555.1174632661559,526.1415890998763,551.2357703368896,498.53917586239226,452.2538565357788,320.0,483.26956167591504,547.6956563548225,436.72116162387505,307.6856103672781,568.0128063715092,640.0,621.5825371775074,574.2253898759525,459.20408174809234,524.861579188515,515.5141045438861,468.6440518816429,348.2621685983698,382.1636658804098,393.4039493854186,376.9171262592838,240.19123578091148,323.7888758788825,359.12016155034024,359.99895919948864,320.0,380.26815100610116,492.6827581042579,572.5230798854653,604.6432200942095,544.2355735115302,609.6531509526135,564.0791045467998,522.4386765036247,559.0778743327426,640.0,601.4036564101284,553.9673155302936,555.7454562311234,636.8194152739098,617.8453068225176,598.0505207906176,534.9531270615,557.2777680707748,503.9998003130806,457.91498329404965
320.0,478.043839842407,541.4220537265725,431.3121288991721,305.5973387598844,563.31577137866,640.0,628.6371365651046,585.2282589505571,448.10804783541937,512.1045540285637,523.6344883338444,491.5310493500218,332.17052750908294,378.1936275193042,417.61064496046237,420.13269032419925,219.51476969680073,314.27350189093005,354.9687322870497,356.78644105594736,320.0,371.169158002136,481.5324555866214,563.497509547709,608.8629499434435,540.3084632543749,603.9344266638582,554.4457449244297,508.6641862605283,555.1964817710904,640.0,591.7898424343749,534.2449852586509,551.0143501011349,634.9898003950898,590.6703963284513,546.746196868824,529.3646835119672,551.1709905970218,489.4241125769662,437.6016852807524,320.0,482.8703405505449,549.7613850755381,443.83196985527223,312.0370182992652,567.7823538628859,640.0,639.231788186685,601.3803343465222,452.94264372315376,508.23890749067806,526.9453832068148,498.96837451713566,338.3845372394585,377.5198595219607,420.1443288120482,423.564462571472,230.10349096253708,325.007253445025,368.3094587351541,372.2084297231086,320.0,372.07062111591034,483.4233929735716,565.2285622566566,610.3007450858713,540.6391184923,604.9330513582328,556.8184639439619,511.05839563557043,555.6140422548647,640.0,592.2207510615413,534.6054792819164,552.1605606440143,638.2082102594674,598.627685642522,559.3304883916369,531.916813329424,551.191415625917,489.11860949139225,437.18979225018256,320.0,482.4000459229069,544.2262468547592,438.1135252528152,312.2109009500301,568.538790505439,636.7193823369018,640.0,602.5290127531739,454.7070022865781,511.29933124766796,532.8077073945448,503.0596136735455,337.6602278924256,372.1927231327076,420.5520316102676,424.5643542569578,221.21542626981622,308.0623403461439,357.183586387685,363.088506835816,320.0,376.80895348609033,485.2167095110076,564.1305694917767,604.398127495165,542.8759040373977,611.0289052126191,563.1912645512682,518.401018670539,554.6940870448743,640.0,593.5010389480134,539.0286086818115,548.3601192228276,631.3723489382671,593.4631178906194,555.1174632661559,526.1415890998763,551.2357703368896,498.53917586239226,452.2538565357788,320.0,483.26956167591504,547.6956563548225,436.72116162387505,307.6856103672781,568.0128063715092,640.0,621.5825371775074,574.2253898759525,459.20408174809234,524.861579188515,515.5141045438861,468.6440518816429,348.2621685983698,382.1636658804098,393.4039493854186,376.9171262592838,240.19123578091148,323.7888758788825,359.12016155034024,359.99895919948864,320.0,380.26815100610116,492.6827581042579,572.5230798854653,604.6432200942095,544.2355735115302,609.6531509526135,564.0791045467998,522.4386765036247,559.0778743327426,640.0,601.4036564101284,553.9673155302936,555.7454562311234,636.8194152739098,617.8453068225176,598.0505207906176,534.9531270615,557.2777680707748,503.9998003130806,457.91498329404965,320.0,477.20762753391307,542.1686518795195,434.07270536959976,306.21203328594663,567.6518475858659,640.0,622.8093523951941,577.5179131645104,462.7633678401024,526.5358411947175,518.0618214772978,473.2564795167217,354.27346935629333,389.33836638106175,400.8670995704364,387.41529581084666,249.81611683776902,334.22332240612866,364.20102386109494,362.0466210271426,320.0,372.5703851983941,485.789119521515,569.9241906932048,611.9970038204565,540.2190066722718,606.4156423074016,563.52325591772,522.4046295063138,556.032111218763,640.0,606.8016619285144,560.6005824047086,553.6634349632825,636.068773865145,623.6744317238979,608.826213566241,534.2951471809378,550.8497824426183,495.60917817768257,448.7733839308579
320.0,482.8703405505449,549.7613850755381,443.83196985527223,312.0370182992652,567.7823538628859,640.0,639.231788186685,601.3803343465222,452.94264372315376,508.23890749067806,526.9453832068148,498.96837451713566,338.3845372394585,377.5198595219607,420.1443288120482,423.564462571472,230.10349096253708,325.007253445025,368.3094587351541,372.2084297231086,320.0,372.07062111591034,483.4233929735716,565.2285622566566,610.3007450858713,540.6391184923,604.9330513582328,556.8184639439619,511.05839563557043,555.6140422548647,640.0,592.2207510615413,534.6054792819164,552.1605606440143,638.2082102594674,598.627685642522,559.3304883916369,531.916813329424,551.191415625917,489.11860949139225,437.18979225018256,320.0,482.4000459229069,544.2262468547592,438.1135252528152,312.2109009500301,568.538790505439,636.7193823369018,640.0,602.5290127531739,454.7070022865781,511.29933124766796,532.8077073945448,503.0596136735455,337.6602278924256,372.1927231327076,420.5520316102676,424.5643542569578,221.21542626981622,308.0623403461439,357.183586387685,363.088506835816,320.0,376.80895348609033,485.2167095110076,564.1305694917767,604.398127495165,542.8759040373977,611.0289052126191,563.1912645512682,518.401018670539,554.6940870448743,640.0,593.5010389480134,539.0286086818115,548.3601192228276,631.3723489382671,593.4631178906194,555.1174632661559,526.1415890998763,551.2357703368896,498.53917586239226,452.2538565357788,320.0,483.26956167591504,547.6956563548225,436.72116162387505,307.6856103672781,568.0128063715092,640.0,621.5825371775074,574.2253898759525,459.20408174809234,524.861579188515,515.5141045438861,468.6440518816429,348.2621685983698,382.1636658804098,393.4039493854186,376.9171262592838,240.19123578091148,323.7888758788825,359.12016155034024,359.99895919948864,320.0,380.26815100610116,492.6827581042579,572.5230798854653,604.6432200942095,544.2355735115302,609.6531509526135,564.0791045467998,522.4386765036247,559.0778743327426,640.0,601.4036564101284,553.9673155302936,555.7454562311234,636.8194152739098,617.8453068225176,598.0505207906176,534.9531270615,557.2777680707748,503.9998003130806,457.91498329404965,320.0,477.20762753391307,542.1686518795195,434.07270536959976,306.21203328594663,567.6518475858659,640.0,622.8093523951941,577.5179131645104,462.7633678401024,526.5358411947175,518.0618214772978,473.2564795167217,354.27346935629333,389.33836638106175,400.8670995704364,387.41529581084666,249.81611683776902,334.22332240612866,364.20102386109494,362.0466210271426,320.0,372.5703851983941,485.789119521515,569.9241906932048,611.9970038204565,540.2190066722718,606.4156423074016,563.52325591772,522.4046295063138,556.032111218763,640.0,606.8016619285144,560.6005824047086,553.6634349632825,636.068773865145,623.6744317238979,608.826213566241,534.2951471809378,550.8497824426183,495.60917817768257,448.7733839308579,320.0,479.99879751061576,548.5991518981122,437.1337509286051,300.8602539680704,572.6768743369687,640.0,613.7972013215821,563.951611364681,461.09455439963693,521.6330499582308,518.7931400293107,480.82500021679493,347.2674642794169,389.96693732313145,415.1337451474061,412.84716533361853,238.10029802080652,322.62364683811774,360.7098156086591,367.474280891114,320.0,370.0432353766755,478.4748406187714,561.1339340827107,604.9025941899139,535.8051520306087,601.3543719023229,559.6005534953924,520.8086669103411,554.120491378616,640.0,600.4374022694029,550.123261996869,552.4088290906839,639.2650457158743,605.5761227813794,569.4454298373687,532.3336490330322,553.2330319265063,497.1962142063967,449.74937213455405
320.0,482.4000459229069,544.2262468547592,438.1135252528152,312.2109009500301,568.538790505439,636.7193823369018,640.0,602.5290127531739,454.7070022865781,511.29933124766796,532.8077073945448,503.0596136735455,337.6602278924256,372.1927231327076,420.5520316102676,424.5643542569578,221.21542626981622,308.0623403461439,357.183586387685,363.088506835816,320.0,376.80895348609033,485.2167095110076,564.1305694917767,604.398127495165,542.8759040373977,611.0289052126191,563.1912645512682,518.401018670539,554.6940870448743,640.0,593.5010389480134,539.0286086818115,548.3601192228276,631.3723489382671,593.4631178906194,555.1174632661559,526.1415890998763,551.2357703368896,498.53917586239226,452.2538565357788,320.0,483.26956167591504,547.6956563548225,436.72116162387505,307.6856103672781,568.0128063715092,640.0,621.5825371775074,574.2253898759525,459.20408174809234,524.861579188515,515.5141045438861,468.6440518816429,348.2621685983698,382.1636658804098,393.4039493854186,376.9171262592838,240.19123578091148,323.7888758788825,359.12016155034024,359.99895919948864,320.0,380.26815100610116,492.6827581042579,572.5230798854653,604.6432200942095,544.2355735115302,609.6531509526135,564.0791045467998,522.4386765036247,559.0778743327426,640.0,601.4036564101284,553.9673155302936,555.7454562311234,636.8194152739098,617.8453068225176,598.0505207906176,534.9531270615,557.2777680707748,503.9998003130806,457.91498329404965,320.0,477.20762753391307,542.1686518795195,434.07270536959976,306.21203328594663,567.6518475858659,640.0,622.8093523951941,577.5179131645104,462.7633678401024,526.5358411947175,518.0618214772978,473.2564795167217,354.27346935629333,389.33836638106175,400.8670995704364,387.41529581084666,249.81611683776902,334.22332240612866,364.20102386109494,362.0466210271426,320.0,372.5703851983941,485.789119521515,569.9241906932048,611.9970038204565,540.2190066722718,606.4156423074016,563.52325591772,522.4046295063138,556.032111218763,640.0,606.8016619285144,560.6005824047086,553.6634349632825,636.068773865145,623.6744317238979,608.826213566241,534.2951471809378,550.8497824426183,495.60917817768257,448.7733839308579,320.0,479.99879751061576,548.5991518981122,437.1337509286051,300.8602539680704,572.6768743369687,640.0,613.7972013215821,563.951611364681,461.09455439963693,521.6330499582308,518.7931400293107,480.82500021679493,347.2674642794169,389.96693732313145,415.1337451474061,412.84716533361853,238.10029802080652,322.62364683811774,360.7098156086591,367.474280891114,320.0,370.0432353766755,478.4748406187714,561.1339340827107,604.9025941899139,535.8051520306087,601.3543719023229,559.6005534953924,520.8086669103411,554.120491378616,640.0,600.4374022694029,550.123261996869,552.4088290906839,639.2650457158743,605.5761227813794,569.4454298373687,532.3336490330322,553.2330319265063,497.1962142063967,449.74937213455405,320.0,478.9856055566898,548.1112479501584,457.1964972130935,331.56490451634716,567.2596992907054,640.0,629.6024569560702,586.0205522004378,462.8128985803132,524.5638090722093,532.0261765048087,495.19519321746657,352.9175914278752,393.248376042483,427.4127102253893,425.6252263881297,242.06514270410057,330.51327814402345,365.5982244584796,363.231187009218,320.0,379.498517691949,491.50764076955517,575.4587178817721,615.2246351113536,541.184325777202,609.3282745473343,562.8729921676788,521.546227890077,555.9329457411195,640.0,598.0562937000128,546.954911873253,553.9882316908322,638.1523915033092,609.9505309838592,580.4102696082281,535.8396881668084,564.4078094321587,507.06882380965993,455.25183985040104
320.0,483.26956167591504,547.6956563548225,436.72116162387505,307.6856103672781,568.0128063715092,640.0,621.5825371775074,574.2253898759525,459.20408174809234,524.861579188515,515.5141045438861,468.6440518816429,348.2621685983698,382.1636658804098,393.4039493854186,376.9171262592838,240.19123578091148,323.7888758788825,359.12016155034024,359.99895919948864,320.0,380.26815100610116,492.6827581042579,572.5230798854653,604.6432200942095,544.2355735115302,609.6531509526135,564.0791045467998,522.4386765036247,559.0778743327426,640.0,601.4036564101284,553.9673155302936,555.7454562311234,636.8194152739098,617.8453068225176,598.0505207906176,534.9531270615,557.2777680707748,503.9998003130806,457.91498329404965,320.0,477.20762753391307,542.1686518795195,434.07270536959976,306.21203328594663,567.6518475858659,640.0,622.8093523951941,577.5179131645104,462.7633678401024,526.5358411947175,518.0618214772978,473.2564795167217,354.27346935629333,389.33836638106175,400.8670995704364,387.41529581084666,249.81611683776902,334.22332240612866,364.20102386109494,362.0466210271426,320.0,372.5703851983941,485.789119521515,569.9241906932048,611.9970038204565,540.2190066722718,606.4156423074016,563.52325591772,522.4046295063138,556.032111218763,640.0,606.8016619285144,560.6005824047086,553.6634349632825,636.068773865145,623.6744317238979,608.826213566241,534.2951471809378,550.8497824426183,495.60917817768257,448.7733839308579,320.0,479.99879751061576,548.5991518981122,437.1337509286051,300.8602539680704,572.6768743369687,640.0,613.7972013215821,563.951611364681,461.09455439963693,521.6330499582308,518.7931400293107,480.82500021679493,347.2674642794169,389.96693732313145,415.1337451474061,412.84716533361853,238.10029802080652,322.62364683811774,360.7098156086591,367.474280891114,320.0,370.0432353766755,478.4748406187714,561.1339340827107,604.9025941899139,535.8051520306087,601.3543719023229,559.6005534953924,520.8086669103411,554.120491378616,640.0,600.4374022694029,550.123261996869,552.4088290906839,639.2650457158743,605.5761227813794,569.4454298373687,532.3336490330322,553.2330319265063,497.1962142063967,449.74937213455405,320.0,478.9856055566898,548.1112479501584,457.1964972130935,331.56490451634716,567.2596992907054,640.0,629.6024569560702,586.0205522004378,462.8128985803132,524.5638090722093,532.0261765048087,495.19519321746657,352.9175914278752,393.248376042483,427.4127102253893,425.6252263881297,242.06514270410057,330.51327814402345,365.5982244584796,363.231187009218,320.0,379.498517691949,491.50764076955517,575.4587178817721,615.2246351113536,541.184325777202,609.3282745473343,562.8729921676788,521.546227890077,555.9329457411195,640.0,598.0562937000128,546.954911873253,553.9882316908322,638.1523915033092,609.9505309838592,580.4102696082281,535.8396881668084,564.4078094321587,507.06882380965993,455.25183985040104,320.0,482.3915249694701,547.5696860887986,452.76632774469044,335.0406448451302,560.9275255705361,640.0,633.1239844395676,587.4079813938675,456.11812292472433,520.3214805959973,532.7461426926186,497.10849129071073,346.2039654656187,383.18818411907387,422.1056822042974,423.89685886948007,236.80510995807117,327.8384388432171,366.5564189026284,366.91221408714785,320.0,379.400733197556,492.26261145055446,577.5751618013126,622.8634532699706,545.1967956551256,610.4345779588142,559.5123602625029,513.6821181262729,557.1210862186015,640.0,597.2146458474767,543.7563249603983,552.5105951572755,633.6693369540619,601.4314550803349,566.8064630006788,532.5078796107716,558.7932111337407,502.1196107716678,450.3005385833899
320.0,477.20762753391307,542.1686518795195,434.07270536959976,306.21203328594663,567.6518475858659,640.0,622.8093523951941,577.5179131645104,462.7633678401024,526.5358411947175,518.0618214772978,473.2564795167217,354.27346935629333,389.33836638106175,400.8670995704364,387.41529581084666,249.81611683776902,334.22332240612866,364.20102386109494,362.0466210271426,320.0,372.5703851983941,485.789119521515,569.9241906932048,611.9970038204565,540.2190066722718,606.4156423074016,563.52325591772,522.4046295063138,556.032111218763,640.0,606.8016619285144,560.6005824047086,553.6634349632825,636.068773865145,623.6744317238979,608.826213566241,534.2951471809378,550.8497824426183,495.60917817768257,448.7733839308579,320.0,479.99879751061576,548.5991518981122,437.1337509286051,300.8602539680704,572.6768743369687,640.0,613.7972013215821,563.951611364681,461.09455439963693,521.6330499582308,518.7931400293107,480.82500021679493,347.2674642794169,389.96693732313145,415.1337451474061,412.84716533361853,238.10029802080652,322.62364683811774,360.7098156086591,367.474280891114,320.0,370.0432353766755,478.4748406187714,561.1339340827107,604.9025941899139,535.8051520306087,601.3543719023229,559.6005534953924,520.8086669103411,554.120491378616,640.0,600.4374022694029,550.123261996869,552.4088290906839,639.2650457158743,605.5761227813794,569.4454298373687,532.3336490330322,553.2330319265063,497.1962142063967,449.74937213455405,320.0,478.9856055566898,548.1112479501584,457.1964972130935,331.56490451634716,567.2596992907054,640.0,629.6024569560702,586.0205522004378,462.8128985803132,524.5638090722093,532.0261765048087,495.19519321746657,352.9175914278752,393.248376042483,427.4127102253893,425.6252263881297,242.06514270410057,330.51327814402345,365.5982244584796,363.231187009218,320.0,379.498517691949,491.50764076955517,575.4587178817721,615.2246351113536,541.184325777202,609.3282745473343,562.8729921676788,521.546227890077,555.9329457411195,640.0,598.0562937000128,546.954911873253,553.9882316908322,638.1523915033092,609.9505309838592,580.4102696082281,535.8396881668084,564.4078094321587,507.06882380965993,455.25183985040104,320.0,482.3915249694701,547.5696860887986,452.76632774469044,335.0406448451302,560.9275255705361,640.0,633.1239844395676,587.4079813938675,456.11812292472433,520.3214805959973,532.7461426926186,497.10849129071073,346.2039654656187,383.18818411907387,422.1056822042974,423.89685886948007,236.80510995807117,327.8384388432171,366.5564189026284,366.91221408714785,320.0,379.400733197556,492.26261145055446,577.5751618013126,622.8634532699706,545.1967956551256,610.4345779588142,559.5123602625029,513.6821181262729,557.1210862186015,640.0,597.2146458474767,543.7563249603983,552.5105951572755,633.6693369540619,601.4314550803349,566.8064630006788,532.5078796107716,558.7932111337407,502.1196107716678,450.3005385833899,320.0,474.75857046199906,535.8887407810354,433.5309786432472,311.6427009177942,567.2846285777225,640.0,636.6931537456926,596.9579496078638,461.3013660139681,525.4209872075276,541.636024825174,510.2264701452781,347.8453754009589,391.2681204214255,434.14401028612787,436.8826019228046,230.06975055690302,315.3899445007654,356.8257764610415,359.049702048459,320.0,376.3982790189885,490.5738604232588,577.3630790630375,626.9141174872377,538.8297852655105,607.6754164460831,555.8200723649679,508.4015122897234,551.7063987980393,640.0,586.6734545493933,526.9192174257225,547.9521941695517,637.3091099794965,590.037103180782,543.9976025775902,529.0842631694628,560.9551778592263,503.64522842082886,455.0782163574434
320.0,479.99879751061576,548.5991518981122,437.1337509286051,300.8602539680704,572.6768743369687,640.0,613.7972013215821,563.951611364681,461.09455439963693,521.6330499582308,518.7931400293107,480.82500021679493,347.2674642794169,389.96693732313145,415.1337451474061,412.84716533361853,238.10029802080652,322.62364683811774,360.7098156086591,367.474280891114,320.0,370.0432353766755,478.4748406187714,561.1339340827107,604.9025941899139,535.8051520306087,601.3543719023229,559.6005534953924,520.8086669103411,554.120491378616,640.0,600.4374022694029,550.123261996869,552.4088290906839,639.2650457158743,605.5761227813794,569.4454298373687,532.3336490330322,553.2330319265063,497.1962142063967,449.74937213455405,320.0,478.9856055566898,548.1112479501584,457.1964972130935,331.56490451634716,567.2596992907054,640.0,629.6024569560702,586.0205522004378,462.8128985803132,524.5638090722093,532.0261765048087,495.19519321746657,352.9175914278752,393.248376042483,427.4127102253893,425.6252263881297,242.06514270410057,330.51327814402345,365.5982244584796,363.231187009218,320.0,379.498517691949,491.50764076955517,575.4587178817721,615.2246351113536,541.184325777202,609.3282745473343,562.8729921676788,521.546227890077,555.9329457411195,640.0,598.0562937000128,546.954911873253,553.9882316908322,638.1523915033092,609.9505309838592,580.4102696082281,535.8396881668084,564.4078094321587,507.06882380965993,455.25183985040104,320.0,482.3915249694701,547.5696860887986,452.76632774469044,335.0406448451302,560.9275255705361,640.0,633.1239844395676,587.4079813938675,456.11812292472433,520.3214805959973,532.7461426926186,497.10849129071073,346.2039654656187,383.18818411907387,422.1056822042974,423.89685886948007,236.80510995807117,327.8384388432171,366.5564189026284,366.91221408714785,320.0,379.400733197556,492.26261145055446,577.5751618013126,622.8634532699706,545.1967956551256,610.4345779588142,559.5123602625029,513.6821181262729,557.1210862186015,640.0,597.2146458474767,543.7563249603983,552.5105951572755,633.6693369540619,601.4314550803349,566.8064630006788,532.5078796107716,558.7932111337407,502.1196107716678,450.3005385833899,320.0,474.75857046199906,535.8887407810354,433.5309786432472,311.6427009177942,567.2846285777225,640.0,636.6931537456926,596.9579496078638,461.3013660139681,525.4209872075276,541.636024825174,510.2264701452781,347.8453754009589,391.2681204214255,434.14401028612787,436.8826019228046,230.06975055690302,315.3899445007654,356.8257764610415,359.049702048459,320.0,376.3982790189885,490.5738604232588,577.3630790630375,626.9141174872377,538.8297852655105,607.6754164460831,555.8200723649679,508.4015122897234,551.7063987980393,640.0,586.6734545493933,526.9192174257225,547.9521941695517,637.3091099794965,590.037103180782,543.9976025775902,529.0842631694628,560.9551778592263,503.64522842082886,455.0782163574434,320.0,462.5204097148738,528.5025852392001,426.8775199141004,312.2388955114975,585.7489928128118,640.0,602.8875588315124,557.4719614552071,477.9899745757566,534.1253754084927,517.5438073881326,480.02084175575186,367.38352411462756,413.9543027898164,419.2622246809774,411.1528718911869,262.16205191652296,341.3529184945153,358.8682968144186,353.69954138795924,320.0,362.89712749417436,475.3527698046916,560.7619814479518,602.5914871456755,525.7201283802972,591.9077846905365,543.645731745303,499.6985763283918,545.7980016676048,630.3676379138224,583.1873244298341,527.150978537292,547.0347516694338,640.0,602.5675438699561,567.1030121749341,531.9459476116693,545.8288618896432,478.285909759124,426.9816064652165
320.0,478.9856055566898,548.1112479501584,457.1964972130935,331.56490451634716,567.2596992907054,640.0,629.6024569560702,586.0205522004378,462.8128985803132,524.5638090722093,532.0261765048087,495.19519321746657,352.9175914278752,393.248376042483,427.4127102253893,425.6252263881297,242.06514270410057,330.51327814402345,365.5982244584796,363.231187009218,320.0,379.498517691949,491.50764076955517,575.4587178817721,615.2246351113536,541.184325777202,609.3282745473343,562.8729921676788,521.546227890077,555.9329457411195,640.0,598.0562937000128,546.954911873253,553.9882316908322,638.1523915033092,609.9505309838592,580.4102696082281,535.8396881668084,564.4078094321587,507.06882380965993,455.25183985040104,320.0,482.3915249694701,547.5696860887986,452.76632774469044,335.0406448451302,560.9275255705361,640.0,633.1239844395676,587.4079813938675,456.11812292472433,520.3214805959973,532.7461426926186,497.10849129071073,346.2039654656187,383.18818411907387,422.1056822042974,423.89685886948007,236.80510995807117,327.8384388432171,366.5564189026284,366.91221408714785,320.0,379.400733197556,492.26261145055446,577.5751618013126,622.8634532699706,545.1967956551256,610.4345779588142,559.5123602625029,513.6821181262729,557.1210862186015,640.0,597.2146458474767,543.7563249603983,552.5105951572755,633.6693369540619,601.4314550803349,566.8064630006788,532.5078796107716,558.7932111337407,502.1196107716678,450.3005385833899,320.0,474.75857046199906,535.8887407810354,433.5309786432472,311.6427009177942,567.2846285777225,640.0,636.6931537456926,596.9579496078638,461.3013660139681,525.4209872075276,541.636024825174,510.2264701452781,347.8453754009589,391.2681204214255,434.14401028612787,436.8826019228046,230.06975055690302,315.3899445007654,356.8257764610415,359.049702048459,320.0,376.3982790189885,490.5738604232588,577.3630790630375,626.9141174872377,538.8297852655105,607.6754164460831,555.8200723649679,508.4015122897234,551.7063987980393,640.0,586.6734545493933,526.9192174257225,547.9521941695517,637.3091099794965,590.037103180782,543.9976025775902,529.0842631694628,560.9551778592263,503.64522842082886,455.0782163574434,320.0,462.5204097148738,528.5025852392001,426.8775199141004,312.2388955114975,585.7489928128118,640.0,602.8875588315124,557.4719614552071,477.9899745757566,534.1253754084927,517.5438073881326,480.02084175575186,367.38352411462756,413.9543027898164,419.2622246809774,411.1528718911869,262.16205191652296,341.3529184945153,358.8682968144186,353.69954138795924,320.0,362.89712749417436,475.3527698046916,560.7619814479518,602.5914871456755,525.7201283802972,591.9077846905365,543.645731745303,499.6985763283918,545.7980016676048,630.3676379138224,583.1873244298341,527.150978537292,547.0347516694338,640.0,602.5675438699561,567.1030121749341,531.9459476116693,545.8288618896432,478.285909759124,426.9816064652165,320.0,459.1171430078731,523.0937759370777,416.1421246087076,305.6753838752795,580.7696570729839,640.0,602.2576677118542,555.9651269868879,474.09597025629296,532.0697063289473,516.3179939921306,478.22766283849114,366.5618136223295,408.4604090177588,413.9790826690569,405.2303042744043,265.58982579685755,343.2908520236993,361.0215780816709,356.252890457976,320.0,362.2373691881604,474.9721679479074,561.4228652616737,602.0154383196564,527.4774610286645,589.934738673926,538.8530841936819,494.293335024831,547.6845094691105,631.0946817640076,580.9992515339968,526.3133862237723,547.6436354702286,640.0,599.2151175578219,562.8316627078307,529.9431085462522,544.4070820893747,480.17971004355354,433.55505928152695
320.0,482.3915249694701,547.5696860887986,452.76632774469044,335.0406448451302,560.9275255705361,640.0,633.1239844395676,587.4079813938675,456.11812292472433,520.3214805959973,532.7461426926186,497.10849129071073,346.2039654656187,383.18818411907387,422.1056822042974,423.89685886948007,236.80510995807117,327.8384388432171,366.5564189026284,366.91221408714785,320.0,379.400733197556,492.26261145055446,577.5751618013126,622.8634532699706,545.1967956551256,610.4345779588142,559.5123602625029,513.6821181262729,557.1210862186015,640.0,597.2146458474767,543.7563249603983,552.5105951572755,633.6693369540619,601.4314550803349,566.8064630006788,532.5078796107716,558.7932111337407,502.1196107716678,450.3005385833899,320.0,474.75857046199906,535.8887407810354,433.5309786432472,311.6427009177942,567.2846285777225,640.0,636.6931537456926,596.9579496078638,461.3013660139681,525.4209872075276,541.636024825174,510.2264701452781,347.8453754009589,391.2681204214255,434.14401028612787,436.8826019228046,230.06975055690302,315.3899445007654,356.8257764610415,359.049702048459,320.0,376.3982790189885,490.5738604232588,577.3630790630375,626.9141174872377,538.8297852655105,607.6754164460831,555.8200723649679,508.4015122897234,551.7063987980393,640.0,586.6734545493933,526.9192174257225,547.9521941695517,637.3091099794965,590.037103180782,543.9976025775902,529.0842631694628,560.9551778592263,503.64522842082886,455.0782163574434,320.0,462.5204097148738,528.5025852392001,426.8775199141004,312.2388955114975,585.7489928128118,640.0,602.8875588315124,557.4719614552071,477.9899745757566,534.1253754084927,517.5438073881326,480.02084175575186,367.38352411462756,413.9543027898164,419.2622246809774,411.1528718911869,262.16205191652296,341.3529184945153,358.8682968144186,353.69954138795924,320.0,362.89712749417436,475.3527698046916,560.7619814479518,602.5914871456755,525.7201283802972,591.9077846905365,543.645731745303,499.6985763283918,545.7980016676048,630.3676379138224,583.1873244298341,527.150978537292,547.0347516694338,640.0,602.5675438699561,567.1030121749341,531.9459476116693,545.8288618896432,478.285909759124,426.9816064652165,320.0,459.1171430078731,523.0937759370777,416.1421246087076,305.6753838752795,580.7696570729839,640.0,602.2576677118542,555.9651269868879,474.09597025629296,532.0697063289473,516.3179939921306,478.22766283849114,366.5618136223295,408.4604090177588,413.9790826690569,405.2303042744043,265.58982579685755,343.2908520236993,361.0215780816709,356.252890457976,320.0,362.2373691881604,474.9721679479074,561.4228652616737,602.0154383196564,527.4774610286645,589.934738673926,538.8530841936819,494.293335024831,547.6845094691105,631.0946817640076,580.9992515339968,526.3133862237723,547.6436354702286,640.0,599.2151175578219,562.8316627078307,529.9431085462522,544.4070820893747,480.17971004355354,433.55505928152695,320.0,480.2855395882192,543.6620128552919,421.7907946308756,284.0175734451882,585.0619243176766,640.0,622.4119449494838,584.1542635022753,466.6641546333722,517.1301329566825,523.1284985939163,490.6313564170699,346.67742371721596,388.649154095905,418.99235871835447,416.77406379562836,233.72136542109115,316.9224972230859,350.4841250668944,349.74789896540443,320.0,368.6892155143464,483.2427301232951,568.8032405850715,612.3902082711207,527.8162832350581,602.3003690916203,551.2318067931108,505.8692897997382,542.7205181337963,637.0275809978685,584.5639393010894,528.1599758854663,540.130333518791,640.0,592.2827005250404,548.5430189917089,522.1278827106448,546.8307833093348,485.3580971487894,438.04254511257955
320.0,474.75857046199906,535.8887407810354,433.5309786432472,311.6427009177942,567.2846285777225,640.0,636.6931537456926,596.9579496078638,461.3013660139681,525.4209872075276,541.636024825174,510.2264701452781,347.8453754009589,391.2681204214255,434.14401028612787,436.8826019228046,230.06975055690302,315.3899445007654,356.8257764610415,359.049702048459,320.0,376.3982790189885,490.5738604232588,577.3630790630375,626.9141174872377,538.8297852655105,607.6754164460831,555.8200723649679,508.4015122897234,551.7063987980393,640.0,586.6734545493933,526.9192174257225,547.9521941695517,637.3091099794965,590.037103180782,543.9976025775902,529.0842631694628,560.9551778592263,503.64522842082886,455.0782163574434,320.0,462.5204097148738,528.5025852392001,426.8775199141004,312.2388955114975,585.7489928128118,640.0,602.8875588315124,557.4719614552071,477.9899745757566,534.1253754084927,517.5438073881326,480.02084175575186,367.38352411462756,413.9543027898164,419.2622246809774,411.1528718911869,262.16205191652296,341.3529184945153,358.8682968144186,353.69954138795924,320.0,362.89712749417436,475.3527698046916,560.7619814479518,602.5914871456755,525.7201283802972,591.9077846905365,543.645731745303,499.6985763283918,545.7980016676048,630.3676379138224,583.1873244298341,527.150978537292,547.0347516694338,640.0,602.5675438699561,567.1030121749341,531.9459476116693,545.8288618896432,478.285909759124,426.9816064652165,320.0,459.1171430078731,523.0937759370777,416.1421246087076,305.6753838752795,580.7696570729839,640.0,602.2576677118542,555.9651269868879,474.09597025629296,532.0697063289473,516.3179939921306,478.22766283849114,366.5618136223295,408.4604090177588,413.9790826690569,405.2303042744043,265.58982579685755,343.2908520236993,361.0215780816709,356.252890457976,320.0,362.2373691881604,474.9721679479074,561.4228652616737,602.0154383196564,527.4774610286645,589.934738673926,538.8530841936819,494.293335024831,547.6845094691105,631.0946817640076,580.9992515339968,526.3133862237723,547.6436354702286,640.0,599.2151175578219,562.8316627078307,529.9431085462522,544.4070820893747,480.17971004355354,433.55505928152695,320.0,480.2855395882192,543.6620128552919,421.7907946308756,284.0175734451882,585.0619243176766,640.0,622.4119449494838,584.1542635022753,466.6641546333722,517.1301329566825,523.1284985939163,490.6313564170699,346.67742371721596,388.649154095905,418.99235871835447,416.77406379562836,233.72136542109115,316.9224972230859,350.4841250668944,349.74789896540443,320.0,368.6892155143464,483.2427301232951,568.8032405850715,612.3902082711207,527.8162832350581,602.3003690916203,551.2318067931108,505.8692897997382,542.7205181337963,637.0275809978685,584.5639393010894,528.1599758854663,540.130333518791,640.0,592.2827005250404,548.5430189917089,522.1278827106448,546.8307833093348,485.3580971487894,438.04254511257955,320.0,483.6661689331913,548.5485223328668,426.5008000481031,299.77086444167554,589.0041210550169,640.0,617.5119784515923,581.1036321181733,474.0243477408802,526.602996867731,523.0994876797047,488.4764790311679,358.7222836501791,390.70461021455986,407.9998129323851,402.2548773983349,249.57599120782209,330.2356272499613,364.0433774167076,368.1383765871518,320.0,369.94233858300515,486.4250529204801,570.1836009440547,606.9295933578927,538.7834361466355,607.2139191829655,549.6369672191922,502.3388128419997,552.9664187412478,637.136056435547,584.4940545745317,528.4732393146045,548.8766670213668,640.0,599.9270665893619,563.8459744136371,529.0512965945808,547.6521671678324,485.50181609761614,438.47833439909107
320.0,462.5204097148738,528.5025852392001,426.8775199141004,312.2388955114975,585.7489928128118,640.0,602.8875588315124,557.4719614552071,477.9899745757566,534.1253754084927,517.5438073881326,480.02084175575186,367.38352411462756,413.9543027898164,419.2622246809774,411.1528718911869,262.16205191652296,341.3529184945153,358.8682968144186,353.69954138795924,320.0,362.89712749417436,475.3527698046916,560.7619814479518,602.5914871456755,525.7201283802972,591.9077846905365,543.645731745303,499.6985763283918,545.7980016676048,630.3676379138224,583.1873244298341,527.150978537292,547.0347516694338,640.0,602.5675438699561,567.1030121749341,531.9459476116693,545.8288618896432,478.285909759124,426.9816064652165,320.0,459.1171430078731,523.0937759370777,416.1421246087076,305.6753838752795,580.7696570729839,640.0,602.2576677118542,555.9651269868879,474.09597025629296,532.0697063289473,516.3179939921306,478.22766283849114,366.5618136223295,408.4604090177588,413.9790826690569,405.2303042744043,265.58982579685755,343.2908520236993,361.0215780816709,356.252890457976,320.0,362.2373691881604,474.9721679479074,561.4228652616737,602.0154383196564,527.4774610286645,589.934738673926,538.8530841936819,494.293335024831,547.6845094691105,631.0946817640076,580.9992515339968,526.3133862237723,547.6436354702286,640.0,599.2151175578219,562.8316627078307,529.9431085462522,544.4070820893747,480.17971004355354,433.55505928152695,320.0,480.2855395882192,543.6620128552919,421.7907946308756,284.0175734451882,585.0619243176766,640.0,622.4119449494838,584.1542635022753,466.6641546333722,517.1301329566825,523.1284985939163,490.6313564170699,346.67742371721596,388.649154095905,418.99235871835447,416.77406379562836,233.72136542109115,316.9224972230859,350.4841250668944,349.74789896540443,320.0,368.6892155143464,483.2427301232951,568.8032405850715,612.3902082711207,527.8162832350581,602.3003690916203,551.2318067931108,505.8692897997382,542.7205181337963,637.0275809978685,584.5639393010894,528.1599758854663,540.130333518791,640.0,592.2827005250404,548.5430189917089,522.1278827106448,546.8307833093348,485.3580971487894,438.04254511257955,320.0,483.6661689331913,548.5485223328668,426.5008000481031,299.77086444167554,589.0041210550169,640.0,617.5119784515923,581.1036321181733,474.0243477408802,526.602996867731,523.0994876797047,488.4764790311679,358.7222836501791,390.70461021455986,407.9998129323851,402.2548773983349,249.57599120782209,330.2356272499613,364.0433774167076,368.1383765871518,320.0,369.94233858300515,486.4250529204801,570.1836009440547,606.9295933578927,538.7834361466355,607.2139191829655,549.6369672191922,502.3388128419997,552.9664187412478,637.136056435547,584.4940545745317,528.4732393146045,548.8766670213668,640.0,599.9270665893619,563.8459744136371,529.0512965945808,547.6521671678324,485.50181609761614,438.47833439909107,320.0,477.59373272245523,542.5501300947626,418.76669369516287,292.97092798278965,596.21842737337,640.0,611.0222396982506,574.3090033303577,478.93419460858206,524.6837296597307,516.4011225822802,483.0059475950226,361.89707086485316,389.99185735772676,404.2272643847191,398.85941640040664,250.6623724125234,324.3974132194917,357.56275317906824,362.97114958994155,320.0,370.19660871374504,483.667462116322,567.8859982671354,605.6636547828351,535.5400428824114,608.347190483352,552.3933185778087,504.89831065658535,550.7707255006608,639.3970731179274,587.2509251039564,531.5195838995311,546.7754653691032,640.0,597.9229225698747,559.2078687849673,527.2400381354447,551.3300690173469,492.0602412257644,446.37912470370276
320.0,459.1171430078731,523.0937759370777,416.1421246087076,305.6753838752795,580.7696570729839,640.0,602.2576677118542,555.9651269868879,474.09597025629296,532.0697063289473,516.3179939921306,478.22766283849114,366.5618136223295,408.4604090177588,413.9790826690569,405.2303042744043,265.58982579685755,343.2908520236993,361.0215780816709,356.252890457976,320.0,362.2373691881604,474.9721679479074,561.4228652616737,602.0154383196564,527.4774610286645,589.934738673926,538.8530841936819,494.293335024831,547.6845094691105,631.0946817640076,580.9992515339968,526.3133862237723,547.6436354702286,640.0,599.2151175578219,562.8316627078307,529.9431085462522,544.4070820893747,480.17971004355354,433.55505928152695,320.0,480.2855395882192,543.6620128552919,421.7907946308756,284.0175734451882,585.0619243176766,640.0,622.4119449494838,584.1542635022753,466.6641546333722,517.1301329566825,523.1284985939163,490.6313564170699,346.67742371721596,388.649154095905,418.99235871835447,416.77406379562836,233.72136542109115,316.9224972230859,350.4841250668944,349.74789896540443,320.0,368.6892155143464,483.2427301232951,568.8032405850715,612.3902082711207,527.8162832350581,602.3003690916203,551.2318067931108,505.8692897997382,542.7205181337963,637.0275809978685,584.5639393010894,528.1599758854663,540.130333518791,640.0,592.2827005250404,548.5430189917089,522.1278827106448,546.8307833093348,485.3580971487894,438.04254511257955,320.0,483.6661689331913,548.5485223328668,426.5008000481031,299.77086444167554,589.0041210550169,640.0,617.5119784515923,581.1036321181733,474.0243477408802,526.602996867731,523.0994876797047,488.4764790311679,358.7222836501791,390.70461021455986,407.9998129323851,402.2548773983349,249.57599120782209,330.2356272499613,364.0433774167076,368.1383765871518,320.0,369.94233858300515,486.4250529204801,570.1836009440547,606.9295933578927,538.7834361466355,607.2139191829655,549.6369672191922,502.3388128419997,552.9664187412478,637.136056435547,584.4940545745317,528.4732393146045,548.8766670213668,640.0,599.9270665893619,563.8459744136371,529.0512965945808,547.6521671678324,485.50181609761614,438.47833439909107,320.0,477.59373272245523,542.5501300947626,418.76669369516287,292.97092798278965,596.21842737337,640.0,611.0222396982506,574.3090033303577,478.93419460858206,524.6837296597307,516.4011225822802,483.0059475950226,361.89707086485316,389.99185735772676,404.2272643847191,398.85941640040664,250.6623724125234,324.3974132194917,357.56275317906824,362.97114958994155,320.0,370.19660871374504,483.667462116322,567.8859982671354,605.6636547828351,535.5400428824114,608.347190483352,552.3933185778087,504.89831065658535,550.7707255006608,639.3970731179274,587.2509251039564,531.5195838995311,546.7754653691032,640.0,597.9229225698747,559.2078687849673,527.2400381354447,551.3300690173469,492.0602412257644,446.37912470370276,320.0,482.06628444395744,545.2690140359815,426.8024609705279,307.2874481579151,587.9867451445083,640.0,616.1366513020744,571.8667443085963,474.275764026521,530.9153633309065,528.9386344471486,488.89220743498663,358.63378067811675,397.10435515873576,417.36578103281465,407.1786779145799,247.16900844440704,332.77725596025124,363.9066240953934,360.3119307819563,320.0,366.8480871500284,485.4591909917174,571.9809646409051,607.0552822436874,526.7005462225377,600.1687197907202,548.0720200605133,500.15738390907705,542.5999848280719,632.4593176452947,582.9666949677232,527.0640011333674,541.5397254411039,640.0,601.580455553152,566.208123297644,525.4262279351415,545.2244501252678,482.63282200402176,435.0870116701278
320.0,480.2855395882192,543.6620128552919,421.7907946308756,284.0175734451882,585.0619243176766,640.0,622.4119449494838,584.1542635022753,466.6641546333722,517.1301329566825,523.1284985939163,490.6313564170699,346.67742371721596,388.649154095905,418.99235871835447,416.77406379562836,233.72136542109115,316.9224972230859,350.4841250668944,349.74789896540443,320.0,368.6892155143464,483.2427301232951,568.8032405850715,612.3902082711207,527.8162832350581,602.3003690916203,551.2318067931108,505.8692897997382,542.7205181337963,637.0275809978685,584.5639393010894,528.1599758854663,540.130333518791,640.0,592.2827005250404,548.5430189917089,522.1278827106448,546.8307833093348,485.3580971487894,438.04254511257955,320.0,483.6661689331913,548.5485223328668,426.5008000481031,299.77086444167554,589.0041210550169,640.0,617.5119784515923,581.1036321181733,474.0243477408802,526.602996867731,523.0994876797047,488.4764790311679,358.7222836501791,390.70461021455986,407.9998129323851,402.2548773983349,249.57599120782209,330.2356272499613,364.0433774167076,368.1383765871518,320.0,369.94233858300515,486.4250529204801,570.1836009440547,606.9295933578927,538.7834361466355,607.2139191829655,549.6369672191922,502.3388128419997,552.9664187412478,637.136056435547,584.4940545745317,528.4732393146045,548.8766670213668,640.0,599.9270665893619,563.8459744136371,529.0512965945808,547.6521671678324,485.50181609761614,438.47833439909107,320.0,477.59373272245523,542.5501300947626,418.76669369516287,292.97092798278965,596.21842737337,640.0,611.0222396982506,574.3090033303577,478.93419460858206,524.6837296597307,516.4011225822802,483.0059475950226,361.89707086485316,389.99185735772676,404.2272643847191,398.85941640040664,250.6623724125234,324.3974132194917,357.56275317906824,362.97114958994155,320.0,370.19660871374504,483.667462116322,567.8859982671354,605.6636547828351,535.5400428824114,608.347190483352,552.3933185778087,504.89831065658535,550.7707255006608,639.3970731179274,587.2509251039564,531.5195838995311,546.7754653691032,640.0,597.9229225698747,559.2078687849673,527.2400381354447,551.3300690173469,492.0602412257644,446.37912470370276,320.0,482.06628444395744,545.2690140359815,426.8024609705279,307.2874481579151,587.9867451445083,640.0,616.1366513020744,571.8667443085963,474.275764026521,530.9153633309065,528.9386344471486,488.89220743498663,358.63378067811675,397.10435515873576,417.36578103281465,407.1786779145799,247.16900844440704,332.77725596025124,363.9066240953934,360.3119307819563,320.0,366.8480871500284,485.4591909917174,571.9809646409051,607.0552822436874,526.7005462225377,600.1687197907202,548.0720200605133,500.15738390907705,542.5999848280719,632.4593176452947,582.9666949677232,527.0640011333674,541.5397254411039,640.0,601.580455553152,566.208123297644,525.4262279351415,545.2244501252678,482.63282200402176,435.0870116701278,320.0,483.43163538873995,550.5873094774388,447.34600748062616,332.0243207658969,586.0100416870872,640.0,630.6630237515119,593.2368899872995,470.33036521892996,518.0836279523503,528.89521652024,495.6802119627156,353.1235513999108,392.5320394543078,426.97542196389134,421.12540002025565,239.91925673355303,326.39706455852547,364.4203446023895,362.0351121453658,320.0,366.2009530783073,478.7188260484588,562.9664749443788,604.71607768165,528.0824175412904,603.6017959049246,555.5879950703757,510.73795982417846,544.1059684294462,636.6307013090627,584.1026397442372,527.1346756975599,542.5904832185392,640.0,593.3813937944678,549.1443649894526,525.2336265893261,550.4904923327963,492.58905223614113,447.127384291864
320.0,483.6661689331913,548.5485223328668,426.5008000481031,299.77086444167554,589.0041210550169,640.0,617.5119784515923,581.1036321181733,474.0243477408802,526.602996867731,523.0994876797047,488.4764790311679,358.7222836501791,390.70461021455986,407.9998129323851,402.2548773983349,249.57599120782209,330.2356272499613,364.0433774167076,368.1383765871518,320.0,369.94233858300515,486.4250529204801,570.1836009440547,606.9295933578927,538.7834361466355,607.2139191829655,549.6369672191922,502.3388128419997,552.9664187412478,637.136056435547,584.4940545745317,528.4732393146045,548.8766670213668,640.0,599.9270665893619,563.8459744136371,529.0512965945808,547.6521671678324,485.50181609761614,438.47833439909107,320.0,477.59373272245523,542.5501300947626,418.76669369516287,292.97092798278965,596.21842737337,640.0,611.0222396982506,574.3090033303577,478.93419460858206,524.6837296597307,516.4011225822802,483.0059475950226,361.89707086485316,389.99185735772676,404.2272643847191,398.85941640040664,250.6623724125234,324.3974132194917,357.56275317906824,362.97114958994155,320.0,370.19660871374504,483.667462116322,567.8859982671354,605.6636547828351,535.5400428824114,608.347190483352,552.3933185778087,504.89831065658535,550.7707255006608,639.3970731179274,587.2509251039564,531.5195838995311,546.7754653691032,640.0,597.9229225698747,559.2078687849673,527.2400381354447,551.3300690173469,492.0602412257644,446.37912470370276,320.0,482.06628444395744,545.2690140359815,426.8024609705279,307.2874481579151,587.9867451445083,640.0,616.1366513020744,571.8667443085963,474.275764026521,530.9153633309065,528.9386344471486,488.89220743498663,358.63378067811675,397.10435515873576,417.36578103281465,407.1786779145799,247.16900844440704,332.77725596025124,363.9066240953934,360.3119307819563,320.0,366.8480871500284,485.4591909917174,571.9809646409051,607.0552822436874,526.7005462225377,600.1687197907202,548.0720200605133,500.15738390907705,542.5999848280719,632.4593176452947,582.9666949677232,527.0640011333674,541.5397254411039,640.0,601.580455553152,566.208123297644,525.4262279351415,545.2244501252678,482.63282200402176,435.0870116701278,320.0,483.43163538873995,550.5873094774388,447.34600748062616,332.0243207658969,586.0100416870872,640.0,630.6630237515119,593.2368899872995,470.33036521892996,518.0836279523503,528.89521652024,495.6802119627156,353.1235513999108,392.5320394543078,426.97542196389134,421.12540002025565,239.91925673355303,326.39706455852547,364.4203446023895,362.0351121453658,320.0,366.2009530783073,478.7188260484588,562.9664749443788,604.71607768165,528.0824175412904,603.6017959049246,555.5879950703757,510.73795982417846,544.1059684294462,636.6307013090627,584.1026397442372,527.1346756975599,542.5904832185392,640.0,593.3813937944678,549.1443649894526,525.2336265893261,550.4904923327963,492.58905223614113,447.127384291864,320.0,479.13555072975646,545.4871256220547,440.29792939416757,320.4006501576707,585.6131700141566,640.0,630.3770211554761,593.5561100935192,470.517423868346,520.734763442056,532.103603466048,500.4647786127857,354.5761270446347,394.7748157819379,427.5529030945869,420.9489052356591,242.12544632079553,329.0884713401119,365.54468566397725,362.1921675705917,320.0,366.7702113937633,478.092587790468,561.0972412631454,603.722289657743,530.2908010602749,602.6492437680575,550.6501208393436,503.9200443684531,545.872093477404,636.9808328238538,581.2104705940728,522.3927411239165,544.0120862447563,640.0,591.5468327131747,547.2266119182898,526.6802070689173,551.2298240323473,490.9693497031303,444.6425235888938
320.0,477.59373272245523,542.5501300947626,418.76669369516287,292.97092798278965,596.21842737337,640.0,611.0222396982506,574.3090033303577,478.93419460858206,524.6837296597307,516.4011225822802,483.0059475950226,361.89707086485316,389.99185735772676,404.2272643847191,398.85941640040664,250.6623724125234,324.3974132194917,357.56275317906824,362.97114958994155,320.0,370.19660871374504,483.667462116322,567.8859982671354,605.6636547828351,535.5400428824114,608.347190483352,552.3933185778087,504.89831065658535,550.7707255006608,639.3970731179274,587.2509251039564,531.5195838995311,546.7754653691032,640.0,597.9229225698747,559.2078687849673,527.2400381354447,551.3300690173469,492.0602412257644,446.37912470370276,320.0,482.06628444395744,545.2690140359815,426.8024609705279,307.2874481579151,587.9867451445083,640.0,616.1366513020744,571.8667443085963,474.275764026521,530.9153633309065,528.9386344471486,488.89220743498663,358.63378067811675,397.10435515873576,417.36578103281465,407.1786779145799,247.16900844440704,332.77725596025124,363.9066240953934,360.3119307819563,320.0,366.8480871500284,485.4591909917174,571.9809646409051,607.0552822436874,526.7005462225377,600.1687197907202,548.0720200605133,500.15738390907705,542.5999848280719,632.4593176452947,582.9666949677232,527.0640011333674,541.5397254411039,640.0,601.580455553152,566.208123297644,525.4262279351415,545.2244501252678,482.63282200402176,435.0870116701278,320.0,483.43163538873995,550.5873094774388,447.34600748062616,332.0243207658969,586.0100416870872,640.0,630.6630237515119,593.2368899872995,470.33036521892996,518.0836279523503,528.89521652024,495.6802119627156,353.1235513999108,392.5320394543078,426.97542196389134,421.12540002025565,239.91925673355303,326.39706455852547,364.4203446023895,362.0351121453658,320.0,366.2009530783073,478.7188260484588,562.9664749443788,604.71607768165,528.0824175412904,603.6017959049246,555.5879950703757,510.73795982417846,544.1059684294462,636.6307013090627,584.1026397442372,527.1346756975599,542.5904832185392,640.0,593.3813937944678,549.1443649894526,525.2336265893261,550.4904923327963,492.58905223614113,447.127384291864,320.0,479.13555072975646,545.4871256220547,440.29792939416757,320.4006501576707,585.6131700141566,640.0,630.3770211554761,593.5561100935192,470.517423868346,520.734763442056,532.103603466048,500.4647786127857,354.5761270446347,394.7748157819379,427.5529030945869,420.9489052356591,242.12544632079553,329.0884713401119,365.54468566397725,362.1921675705917,320.0,366.7702113937633,478.092587790468,561.0972412631454,603.722289657743,530.2908010602749,602.6492437680575,550.6501208393436,503.9200443684531,545.872093477404,636.9808328238538,581.2104705940728,522.3927411239165,544.0120862447563,640.0,591.5468327131747,547.2266119182898,526.6802070689173,551.2298240323473,490.9693497031303,444.6425235888938,320.0,476.2075327073401,536.4467797367627,429.69811473874427,320.209353657269,583.7349150473497,640.0,620.5829374323605,580.5928314826456,471.86055392229616,523.9213122845752,527.0671311311845,496.9650278673152,357.1624975473316,397.49091331533504,421.96110081870484,417.6448936417387,247.27281620801074,330.021939222739,364.84597242672703,366.4181703677641,320.0,366.91577767891266,478.2220999468044,560.6940677752133,601.0470567852265,527.0234574361109,597.3424482692272,550.0509754995469,505.0530258377438,544.3653310882638,633.0138752610808,581.7912555470136,524.34915474699,543.927647004025,640.0,597.367139390784,556.2768296112367,527.9221585403334,549.9162713272174,492.79160292915407,449.1749630634404
320.0,482.06628444395744,545.2690140359815,426.8024609705279,307.2874481579151,587.9867451445083,640.0,616.1366513020744,571.8667443085963,474.275764026521,530.9153633309065,528.9386344471486,488.89220743498663,358.63378067811675,397.10435515873576,417.36578103281465,407.1786779145799,247.16900844440704,332.77725596025124,363.9066240953934,360.3119307819563,320.0,366.8480871500284,485.4591909917174,571.9809646409051,607.0552822436874,526.7005462225377,600.1687197907202,548.0720200605133,500.15738390907705,542.5999848280719,632.4593176452947,582.9666949677232,527.0640011333674,541.5397254411039,640.0,601.580455553152,566.208123297644,525.4262279351415,545.2244501252678,482.63282200402176,435.0870116701278,320.0,483.43163538873995,550.5873094774388,447.34600748062616,332.0243207658969,586.0100416870872,640.0,630.6630237515119,593.2368899872995,470.33036521892996,518.0836279523503,528.89521652024,495.6802119627156,353.1235513999108,392.5320394543078,426.97542196389134,421.12540002025565,239.91925673355303,326.39706455852547,364.4203446023895,362.0351121453658,320.0,366.2009530783073,478.7188260484588,562.9664749443788,604.71607768165,528.0824175412904,603.6017959049246,555.5879950703757,510.73795982417846,544.1059684294462,636.6307013090627,584.1026397442372,527.1346756975599,542.5904832185392,640.0,593.3813937944678,549.1443649894526,525.2336265893261,550.4904923327963,492.58905223614113,447.127384291864,320.0,479.13555072975646,545.4871256220547,440.29792939416757,320.4006501576707,585.6131700141566,640.0,630.3770211554761,593.5561100935192,470.517423868346,520.734763442056,532.103603466048,500.4647786127857,354.5761270446347,394.7748157819379,427.5529030945869,420.9489052356591,242.12544632079553,329.0884713401119,365.54468566397725,362.1921675705917,320.0,366.7702113937633,478.092587790468,561.0972412631454,603.722289657743,530.2908010602749,602.6492437680575,550.6501208393436,503.9200443684531,545.872093477404,636.9808328238538,581.2104705940728,522.3927411239165,544.0120862447563,640.0,591.5468327131747,547.2266119182898,526.6802070689173,551.2298240323473,490.9693497031303,444.6425235888938,320.0,476.2075327073401,536.4467797367627,429.69811473874427,320.209353657269,583.7349150473497,640.0,620.5829374323605,580.5928314826456,471.86055392229616,523.9213122845752,527.0671311311845,496.9650278673152,357.1624975473316,397.49091331533504,421.96110081870484,417.6448936417387,247.27281620801074,330.021939222739,364.84597242672703,366.4181703677641,320.0,366.91577767891266,478.2220999468044,560.6940677752133,601.0470567852265,527.0234574361109,597.3424482692272,550.0509754995469,505.0530258377438,544.3653310882638,633.0138752610808,581.7912555470136,524.34915474699,543.927647004025,640.0,597.367139390784,556.2768296112367,527.9221585403334,549.9162713272174,492.79160292915407,449.1749630634404,320.0,478.97485213672763,550.9130040384374,449.6268114902852,332.59403103090096,582.2605914080993,640.0,626.0947730888563,588.1132832029459,471.0302936232505,526.6582197470086,532.6415632312674,497.7604415343251,358.5400888444985,398.95987038308635,424.84132219599667,415.74537317445026,250.8384664398033,334.3536897348556,368.1672827519187,365.25137459276795,320.0,364.61419988996465,476.29120699824097,561.2133166354268,604.4279387715549,528.9591421863274,601.6792863967202,549.4167850058699,503.33581072507013,546.6122763069893,635.7932017333158,583.9379302762253,528.1668698876281,546.267136347563,640.0,598.2084462659675,560.2169187035812,529.8154414693365,548.987543595106,487.9764486000646,441.78326861408806
320.0,483.43163538873995,550.5873094774388,447.34600748062616,332.0243207658969,586.0100416870872,640.0,630.6630237515119,593.2368899872995,470.33036521892996,518.0836279523503,528.89521652024,495.6802119627156,353.1235513999108,392.5320394543078,426.97542196389134,421.12540002025565,239.91925673355303,326.39706455852547,364.4203446023895,362.0351121453658,320.0,366.2009530783073,478.7188260484588,562.9664749443788,604.71607768165,528.0824175412904,603.6017959049246,555.5879950703757,510.73795982417846,544.1059684294462,636.6307013090627,584.1026397442372,527.1346756975599,542.5904832185392,640.0,593.3813937944678,549.1443649894526,525.2336265893261,550.4904923327963,492.58905223614113,447.127384291864,320.0,479.13555072975646,545.4871256220547,440.29792939416757,320.4006501576707,585.6131700141566,640.0,630.3770211554761,593.5561100935192,470.517423868346,520.734763442056,532.103603466048,500.4647786127857,354.5761270446347,394.7748157819379,427.5529030945869,420.9489052356591,242.12544632079553,329.0884713401119,365.54468566397725,362.1921675705917,320.0,366.7702113937633,478.092587790468,561.0972412631454,603.722289657743,530.2908010602749,602.6492437680575,550.6501208393436,503.9200443684531,545.872093477404,636.9808328238538,581.2104705940728,522.3927411239165,544.0120862447563,640.0,591.5468327131747,547.2266119182898,526.6802070689173,551.2298240323473,490.9693497031303,444.6425235888938,320.0,476.2075327073401,536.4467797367627,429.69811473874427,320.209353657269,583.7349150473497,640.0,620.5829374323605,580.5928314826456,471.86055392229616,523.9213122845752,527.0671311311845,496.9650278673152,357.1624975473316,397.49091331533504,421.96110081870484,417.6448936417387,247.27281620801074,330.021939222739,364.84597242672703,366.4181703677641,320.0,366.91577767891266,478.2220999468044,560.6940677752133,601.0470567852265,527.0234574361109,597.3424482692272,550.0509754995469,505.0530258377438,544.3653310882638,633.0138752610808,581.7912555470136,524.34915474699,543.927647004025,640.0,597.367139390784,556.2768296112367,527.9221585403334,549.9162713272174,492.79160292915407,449.1749630634404,320.0,478.97485213672763,550.9130040384374,449.6268114902852,332.59403103090096,582.2605914080993,640.0,626.0947730888563,588.1132832029459,471.0302936232505,526.6582197470086,532.6415632312674,497.7604415343251,358.5400888444985,398.95987038308635,424.84132219599667,415.74537317445026,250.8384664398033,334.3536897348556,368.1672827519187,365.25137459276795,320.0,364.61419988996465,476.29120699824097,561.2133166354268,604.4279387715549,528.9591421863274,601.6792863967202,549.4167850058699,503.33581072507013,546.6122763069893,635.7932017333158,583.9379302762253,528.1668698876281,546.267136347563,640.0,598.2084462659675,560.2169187035812,529.8154414693365,548.987543595106,487.9764486000646,441.78326861408806,320.0,476.26793720207763,548.7521623621881,445.4588931854941,328.8636941356962,583.2817515752345,640.0,623.0725451424742,584.7954163545442,471.5734348321962,526.9572611503654,530.3090631376016,495.02039200336526,359.8203074209796,399.02856230190065,421.0167432632154,409.6125181930863,252.72371028733266,334.6925002868153,367.7584543018916,364.49141466289643,320.0,365.54777287952857,477.3780560194382,561.2870171772894,602.3076469848506,530.3923436055863,602.7955724048293,549.1620828023965,502.3581772181286,547.3480597392936,636.6507583492285,584.3214166053286,528.0021386969602,545.8238863957944,640.0,597.9444589545184,559.3213858263839,528.0123397186453,549.5371989929129,488.9351804217771,442.40825016422764
320.0,479.13555072975646,545.4871256220547,440.29792939416757,320.4006501576707,585.6131700141566,640.0,630.3770211554761,593.5561100935192,470.517423868346,520.734763442056,532.103603466048,500.4647786127857,354.5761270446347,394.7748157819379,427.5529030945869,420.9489052356591,242.12544632079553,329.0884713401119,365.54468566397725,362.1921675705917,320.0,366.7702113937633,478.092587790468,561.0972412631454,603.722289657743,530.2908010602749,602.6492437680575,550.6501208393436,503.9200443684531,545.872093477404,636.9808328238538,581.2104705940728,522.3927411239165,544.0120862447563,640.0,591.5468327131747,547.2266119182898,526.6802070689173,551.2298240323473,490.9693497031303,444.6425235888938,320.0,476.2075327073401,536.4467797367627,429.69811473874427,320.209353657269,583.7349150473497,640.0,620.5829374323605,580.5928314826456,471.86055392229616,523.9213122845752,527.0671311311845,496.9650278673152,357.1624975473316,397.49091331533504,421.96110081870484,417.6448936417387,247.27281620801074,330.021939222739,364.84597242672703,366.4181703677641,320.0,366.91577767891266,478.2220999468044,560.6940677752133,601.0470567852265,527.0234574361109,597.3424482692272,550.0509754995469,505.0530258377438,544.3653310882638,633.0138752610808,581.7912555470136,524.34915474699,543.927647004025,640.0,597.367139390784,556.2768296112367,527.9221585403334,549.9162713272174,492.79160292915407,449.1749630634404,320.0,478.97485213672763,550.9130040384374,449.6268114902852,332.59403103090096,582.2605914080993,640.0,626.0947730888563,588.1132832029459,471.0302936232505,526.6582197470086,532.6415632312674,497.7604415343251,358.5400888444985,398.95987038308635,424.84132219599667,415.74537317445026,250.8384664398033,334.3536897348556,368.1672827519187,365.25137459276795,320.0,364.61419988996465,476.29120699824097,561.2133166354268,604.4279387715549,528.9591421863274,601.6792863967202,549.4167850058699,503.33581072507013,546.6122763069893,635.7932017333158,583.9379302762253,528.1668698876281,546.267136347563,640.0,598.2084462659675,560.2169187035812,529.8154414693365,548.987543595106,487.9764486000646,441.78326861408806,320.0,476.26793720207763,548.7521623621881,445.4588931854941,328.8636941356962,583.2817515752345,640.0,623.0725451424742,584.7954163545442,471.5734348321962,526.9572611503654,530.3090631376016,495.02039200336526,359.8203074209796,399.02856230190065,421.0167432632154,409.6125181930863,252.72371028733266,334.6925002868153,367.7584543018916,364.49141466289643,320.0,365.54777287952857,477.3780560194382,561.2870171772894,602.3076469848506,530.3923436055863,602.7955724048293,549.1620828023965,502.3581772181286,547.3480597392936,636.6507583492285,584.3214166053286,528.0021386969602,545.8238863957944,640.0,597.9444589545184,559.3213858263839,528.0123397186453,549.5371989929129,488.9351804217771,442.40825016422764,320.0,476.14611829231046,543.0000816765853,432.67484103834437,316.67010155868013,586.4672415355645,640.0,631.1305941468097,596.3350261644787,473.70163879033623,523.6792952093886,536.2898019510634,506.4329597468697,362.7376648776138,398.8124895806411,430.77081438268726,423.24958686192963,255.51855121401616,335.7096520465579,371.2194985505203,366.9189689953444,320.0,364.953919453742,478.9760003885488,563.2092224838807,602.5870500059302,530.9593231444787,603.0605245018845,549.1154464853136,499.74795930558173,546.8912126170824,636.2403044384114,578.5344901044723,519.829966524524,545.121997175649,640.0,591.3585093601889,548.3994758927354,528.4835039124829,553.496334479827,493.76514001526004,448.14839789741313
320.0,476.2075327073401,536.4467797367627,429.69811473874427,320.209353657269,583.7349150473497,640.0,620.5829374323605,580.5928314826456,471.86055392229616,523.9213122845752,527.0671311311845,496.9650278673152,357.1624975473316,397.49091331533504,421.96110081870484,417.6448936417387,247.27281620801074,330.021939222739,364.84597242672703,366.4181703677641,320.0,366.91577767891266,478.2220999468044,560.6940677752133,601.0470567852265,527.0234574361109,597.3424482692272,550.0509754995469,505.0530258377438,544.3653310882638,633.0138752610808,581.7912555470136,524.34915474699,543.927647004025,640.0,597.367139390784,556.2768296112367,527.9221585403334,549.9162713272174,492.79160292915407,449.1749630634404,320.0,478.97485213672763,550.9130040384374,449.6268114902852,332.59403103090096,582.2605914080993,640.0,626.0947730888563,588.1132832029459,471.0302936232505,526.6582197470086,532.6415632312674,497.7604415343251,358.5400888444985,398.95987038308635,424.84132219599667,415.74537317445026,250.8384664398033,334.3536897348556,368.1672827519187,365.25137459276795,320.0,364.61419988996465,476.29120699824097,561.2133166354268,604.4279387715549,528.9591421863274,601.6792863967202,549.4167850058699,503.33581072507013,546.6122763069893,635.7932017333158,583.9379302762253,528.1668698876281,546.267136347563,640.0,598.2084462659675,560.2169187035812,529.8154414693365,548.987543595106,487.9764486000646,441.78326861408806,320.0,476.26793720207763,548.7521623621881,445.4588931854941,328.8636941356962,583.2817515752345,640.0,623.0725451424742,584.7954163545442,471.5734348321962,526.9572611503654,530.3090631376016,495.02039200336526,359.8203074209796,399.02856230190065,421.0167432632154,409.6125181930863,252.72371028733266,334.6925002868153,367.7584543018916,364.49141466289643,320.0,365.54777287952857,477.3780560194382,561.2870171772894,602.3076469848506,530.3923436055863,602.7955724048293,549.1620828023965,502.3581772181286,547.3480597392936,636.6507583492285,584.3214166053286,528.0021386969602,545.8238863957944,640.0,597.9444589545184,559.3213858263839,528.0123397186453,549.5371989929129,488.9351804217771,442.40825016422764,320.0,476.14611829231046,543.0000816765853,432.67484103834437,316.67010155868013,586.4672415355645,640.0,631.1305941468097,596.3350261644787,473.70163879033623,523.6792952093886,536.2898019510634,506.4329597468697,362.7376648776138,398.8124895806411,430.77081438268726,423.24958686192963,255.51855121401616,335.7096520465579,371.2194985505203,366.9189689953444,320.0,364.953919453742,478.9760003885488,563.2092224838807,602.5870500059302,530.9593231444787,603.0605245018845,549.1154464853136,499.74795930558173,546.8912126170824,636.2403044384114,578.5344901044723,519.829966524524,545.121997175649,640.0,591.3585093601889,548.3994758927354,528.4835039124829,553.496334479827,493.76514001526004,448.14839789741313,320.0,475.0479577540683,541.0390846714804,431.14290333010024,312.0452994216331,580.7491827423933,640.0,628.2957933685383,591.3397636239538,468.2772928117254,526.0559686747854,536.1263785609082,505.4179688903258,356.897654201243,398.613535941373,427.9268599346194,423.2717246829759,252.5629557782807,337.1113984984014,371.12979128498046,370.23835183389014,320.0,367.60667132084376,480.9689815621937,566.2692494073984,610.8153727402942,530.8122724091395,600.5155250076266,545.9266252751847,497.55545292271904,547.0940456969822,636.0080807349198,580.914577816711,522.3562649268304,544.7601941328442,640.0,592.8441927915756,550.2786775939354,526.1167281304374,544.367944828238,482.34697718264476,436.3569298197866
320.0,478.97485213672763,550.9130040384374,449.6268114902852,332.59403103090096,582.2605914080993,640.0,626.0947730888563,588.1132832029459,471.0302936232505,526.6582197470086,532.6415632312674,497.7604415343251,358.5400888444985,398.95987038308635,424.84132219599667,415.74537317445026,250.8384664398033,334.3536897348556,368.1672827519187,365.25137459276795,320.0,364.61419988996465,476.29120699824097,561.2133166354268,604.4279387715549,528.9591421863274,601.6792863967202,549.4167850058699,503.33581072507013,546.6122763069893,635.7932017333158,583.9379302762253,528.1668698876281,546.267136347563,640.0,598.2084462659675,560.2169187035812,529.8154414693365,548.987543595106,487.9764486000646,441.78326861408806,320.0,476.26793720207763,548.7521623621881,445.4588931854941,328.8636941356962,583.2817515752345,640.0,623.0725451424742,584.7954163545442,471.5734348321962,526.9572611503654,530.3090631376016,495.02039200336526,359.8203074209796,399.02856230190065,421.0167432632154,409.6125181930863,252.72371028733266,334.6925002868153,367.7584543018916,364.49141466289643,320.0,365.54777287952857,477.3780560194382,561.2870171772894,602.3076469848506,530.3923436055863,602.7955724048293,549.1620828023965,502.3581772181286,547.3480597392936,636.6507583492285,584.3214166053286,528.0021386969602,545.8238863957944,640.0,597.9444589545184,559.3213858263839,528.0123397186453,549.5371989929129,488.9351804217771,442.40825016422764,320.0,476.14611829231046,543.0000816765853,432.67484103834437,316.67010155868013,586.4672415355645,640.0,631.1305941468097,596.3350261644787,473.70163879033623,523.6792952093886,536.2898019510634,506.4329597468697,362.7376648776138,398.8124895806411,430.77081438268726,423.24958686192963,255.51855121401616,335.7096520465579,371.2194985505203,366.9189689953444,320.0,364.953919453742,478.9760003885488,563.2092224838807,602.5870500059302,530.9593231444787,603.0605245018845,549.1154464853136,499.74795930558173,546.8912126170824,636.2403044384114,578.5344901044723,519.829966524524,545.121997175649,640.0,591.3585093601889,548.3994758927354,528.4835039124829,553.496334479827,493.76514001526004,448.14839789741313,320.0,475.0479577540683,541.0390846714804,431.14290333010024,312.0452994216331,580.7491827423933,640.0,628.2957933685383,591.3397636239538,468.2772928117254,526.0559686747854,536.1263785609082,505.4179688903258,356.897654201243,398.613535941373,427.9268599346194,423.2717246829759,252.5629557782807,337.1113984984014,371.12979128498046,370.23835183389014,320.0,367.60667132084376,480.9689815621937,566.2692494073984,610.8153727402942,530.8122724091395,600.5155250076266,545.9266252751847,497.55545292271904,547.0940456969822,636.0080807349198,580.914577816711,522.3562649268304,544.7601941328442,640.0,592.8441927915756,550.2786775939354,526.1167281304374,544.367944828238,482.34697718264476,436.3569298197866,320.0,478.41322872887537,544.8556777159266,433.57554096941305,311.4792255980518,581.0271180032634,640.0,625.2975338910791,586.980548573739,466.93693863483077,524.2081877717412,531.7634669101878,499.1095142883088,354.033205461865,395.41718709040725,424.4220683652612,419.60464357898474,248.32508936439484,333.33143724903294,367.9149183570087,367.3818216915471,320.0,367.74279751705194,481.2824920157618,566.4685731049519,610.5106845442483,530.991663499641,601.005998457603,547.2328641690502,500.6341607604418,547.0123947380703,636.4324134513022,581.9616356520405,524.0108190039316,544.0673498552059,640.0,592.9312699883765,549.9942082324885,524.5299178351324,543.406937230664,481.38981084522914,435.1015426192746
320.0,476.26793720207763,548.7521623621881,445.4588931854941,328.8636941356962,583.2817515752345,640.0,623.0725451424742,584.7954163545442,471.5734348321962,526.9572611503654,530.3090631376016,495.02039200336526,359.8203074209796,399.02856230190065,421.0167432632154,409.6125181930863,252.72371028733266,334.6925002868153,367.7584543018916,364.49141466289643,320.0,365.54777287952857,477.3780560194382,561.2870171772894,602.3076469848506,530.3923436055863,602.7955724048293,549.1620828023965,502.3581772181286,547.3480597392936,636.6507583492285,584.3214166053286,528.0021386969602,545.8238863957944,640.0,597.9444589545184,559.3213858263839,528.0123397186453,549.5371989929129,488.9351804217771,442.40825016422764,320.0,476.14611829231046,543.0000816765853,432.67484103834437,316.67010155868013,586.4672415355645,640.0,631.1305941468097,596.3350261644787,473.70163879033623,523.6792952093886,536.2898019510634,506.4329597468697,362.7376648776138,398.8124895806411,430.77081438268726,423.24958686192963,255.51855121401616,335.7096520465579,371.2194985505203,366.9189689953444,320.0,364.953919453742,478.9760003885488,563.2092224838807,602.5870500059302,530.9593231444787,603.0605245018845,549.1154464853136,499.74795930558173,546.8912126170824,636.2403044384114,578.5344901044723,519.829966524524,545.121997175649,640.0,591.3585093601889,548.3994758927354,528.4835039124829,553.496334479827,493.76514001526004,448.14839789741313,320.0,475.0479577540683,541.0390846714804,431.14290333010024,312.0452994216331,580.7491827423933,640.0,628.2957933685383,591.3397636239538,468.2772928117254,526.0559686747854,536.1263785609082,505.4179688903258,356.897654201243,398.613535941373,427.9268599346194,423.2717246829759,252.5629557782807,337.1113984984014,371.12979128498046,370.23835183389014,320.0,367.60667132084376,480.9689815621937,566.2692494073984,610.8153727402942,530.8122724091395,600.5155250076266,545.9266252751847,497.55545292271904,547.0940456969822,636.0080807349198,580.914577816711,522.3562649268304,544.7601941328442,640.0,592.8441927915756,550.2786775939354,526.1167281304374,544.367944828238,482.34697718264476,436.3569298197866,320.0,478.41322872887537,544.8556777159266,433.57554096941305,311.4792255980518,581.0271180032634,640.0,625.2975338910791,586.980548573739,466.93693863483077,524.2081877717412,531.7634669101878,499.1095142883088,354.033205461865,395.41718709040725,424.4220683652612,419.60464357898474,248.32508936439484,333.33143724903294,367.9149183570087,367.3818216915471,320.0,367.74279751705194,481.2824920157618,566.4685731049519,610.5106845442483,530.991663499641,601.005998457603,547.2328641690502,500.6341607604418,547.0123947380703,636.4324134513022,581.9616356520405,524.0108190039316,544.0673498552059,640.0,592.9312699883765,549.9942082324885,524.5299178351324,543.406937230664,481.38981084522914,435.1015426192746,320.0,479.172705437044,542.3102399887714,436.94482363621137,317.53568364313867,578.8388808522873,640.0,636.5912131646326,600.684492075458,468.4622472149214,523.1305166742504,543.1503931143303,514.8521378492243,357.17555333700074,395.5150782493339,435.7861041498294,432.2041794856122,247.1171238474268,332.7736236470777,372.5058576638618,370.735541474524,320.0,369.7380900193561,484.4975698590551,568.4218947138845,609.4089735830539,531.5891191625092,605.8483465554374,549.9697391019874,500.5077418827186,546.4834044873368,637.8270254355116,580.3147177012622,519.7910373217742,543.9488781658079,640.0,591.6110029715657,546.0922962841798,526.1739036558436,554.7878934598293,497.4585774651727,451.4717483165672
320.0,476.14611829231046,543.0000816765853,432.67484103834437,316.67010155868013,586.4672415355645,640.0,631.1305941468097,596.3350261644787,473.70163879033623,523.6792952093886,536.2898019510634,506.4329597468697,362.7376648776138,398.8124895806411,430.77081438268726,423.24958686192963,255.51855121401616,335.7096520465579,371.2194985505203,366.9189689953444,320.0,364.953919453742,478.9760003885488,563.2092224838807,602.5870500059302,530.9593231444787,603.0605245018845,549.1154464853136,499.74795930558173,546.8912126170824,636.2403044384114,578.5344901044723,519.829966524524,545.121997175649,640.0,591.3585093601889,548.3994758927354,528.4835039124829,553.496334479827,493.76514001526004,448.14839789741313,320.0,475.0479577540683,541.0390846714804,431.14290333010024,312.0452994216331,580.7491827423933,640.0,628.2957933685383,591.3397636239538,468.2772928117254,526.0559686747854,536.1263785609082,505.4179688903258,356.897654201243,398.613535941373,427.9268599346194,423.2717246829759,252.5629557782807,337.1113984984014,371.12979128498046,370.23835183389014,320.0,367.60667132084376,480.9689815621937,566.2692494073984,610.8153727402942,530.8122724091395,600.5155250076266,545.9266252751847,497.55545292271904,547.0940456969822,636.0080807349198,580.914577816711,522.3562649268304,544.7601941328442,640.0,592.8441927915756,550.2786775939354,526.1167281304374,544.367944828238,482.34697718264476,436.3569298197866,320.0,478.41322872887537,544.8556777159266,433.57554096941305,311.4792255980518,581.0271180032634,640.0,625.2975338910791,586.980548573739,466.93693863483077,524.2081877717412,531.7634669101878,499.1095142883088,354.033205461865,395.41718709040725,424.4220683652612,419.60464357898474,248.32508936439484,333.33143724903294,367.9149183570087,367.3818216915471,320.0,367.74279751705194,481.2824920157618,566.4685731049519,610.5106845442483,530.991663499641,601.005998457603,547.2328641690502,500.6341607604418,547.0123947380703,636.4324134513022,581.9616356520405,524.0108190039316,544.0673498552059,640.0,592.9312699883765,549.9942082324885,524.5299178351324,543.406937230664,481.38981084522914,435.1015426192746,320.0,479.172705437044,542.3102399887714,436.94482363621137,317.53568364313867,578.8388808522873,640.0,636.5912131646326,600.684492075458,468.4622472149214,523.1305166742504,543.1503931143303,514.8521378492243,357.17555333700074,395.5150782493339,435.7861041498294,432.2041794856122,247.1171238474268,332.7736236470777,372.5058576638618,370.735541474524,320.0,369.7380900193561,484.4975698590551,568.4218947138845,609.4089735830539,531.5891191625092,605.8483465554374,549.9697391019874,500.5077418827186,546.4834044873368,637.8270254355116,580.3147177012622,519.7910373217742,543.9488781658079,640.0,591.6110029715657,546.0922962841798,526.1739036558436,554.7878934598293,497.4585774651727,451.4717483165672,320.0,478.8263648467223,542.9985325098432,430.5110781283728,307.68963726610656,575.3964315056918,640.0,632.6422687364358,595.5471518364265,460.8344335326242,518.8549003071633,536.4020443348243,507.4526746974243,348.2547018529643,393.01151179374597,429.00501266972213,423.45891501664664,241.88824875603575,333.73521703069457,367.5502954223343,360.3940749317988,320.0,369.8919714253235,487.15853108988495,571.2979266533448,609.8235668662517,533.3485763698694,602.4316797862078,544.1439469851773,494.1387874178762,547.9922750468412,635.6482391391753,577.3631194301224,517.0939752542768,545.1167048566334,640.0,591.7252574465062,549.6313026070105,526.895339434416,548.8596840522524,486.31408978764546,439.6437857084069
320.0,475.0479577540683,541.0390846714804,431.14290333010024,312.0452994216331,580.7491827423933,640.0,628.2957933685383,591.3397636239538,468.2772928117254,526.0559686747854,536.1263785609082,505.4179688903258,356.897654201243,398.613535941373,427.9268599346194,423.2717246829759,252.5629557782807,337.1113984984014,371.12979128498046,370.23835183389014,320.0,367.60667132084376,480.9689815621937,566.2692494073984,610.8153727402942,530.8122724091395,600.5155250076266,545.9266252751847,497.55545292271904,547.0940456969822,636.0080807349198,580.914577816711,522.3562649268304,544.7601941328442,640.0,592.8441927915756,550.2786775939354,526.1167281304374,544.367944828238,482.34697718264476,436.3569298197866,320.0,478.41322872887537,544.8556777159266,433.57554096941305,311.4792255980518,581.0271180032634,640.0,625.2975338910791,586.980548573739,466.93693863483077,524.2081877717412,531.7634669101878,499.1095142883088,354.033205461865,395.41718709040725,424.4220683652612,419.60464357898474,248.32508936439484,333.33143724903294,367.9149183570087,367.3818216915471,320.0,367.74279751705194,481.2824920157618,566.4685731049519,610.5106845442483,530.991663499641,601.005998457603,547.2328641690502,500.6341607604418,547.0123947380703,636.4324134513022,581.9616356520405,524.0108190039316,544.0673498552059,640.0,592.9312699883765,549.9942082324885,524.5299178351324,543.406937230664,481.38981084522914,435.1015426192746,320.0,479.172705437044,542.3102399887714,436.94482363621137,317.53568364313867,578.8388808522873,640.0,636.5912131646326,600.684492075458,468.4622472149214,523.1305166742504,543.1503931143303,514.8521378492243,357.17555333700074,395.5150782493339,435.7861041498294,432.2041794856122,247.1171238474268,332.7736236470777,372.5058576638618,370.735541474524,320.0,369.7380900193561,484.4975698590551,568.4218947138845,609.4089735830539,531.5891191625092,605.8483465554374,549.9697391019874,500.5077418827186,546.4834044873368,637.8270254355116,580.3147177012622,519.7910373217742,543.9488781658079,640.0,591.6110029715657,546.0922962841798,526.1739036558436,554.7878934598293,497.4585774651727,451.4717483165672,320.0,478.8263648467223,542.9985325098432,430.5110781283728,307.68963726610656,575.3964315056918,640.0,632.6422687364358,595.5471518364265,460.8344335326242,518.8549003071633,536.4020443348243,507.4526746974243,348.2547018529643,393.01151179374597,429.00501266972213,423.45891501664664,241.88824875603575,333.73521703069457,367.5502954223343,360.3940749317988,320.0,369.8919714253235,487.15853108988495,571.2979266533448,609.8235668662517,533.3485763698694,602.4316797862078,544.1439469851773,494.1387874178762,547.9922750468412,635.6482391391753,577.3631194301224,517.0939752542768,545.1167048566334,640.0,591.7252574465062,549.6313026070105,526.895339434416,548.8596840522524,486.31408978764546,439.6437857084069,320.0,477.3893898670944,541.5082371422038,429.98763848705687,308.22574177362856,575.6876105383278,640.0,631.4618731834707,593.5445726992839,462.87390262574445,523.2268961776523,537.2199078907106,507.55616534600637,351.1164578244842,398.4611186782571,428.56673836123235,421.295031422988,247.20303923095702,337.49692066869267,370.66846068784804,364.8591903264257,320.0,367.8542014936319,482.7780489122836,563.9431057833419,599.710331139574,526.7790335736947,597.0272145661272,543.7165135781206,495.32435072816054,543.2103907510445,632.6186075275135,577.8830294291965,517.085367914276,542.502806885425,640.0,594.1923160385734,551.4615789062882,526.2847815775683,545.3701271911505,483.50786485436356,436.8841813458126
320.0,478.41322872887537,544.8556777159266,433.57554096941305,311.4792255980518,581.0271180032634,640.0,625.2975338910791,586.980548573739,466.93693863483077,524.2081877717412,531.7634669101878,499.1095142883088,354.033205461865,395.41718709040725,424.4220683652612,419.60464357898474,248.32508936439484,333.33143724903294,367.9149183570087,367.3818216915471,320.0,367.74279751705194,481.2824920157618,566.4685731049519,610.5106845442483,530.991663499641,601.005998457603,547.2328641690502,500.6341607604418,547.0123947380703,636.4324134513022,581.9616356520405,524.0108190039316,544.0673498552059,640.0,592.9312699883765,549.9942082324885,524.5299178351324,543.406937230664,481.38981084522914,435.1015426192746,320.0,479.172705437044,542.3102399887714,436.94482363621137,317.53568364313867,578.8388808522873,640.0,636.5912131646326,600.684492075458,468.4622472149214,523.1305166742504,543.1503931143303,514.8521378492243,357.17555333700074,395.5150782493339,435.7861041498294,432.2041794856122,247.1171238474268,332.7736236470777,372.5058576638618,370.735541474524,320.0,369.7380900193561,484.4975698590551,568.4218947138845,609.4089735830539,531.5891191625092,605.8483465554374,549.9697391019874,500.5077418827186,546.4834044873368,637.8270254355116,580.3147177012622,519.7910373217742,543.9488781658079,640.0,591.6110029715657,546.0922962841798,526.1739036558436,554.7878934598293,497.4585774651727,451.4717483165672,320.0,478.8263648467223,542.9985325098432,430.5110781283728,307.68963726610656,575.3964315056918,640.0,632.6422687364358,595.5471518364265,460.8344335326242,518.8549003071633,536.4020443348243,507.4526746974243,348.2547018529643,393.01151179374597,429.00501266972213,423.45891501664664,241.88824875603575,333.73521703069457,367.5502954223343,360.3940749317988,320.0,369.8919714253235,487.15853108988495,571.2979266533448,609.8235668662517,533.3485763698694,602.4316797862078,544.1439469851773,494.1387874178762,547.9922750468412,635.6482391391753,577.3631194301224,517.0939752542768,545.1167048566334,640.0,591.7252574465062,549.6313026070105,526.895339434416,548.8596840522524,486.31408978764546,439.6437857084069,320.0,477.3893898670944,541.5082371422038,429.98763848705687,308.22574177362856,575.6876105383278,640.0,631.4618731834707,593.5445726992839,462.87390262574445,523.2268961776523,537.2199078907106,507.55616534600637,351.1164578244842,398.4611186782571,428.56673836123235,421.295031422988,247.20303923095702,337.49692066869267,370.66846068784804,364.8591903264257,320.0,367.8542014936319,482.7780489122836,563.9431057833419,599.710331139574,526.7790335736947,597.0272145661272,543.7165135781206,495.32435072816054,543.2103907510445,632.6186075275135,577.8830294291965,517.085367914276,542.502806885425,640.0,594.1923160385734,551.4615789062882,526.2847815775683,545.3701271911505,483.50786485436356,436.8841813458126,320.0,476.35229917620956,545.6866816528266,432.6657935014765,305.88122151214503,587.7788482177734,640.0,614.5424037150433,572.919392505687,471.639224732432,526.4523881180039,525.4973987187225,490.7833098789282,355.78511169284764,400.0550127696206,420.4835362405587,413.8780583899798,248.3090803014942,335.9641946228044,366.40674590164394,365.2566337856643,320.0,364.86822865718227,479.41322185928607,563.8917407028197,603.3267314849463,528.024696377666,597.9455024627018,540.3385837197941,492.96794650045865,544.606301463923,632.9457905552184,577.0456318977774,518.6645639899139,543.1366947895697,640.0,592.4091513838116,551.4957524291635,526.0185809888944,541.5161058936771,474.27126834850367,425.98144858135635
320.0,479.172705437044,542.3102399887714,436.94482363621137,317.53568364313867,578.8388808522873,640.0,636.5912131646326,600.684492075458,468.4622472149214,523.1305166742504,543.1503931143303,514.8521378492243,357.17555333700074,395.5150782493339,435.7861041498294,432.2041794856122,247.1171238474268,332.7736236470777,372.5058576638618,370.735541474524,320.0,369.7380900193561,484.4975698590551,568.4218947138845,609.4089735830539,531.5891191625092,605.8483465554374,549.9697391019874,500.5077418827186,546.4834044873368,637.8270254355116,580.3147177012622,519.7910373217742,543.9488781658079,640.0,591.6110029715657,546.0922962841798,526.1739036558436,554.7878934598293,497.4585774651727,451.4717483165672,320.0,478.8263648467223,542.9985325098432,430.5110781283728,307.68963726610656,575.3964315056918,640.0,632.6422687364358,595.5471518364265,460.8344335326242,518.8549003071633,536.4020443348243,507.4526746974243,348.2547018529643,393.01151179374597,429.00501266972213,423.45891501664664,241.88824875603575,333.73521703069457,367.5502954223343,360.3940749317988,320.0,369.8919714253235,487.15853108988495,571.2979266533448,609.8235668662517,533.3485763698694,602.4316797862078,544.1439469851773,494.1387874178762,547.9922750468412,635.6482391391753,577.3631194301224,517.0939752542768,545.1167048566334,640.0,591.7252574465062,549.6313026070105,526.895339434416,548.8596840522524,486.31408978764546,439.6437857084069,320.0,477.3893898670944,541.5082371422038,429.98763848705687,308.22574177362856,575.6876105383278,640.0,631.4618731834707,593.5445726992839,462.87390262574445,523.2268961776523,537.2199078907106,507.55616534600637,351.1164578244842,398.4611186782571,428.56673836123235,421.295031422988,247.20303923095702,337.49692066869267,370.66846068784804,364.8591903264257,320.0,367.8542014936319,482.7780489122836,563.9431057833419,599.710331139574,526.7790335736947,597.0272145661272,543.7165135781206,495.32435072816054,543.2103907510445,632.6186075275135,577.8830294291965,517.085367914276,542.502806885425,640.0,594.1923160385734,551.4615789062882,526.2847815775683,545.3701271911505,483.50786485436356,436.8841813458126,320.0,476.35229917620956,545.6866816528266,432.6657935014765,305.88122151214503,587.7788482177734,640.0,614.5424037150433,572.919392505687,471.639224732432,526.4523881180039,525.4973987187225,490.7833098789282,355.78511169284764,400.0550127696206,420.4835362405587,413.8780583899798,248.3090803014942,335.9641946228044,366.40674590164394,365.2566337856643,320.0,364.86822865718227,479.41322185928607,563.8917407028197,603.3267314849463,528.024696377666,597.9455024627018,540.3385837197941,492.96794650045865,544.606301463923,632.9457905552184,577.0456318977774,518.6645639899139,543.1366947895697,640.0,592.4091513838116,551.4957524291635,526.0185809888944,541.5161058936771,474.27126834850367,425.98144858135635,320.0,478.8225859012612,543.02752399596,416.04614989934754,283.79081855518086,584.2760303875639,640.0,618.152940877375,580.2880208562045,466.04649657827895,526.2286648007637,526.805538542608,491.89136469005746,349.2497174566709,399.8485706427658,419.85869366756265,412.5923032654844,242.72831696623578,335.1353550107817,365.43324466056663,363.92912033687946,320.0,367.0672638263591,485.3629924673389,571.1653145475942,612.2487899093297,529.0842863943845,596.7807127057947,538.591395195413,494.12721620207043,544.8020643993789,631.5581053009537,576.1378303964877,520.0131554011062,542.8454437918122,640.0,593.7257072819052,554.5306354775117,526.2454289865587,537.4863762362224,470.04861202920324,423.0781163810143
320.0,478.8263648467223,542.9985325098432,430.5110781283728,307.68963726610656,575.3964315056918,640.0,632.6422687364358,595.5471518364265,460.8344335326242,518.8549003071633,536.4020443348243,507.4526746974243,348.2547018529643,393.01151179374597,429.00501266972213,423.45891501664664,241.88824875603575,333.73521703069457,367.5502954223343,360.3940749317988,320.0,369.8919714253235,487.15853108988495,571.2979266533448,609.8235668662517,533.3485763698694,602.4316797862078,544.1439469851773,494.1387874178762,547.9922750468412,635.6482391391753,577.3631194301224,517.0939752542768,545.1167048566334,640.0,591.7252574465062,549.6313026070105,526.895339434416,548.8596840522524,486.31408978764546,439.6437857084069,320.0,477.3893898670944,541.5082371422038,429.98763848705687,308.22574177362856,575.6876105383278,640.0,631.4618731834707,593.5445726992839,462.87390262574445,523.2268961776523,537.2199078907106,507.55616534600637,351.1164578244842,398.4611186782571,428.56673836123235,421.295031422988,247.20303923095702,337.49692066869267,370.66846068784804,364.8591903264257,320.0,367.8542014936319,482.7780489122836,563.9431057833419,599.710331139574,526.7790335736947,597.0272145661272,543.7165135781206,495.32435072816054,543.2103907510445,632.6186075275135,577.8830294291965,517.085367914276,542.502806885425,640.0,594.1923160385734,551.4615789062882,526.2847815775683,545.3701271911505,483.50786485436356,436.8841813458126,320.0,476.35229917620956,545.6866816528266,432.6657935014765,305.88122151214503,587.7788482177734,640.0,614.5424037150433,572.919392505687,471.639224732432,526.4523881180039,525.4973987187225,490.7833098789282,355.78511169284764,400.0550127696206,420.4835362405587,413.8780583899798,248.3090803014942,335.9641946228044,366.40674590164394,365.2566337856643,320.0,364.86822865718227,479.41322185928607,563.8917407028197,603.3267314849463,528.024696377666,597.9455024627018,540.3385837197941,492.96794650045865,544.606301463923,632.9457905552184,577.0456318977774,518.6645639899139,543.1366947895697,640.0,592.4091513838116,551.4957524291635,526.0185809888944,541.5161058936771,474.27126834850367,425.98144858135635,320.0,478.8225859012612,543.02752399596,416.04614989934754,283.79081855518086,584.2760303875639,640.0,618.152940877375,580.2880208562045,466.04649657827895,526.2286648007637,526.805538542608,491.89136469005746,349.2497174566709,399.8485706427658,419.85869366756265,412.5923032654844,242.72831696623578,335.1353550107817,365.43324466056663,363.92912033687946,320.0,367.0672638263591,485.3629924673389,571.1653145475942,612.2487899093297,529.0842863943845,596.7807127057947,538.591395195413,494.12721620207043,544.8020643993789,631.5581053009537,576.1378303964877,520.0131554011062,542.8454437918122,640.0,593.7257072819052,554.5306354775117,526.2454289865587,537.4863762362224,470.04861202920324,423.0781163810143,320.0,482.07144733143804,545.741497601681,420.8766651154004,289.55678325738273,580.2979352799421,640.0,622.9768646297465,584.0064139484949,464.42442645385137,528.9572265202025,533.2070203246601,497.32927239467904,348.09420026079704,398.0883484543398,420.4299004271358,413.3113391421344,241.40867265363295,335.9725748409184,369.3470397692453,368.9461679883148,320.0,367.82545067402407,486.0277255229332,569.3452204014027,605.7684100564439,529.7613272206219,596.740825659645,539.8918612841,495.7841035435272,545.7043270490526,630.5708084613924,576.1333309268682,518.8428874711524,544.2241248276968,640.0,595.6588557301668,556.8571970958025,527.7932678267423,539.6877698439328,474.2537439197795,427.6796319326039
320.0,477.3893898670944,541.5082371422038,429.98763848705687,308.22574177362856,575.6876105383278,640.0,631.4618731834707,593.5445726992839,462.87390262574445,523.2268961776523,537.2199078907106,507.55616534600637,351.1164578244842,398.4611186782571,428.56673836123235,421.295031422988,247.20303923095702,337.49692066869267,370.66846068784804,364.8591903264257,320.0,367.8542014936319,482.7780489122836,563.9431057833419,599.710331139574,526.7790335736947,597.0272145661272,543.7165135781206,495.32435072816054,543.2103907510445,632.6186075275135,577.8830294291965,517.085367914276,542.502806885425,640.0,594.1923160385734,551.4615789062882,526.2847815775683,545.3701271911505,483.50786485436356,436.8841813458126,320.0,476.35229917620956,545.6866816528266,432.6657935014765,305.88122151214503,587.7788482177734,640.0,614.5424037150433,572.919392505687,471.639224732432,526.4523881180039,525.4973987187225,490.7833098789282,355.78511169284764,400.0550127696206,420.4835362405587,413.8780583899798,248.3090803014942,335.9641946228044,366.40674590164394,365.2566337856643,320.0,364.86822865718227,479.41322185928607,563.8917407028197,603.3267314849463,528.024696377666,597.9455024627018,540.3385837197941,492.96794650045865,544.606301463923,632.9457905552184,577.0456318977774,518.6645639899139,543.1366947895697,640.0,592.4091513838116,551.4957524291635,526.0185809888944,541.5161058936771,474.27126834850367,425.98144858135635,320.0,478.8225859012612,543.02752399596,416.04614989934754,283.79081855518086,584.2760303875639,640.0,618.152940877375,580.2880208562045,466.04649657827895,526.2286648007637,526.805538542608,491.89136469005746,349.2497174566709,399.8485706427658,419.85869366756265,412.5923032654844,242.72831696623578,335.1353550107817,365.43324466056663,363.92912033687946,320.0,367.0672638263591,485.3629924673389,571.1653145475942,612.2487899093297,529.0842863943845,596.7807127057947,538.591395195413,494.12721620207043,544.8020643993789,631.5581053009537,576.1378303964877,520.0131554011062,542.8454437918122,640.0,593.7257072819052,554.5306354775117,526.2454289865587,537.4863762362224,470.04861202920324,423.0781163810143,320.0,482.07144733143804,545.741497601681,420.8766651154004,289.55678325738273,580.2979352799421,640.0,622.9768646297465,584.0064139484949,464.42442645385137,528.9572265202025,533.2070203246601,497.32927239467904,348.09420026079704,398.0883484543398,420.4299004271358,413.3113391421344,241.40867265363295,335.9725748409184,369.3470397692453,368.9461679883148,320.0,367.82545067402407,486.0277255229332,569.3452204014027,605.7684100564439,529.7613272206219,596.740825659645,539.8918612841,495.7841035435272,545.7043270490526,630.5708084613924,576.1333309268682,518.8428874711524,544.2241248276968,640.0,595.6588557301668,556.8571970958025,527.7932678267423,539.6877698439328,474.2537439197795,427.6796319326039,320.0,473.6809478895019,533.9488134689843,416.67033499888817,296.2423339872206,578.5728131883427,640.0,624.4386970762921,583.7626904020021,464.7601674570084,528.2363997761657,534.6324925214117,499.9468252140599,350.3791773015296,397.7011382391666,421.5113113825614,414.200146092038,243.30772290493437,336.9375329230459,370.7258714740868,369.9167184853956,320.0,364.8365900993314,481.5410704387101,564.9368136647792,605.7366070191488,528.5449967708903,595.0746313908579,538.6727017275275,491.0962531135126,544.5151135697913,631.1390840499805,575.746370959986,516.6192574906053,542.7976858210518,640.0,596.0622531915373,558.1802578875744,525.6451074288865,538.0964238330569,471.14636924301044,423.68648371747406
320.0,476.35229917620956,545.6866816528266,432.6657935014765,305.88122151214503,587.7788482177734,640.0,614.5424037150433,572.919392505687,471.639224732432,526.4523881180039,525.4973987187225,490.7833098789282,355.78511169284764,400.0550127696206,420.4835362405587,413.8780583899798,248.3090803014942,335.9641946228044,366.40674590164394,365.2566337856643,320.0,364.86822865718227,479.41322185928607,563.8917407028197,603.3267314849463,528.024696377666,597.9455024627018,540.3385837197941,492.96794650045865,544.606301463923,632.9457905552184,577.0456318977774,518.6645639899139,543.1366947895697,640.0,592.4091513838116,551.4957524291635,526.0185809888944,541.5161058936771,474.27126834850367,425.98144858135635,320.0,478.8225859012612,543.02752399596,416.04614989934754,283.79081855518086,584.2760303875639,640.0,618.152940877375,580.2880208562045,466.04649657827895,526.2286648007637,526.805538542608,491.89136469005746,349.2497174566709,399.8485706427658,419.85869366756265,412.5923032654844,242.72831696623578,335.1353550107817,365.43324466056663,363.92912033687946,320.0,367.0672638263591,485.3629924673389,571.1653145475942,612.2487899093297,529.0842863943845,596.7807127057947,538.591395195413,494.12721620207043,544.8020643993789,631.5581053009537,576.1378303964877,520.0131554011062,542.8454437918122,640.0,593.7257072819052,554.5306354775117,526.2454289865587,537.4863762362224,470.04861202920324,423.0781163810143,320.0,482.07144733143804,545.741497601681,420.8766651154004,289.55678325738273,580.2979352799421,640.0,622.9768646297465,584.0064139484949,464.42442645385137,528.9572265202025,533.2070203246601,497.32927239467904,348.09420026079704,398.0883484543398,420.4299004271358,413.3113391421344,241.40867265363295,335.9725748409184,369.3470397692453,368.9461679883148,320.0,367.82545067402407,486.0277255229332,569.3452204014027,605.7684100564439,529.7613272206219,596.740825659645,539.8918612841,495.7841035435272,545.7043270490526,630.5708084613924,576.1333309268682,518.8428874711524,544.2241248276968,640.0,595.6588557301668,556.8571970958025,527.7932678267423,539.6877698439328,474.2537439197795,427.6796319326039,320.0,473.6809478895019,533.9488134689843,416.67033499888817,296.2423339872206,578.5728131883427,640.0,624.4386970762921,583.7626904020021,464.7601674570084,528.2363997761657,534.6324925214117,499.9468252140599,350.3791773015296,397.7011382391666,421.5113113825614,414.200146092038,243.30772290493437,336.9375329230459,370.7258714740868,369.9167184853956,320.0,364.8365900993314,481.5410704387101,564.9368136647792,605.7366070191488,528.5449967708903,595.0746313908579,538.6727017275275,491.0962531135126,544.5151135697913,631.1390840499805,575.746370959986,516.6192574906053,542.7976858210518,640.0,596.0622531915373,558.1802578875744,525.6451074288865,538.0964238330569,471.14636924301044,423.68648371747406,320.0,480.33066502532216,546.1065878042562,433.57283335224025,312.8407427832695,584.339192229372,640.0,617.0311806785596,575.253451821634,469.0664890540217,527.086879315128,528.7826158254214,495.69778294941074,353.21925539717427,402.52752078730623,421.53914236005426,416.47385735802686,248.18422894060274,340.8876064636926,371.40331586035245,372.3079722394132,320.0,364.30013904304224,479.00188756031775,562.1311280518717,604.24379189607,522.5737896144987,592.3035524379718,537.6685018217478,490.7712283589498,540.4931325564905,628.7202738403964,575.2167962526512,515.4169158704832,541.2895078705575,640.0,593.575859441381,550.6419421927769,526.16024276006,537.7063026979015,471.34814306759165,423.18001382332085
320.0,478.8225859012612,543.02752399596,416.04614989934754,283.79081855518086,584.2760303875639,640.0,618.152940877375,580.2880208562045,466.04649657827895,526.2286648007637,526.805538542608,491.89136469005746,349.2497174566709,399.8485706427658,419.85869366756265,412.5923032654844,242.72831696623578,335.1353550107817,365.43324466056663,363.92912033687946,320.0,367.0672638263591,485.3629924673389,571.1653145475942,612.2487899093297,529.0842863943845,596.7807127057947,538.591395195413,494.12721620207043,544.8020643993789,631.5581053009537,576.1378303964877,520.0131554011062,542.8454437918122,640.0,593.7257072819052,554.5306354775117,526.2454289865587,537.4863762362224,470.04861202920324,423.0781163810143,320.0,482.07144733143804,545.741497601681,420.8766651154004,289.55678325738273,580.2979352799421,640.0,622.9768646297465,584.0064139484949,464.42442645385137,528.9572265202025,533.2070203246601,497.32927239467904,348.09420026079704,398.0883484543398,420.4299004271358,413.3113391421344,241.40867265363295,335.9725748409184,369.3470397692453,368.9461679883148,320.0,367.82545067402407,486.0277255229332,569.3452204014027,605.7684100564439,529.7613272206219,596.740825659645,539.8918612841,495.7841035435272,545.7043270490526,630.5708084613924,576.1333309268682,518.8428874711524,544.2241248276968,640.0,595.6588557301668,556.8571970958025,527.7932678267423,539.6877698439328,474.2537439197795,427.6796319326039,320.0,473.6809478895019,533.9488134689843,416.67033499888817,296.2423339872206,578.5728131883427,640.0,624.4386970762921,583.7626904020021,464.7601674570084,528.2363997761657,534.6324925214117,499.9468252140599,350.3791773015296,397.7011382391666,421.5113113825614,414.200146092038,243.30772290493437,336.9375329230459,370.7258714740868,369.9167184853956,320.0,364.8365900993314,481.5410704387101,564.9368136647792,605.7366070191488,528.5449967708903,595.0746313908579,538.6727017275275,491.0962531135126,544.5151135697913,631.1390840499805,575.746370959986,516.6192574906053,542.7976858210518,640.0,596.0622531915373,558.1802578875744,525.6451074288865,538.0964238330569,471.14636924301044,423.68648371747406,320.0,480.33066502532216,546.1065878042562,433.57283335224025,312.8407427832695,584.339192229372,640.0,617.0311806785596,575.253451821634,469.0664890540217,527.086879315128,528.7826158254214,495.69778294941074,353.21925539717427,402.52752078730623,421.53914236005426,416.47385735802686,248.18422894060274,340.8876064636926,371.40331586035245,372.3079722394132,320.0,364.30013904304224,479.00188756031775,562.1311280518717,604.24379189607,522.5737896144987,592.3035524379718,537.6685018217478,490.7712283589498,540.4931325564905,628.7202738403964,575.2167962526512,515.4169158704832,541.2895078705575,640.0,593.575859441381,550.6419421927769,526.16024276006,537.7063026979015,471.34814306759165,423.18001382332085,320.0,477.90331594946593,543.6806871740525,430.74943246785847,312.527116044287,584.4525978191148,640.0,615.2799397607162,572.8091920684943,469.67543296985247,528.128242742003,528.7083247343614,494.1181247734055,355.16260702233876,404.65502412360206,423.02131243550775,416.4947653177901,250.87064729341552,342.5030761078729,371.3509998047801,370.3113143877067,320.0,365.44316034244014,481.7931968935978,566.3229126783757,607.5902674895327,523.7476425067762,593.6078836530256,536.4470898472507,488.7926462876894,541.2583769565674,628.9470589354759,573.8422733949182,514.4945903318935,541.4987383157523,640.0,592.3176874594855,549.3809118769275,526.0109478216768,539.2350201270598,473.43387885358277,426.3113543625868
320.0,482.07144733143804,545.741497601681,420.8766651154004,289.55678325738273,580.2979352799421,640.0,622.9768646297465,584.0064139484949,464.42442645385137,528.9572265202025,533.2070203246601,497.32927239467904,348.09420026079704,398.0883484543398,420.4299004271358,413.3113391421344,241.40867265363295,335.9725748409184,369.3470397692453,368.9461679883148,320.0,367.82545067402407,486.0277255229332,569.3452204014027,605.7684100564439,529.7613272206219,596.740825659645,539.8918612841,495.7841035435272,545.7043270490526,630.5708084613924,576.1333309268682,518.8428874711524,544.2241248276968,640.0,595.6588557301668,556.8571970958025,527.7932678267423,539.6877698439328,474.2537439197795,427.6796319326039,320.0,473.6809478895019,533.9488134689843,416.67033499888817,296.2423339872206,578.5728131883427,640.0,624.4386970762921,583.7626904020021,464.7601674570084,528.2363997761657,534.6324925214117,499.9468252140599,350.3791773015296,397.7011382391666,421.5113113825614,414.200146092038,243.30772290493437,336.9375329230459,370.7258714740868,369.9167184853956,320.0,364.8365900993314,481.5410704387101,564.9368136647792,605.7366070191488,528.5449967708903,595.0746313908579,538.6727017275275,491.0962531135126,544.5151135697913,631.1390840499805,575.746370959986,516.6192574906053,542.7976858210518,640.0,596.0622531915373,558.1802578875744,525.6451074288865,538.0964238330569,471.14636924301044,423.68648371747406,320.0,480.33066502532216,546.1065878042562,433.57283335224025,312.8407427832695,584.339192229372,640.0,617.0311806785596,575.253451821634,469.0664890540217,527.086879315128,528.7826158254214,495.69778294941074,353.21925539717427,402.52752078730623,421.53914236005426,416.47385735802686,248.18422894060274,340.8876064636926,371.40331586035245,372.3079722394132,320.0,364.30013904304224,479.00188756031775,562.1311280518717,604.24379189607,522.5737896144987,592.3035524379718,537.6685018217478,490.7712283589498,540.4931325564905,628.7202738403964,575.2167962526512,515.4169158704832,541.2895078705575,640.0,593.575859441381,550.6419421927769,526.16024276006,537.7063026979015,471.34814306759165,423.18001382332085,320.0,477.90331594946593,543.6806871740525,430.74943246785847,312.527116044287,584.4525978191148,640.0,615.2799397607162,572.8091920684943,469.67543296985247,528.128242742003,528.7083247343614,494.1181247734055,355.16260702233876,404.65502412360206,423.02131243550775,416.4947653177901,250.87064729341552,342.5030761078729,371.3509998047801,370.3113143877067,320.0,365.44316034244014,481.7931968935978,566.3229126783757,607.5902674895327,523.7476425067762,593.6078836530256,536.4470898472507,488.7926462876894,541.2583769565674,628.9470589354759,573.8422733949182,514.4945903318935,541.4987383157523,640.0,592.3176874594855,549.3809118769275,526.0109478216768,539.2350201270598,473.43387885358277,426.3113543625868,320.0,482.89158078009757,540.9213311076385,422.7462927931737,309.70440810378443,579.0708843661924,640.0,616.5126017809421,572.3450537560918,464.28674858181455,527.7080246649004,532.3366668558739,499.1124945120249,348.4663440876408,403.64269488248493,426.4574729713606,418.58249802201215,240.36077571876547,331.30220526822444,363.56016963779945,361.7300646046167,320.0,362.342971464383,474.43825776749344,558.4578301636657,603.9374812764067,522.5994373452613,593.3926634505128,539.4937484719826,493.83621031028656,540.2855972094528,628.7496599623289,574.7261965021745,516.9376293434432,540.5720208395745,640.0,590.8660544266879,545.4756567461752,525.8854925295014,543.6462368590505,482.05826954398793,437.3919541061055
320.0,473.6809478895019,533.9488134689843,416.67033499888817,296.2423339872206,578.5728131883427,640.0,624.4386970762921,583.7626904020021,464.7601674570084,528.2363997761657,534.6324925214117,499.9468252140599,350.3791773015296,397.7011382391666,421.5113113825614,414.200146092038,243.30772290493437,336.9375329230459,370.7258714740868,369.9167184853956,320.0,364.8365900993314,481.5410704387101,564.9368136647792,605.7366070191488,528.5449967708903,595.0746313908579,538.6727017275275,491.0962531135126,544.5151135697913,631.1390840499805,575.746370959986,516.6192574906053,542.7976858210518,640.0,596.0622531915373,558.1802578875744,525.6451074288865,538.0964238330569,471.14636924301044,423.68648371747406,320.0,480.33066502532216,546.1065878042562,433.57283335224025,312.8407427832695,584.339192229372,640.0,617.0311806785596,575.253451821634,469.0664890540217,527.086879315128,528.7826158254214,495.69778294941074,353.21925539717427,402.52752078730623,421.53914236005426,416.47385735802686,248.18422894060274,340.8876064636926,371.40331586035245,372.3079722394132,320.0,364.30013904304224,479.00188756031775,562.1311280518717,604.24379189607,522.5737896144987,592.3035524379718,537.6685018217478,490.7712283589498,540.4931325564905,628.7202738403964,575.2167962526512,515.4169158704832,541.2895078705575,640.0,593.575859441381,550.6419421927769,526.16024276006,537.7063026979015,471.34814306759165,423.18001382332085,320.0,477.90331594946593,543.6806871740525,430.74943246785847,312.527116044287,584.4525978191148,640.0,615.2799397607162,572.8091920684943,469.67543296985247,528.128242742003,528.7083247343614,494.1181247734055,355.16260702233876,404.65502412360206,423.02131243550775,416.4947653177901,250.87064729341552,342.5030761078729,371.3509998047801,370.3113143877067,320.0,365.44316034244014,481.7931968935978,566.3229126783757,607.5902674895327,523.7476425067762,593.6078836530256,536.4470898472507,488.7926462876894,541.2583769565674,628.9470589354759,573.8422733949182,514.4945903318935,541.4987383157523,640.0,592.3176874594855,549.3809118769275,526.0109478216768,539.2350201270598,473.43387885358277,426.3113543625868,320.0,482.89158078009757,540.9213311076385,422.7462927931737,309.70440810378443,579.0708843661924,640.0,616.5126017809421,572.3450537560918,464.28674858181455,527.7080246649004,532.3366668558739,499.1124945120249,348.4663440876408,403.64269488248493,426.4574729713606,418.58249802201215,240.36077571876547,331.30220526822444,363.56016963779945,361.7300646046167,320.0,362.342971464383,474.43825776749344,558.4578301636657,603.9374812764067,522.5994373452613,593.3926634505128,539.4937484719826,493.83621031028656,540.2855972094528,628.7496599623289,574.7261965021745,516.9376293434432,540.5720208395745,640.0,590.8660544266879,545.4756567461752,525.8854925295014,543.6462368590505,482.05826954398793,437.3919541061055,320.0,484.24320431806666,547.6611976716351,437.76329357700155,325.78898808452635,581.4792280450386,640.0,622.0734420962367,579.9713781833202,467.9987180168337,531.4062909724734,539.0903289680779,505.7827152791941,352.64820359538004,404.5032115277937,430.69625282718994,426.12590285835404,244.30696070013192,337.83953844035665,370.42668216015306,369.31261365174964,320.0,361.70908199831115,475.3037471995083,560.3430213024274,606.7060708343798,524.6111663795405,595.9343800161018,542.2075733559974,494.34016162572686,541.2449802093846,631.2338339844224,579.5037383244987,519.0709919877901,540.7276239916426,640.0,593.2704082045309,548.15332256528,524.978897806889,540.9466399891751,475.29248511851085,425.289894752443
320.0,480.33066502532216,546.1065878042562,433.57283335224025,312.8407427832695,584.339192229372,640.0,617.0311806785596,575.253451821634,469.0664890540217,527.086879315128,528.7826158254214,495.69778294941074,353.21925539717427,402.52752078730623,421.53914236005426,416.47385735802686,248.18422894060274,340.8876064636926,371.40331586035245,372.3079722394132,320.0,364.30013904304224,479.00188756031775,562.1311280518717,604.24379189607,522.5737896144987,592.3035524379718,537.6685018217478,490.7712283589498,540.4931325564905,628.7202738403964,575.2167962526512,515.4169158704832,541.2895078705575,640.0,593.575859441381,550.6419421927769,526.16024276006,537.7063026979015,471.34814306759165,423.18001382332085,320.0,477.90331594946593,543.6806871740525,430.74943246785847,312.527116044287,584.4525978191148,640.0,615.2799397607162,572.8091920684943,469.67543296985247,528.128242742003,528.7083247343614,494.1181247734055,355.16260702233876,404.65502412360206,423.02131243550775,416.4947653177901,250.87064729341552,342.5030761078729,371.3509998047801,370.3113143877067,320.0,365.44316034244014,481.7931968935978,566.3229126783757,607.5902674895327,523.7476425067762,593.6078836530256,536.4470898472507,488.7926462876894,541.2583769565674,628.9470589354759,573.8422733949182,514.4945903318935,541.4987383157523,640.0,592.3176874594855,549.3809118769275,526.0109478216768,539.2350201270598,473.43387885358277,426.3113543625868,320.0,482.89158078009757,540.9213311076385,422.7462927931737,309.70440810378443,579.0708843661924,640.0,616.5126017809421,572.3450537560918,464.28674858181455,527.7080246649004,532.3366668558739,499.1124945120249,348.4663440876408,403.64269488248493,426.4574729713606,418.58249802201215,240.36077571876547,331.30220526822444,363.56016963779945,361.7300646046167,320.0,362.342971464383,474.43825776749344,558.4578301636657,603.9374812764067,522.5994373452613,593.3926634505128,539.4937484719826,493.83621031028656,540.2855972094528,628.7496599623289,574.7261965021745,516.9376293434432,540.5720208395745,640.0,590.8660544266879,545.4756567461752,525.8854925295014,543.6462368590505,482.05826954398793,437.3919541061055,320.0,484.24320431806666,547.6611976716351,437.76329357700155,325.78898808452635,581.4792280450386,640.0,622.0734420962367,579.9713781833202,467.9987180168337,531.4062909724734,539.0903289680779,505.7827152791941,352.64820359538004,404.5032115277937,430.69625282718994,426.12590285835404,244.30696070013192,337.83953844035665,370.42668216015306,369.31261365174964,320.0,361.70908199831115,475.3037471995083,560.3430213024274,606.7060708343798,524.6111663795405,595.9343800161018,542.2075733559974,494.34016162572686,541.2449802093846,631.2338339844224,579.5037383244987,519.0709919877901,540.7276239916426,640.0,593.2704082045309,548.15332256528,524.978897806889,540.9466399891751,475.29248511851085,425.289894752443,320.0,477.63907113614437,540.0515726772471,426.24559591910213,311.68835979785365,586.61094579428,640.0,611.1157815286465,564.9124045891001,471.3544976178748,528.5113323867731,527.6713518119027,491.97634486898164,355.32660090909144,405.43926781847574,426.0594480739544,420.18162148896283,247.14377084829817,335.51935885495925,368.73109797708923,372.01193059510007,320.0,362.0464083653396,473.3372604769647,557.5501605329047,605.2184931811696,522.2910432326153,596.2269400307714,541.2371898756492,494.5658280905966,540.3008192021615,632.4275245642834,578.7538387828997,518.6652947844914,539.9365897208324,640.0,590.8706302890989,544.5016411096885,524.0592701970816,539.61969541074,475.63490131088054,428.6670314546751
320.0,477.90331594946593,543.6806871740525,430.74943246785847,312.527116044287,584.4525978191148,640.0,615.2799397607162,572.8091920684943,469.67543296985247,528.128242742003,528.7083247343614,494.1181247734055,355.16260702233876,404.65502412360206,423.02131243550775,416.4947653177901,250.87064729341552,342.5030761078729,371.3509998047801,370.3113143877067,320.0,365.44316034244014,481.7931968935978,566.3229126783757,607.5902674895327,523.7476425067762,593.6078836530256,536.4470898472507,488.7926462876894,541.2583769565674,628.9470589354759,573.8422733949182,514.4945903318935,541.4987383157523,640.0,592.3176874594855,549.3809118769275,526.0109478216768,539.2350201270598,473.43387885358277,426.3113543625868,320.0,482.89158078009757,540.9213311076385,422.7462927931737,309.70440810378443,579.0708843661924,640.0,616.5126017809421,572.3450537560918,464.28674858181455,527.7080246649004,532.3366668558739,499.1124945120249,348.4663440876408,403.64269488248493,426.4574729713606,418.58249802201215,240.36077571876547,331.30220526822444,363.56016963779945,361.7300646046167,320.0,362.342971464383,474.43825776749344,558.4578301636657,603.9374812764067,522.5994373452613,593.3926634505128,539.4937484719826,493.83621031028656,540.2855972094528,628.7496599623289,574.7261965021745,516.9376293434432,540.5720208395745,640.0,590.8660544266879,545.4756567461752,525.8854925295014,543.6462368590505,482.05826954398793,437.3919541061055,320.0,484.24320431806666,547.6611976716351,437.76329357700155,325.78898808452635,581.4792280450386,640.0,622.0734420962367,579.9713781833202,467.9987180168337,531.4062909724734,539.0903289680779,505.7827152791941,352.64820359538004,404.5032115277937,430.69625282718994,426.12590285835404,244.30696070013192,337.83953844035665,370.42668216015306,369.31261365174964,320.0,361.70908199831115,475.3037471995083,560.3430213024274,606.7060708343798,524.6111663795405,595.9343800161018,542.2075733559974,494.34016162572686,541.2449802093846,631.2338339844224,579.5037383244987,519.0709919877901,540.7276239916426,640.0,593.2704082045309,548.15332256528,524.978897806889,540.9466399891751,475.29248511851085,425.289894752443,320.0,477.63907113614437,540.0515726772471,426.24559591910213,311.68835979785365,586.61094579428,640.0,611.1157815286465,564.9124045891001,471.3544976178748,528.5113323867731,527.6713518119027,491.97634486898164,355.32660090909144,405.43926781847574,426.0594480739544,420.18162148896283,247.14377084829817,335.51935885495925,368.73109797708923,372.01193059510007,320.0,362.0464083653396,473.3372604769647,557.5501605329047,605.2184931811696,522.2910432326153,596.2269400307714,541.2371898756492,494.5658280905966,540.3008192021615,632.4275245642834,578.7538387828997,518.6652947844914,539.9365897208324,640.0,590.8706302890989,544.5016411096885,524.0592701970816,539.61969541074,475.63490131088054,428.6670314546751,320.0,479.7285065323325,554.4280722081555,460.6366819368593,352.0484919252446,590.141680863306,640.0,616.2595147538914,576.9709565782896,477.00257145610465,528.593724024095,528.0000631170466,494.8681220029969,362.4494598702381,402.0384551877422,423.5885985817825,417.9098677303392,252.93417061101246,334.28374831852244,367.0705293547804,368.1776023524625,320.0,362.78085985153433,473.7364537480653,561.8208704070481,610.5171393716348,526.860796173095,601.6697769051866,549.1979635916686,502.7086471198535,544.2578414483457,635.447173118064,583.8209343865676,526.8480445456851,543.2221967755429,640.0,597.8484683823287,556.8468856087147,525.8004983539663,547.0816184958813,484.4903970394086,435.45826437732154
320.0,482.89158078009757,540.9213311076385,422.7462927931737,309.70440810378443,579.0708843661924,640.0,616.5126017809421,572.3450537560918,464.28674858181455,527.7080246649004,532.3366668558739,499.1124945120249,348.4663440876408,403.64269488248493,426.4574729713606,418.58249802201215,240.36077571876547,331.30220526822444,363.56016963779945,361.7300646046167,320.0,362.342971464383,474.43825776749344,558.4578301636657,603.9374812764067,522.5994373452613,593.3926634505128,539.4937484719826,493.83621031028656,540.2855972094528,628.7496599623289,574.7261965021745,516.9376293434432,540.5720208395745,640.0,590.8660544266879,545.4756567461752,525.8854925295014,543.6462368590505,482.05826954398793,437.3919541061055,320.0,484.24320431806666,547.6611976716351,437.76329357700155,325.78898808452635,581.4792280450386,640.0,622.0734420962367,579.9713781833202,467.9987180168337,531.4062909724734,539.0903289680779,505.7827152791941,352.64820359538004,404.5032115277937,430.69625282718994,426.12590285835404,244.30696070013192,337.83953844035665,370.42668216015306,369.31261365174964,320.0,361.70908199831115,475.3037471995083,560.3430213024274,606.7060708343798,524.6111663795405,595.9343800161018,542.2075733559974,494.34016162572686,541.2449802093846,631.2338339844224,579.5037383244987,519.0709919877901,540.7276239916426,640.0,593.2704082045309,548.15332256528,524.978897806889,540.9466399891751,475.29248511851085,425.289894752443,320.0,477.63907113614437,540.0515726772471,426.24559591910213,311.68835979785365,586.61094579428,640.0,611.1157815286465,564.9124045891001,471.3544976178748,528.5113323867731,527.6713518119027,491.97634486898164,355.32660090909144,405.43926781847574,426.0594480739544,420.18162148896283,247.14377084829817,335.51935885495925,368.73109797708923,372.01193059510007,320.0,362.0464083653396,473.3372604769647,557.5501605329047,605.2184931811696,522.2910432326153,596.2269400307714,541.2371898756492,494.5658280905966,540.3008192021615,632.4275245642834,578.7538387828997,518.6652947844914,539.9365897208324,640.0,590.8706302890989,544.5016411096885,524.0592701970816,539.61969541074,475.63490131088054,428.6670314546751,320.0,479.7285065323325,554.4280722081555,460.6366819368593,352.0484919252446,590.141680863306,640.0,616.2595147538914,576.9709565782896,477.00257145610465,528.593724024095,528.0000631170466,494.8681220029969,362.4494598702381,402.0384551877422,423.5885985817825,417.9098677303392,252.93417061101246,334.28374831852244,367.0705293547804,368.1776023524625,320.0,362.78085985153433,473.7364537480653,561.8208704070481,610.5171393716348,526.860796173095,601.6697769051866,549.1979635916686,502.7086471198535,544.2578414483457,635.447173118064,583.8209343865676,526.8480445456851,543.2221967755429,640.0,597.8484683823287,556.8468856087147,525.8004983539663,547.0816184958813,484.4903970394086,435.45826437732154,320.0,475.63120554428514,537.4409482060257,411.3331979361823,288.10584710314754,590.8794957749243,640.0,600.1702352943861,554.5942763516705,471.31699591754773,529.7202071120016,520.3860187989055,485.4630468466536,354.76378141423083,410.83810075830013,421.8490839013548,412.6686093875865,247.18164744863844,336.6164251957364,360.8557404208417,358.2292791014497,320.0,359.6445146019048,471.4537523197033,556.4129530328735,597.0942675520614,522.8341087492479,592.9252320305754,532.5616830517706,486.47808052167704,542.0084405821331,630.1741818866478,570.5571877314843,513.333094558463,541.3624077882668,640.0,585.584915737115,539.5453003574285,524.9302103770901,537.7673081934063,471.1439846421756,426.26853914358026
320.0,484.24320431806666,547.6611976716351,437.76329357700155,325.78898808452635,581.4792280450386,640.0,622.0734420962367,579.9713781833202,467.9987180168337,531.4062909724734,539.0903289680779,505.7827152791941,352.64820359538004,404.5032115277937,430.69625282718994,426.12590285835404,244.30696070013192,337.83953844035665,370.42668216015306,369.31261365174964,320.0,361.70908199831115,475.3037471995083,560.3430213024274,606.7060708343798,524.6111663795405,595.9343800161018,542.2075733559974,494.34016162572686,541.2449802093846,631.2338339844224,579.5037383244987,519.0709919877901,540.7276239916426,640.0,593.2704082045309,548.15332256528,524.978897806889,540.9466399891751,475.29248511851085,425.289894752443,320.0,477.63907113614437,540.0515726772471,426.24559591910213,311.68835979785365,586.61094579428,640.0,611.1157815286465,564.9124045891001,471.3544976178748,528.5113323867731,527.6713518119027,491.97634486898164,355.32660090909144,405.43926781847574,426.0594480739544,420.18162148896283,247.14377084829817,335.51935885495925,368.73109797708923,372.01193059510007,320.0,362.0464083653396,473.3372604769647,557.5501605329047,605.2184931811696,522.2910432326153,596.2269400307714,541.2371898756492,494.5658280905966,540.3008192021615,632.4275245642834,578.7538387828997,518.6652947844914,539.9365897208324,640.0,590.8706302890989,544.5016411096885,524.0592701970816,539.61969541074,475.63490131088054,428.6670314546751,320.0,479.7285065323325,554.4280722081555,460.6366819368593,352.0484919252446,590.141680863306,640.0,616.2595147538914,576.9709565782896,477.00257145610465,528.593724024095,528.0000631170466,494.8681220029969,362.4494598702381,402.0384551877422,423.5885985817825,417.9098677303392,252.93417061101246,334.28374831852244,367.0705293547804,368.1776023524625,320.0,362.78085985153433,473.7364537480653,561.8208704070481,610.5171393716348,526.860796173095,601.6697769051866,549.1979635916686,502.7086471198535,544.2578414483457,635.447173118064,583.8209343865676,526.8480445456851,543.2221967755429,640.0,597.8484683823287,556.8468856087147,525.8004983539663,547.0816184958813,484.4903970394086,435.45826437732154,320.0,475.63120554428514,537.4409482060257,411.3331979361823,288.10584710314754,590.8794957749243,640.0,600.1702352943861,554.5942763516705,471.31699591754773,529.7202071120016,520.3860187989055,485.4630468466536,354.76378141423083,410.83810075830013,421.8490839013548,412.6686093875865,247.18164744863844,336.6164251957364,360.8557404208417,358.2292791014497,320.0,359.6445146019048,471.4537523197033,556.4129530328735,597.0942675520614,522.8341087492479,592.9252320305754,532.5616830517706,486.47808052167704,542.0084405821331,630.1741818866478,570.5571877314843,513.333094558463,541.3624077882668,640.0,585.584915737115,539.5453003574285,524.9302103770901,537.7673081934063,471.1439846421756,426.26853914358026,320.0,473.02836941556444,533.5410448012614,413.1487108996862,294.7050196189411,592.9585632691198,640.0,597.1162065704923,552.6156416977178,473.4096529233008,525.256483683824,515.1878679253334,485.50633039329966,355.96840306086926,408.47178892849365,420.65165879438405,415.6363971224056,246.94719394114992,333.71704253727825,358.57144461439293,358.4343478583124,320.0,360.5747419000921,470.49376792466586,553.247660215788,594.733089746338,526.8298254215584,593.2550472846629,534.0690132107161,488.5460179027273,545.330818004365,631.8204715237664,573.4971004008314,516.6455197994838,543.0272400347699,640.0,587.50347196603,542.4394878124278,524.5826196938732,537.8947814200374,472.3133269795227,427.65805904328727
320.0,477.63907113614437,540.0515726772471,426.24559591910213,311.68835979785365,586.61094579428,640.0,611.1157815286465,564.9124045891001,471.3544976178748,528.5113323867731,527.6713518119027,491.97634486898164,355.32660090909144,405.43926781847574,426.0594480739544,420.18162148896283,247.14377084829817,335.51935885495925,368.73109797708923,372.01193059510007,320.0,362.0464083653396,473.3372604769647,557.5501605329047,605.2184931811696,522.2910432326153,596.2269400307714,541.2371898756492,494.5658280905966,540.3008192021615,632.4275245642834,578.7538387828997,518.6652947844914,539.9365897208324,640.0,590.8706302890989,544.5016411096885,524.0592701970816,539.61969541074,475.63490131088054,428.6670314546751,320.0,479.7285065323325,554.4280722081555,460.6366819368593,352.0484919252446,590.141680863306,640.0,616.2595147538914,576.9709565782896,477.00257145610465,528.593724024095,528.0000631170466,494.8681220029969,362.4494598702381,402.0384551877422,423.5885985817825,417.9098677303392,252.93417061101246,334.28374831852244,367.0705293547804,368.1776023524625,320.0,362.78085985153433,473.7364537480653,561.8208704070481,610.5171393716348,526.860796173095,601.6697769051866,549.1979635916686,502.7086471198535,544.2578414483457,635.447173118064,583.8209343865676,526.8480445456851,543.2221967755429,640.0,597.8484683823287,556.8468856087147,525.8004983539663,547.0816184958813,484.4903970394086,435.45826437732154,320.0,475.63120554428514,537.4409482060257,411.3331979361823,288.10584710314754,590.8794957749243,640.0,600.1702352943861,554.5942763516705,471.31699591754773,529.7202071120016,520.3860187989055,485.4630468466536,354.76378141423083,410.83810075830013,421.8490839013548,412.6686093875865,247.18164744863844,336.6164251957364,360.8557404208417,358.2292791014497,320.0,359.6445146019048,471.4537523197033,556.4129530328735,597.0942675520614,522.8341087492479,592.9252320305754,532.5616830517706,486.47808052167704,542.0084405821331,630.1741818866478,570.5571877314843,513.333094558463,541.3624077882668,640.0,585.584915737115,539.5453003574285,524.9302103770901,537.7673081934063,471.1439846421756,426.26853914358026,320.0,473.02836941556444,533.5410448012614,413.1487108996862,294.7050196189411,592.9585632691198,640.0,597.1162065704923,552.6156416977178,473.4096529233008,525.256483683824,515.1878679253334,485.50633039329966,355.96840306086926,408.47178892849365,420.65165879438405,415.6363971224056,246.94719394114992,333.71704253727825,358.57144461439293,358.4343478583124,320.0,360.5747419000921,470.49376792466586,553.247660215788,594.733089746338,526.8298254215584,593.2550472846629,534.0690132107161,488.5460179027273,545.330818004365,631.8204715237664,573.4971004008314,516.6455197994838,543.0272400347699,640.0,587.50347196603,542.4394878124278,524.5826196938732,537.8947814200374,472.3133269795227,427.65805904328727,320.0,481.5784806187023,548.5957274024298,436.25284871443915,315.1137422096096,584.1320665687256,640.0,618.7956366005285,578.4044521934683,467.7478562831235,526.1505682927346,532.6526091045081,501.32180349977745,352.882335683697,403.41673945320304,431.07281219288825,427.6118988417738,246.84070736242785,340.95127819850813,372.8724969518895,372.09075281915364,320.0,362.7092140842865,477.9125418358956,562.8127737420465,604.8024861239143,529.6953468664552,595.9188843242084,534.2330074996398,487.553470135324,546.9647719805806,629.9829693244528,568.9251640884177,510.79083847418644,545.6414923837798,640.0,587.0670858078713,543.1319053289966,528.8607096648327,541.3678093844776,474.1432125382455,427.96069231837373
320.0,479.7285065323325,554.4280722081555,460.6366819368593,352.0484919252446,590.141680863306,640.0,616.2595147538914,576.9709565782896,477.00257145610465,528.593724024095,528.0000631170466,494.8681220029969,362.4494598702381,402.0384551877422,423.5885985817825,417.9098677303392,252.93417061101246,334.28374831852244,367.0705293547804,368.1776023524625,320.0,362.78085985153433,473.7364537480653,561.8208704070481,610.5171393716348,526.860796173095,601.6697769051866,549.1979635916686,502.7086471198535,544.2578414483457,635.447173118064,583.8209343865676,526.8480445456851,543.2221967755429,640.0,597.8484683823287,556.8468856087147,525.8004983539663,547.0816184958813,484.4903970394086,435.45826437732154,320.0,475.63120554428514,537.4409482060257,411.3331979361823,288.10584710314754,590.8794957749243,640.0,600.1702352943861,554.5942763516705,471.31699591754773,529.7202071120016,520.3860187989055,485.4630468466536,354.76378141423083,410.83810075830013,421.8490839013548,412.6686093875865,247.18164744863844,336.6164251957364,360.8557404208417,358.2292791014497,320.0,359.6445146019048,471.4537523197033,556.4129530328735,597.0942675520614,522.8341087492479,592.9252320305754,532.5616830517706,486.47808052167704,542.0084405821331,630.1741818866478,570.5571877314843,513.333094558463,541.3624077882668,640.0,585.584915737115,539.5453003574285,524.9302103770901,537.7673081934063,471.1439846421756,426.26853914358026,320.0,473.02836941556444,533.5410448012614,413.1487108996862,294.7050196189411,592.9585632691198,640.0,597.1162065704923,552.6156416977178,473.4096529233008,525.256483683824,515.1878679253334,485.50633039329966,355.96840306086926,408.47178892849365,420.65165879438405,415.6363971224056,246.94719394114992,333.71704253727825,358.57144461439293,358.4343478583124,320.0,360.5747419000921,470.49376792466586,553.247660215788,594.733089746338,526.8298254215584,593.2550472846629,534.0690132107161,488.5460179027273,545.330818004365,631.8204715237664,573.4971004008314,516.6455197994838,543.0272400347699,640.0,587.50347196603,542.4394878124278,524.5826196938732,537.8947814200374,472.3133269795227,427.65805904328727,320.0,481.5784806187023,548.5957274024298,436.25284871443915,315.1137422096096,584.1320665687256,640.0,618.7956366005285,578.4044521934683,467.7478562831235,526.1505682927346,532.6526091045081,501.32180349977745,352.882335683697,403.41673945320304,431.07281219288825,427.6118988417738,246.84070736242785,340.95127819850813,372.8724969518895,372.09075281915364,320.0,362.7092140842865,477.9125418358956,562.8127737420465,604.8024861239143,529.6953468664552,595.9188843242084,534.2330074996398,487.553470135324,546.9647719805806,629.9829693244528,568.9251640884177,510.79083847418644,545.6414923837798,640.0,587.0670858078713,543.1319053289966,528.8607096648327,541.3678093844776,474.1432125382455,427.96069231837373,320.0,478.16025973831836,543.9809945328235,426.57633090302994,309.1091129766244,592.3303142835953,640.0,608.5180783642052,572.212300543498,471.6181842120545,521.4820538737381,514.5105614995553,483.8171919675224,353.93680981136544,400.57637344915076,415.02770384910156,405.4263552520599,242.37766121673855,321.7778299063583,350.5224491157019,347.8064887433888,320.0,363.7267291467213,470.37712771908116,552.553715688768,597.7711488631127,535.8634284058994,606.1352699845819,547.0473486139008,500.1579888465339,553.1288358192868,639.2580406083175,579.2284192181,522.3933756402442,548.9963393474702,640.0,585.7432785606712,539.1612691543171,527.8834157211149,546.4845974182278,481.6174502699796,434.93221326738336
320.0,475.63120554428514,537.4409482060257,411.3331979361823,288.10584710314754,590.8794957749243,640.0,600.1702352943861,554.5942763516705,471.31699591754773,529.7202071120016,520.3860187989055,485.4630468466536,354.76378141423083,410.83810075830013,421.8490839013548,412.6686093875865,247.18164744863844,336.6164251957364,360.8557404208417,358.2292791014497,320.0,359.6445146019048,471.4537523197033,556.4129530328735,597.0942675520614,522.8341087492479,592.9252320305754,532.5616830517706,486.47808052167704,542.0084405821331,630.1741818866478,570.5571877314843,513.333094558463,541.3624077882668,640.0,585.584915737115,539.5453003574285,524.9302103770901,537.7673081934063,471.1439846421756,426.26853914358026,320.0,473.02836941556444,533.5410448012614,413.1487108996862,294.7050196189411,592.9585632691198,640.0,597.1162065704923,552.6156416977178,473.4096529233008,525.256483683824,515.1878679253334,485.50633039329966,355.96840306086926,408.47178892849365,420.65165879438405,415.6363971224056,246.94719394114992,333.71704253727825,358.57144461439293,358.4343478583124,320.0,360.5747419000921,470.49376792466586,553.247660215788,594.733089746338,526.8298254215584,593.2550472846629,534.0690132107161,488.5460179027273,545.330818004365,631.8204715237664,573.4971004008314,516.6455197994838,543.0272400347699,640.0,587.50347196603,542.4394878124278,524.5826196938732,537.8947814200374,472.3133269795227,427.65805904328727,320.0,481.5784806187023,548.5957274024298,436.25284871443915,315.1137422096096,584.1320665687256,640.0,618.7956366005285,578.4044521934683,467.7478562831235,526.1505682927346,532.6526091045081,501.32180349977745,352.882335683697,403.41673945320304,431.07281219288825,427.6118988417738,246.84070736242785,340.95127819850813,372.8724969518895,372.09075281915364,320.0,362.7092140842865,477.9125418358956,562.8127737420465,604.8024861239143,529.6953468664552,595.9188843242084,534.2330074996398,487.553470135324,546.9647719805806,629.9829693244528,568.9251640884177,510.79083847418644,545.6414923837798,640.0,587.0670858078713,543.1319053289966,528.8607096648327,541.3678093844776,474.1432125382455,427.96069231837373,320.0,478.16025973831836,543.9809945328235,426.57633090302994,309.1091129766244,592.3303142835953,640.0,608.5180783642052,572.212300543498,471.6181842120545,521.4820538737381,514.5105614995553,483.8171919675224,353.93680981136544,400.57637344915076,415.02770384910156,405.4263552520599,242.37766121673855,321.7778299063583,350.5224491157019,347.8064887433888,320.0,363.7267291467213,470.37712771908116,552.553715688768,597.7711488631127,535.8634284058994,606.1352699845819,547.0473486139008,500.1579888465339,553.1288358192868,639.2580406083175,579.2284192181,522.3933756402442,548.9963393474702,640.0,585.7432785606712,539.1612691543171,527.8834157211149,546.4845974182278,481.6174502699796,434.93221326738336,320.0,481.4719886190332,545.7593768732254,425.0487730484009,308.14061806280966,595.2213600396638,640.0,604.7580072473581,566.0617780169748,474.75891405038294,527.1546994183507,516.2108823428964,480.6756977967042,355.9604633881223,405.60258238658776,416.6475845476054,403.70889503107276,241.9499326963729,322.4864774471022,348.7802792717783,343.0899843017087,320.0,364.36060727629865,475.81867437496294,560.764311580245,606.0593018076061,534.9408815123988,606.5165922316598,545.0898312304669,497.54452152150293,552.0255974948037,637.316513944276,575.8384233416846,518.2566710326938,548.6041908547229,640.0,583.5563903848215,535.1332346770602,529.2278862494941,544.4792604853286,478.71353636688093,432.54821006170005
320.0,473.02836941556444,533.5410448012614,413.1487108996862,294.7050196189411,592.9585632691198,640.0,597.1162065704923,552.6156416977178,473.4096529233008,525.256483683824,515.1878679253334,485.50633039329966,355.96840306086926,408.47178892849365,420.65165879438405,415.6363971224056,246.94719394114992,333.71704253727825,358.57144461439293,358.4343478583124,320.0,360.5747419000921,470.49376792466586,553.247660215788,594.733089746338,526.8298254215584,593.2550472846629,534.0690132107161,488.5460179027273,545.330818004365,631.8204715237664,573.4971004008314,516.6455197994838,543.0272400347699,640.0,587.50347196603,542.4394878124278,524.5826196938732,537.8947814200374,472.3133269795227,427.65805904328727,320.0,481.5784806187023,548.5957274024298,436.25284871443915,315.1137422096096,584.1320665687256,640.0,618.7956366005285,578.4044521934683,467.7478562831235,526.1505682927346,532.6526091045081,501.32180349977745,352.882335683697,403.41673945320304,431.07281219288825,427.6118988417738,246.84070736242785,340.95127819850813,372.8724969518895,372.09075281915364,320.0,362.7092140842865,477.9125418358956,562.8127737420465,604.8024861239143,529.6953468664552,595.9188843242084,534.2330074996398,487.553470135324,546.9647719805806,629.9829693244528,568.9251640884177,510.79083847418644,545.6414923837798,640.0,587.0670858078713,543.1319053289966,528.8607096648327,541.3678093844776,474.1432125382455,427.96069231837373,320.0,478.16025973831836,543.9809945328235,426.57633090302994,309.1091129766244,592.3303142835953,640.0,608.5180783642052,572.212300543498,471.6181842120545,521.4820538737381,514.5105614995553,483.8171919675224,353.93680981136544,400.57637344915076,415.02770384910156,405.4263552520599,242.37766121673855,321.7778299063583,350.5224491157019,347.8064887433888,320.0,363.7267291467213,470.37712771908116,552.553715688768,597.7711488631127,535.8634284058994,606.1352699845819,547.0473486139008,500.1579888465339,553.1288358192868,639.2580406083175,579.2284192181,522.3933756402442,548.9963393474702,640.0,585.7432785606712,539.1612691543171,527.8834157211149,546.4845974182278,481.6174502699796,434.93221326738336,320.0,481.4719886190332,545.7593768732254,425.0487730484009,308.14061806280966,595.2213600396638,640.0,604.7580072473581,566.0617780169748,474.75891405038294,527.1546994183507,516.2108823428964,480.6756977967042,355.9604633881223,405.60258238658776,416.6475845476054,403.70889503107276,241.9499326963729,322.4864774471022,348.7802792717783,343.0899843017087,320.0,364.36060727629865,475.81867437496294,560.764311580245,606.0593018076061,534.9408815123988,606.5165922316598,545.0898312304669,497.54452152150293,552.0255974948037,637.316513944276,575.8384233416846,518.2566710326938,548.6041908547229,640.0,583.5563903848215,535.1332346770602,529.2278862494941,544.4792604853286,478.71353636688093,432.54821006170005,320.0,506.64435931424913,618.9983712772819,582.0260509837399,503.86612156649096,586.827050810715,640.0,632.7811119643197,611.9936338248101,466.7901578817167,519.0531958857234,520.3113305620737,504.1152775334932,349.77745556046506,409.1278254192281,435.1066248546805,434.43969221573496,227.52973241186808,306.8905981659352,346.249919564835,352.4353480018475,320.0,359.0168318710553,445.10657531228696,520.3502559100683,567.8981844191092,534.6002248967293,606.6545927016609,604.7777770523196,579.2178488558342,551.0175597630729,640.0,633.6357974598338,603.993877787857,546.0720726830508,620.2840337433553,616.1729265871616,592.8292273919078,522.3403666039941,562.6585076486581,548.6451035677029,521.6366702562807
320.0,481.5784806187023,548.5957274024298,436.25284871443915,315.1137422096096,584.1320665687256,640.0,618.7956366005285,578.4044521934683,467.7478562831235,526.1505682927346,532.6526091045081,501.32180349977745,352.882335683697,403.41673945320304,431.07281219288825,427.6118988417738,246.84070736242785,340.95127819850813,372.8724969518895,372.09075281915364,320.0,362.7092140842865,477.9125418358956,562.8127737420465,604.8024861239143,529.6953468664552,595.9188843242084,534.2330074996398,487.553470135324,546.9647719805806,629.9829693244528,568.9251640884177,510.79083847418644,545.6414923837798,640.0,587.0670858078713,543.1319053289966,528.8607096648327,541.3678093844776,474.1432125382455,427.96069231837373,320.0,478.16025973831836,543.9809945328235,426.57633090302994,309.1091129766244,592.3303142835953,640.0,608.5180783642052,572.212300543498,471.6181842120545,521.4820538737381,514.5105614995553,483.8171919675224,353.93680981136544,400.57637344915076,415.02770384910156,405.4263552520599,242.37766121673855,321.7778299063583,350.5224491157019,347.8064887433888,320.0,363.7267291467213,470.37712771908116,552.553715688768,597.7711488631127,535.8634284058994,606.1352699845819,547.0473486139008,500.1579888465339,553.1288358192868,639.2580406083175,579.2284192181,522.3933756402442,548.9963393474702,640.0,585.7432785606712,539.1612691543171,527.8834157211149,546.4845974182278,481.6174502699796,434.93221326738336,320.0,481.4719886190332,545.7593768732254,425.0487730484009,308.14061806280966,595.2213600396638,640.0,604.7580072473581,566.0617780169748,474.75891405038294,527.1546994183507,516.2108823428964,480.6756977967042,355.9604633881223,405.60258238658776,416.6475845476054,403.70889503107276,241.9499326963729,322.4864774471022,348.7802792717783,343.0899843017087,320.0,364.36060727629865,475.81867437496294,560.764311580245,606.0593018076061,534.9408815123988,606.5165922316598,545.0898312304669,497.54452152150293,552.0255974948037,637.316513944276,575.8384233416846,518.2566710326938,548.6041908547229,640.0,583.5563903848215,535.1332346770602,529.2278862494941,544.4792604853286,478.71353636688093,432.54821006170005,320.0,506.64435931424913,618.9983712772819,582.0260509837399,503.86612156649096,586.827050810715,640.0,632.7811119643197,611.9936338248101,466.7901578817167,519.0531958857234,520.3113305620737,504.1152775334932,349.77745556046506,409.1278254192281,435.1066248546805,434.43969221573496,227.52973241186808,306.8905981659352,346.249919564835,352.4353480018475,320.0,359.0168318710553,445.10657531228696,520.3502559100683,567.8981844191092,534.6002248967293,606.6545927016609,604.7777770523196,579.2178488558342,551.0175597630729,640.0,633.6357974598338,603.993877787857,546.0720726830508,620.2840337433553,616.1729265871616,592.8292273919078,522.3403666039941,562.6585076486581,548.6451035677029,521.6366702562807,320.0,76.04821268212783,0.0,71.53924295295911,164.1314697484208,78.90621662421356,74.3779873022761,36.66012044871559,32.10595647018016,243.63116892943208,252.9076773925502,181.14907844418678,140.71135036735654,412.3890799604311,410.2119564538813,301.6318751643439,249.52478375387557,580.287391104984,546.8840797559475,440.6125896279467,380.7508325325325,320.0,391.3501850809789,487.207317189482,565.3767057599235,597.9388347899254,563.0142819144145,625.0917880846636,582.6920195286132,537.8759930948316,568.175990657464,640.0,587.6790855844542,541.4810929156322,559.9275148070082,631.7410964551137,575.0415677148408,521.311303769124,540.1254926396797,594.6914133658881,561.4073996360904,522.3438998517445
320.0,478.16025973831836,543.9809945328235,426.57633090302994,309.1091129766244,592.3303142835953,640.0,608.5180783642052,572.212300543498,471.6181842120545,521.4820538737381,514.5105614995553,483.8171919675224,353.93680981136544,400.57637344915076,415.02770384910156,405.4263552520599,242.37766121673855,321.7778299063583,350.5224491157019,347.8064887433888,320.0,363.7267291467213,470.37712771908116,552.553715688768,597.7711488631127,535.8634284058994,606.1352699845819,547.0473486139008,500.1579888465339,553.1288358192868,639.2580406083175,579.2284192181,522.3933756402442,548.9963393474702,640.0,585.7432785606712,539.1612691543171,527.8834157211149,546.4845974182278,481.6174502699796,434.93221326738336,320.0,481.4719886190332,545.7593768732254,425.0487730484009,308.14061806280966,595.2213600396638,640.0,604.7580072473581,566.0617780169748,474.75891405038294,527.1546994183507,516.2108823428964,480.6756977967042,355.9604633881223,405.60258238658776,416.6475845476054,403.70889503107276,241.9499326963729,322.4864774471022,348.7802792717783,343.0899843017087,320.0,364.36060727629865,475.81867437496294,560.764311580245,606.0593018076061,534.9408815123988,606.5165922316598,545.0898312304669,497.54452152150293,552.0255974948037,637.316513944276,575.8384233416846,518.2566710326938,548.6041908547229,640.0,583.5563903848215,535.1332346770602,529.2278862494941,544.4792604853286,478.71353636688093,432.54821006170005,320.0,506.64435931424913,618.9983712772819,582.0260509837399,503.86612156649096,586.827050810715,640.0,632.7811119643197,611.9936338248101,466.7901578817167,519.0531958857234,520.3113305620737,504.1152775334932,349.77745556046506,409.1278254192281,435.1066248546805,434.43969221573496,227.52973241186808,306.8905981659352,346.249919564835,352.4353480018475,320.0,359.0168318710553,445.10657531228696,520.3502559100683,567.8981844191092,534.6002248967293,606.6545927016609,604.7777770523196,579.2178488558342,551.0175597630729,640.0,633.6357974598338,603.993877787857,546.0720726830508,620.2840337433553,616.1729265871616,592.8292273919078,522.3403666039941,562.6585076486581,548.6451035677029,521.6366702562807,320.0,76.04821268212783,0.0,71.53924295295911,164.1314697484208,78.90621662421356,74.3779873022761,36.66012044871559,32.10595647018016,243.63116892943208,252.9076773925502,181.14907844418678,140.71135036735654,412.3890799604311,410.2119564538813,301.6318751643439,249.52478375387557,580.287391104984,546.8840797559475,440.6125896279467,380.7508325325325,320.0,391.3501850809789,487.207317189482,565.3767057599235,597.9388347899254,563.0142819144145,625.0917880846636,582.6920195286132,537.8759930948316,568.175990657464,640.0,587.6790855844542,541.4810929156322,559.9275148070082,631.7410964551137,575.0415677148408,521.311303769124,540.1254926396797,594.6914133658881,561.4073996360904,522.3438998517445,320.0,68.994787844471,3.506945825372668,113.46028344961633,254.1302441849366,87.54774436807637,87.47910389649931,20.23859834725522,0.0,264.1557637068829,264.7958040914476,175.13429077675562,137.01220398999544,439.69092232745726,453.5656719270932,335.18139804865194,287.70158367736656,618.4568582023512,618.2553581907522,517.2875680861446,461.26369719036103,320.0,381.3706268564208,481.1112841986038,561.7522875350261,599.5816527380251,550.0474311809489,624.0212586977614,581.7964294409142,534.78272449578,557.2992101604135,640.0,575.9706022075364,520.9387640652352,554.8084266098767,635.6178584751494,572.202002845926,511.3031346818901,543.8223692209878,608.8027838350741,578.4999416863642,538.483828925714
320.0,481.4719886190332,545.7593768732254,425.0487730484009,308.14061806280966,595.2213600396638,640.0,604.7580072473581,566.0617780169748,474.75891405038294,527.1546994183507,516.2108823428964,480.6756977967042,355.9604633881223,405.60258238658776,416.6475845476054,403.70889503107276,241.9499326963729,322.4864774471022,348.7802792717783,343.0899843017087,320.0,364.36060727629865,475.81867437496294,560.764311580245,606.0593018076061,534.9408815123988,606.5165922316598,545.0898312304669,497.54452152150293,552.0255974948037,637.316513944276,575.8384233416846,518.2566710326938,548.6041908547229,640.0,583.5563903848215,535.1332346770602,529.2278862494941,544.4792604853286,478.71353636688093,432.54821006170005,320.0,506.64435931424913,618.9983712772819,582.0260509837399,503.86612156649096,586.827050810715,640.0,632.7811119643197,611.9936338248101,466.7901578817167,519.0531958857234,520.3113305620737,504.1152775334932,349.77745556046506,409.1278254192281,435.1066248546805,434.43969221573496,227.52973241186808,306.8905981659352,346.249919564835,352.4353480018475,320.0,359.0168318710553,445.10657531228696,520.3502559100683,567.8981844191092,534.6002248967293,606.6545927016609,604.7777770523196,579.2178488558342,551.0175597630729,640.0,633.6357974598338,603.993877787857,546.0720726830508,620.2840337433553,616.1729265871616,592.8292273919078,522.3403666039941,562.6585076486581,548.6451035677029,521.6366702562807,320.0,76.04821268212783,0.0,71.53924295295911,164.1314697484208,78.90621662421356,74.3779873022761,36.66012044871559,32.10595647018016,243.63116892943208,252.9076773925502,181.14907844418678,140.71135036735654,412.3890799604311,410.2119564538813,301.6318751643439,249.52478375387557,580.287391104984,546.8840797559475,440.6125896279467,380.7508325325325,320.0,391.3501850809789,487.207317189482,565.3767057599235,597.9388347899254,563.0142819144145,625.0917880846636,582.6920195286132,537.8759930948316,568.175990657464,640.0,587.6790855844542,541.4810929156322,559.9275148070082,631.7410964551137,575.0415677148408,521.311303769124,540.1254926396797,594.6914133658881,561.4073996360904,522.3438998517445,320.0,68.994787844471,3.506945825372668,113.46028344961633,254.1302441849366,87.54774436807637,87.47910389649931,20.23859834725522,0.0,264.1557637068829,264.7958040914476,175.13429077675562,137.01220398999544,439.69092232745726,453.5656719270932,335.18139804865194,287.70158367736656,618.4568582023512,618.2553581907522,517.2875680861446,461.26369719036103,320.0,381.3706268564208,481.1112841986038,561.7522875350261,599.5816527380251,550.0474311809489,624.0212586977614,581.7964294409142,534.78272449578,557.2992101604135,640.0,575.9706022075364,520.9387640652352,554.8084266098767,635.6178584751494,572.202002845926,511.3031346818901,543.8223692209878,608.8027838350741,578.4999416863642,538.483828925714,320.0,133.14308139144745,71.63364204655045,191.19193094548737,334.56699168157184,118.01954445916516,74.03561145910294,7.291598903992565,0.0,268.0752336955892,220.90453429344655,150.26349640993968,134.0541771143272,419.51339039626805,381.1698386449081,292.1219324105313,266.5674512205362,577.136801025601,532.889162925886,465.55111123758974,445.8258213819826,320.0,368.1391638596248,469.0304807246031,547.0162907119764,580.0306899486188,546.095569695565,615.134577285716,564.8461921511105,513.1642735612465,565.0876513278957,635.3053514540504,564.1848863563948,499.90847154243215,570.3804437015394,640.0,567.608625894489,503.3515205961587,564.6993856934762,618.3749666566848,572.125789313108,524.2186103352152
320.0,506.64435931424913,618.9983712772819,582.0260509837399,503.86612156649096,586.827050810715,640.0,632.7811119643197,611.9936338248101,466.7901578817167,519.0531958857234,520.3113305620737,504.1152775334932,349.77745556046506,409.1278254192281,435.1066248546805,434.43969221573496,227.52973241186808,306.8905981659352,346.249919564835,352.4353480018475,320.0,359.0168318710553,445.10657531228696,520.3502559100683,567.8981844191092,534.6002248967293,606.6545927016609,604.7777770523196,579.2178488558342,551.0175597630729,640.0,633.6357974598338,603.993877787857,546.0720726830508,620.2840337433553,616.1729265871616,592.8292273919078,522.3403666039941,562.6585076486581,548.6451035677029,521.6366702562807,320.0,76.04821268212783,0.0,71.53924295295911,164.1314697484208,78.90621662421356,74.3779873022761,36.66012044871559,32.10595647018016,243.63116892943208,252.9076773925502,181.14907844418678,140.71135036735654,412.3890799604311,410.2119564538813,301.6318751643439,249.52478375387557,580.287391104984,546.8840797559475,440.6125896279467,380.7508325325325,320.0,391.3501850809789,487.207317189482,565.3767057599235,597.9388347899254,563.0142819144145,625.0917880846636,582.6920195286132,537.8759930948316,568.175990657464,640.0,587.6790855844542,541.4810929156322,559.9275148070082,631.7410964551137,575.0415677148408,521.311303769124,540.1254926396797,594.6914133658881,561.4073996360904,522.3438998517445,320.0,68.994787844471,3.506945825372668,113.46028344961633,254.1302441849366,87.54774436807637,87.47910389649931,20.23859834725522,0.0,264.1557637068829,264.7958040914476,175.13429077675562,137.01220398999544,439.69092232745726,453.5656719270932,335.18139804865194,287.70158367736656,618.4568582023512,618.2553581907522,517.2875680861446,461.26369719036103,320.0,381.3706268564208,481.1112841986038,561.7522875350261,599.5816527380251,550.0474311809489,624.0212586977614,581.7964294409142,534.78272449578,557.2992101604135,640.0,575.9706022075364,520.9387640652352,554.8084266098767,635.6178584751494,572.202002845926,511.3031346818901,543.8223692209878,608.8027838350741,578.4999416863642,538.483828925714,320.0,133.14308139144745,71.63364204655045,191.19193094548737,334.56699168157184,118.01954445916516,74.03561145910294,7.291598903992565,0.0,268.0752336955892,220.90453429344655,150.26349640993968,134.0541771143272,419.51339039626805,381.1698386449081,292.1219324105313,266.5674512205362,577.136801025601,532.889162925886,465.55111123758974,445.8258213819826,320.0,368.1391638596248,469.0304807246031,547.0162907119764,580.0306899486188,546.095569695565,615.134577285716,564.8461921511105,513.1642735612465,565.0876513278957,635.3053514540504,564.1848863563948,499.90847154243215,570.3804437015394,640.0,567.608625894489,503.3515205961587,564.6993856934762,618.3749666566848,572.125789313108,524.2186103352152,320.0,168.70584205687368,60.651852974102155,145.64875994724338,276.8080679246925,39.42223954530323,0.0,20.17917588784462,53.9026139303524,191.31330979265,168.22064220224567,180.3892920532204,187.74758056185254,344.24891335800413,365.49008658947525,345.69566501605146,325.8862532063518,504.9576350405307,514.0956190170555,490.4127314179623,465.3857038470638,320.0,348.8892467984449,434.5959962148199,508.9842545906199,539.2256200066602,538.9876419944071,603.9439926313937,559.7713301836019,510.7398812058699,565.2598643089725,636.4524310497111,568.4206158196915,513.2362201159053,574.1154892620447,640.0,565.5196684356442,503.02407463980893,566.4462695284401,622.12487082299,575.9356771569194,529.7265832100552
320.0,76.04821268212783,0.0,71.53924295295911,164.1314697484208,78.90621662421356,74.3779873022761,36.66012044871559,32.10595647018016,243.63116892943208,252.9076773925502,181.14907844418678,140.71135036735654,412.3890799604311,410.2119564538813,301.6318751643439,249.52478375387557,580.287391104984,546.8840797559475,440.6125896279467,380.7508325325325,320.0,391.3501850809789,487.207317189482,565.3767057599235,597.9388347899254,563.0142819144145,625.0917880846636,582.6920195286132,537.8759930948316,568.175990657464,640.0,587.6790855844542,541.4810929156322,559.9275148070082,631.7410964551137,575.0415677148408,521.311303769124,540.1254926396797,594.6914133658881,561.4073996360904,522.3438998517445,320.0,68.994787844471,3.506945825372668,113.46028344961633,254.1302441849366,87.54774436807637,87.47910389649931,20.23859834725522,0.0,264.1557637068829,264.7958040914476,175.13429077675562,137.01220398999544,439.69092232745726,453.5656719270932,335.18139804865194,287.70158367736656,618.4568582023512,618.2553581907522,517.2875680861446,461.26369719036103,320.0,381.3706268564208,481.1112841986038,561.7522875350261,599.5816527380251,550.0474311809489,624.0212586977614,581.7964294409142,534.78272449578,557.2992101604135,640.0,575.9706022075364,520.9387640652352,554.8084266098767,635.6178584751494,572.202002845926,511.3031346818901,543.8223692209878,608.8027838350741,578.4999416863642,538.483828925714,320.0,133.14308139144745,71.63364204655045,191.19193094548737,334.56699168157184,118.01954445916516,74.03561145910294,7.291598903992565,0.0,268.0752336955892,220.90453429344655,150.26349640993968,134.0541771143272,419.51339039626805,381.1698386449081,292.1219324105313,266.5674512205362,577.136801025601,532.889162925886,465.55111123758974,445.8258213819826,320.0,368.1391638596248,469.0304807246031,547.0162907119764,580.0306899486188,546.095569695565,615.134577285716,564.8461921511105,513.1642735612465,565.0876513278957,635.3053514540504,564.1848863563948,499.90847154243215,570.3804437015394,640.0,567.608625894489,503.3515205961587,564.6993856934762,618.3749666566848,572.125789313108,524.2186103352152,320.0,168.70584205687368,60.651852974102155,145.64875994724338,276.8080679246925,39.42223954530323,0.0,20.17917588784462,53.9026139303524,191.31330979265,168.22064220224567,180.3892920532204,187.74758056185254,344.24891335800413,365.49008658947525,345.69566501605146,325.8862532063518,504.9576350405307,514.0956190170555,490.4127314179623,465.3857038470638,320.0,348.8892467984449,434.5959962148199,508.9842545906199,539.2256200066602,538.9876419944071,603.9439926313937,559.7713301836019,510.7398812058699,565.2598643089725,636.4524310497111,568.4206158196915,513.2362201159053,574.1154892620447,640.0,565.5196684356442,503.02407463980893,566.4462695284401,622.12487082299,575.9356771569194,529.7265832100552,320.0,214.02098361305102,133.6421538142028,118.72292826977659,126.48517054297145,89.44718877748471,40.61101093473167,17.049387988051706,0.0,179.2719303776529,149.9884016077573,136.38734786697026,117.29898627551862,272.59691627568793,271.24224123582485,268.87323715916153,258.3107772875662,368.1097750759529,376.03186928085296,376.77640455519,372.20256955442983,320.0,351.0887281580252,414.03455698722723,478.8019032933496,534.7552001838621,444.16071720469046,510.01470273178626,559.0386079216591,595.4806448178995,462.79635179837885,538.922242102014,591.1583890865734,632.8943714949619,469.42671817299515,546.0864499249719,599.5561120115663,640.0,464.76688308767166,522.1788192472611,558.6270561443032,586.4455333047385
320.0,68.994787844471,3.506945825372668,113.46028344961633,254.1302441849366,87.54774436807637,87.47910389649931,20.23859834725522,0.0,264.1557637068829,264.7958040914476,175.13429077675562,137.01220398999544,439.69092232745726,453.5656719270932,335.18139804865194,287.70158367736656,618.4568582023512,618.2553581907522,517.2875680861446,461.26369719036103,320.0,381.3706268564208,481.1112841986038,561.7522875350261,599.5816527380251,550.0474311809489,624.0212586977614,581.7964294409142,534.78272449578,557.2992101604135,640.0,575.9706022075364,520.9387640652352,554.8084266098767,635.6178584751494,572.202002845926,511.3031346818901,543.8223692209878,608.8027838350741,578.4999416863642,538.483828925714,320.0,133.14308139144745,71.63364204655045,191.19193094548737,334.56699168157184,118.01954445916516,74.03561145910294,7.291598903992565,0.0,268.0752336955892,220.90453429344655,150.26349640993968,134.0541771143272,419.51339039626805,381.1698386449081,292.1219324105313,266.5674512205362,577.136801025601,532.889162925886,465.55111123758974,445.8258213819826,320.0,368.1391638596248,469.0304807246031,547.0162907119764,580.0306899486188,546.095569695565,615.134577285716,564.8461921511105,513.1642735612465,565.0876513278957,635.3053514540504,564.1848863563948,499.90847154243215,570.3804437015394,640.0,567.608625894489,503.3515205961587,564.6993856934762,618.3749666566848,572.125789313108,524.2186103352152,320.0,168.70584205687368,60.651852974102155,145.64875994724338,276.8080679246925,39.42223954530323,0.0,20.17917588784462,53.9026139303524,191.31330979265,168.22064220224567,180.3892920532204,187.74758056185254,344.24891335800413,365.49008658947525,345.69566501605146,325.8862532063518,504.9576350405307,514.0956190170555,490.4127314179623,465.3857038470638,320.0,348.8892467984449,434.5959962148199,508.9842545906199,539.2256200066602,538.9876419944071,603.9439926313937,559.7713301836019,510.7398812058699,565.2598643089725,636.4524310497111,568.4206158196915,513.2362201159053,574.1154892620447,640.0,565.5196684356442,503.02407463980893,566.4462695284401,622.12487082299,575.9356771569194,529.7265832100552,320.0,214.02098361305102,133.6421538142028,118.72292826977659,126.48517054297145,89.44718877748471,40.61101093473167,17.049387988051706,0.0,179.2719303776529,149.9884016077573,136.38734786697026,117.29898627551862,272.59691627568793,271.24224123582485,268.87323715916153,258.3107772875662,368.1097750759529,376.03186928085296,376.77640455519,372.20256955442983,320.0,351.0887281580252,414.03455698722723,478.8019032933496,534.7552001838621,444.16071720469046,510.01470273178626,559.0386079216591,595.4806448178995,462.79635179837885,538.922242102014,591.1583890865734,632.8943714949619,469.42671817299515,546.0864499249719,599.5561120115663,640.0,464.76688308767166,522.1788192472611,558.6270561443032,586.4455333047385,320.0,228.9571162701647,133.65165135913202,61.28258914186716,36.333360604665415,82.23480329012227,43.73521919793012,11.176377300238926,0.0,122.60748163803615,72.8537465651917,49.15373377725621,46.94037007277609,180.88223319100257,128.53179385464125,103.7599937235949,98.61295765753812,250.21528117503132,210.62863139579719,190.30797331376195,183.15993484630843,320.0,375.51873230384257,465.25987798742153,523.209186699956,554.5849217326291,559.065391503193,626.1029876810544,611.9008926386111,584.8111636544141,563.4182732214795,640.0,619.2963571945186,579.5657258690354,551.106546454215,620.6494789158166,598.5457293283805,565.4107759726344,529.8020631754462,569.132160866302,555.4239692596038,532.8455264826878
320.0,133.14308139144745,71.63364204655045,191.19193094548737,334.56699168157184,118.01954445916516,74.03561145910294,7.291598903992565,0.0,268.0752336955892,220.90453429344655,150.26349640993968,134.0541771143272,419.51339039626805,381.1698386449081,292.1219324105313,266.5674512205362,577.136801025601,532.889162925886,465.55111123758974,445.8258213819826,320.0,368.1391638596248,469.0304807246031,547.0162907119764,580.0306899486188,546.095569695565,615.134577285716,564.8461921511105,513.1642735612465,565.0876513278957,635.3053514540504,564.1848863563948,499.90847154243215,570.3804437015394,640.0,567.608625894489,503.3515205961587,564.6993856934762,618.3749666566848,572.125789313108,524.2186103352152,320.0,168.70584205687368,60.651852974102155,145.64875994724338,276.8080679246925,39.42223954530323,0.0,20.17917588784462,53.9026139303524,191.31330979265,168.22064220224567,180.3892920532204,187.74758056185254,344.24891335800413,365.49008658947525,345.69566501605146,325.8862532063518,504.9576350405307,514.0956190170555,490.4127314179623,465.3857038470638,320.0,348.8892467984449,434.5959962148199,508.9842545906199,539.2256200066602,538.9876419944071,603.9439926313937,559.7713301836019,510.7398812058699,565.2598643089725,636.4524310497111,568.4206158196915,513.2362201159053,574.1154892620447,640.0,565.5196684356442,503.02407463980893,566.4462695284401,622.12487082299,575.9356771569194,529.7265832100552,320.0,214.02098361305102,133.6421538142028,118.72292826977659,126.48517054297145,89.44718877748471,40.61101093473167,17.049387988051706,0.0,179.2719303776529,149.9884016077573,136.38734786697026,117.29898627551862,272.59691627568793,271.24224123582485,268.87323715916153,258.3107772875662,368.1097750759529,376.03186928085296,376.77640455519,372.20256955442983,320.0,351.0887281580252,414.03455698722723,478.8019032933496,534.7552001838621,444.16071720469046,510.01470273178626,559.0386079216591,595.4806448178995,462.79635179837885,538.922242102014,591.1583890865734,632.8943714949619,469.42671817299515,546.0864499249719,599.5561120115663,640.0,464.76688308767166,522.1788192472611,558.6270561443032,586.4455333047385,320.0,228.9571162701647,133.65165135913202,61.28258914186716,36.333360604665415,82.23480329012227,43.73521919793012,11.176377300238926,0.0,122.60748163803615,72.8537465651917,49.15373377725621,46.94037007277609,180.88223319100257,128.53179385464125,103.7599937235949,98.61295765753812,250.21528117503132,210.62863139579719,190.30797331376195,183.15993484630843,320.0,375.51873230384257,465.25987798742153,523.209186699956,554.5849217326291,559.065391503193,626.1029876810544,611.9008926386111,584.8111636544141,563.4182732214795,640.0,619.2963571945186,579.5657258690354,551.106546454215,620.6494789158166,598.5457293283805,565.4107759726344,529.8020631754462,569.132160866302,555.4239692596038,532.8455264826878,320.0,206.93332107644233,104.31985506226357,42.917810363871695,26.385945559294896,63.46150881371011,24.713416172680468,2.070495317245218,0.0,122.06247088389901,71.43683799023376,57.16629297512566,62.75980180224178,192.95311116760772,142.16476804551903,123.25131270824147,122.67209800150437,273.0998491349077,227.42745572317813,203.8153212095445,194.62303596487828,320.0,367.34432008041654,453.03573074662097,518.5140410340663,560.3150043943772,545.2870091868033,617.418907563909,601.5695628723822,572.30356305229,561.5260435052616,640.0,616.3755909951585,574.4492712683708,563.0352296280129,635.1245638566782,610.729644778672,572.7963569048391,556.3792658649511,601.7699509237843,589.3942366905682,564.5251332016567
320.0,168.70584205687368,60.651852974102155,145.64875994724338,276.8080679246925,39.42223954530323,0.0,20.17917588784462,53.9026139303524,191.31330979265,168.22064220224567,180.3892920532204,187.74758056185254,344.24891335800413,365.49008658947525,345.69566501605146,325.8862532063518,504.9576350405307,514.0956190170555,490.4127314179623,465.3857038470638,320.0,348.8892467984449,434.5959962148199,508.9842545906199,539.2256200066602,538.9876419944071,603.9439926313937,559.7713301836019,510.7398812058699,565.2598643089725,636.4524310497111,568.4206158196915,513.2362201159053,574.1154892620447,640.0,565.5196684356442,503.02407463980893,566.4462695284401,622.12487082299,575.9356771569194,529.7265832100552,320.0,214.02098361305102,133.6421538142028,118.72292826977659,126.48517054297145,89.44718877748471,40.61101093473167,17.049387988051706,0.0,179.2719303776529,149.9884016077573,136.38734786697026,117.29898627551862,272.59691627568793,271.24224123582485,268.87323715916153,258.3107772875662,368.1097750759529,376.03186928085296,376.77640455519,372.20256955442983,320.0,351.0887281580252,414.03455698722723,478.8019032933496,534.7552001838621,444.16071720469046,510.01470273178626,559.0386079216591,595.4806448178995,462.79635179837885,538.922242102014,591.1583890865734,632.8943714949619,469.42671817299515,546.0864499249719,599.5561120115663,640.0,464.76688308767166,522.1788192472611,558.6270561443032,586.4455333047385,320.0,228.9571162701647,133.65165135913202,61.28258914186716,36.333360604665415,82.23480329012227,43.73521919793012,11.176377300238926,0.0,122.60748163803615,72.8537465651917,49.15373377725621,46.94037007277609,180.88223319100257,128.53179385464125,103.7599937235949,98.61295765753812,250.21528117503132,210.62863139579719,190.30797331376195,183.15993484630843,320.0,375.51873230384257,465.25987798742153,523.209186699956,554.5849217326291,559.065391503193,626.1029876810544,611.9008926386111,584.8111636544141,563.4182732214795,640.0,619.2963571945186,579.5657258690354,551.106546454215,620.6494789158166,598.5457293283805,565.4107759726344,529.8020631754462,569.132160866302,555.4239692596038,532.8455264826878,320.0,206.93332107644233,104.31985506226357,42.917810363871695,26.385945559294896,63.46150881371011,24.713416172680468,2.070495317245218,0.0,122.06247088389901,71.43683799023376,57.16629297512566,62.75980180224178,192.95311116760772,142.16476804551903,123.25131270824147,122.67209800150437,273.0998491349077,227.42745572317813,203.8153212095445,194.62303596487828,320.0,367.34432008041654,453.03573074662097,518.5140410340663,560.3150043943772,545.2870091868033,617.418907563909,601.5695628723822,572.30356305229,561.5260435052616,640.0,616.3755909951585,574.4492712683708,563.0352296280129,635.1245638566782,610.729644778672,572.7963569048391,556.3792658649511,601.7699509237843,589.3942366905682,564.5251332016567,320.0,177.38941354002947,86.27826063593986,86.86983427591426,101.09812245044174,76.54570286087863,18.157592366213976,0.0,15.998782033198552,165.49381837070075,98.24936974695845,78.82967719401944,91.22084156132598,255.15007410790648,178.55371815710876,155.35381487800183,163.09614325438937,345.1599700881683,252.55616304634992,230.9070897310174,237.70105183971197,320.0,339.0225856684553,434.80574253830116,516.5978970644229,577.982712153922,529.2028011130049,596.272966684007,564.7866522993058,518.0472971430733,550.9403137903385,640.0,585.2161582617265,521.3988031665881,553.6845660226904,639.8884042611057,580.740191624619,524.176922943274,540.9720271390045,534.4742189791566,468.637747753794,419.1476721003045
320.0,214.02098361305102,133.6421538142028,118.72292826977659,126.48517054297145,89.44718877748471,40.61101093473167,17.049387988051706,0.0,179.2719303776529,149.9884016077573,136.38734786697026,117.29898627551862,272.59691627568793,271.24224123582485,268.87323715916153,258.3107772875662,368.1097750759529,376.03186928085296,376.77640455519,372.20256955442983,320.0,351.0887281580252,414.03455698722723,478.8019032933496,534.7552001838621,444.16071720469046,510.01470273178626,559.0386079216591,595.4806448178995,462.79635179837885,538.922242102014,591.1583890865734,632.8943714949619,469.42671817299515,546.0864499249719,599.5561120115663,640.0,464.76688308767166,522.1788192472611,558.6270561443032,586.4455333047385,320.0,228.9571162701647,133.65165135913202,61.28258914186716,36.333360604665415,82.23480329012227,43.73521919793012,11.176377300238926,0.0,122.60748163803615,72.8537465651917,49.15373377725621,46.94037007277609,180.88223319100257,128.53179385464125,103.7599937235949,98.61295765753812,250.21528117503132,210.62863139579719,190.30797331376195,183.15993484630843,320.0,375.51873230384257,465.25987798742153,523.209186699956,554.5849217326291,559.065391503193,626.1029876810544,611.9008926386111,584.8111636544141,563.4182732214795,640.0,619.2963571945186,579.5657258690354,551.106546454215,620.6494789158166,598.5457293283805,565.4107759726344,529.8020631754462,569.132160866302,555.4239692596038,532.8455264826878,320.0,206.93332107644233,104.31985506226357,42.917810363871695,26.385945559294896,63.46150881371011,24.713416172680468,2.070495317245218,0.0,122.06247088389901,71.43683799023376,57.16629297512566,62.75980180224178,192.95311116760772,142.16476804551903,123.25131270824147,122.67209800150437,273.0998491349077,227.42745572317813,203.8153212095445,194.62303596487828,320.0,367.34432008041654,453.03573074662097,518.5140410340663,560.3150043943772,545.2870091868033,617.418907563909,601.5695628723822,572.30356305229,561.5260435052616,640.0,616.3755909951585,574.4492712683708,563.0352296280129,635.1245638566782,610.729644778672,572.7963569048391,556.3792658649511,601.7699509237843,589.3942366905682,564.5251332016567,320.0,177.38941354002947,86.27826063593986,86.86983427591426,101.09812245044174,76.54570286087863,18.157592366213976,0.0,15.998782033198552,165.49381837070075,98.24936974695845,78.82967719401944,91.22084156132598,255.15007410790648,178.55371815710876,155.35381487800183,163.09614325438937,345.1599700881683,252.55616304634992,230.9070897310174,237.70105183971197,320.0,339.0225856684553,434.80574253830116,516.5978970644229,577.982712153922,529.2028011130049,596.272966684007,564.7866522993058,518.0472971430733,550.9403137903385,640.0,585.2161582617265,521.3988031665881,553.6845660226904,639.8884042611057,580.740191624619,524.176922943274,540.9720271390045,534.4742189791566,468.637747753794,419.1476721003045,320.0,164.56280635497689,83.22340805710832,137.18702709380253,207.04002964832324,77.76246928177818,23.611077531247645,0.0,12.964364656728037,170.40105533912475,99.2052661069369,68.59351354690125,75.37486157497892,261.268789404254,181.73666818143715,147.60163595212148,150.39344913238946,349.3132971847329,238.53734938695914,209.19666279885465,211.06394243283904,320.0,348.608639216221,453.1119696744971,535.8731750235941,594.2799944619197,527.772109887856,592.3894055559457,559.6157941093762,514.5151130493692,547.0212843454658,632.5718011157405,581.6964684871584,524.3075137662127,548.2946985057995,640.0,584.2072887895757,530.1834042965468,534.4123646563414,526.5349052831879,458.98322484427297,408.3702603412049
320.0,228.9571162701647,133.65165135913202,61.28258914186716,36.333360604665415,82.23480329012227,43.73521919793012,11.176377300238926,0.0,122.60748163803615,72.8537465651917,49.15373377725621,46.94037007277609,180.88223319100257,128.53179385464125,103.7599937235949,98.61295765753812,250.21528117503132,210.62863139579719,190.30797331376195,183.15993484630843,320.0,375.51873230384257,465.25987798742153,523.209186699956,554.5849217326291,559.065391503193,626.1029876810544,611.9008926386111,584.8111636544141,563.4182732214795,640.0,619.2963571945186,579.5657258690354,551.106546454215,620.6494789158166,598.5457293283805,565.4107759726344,529.8020631754462,569.132160866302,555.4239692596038,532.8455264826878,320.0,206.93332107644233,104.31985506226357,42.917810363871695,26.385945559294896,63.46150881371011,24.713416172680468,2.070495317245218,0.0,122.06247088389901,71.43683799023376,57.16629297512566,62.75980180224178,192.95311116760772,142.16476804551903,123.25131270824147,122.67209800150437,273.0998491349077,227.42745572317813,203.8153212095445,194.62303596487828,320.0,367.34432008041654,453.03573074662097,518.5140410340663,560.3150043943772,545.2870091868033,617.418907563909,601.5695628723822,572.30356305229,561.5260435052616,640.0,616.3755909951585,574.4492712683708,563.0352296280129,635.1245638566782,610.729644778672,572.7963569048391,556.3792658649511,601.7699509237843,589.3942366905682,564.5251332016567,320.0,177.38941354002947,86.27826063593986,86.86983427591426,101.09812245044174,76.54570286087863,18.157592366213976,0.0,15.998782033198552,165.49381837070075,98.24936974695845,78.82967719401944,91.22084156132598,255.15007410790648,178.55371815710876,155.35381487800183,163.09614325438937,345.1599700881683,252.55616304634992,230.9070897310174,237.70105183971197,320.0,339.0225856684553,434.80574253830116,516.5978970644229,577.982712153922,529.2028011130049,596.272966684007,564.7866522993058,518.0472971430733,550.9403137903385,640.0,585.2161582617265,521.3988031665881,553.6845660226904,639.8884042611057,580.740191624619,524.176922943274,540.9720271390045,534.4742189791566,468.637747753794,419.1476721003045,320.0,164.56280635497689,83.22340805710832,137.18702709380253,207.04002964832324,77.76246928177818,23.611077531247645,0.0,12.964364656728037,170.40105533912475,99.2052661069369,68.59351354690125,75.37486157497892,261.268789404254,181.73666818143715,147.60163595212148,150.39344913238946,349.3132971847329,238.53734938695914,209.19666279885465,211.06394243283904,320.0,348.608639216221,453.1119696744971,535.8731750235941,594.2799944619197,527.772109887856,592.3894055559457,559.6157941093762,514.5151130493692,547.0212843454658,632.5718011157405,581.6964684871584,524.3075137662127,548.2946985057995,640.0,584.2072887895757,530.1834042965468,534.4123646563414,526.5349052831879,458.98322484427297,408.3702603412049,320.0,165.91128596327476,94.45391671028958,146.92805679829826,206.7382224571549,83.31874492430109,26.490387448218257,0.0,10.287569565362219,169.87978866305556,101.41167408611801,70.11317474238294,75.74791570774565,254.80519990674804,177.23651411887576,141.3854064103035,142.62248072408607,337.2912355969705,227.1206408766367,198.64668524304858,201.5269751780711,320.0,354.4008828704546,460.0615102048997,541.3490174705421,601.5453958147875,532.050226113068,594.5562881541127,559.0714068652451,513.091656117018,549.0873421829583,632.3511122835567,578.1664160597877,518.9864643941512,548.6217903879119,640.0,582.9835101550955,527.8746748302356,534.2737768970488,525.583098804841,460.8266969918874,413.744095115484
320.0,206.93332107644233,104.31985506226357,42.917810363871695,26.385945559294896,63.46150881371011,24.713416172680468,2.070495317245218,0.0,122.06247088389901,71.43683799023376,57.16629297512566,62.75980180224178,192.95311116760772,142.16476804551903,123.25131270824147,122.67209800150437,273.0998491349077,227.42745572317813,203.8153212095445,194.62303596487828,320.0,367.34432008041654,453.03573074662097,518.5140410340663,560.3150043943772,545.2870091868033,617.418907563909,601.5695628723822,572.30356305229,561.5260435052616,640.0,616.3755909951585,574.4492712683708,563.0352296280129,635.1245638566782,610.729644778672,572.7963569048391,556.3792658649511,601.7699509237843,589.3942366905682,564.5251332016567,320.0,177.38941354002947,86.27826063593986,86.86983427591426,101.09812245044174,76.54570286087863,18.157592366213976,0.0,15.998782033198552,165.49381837070075,98.24936974695845,78.82967719401944,91.22084156132598,255.15007410790648,178.55371815710876,155.35381487800183,163.09614325438937,345.1599700881683,252.55616304634992,230.9070897310174,237.70105183971197,320.0,339.0225856684553,434.80574253830116,516.5978970644229,577.982712153922,529.2028011130049,596.272966684007,564.7866522993058,518.0472971430733,550.9403137903385,640.0,585.2161582617265,521.3988031665881,553.6845660226904,639.8884042611057,580.740191624619,524.176922943274,540.9720271390045,534.4742189791566,468.637747753794,419.1476721003045,320.0,164.56280635497689,83.22340805710832,137.18702709380253,207.04002964832324,77.76246928177818,23.611077531247645,0.0,12.964364656728037,170.40105533912475,99.2052661069369,68.59351354690125,75.37486157497892,261.268789404254,181.73666818143715,147.60163595212148,150.39344913238946,349.3132971847329,238.53734938695914,209.19666279885465,211.06394243283904,320.0,348.608639216221,453.1119696744971,535.8731750235941,594.2799944619197,527.772109887856,592.3894055559457,559.6157941093762,514.5151130493692,547.0212843454658,632.5718011157405,581.6964684871584,524.3075137662127,548.2946985057995,640.0,584.2072887895757,530.1834042965468,534.4123646563414,526.5349052831879,458.98322484427297,408.3702603412049,320.0,165.91128596327476,94.45391671028958,146.92805679829826,206.7382224571549,83.31874492430109,26.490387448218257,0.0,10.287569565362219,169.87978866305556,101.41167408611801,70.11317474238294,75.74791570774565,254.80519990674804,177.23651411887576,141.3854064103035,142.62248072408607,337.2912355969705,227.1206408766367,198.64668524304858,201.5269751780711,320.0,354.4008828704546,460.0615102048997,541.3490174705421,601.5453958147875,532.050226113068,594.5562881541127,559.0714068652451,513.091656117018,549.0873421829583,632.3511122835567,578.1664160597877,518.9864643941512,548.6217903879119,640.0,582.9835101550955,527.8746748302356,534.2737768970488,525.583098804841,460.8266969918874,413.744095115484,320.0,165.91511328504046,94.52101875064221,148.4408716105741,209.55504145193333,88.93210378396412,32.45047286116153,0.0,7.273286966555986,178.9799681592057,103.89072493913233,62.172629040988454,65.23759999690446,266.87459344516446,184.75543939737233,140.4716444527756,141.67745008807168,353.05210307887495,237.34807370933214,201.10931160512257,203.93771655158093,320.0,356.46993163664524,460.313457195521,541.5007750183945,603.4660750686282,536.4970283990164,606.710898419807,566.617473945957,516.3472353295252,551.6730318695691,640.0,581.8771339895461,520.8048081017805,549.5240618214108,639.9212831484191,574.2665529468427,514.2581474530756,532.3427863932982,529.9309912945376,465.2045462965434,417.696153749627
320.0,177.38941354002947,86.27826063593986,86.86983427591426,101.09812245044174,76.54570286087863,18.157592366213976,0.0,15.998782033198552,165.49381837070075,98.24936974695845,78.82967719401944,91.22084156132598,255.15007410790648,178.55371815710876,155.35381487800183,163.09614325438937,345.1599700881683,252.55616304634992,230.9070897310174,237.70105183971197,320.0,339.0225856684553,434.80574253830116,516.5978970644229,577.982712153922,529.2028011130049,596.272966684007,564.7866522993058,518.0472971430733,550.9403137903385,640.0,585.2161582617265,521.3988031665881,553.6845660226904,639.8884042611057,580.740191624619,524.176922943274,540.9720271390045,534.4742189791566,468.637747753794,419.1476721003045,320.0,164.56280635497689,83.22340805710832,137.18702709380253,207.04002964832324,77.76246928177818,23.611077531247645,0.0,12.964364656728037,170.40105533912475,99.2052661069369,68.59351354690125,75.37486157497892,261.268789404254,181.73666818143715,147.60163595212148,150.39344913238946,349.3132971847329,238.53734938695914,209.19666279885465,211.06394243283904,320.0,348.608639216221,453.1119696744971,535.8731750235941,594.2799944619197,527.772109887856,592.3894055559457,559.6157941093762,514.5151130493692,547.0212843454658,632.5718011157405,581.6964684871584,524.3075137662127,548.2946985057995,640.0,584.2072887895757,530.1834042965468,534.4123646563414,526.5349052831879,458.98322484427297,408.3702603412049,320.0,165.91128596327476,94.45391671028958,146.92805679829826,206.7382224571549,83.31874492430109,26.490387448218257,0.0,10.287569565362219,169.87978866305556,101.41167408611801,70.11317474238294,75.74791570774565,254.80519990674804,177.23651411887576,141.3854064103035,142.62248072408607,337.2912355969705,227.1206408766367,198.64668524304858,201.5269751780711,320.0,354.4008828704546,460.0615102048997,541.3490174705421,601.5453958147875,532.050226113068,594.5562881541127,559.0714068652451,513.091656117018,549.0873421829583,632.3511122835567,578.1664160597877,518.9864643941512,548.6217903879119,640.0,582.9835101550955,527.8746748302356,534.2737768970488,525.583098804841,460.8266969918874,413.744095115484,320.0,165.91511328504046,94.52101875064221,148.4408716105741,209.55504145193333,88.93210378396412,32.45047286116153,0.0,7.273286966555986,178.9799681592057,103.89072493913233,62.172629040988454,65.23759999690446,266.87459344516446,184.75543939737233,140.4716444527756,141.67745008807168,353.05210307887495,237.34807370933214,201.10931160512257,203.93771655158093,320.0,356.46993163664524,460.313457195521,541.5007750183945,603.4660750686282,536.4970283990164,606.710898419807,566.617473945957,516.3472353295252,551.6730318695691,640.0,581.8771339895461,520.8048081017805,549.5240618214108,639.9212831484191,574.2665529468427,514.2581474530756,532.3427863932982,529.9309912945376,465.2045462965434,417.696153749627,320.0,172.95318702523542,99.73027648616306,148.8000427245424,215.46741870693262,88.02428178160514,27.825335281053583,0.0,12.968720211585833,169.72586120278282,95.38913177892451,57.87446643484191,64.40569105808862,252.0283662809797,179.56124958522625,137.8886582692793,138.41599172998585,336.15047318879715,235.51337656985265,203.61761782938208,207.1017545835216,320.0,353.25368559655743,452.559220098858,531.9276321474426,585.0613680157786,530.0358708672056,607.3337637410675,567.4368016845449,517.7879137279798,546.9066126746446,639.2737960536518,585.4311113412825,525.9860735264039,548.0206219420854,640.0,579.0561579291859,519.9718634763735,535.3198735388759,541.3313525655182,480.4846169967607,432.1244617357535
320.0,164.56280635497689,83.22340805710832,137.18702709380253,207.04002964832324,77.76246928177818,23.611077531247645,0.0,12.964364656728037,170.40105533912475,99.2052661069369,68.59351354690125,75.37486157497892,261.268789404254,181.73666818143715,147.60163595212148,150.39344913238946,349.3132971847329,238.53734938695914,209.19666279885465,211.06394243283904,320.0,348.608639216221,453.1119696744971,535.8731750235941,594.2799944619197,527.772109887856,592.3894055559457,559.6157941093762,514.5151130493692,547.0212843454658,632.5718011157405,581.6964684871584,524.3075137662127,548.2946985057995,640.0,584.2072887895757,530.1834042965468,534.4123646563414,526.5349052831879,458.98322484427297,408.3702603412049,320.0,165.91128596327476,94.45391671028958,146.92805679829826,206.7382224571549,83.31874492430109,26.490387448218257,0.0,10.287569565362219,169.87978866305556,101.41167408611801,70.11317474238294,75.74791570774565,254.80519990674804,177.23651411887576,141.3854064103035,142.62248072408607,337.2912355969705,227.1206408766367,198.64668524304858,201.5269751780711,320.0,354.4008828704546,460.0615102048997,541.3490174705421,601.5453958147875,532.050226113068,594.5562881541127,559.0714068652451,513.091656117018,549.0873421829583,632.3511122835567,578.1664160597877,518.9864643941512,548.6217903879119,640.0,582.9835101550955,527.8746748302356,534.2737768970488,525.583098804841,460.8266969918874,413.744095115484,320.0,165.91511328504046,94.52101875064221,148.4408716105741,209.55504145193333,88.93210378396412,32.45047286116153,0.0,7.273286966555986,178.9799681592057,103.89072493913233,62.172629040988454,65.23759999690446,266.87459344516446,184.75543939737233,140.4716444527756,141.67745008807168,353.05210307887495,237.34807370933214,201.10931160512257,203.93771655158093,320.0,356.46993163664524,460.313457195521,541.5007750183945,603.4660750686282,536.4970283990164,606.710898419807,566.617473945957,516.3472353295252,551.6730318695691,640.0,581.8771339895461,520.8048081017805,549.5240618214108,639.9212831484191,574.2665529468427,514.2581474530756,532.3427863932982,529.9309912945376,465.2045462965434,417.696153749627,320.0,172.95318702523542,99.73027648616306,148.8000427245424,215.46741870693262,88.02428178160514,27.825335281053583,0.0,12.968720211585833,169.72586120278282,95.38913177892451,57.87446643484191,64.40569105808862,252.0283662809797,179.56124958522625,137.8886582692793,138.41599172998585,336.15047318879715,235.51337656985265,203.61761782938208,207.1017545835216,320.0,353.25368559655743,452.559220098858,531.9276321474426,585.0613680157786,530.0358708672056,607.3337637410675,567.4368016845449,517.7879137279798,546.9066126746446,639.2737960536518,585.4311113412825,525.9860735264039,548.0206219420854,640.0,579.0561579291859,519.9718634763735,535.3198735388759,541.3313525655182,480.4846169967607,432.1244617357535,320.0,170.61826817202234,97.78114422287229,153.43608468839207,220.9494394889312,82.52328384210364,21.11651904138705,0.0,17.554308910358827,168.88562033718972,98.72235658770546,65.88590973453961,72.81114956825951,251.87755249380365,182.9138744105237,141.3097034992606,141.28183651272724,334.2940346416174,230.91557449248904,192.3425094115322,188.63137079509627,320.0,353.22661431036767,449.9680159633413,526.7459870775801,581.0654696091788,524.2956690283197,597.1079710592021,561.6946277149862,513.7477209261727,542.8161111486069,636.3472327990817,581.3637568386698,521.9512067951184,544.1657882522561,640.0,583.600663877562,527.876351693667,530.1310867552872,534.457456596576,477.601389396208,432.8488502499197
320.0,165.91128596327476,94.45391671028958,146.92805679829826,206.7382224571549,83.31874492430109,26.490387448218257,0.0,10.287569565362219,169.87978866305556,101.41167408611801,70.11317474238294,75.74791570774565,254.80519990674804,177.23651411887576,141.3854064103035,142.62248072408607,337.2912355969705,227.1206408766367,198.64668524304858,201.5269751780711,320.0,354.4008828704546,460.0615102048997,541.3490174705421,601.5453958147875,532.050226113068,594.5562881541127,559.0714068652451,513.091656117018,549.0873421829583,632.3511122835567,578.1664160597877,518.9864643941512,548.6217903879119,640.0,582.9835101550955,527.8746748302356,534.2737768970488,525.583098804841,460.8266969918874,413.744095115484,320.0,165.91511328504046,94.52101875064221,148.4408716105741,209.55504145193333,88.93210378396412,32.45047286116153,0.0,7.273286966555986,178.9799681592057,103.89072493913233,62.172629040988454,65.23759999690446,266.87459344516446,184.75543939737233,140.4716444527756,141.67745008807168,353.05210307887495,237.34807370933214,201.10931160512257,203.93771655158093,320.0,356.46993163664524,460.313457195521,541.5007750183945,603.4660750686282,536.4970283990164,606.710898419807,566.617473945957,516.3472353295252,551.6730318695691,640.0,581.8771339895461,520.8048081017805,549.5240618214108,639.9212831484191,574.2665529468427,514.2581474530756,532.3427863932982,529.9309912945376,465.2045462965434,417.696153749627,320.0,172.95318702523542,99.73027648616306,148.8000427245424,215.46741870693262,88.02428178160514,27.825335281053583,0.0,12.968720211585833,169.72586120278282,95.38913177892451,57.87446643484191,64.40569105808862,252.0283662809797,179.56124958522625,137.8886582692793,138.41599172998585,336.15047318879715,235.51337656985265,203.61761782938208,207.1017545835216,320.0,353.25368559655743,452.559220098858,531.9276321474426,585.0613680157786,530.0358708672056,607.3337637410675,567.4368016845449,517.7879137279798,546.9066126746446,639.2737960536518,585.4311113412825,525.9860735264039,548.0206219420854,640.0,579.0561579291859,519.9718634763735,535.3198735388759,541.3313525655182,480.4846169967607,432.1244617357535,320.0,170.61826817202234,97.78114422287229,153.43608468839207,220.9494394889312,82.52328384210364,21.11651904138705,0.0,17.554308910358827,168.88562033718972,98.72235658770546,65.88590973453961,72.81114956825951,251.87755249380365,182.9138744105237,141.3097034992606,141.28183651272724,334.2940346416174,230.91557449248904,192.3425094115322,188.63137079509627,320.0,353.22661431036767,449.9680159633413,526.7459870775801,581.0654696091788,524.2956690283197,597.1079710592021,561.6946277149862,513.7477209261727,542.8161111486069,636.3472327990817,581.3637568386698,521.9512067951184,544.1657882522561,640.0,583.600663877562,527.876351693667,530.1310867552872,534.457456596576,477.601389396208,432.8488502499197,320.0,172.8292430031545,101.8964982049786,155.35325923554353,218.22337574535237,90.84794242930019,26.33196438235501,0.0,13.28624618690003,174.70048576903136,99.896280429635,68.778979153699,76.78277559550992,256.7594053758006,177.97920733025305,142.17063510766064,146.6294390009637,338.2352721297941,227.2288087526186,195.77892877283594,198.5309590403583,320.0,356.97791987396505,456.6116173598533,536.2143712492848,594.5469100813959,532.0108718242092,601.7999054699457,562.6364337654564,513.5310157814656,549.3875827704558,639.1411787363505,579.584274141401,518.2884948861478,549.0405855269877,640.0,576.9655929697105,517.784540333868,532.9514121114005,533.0663372034206,470.31979839503356,422.3629523967593
320.0,165.91511328504046,94.52101875064221,148.4408716105741,209.55504145193333,88.93210378396412,32.45047286116153,0.0,7.273286966555986,178.9799681592057,103.89072493913233,62.172629040988454,65.23759999690446,266.87459344516446,184.75543939737233,140.4716444527756,141.67745008807168,353.05210307887495,237.34807370933214,201.10931160512257,203.93771655158093,320.0,356.46993163664524,460.313457195521,541.5007750183945,603.4660750686282,536.4970283990164,606.710898419807,566.617473945957,516.3472353295252,551.6730318695691,640.0,581.8771339895461,520.8048081017805,549.5240618214108,639.9212831484191,574.2665529468427,514.2581474530756,532.3427863932982,529.9309912945376,465.2045462965434,417.696153749627,320.0,172.95318702523542,99.73027648616306,148.8000427245424,215.46741870693262,88.02428178160514,27.825335281053583,0.0,12.968720211585833,169.72586120278282,95.38913177892451,57.87446643484191,64.40569105808862,252.0283662809797,179.56124958522625,137.8886582692793,138.41599172998585,336.15047318879715,235.51337656985265,203.61761782938208,207.1017545835216,320.0,353.25368559655743,452.559220098858,531.9276321474426,585.0613680157786,530.0358708672056,607.3337637410675,567.4368016845449,517.7879137279798,546.9066126746446,639.2737960536518,585.4311113412825,525.9860735264039,548.0206219420854,640.0,579.0561579291859,519.9718634763735,535.3198735388759,541.3313525655182,480.4846169967607,432.1244617357535,320.0,170.61826817202234,97.78114422287229,153.43608468839207,220.9494394889312,82.52328384210364,21.11651904138705,0.0,17.554308910358827,168.88562033718972,98.72235658770546,65.88590973453961,72.81114956825951,251.87755249380365,182.9138744105237,141.3097034992606,141.28183651272724,334.2940346416174,230.91557449248904,192.3425094115322,188.63137079509627,320.0,353.22661431036767,449.9680159633413,526.7459870775801,581.0654696091788,524.2956690283197,597.1079710592021,561.6946277149862,513.7477209261727,542.8161111486069,636.3472327990817,581.3637568386698,521.9512067951184,544.1657882522561,640.0,583.600663877562,527.876351693667,530.1310867552872,534.457456596576,477.601389396208,432.8488502499197,320.0,172.8292430031545,101.8964982049786,155.35325923554353,218.22337574535237,90.84794242930019,26.33196438235501,0.0,13.28624618690003,174.70048576903136,99.896280429635,68.778979153699,76.78277559550992,256.7594053758006,177.97920733025305,142.17063510766064,146.6294390009637,338.2352721297941,227.2288087526186,195.77892877283594,198.5309590403583,320.0,356.97791987396505,456.6116173598533,536.2143712492848,594.5469100813959,532.0108718242092,601.7999054699457,562.6364337654564,513.5310157814656,549.3875827704558,639.1411787363505,579.584274141401,518.2884948861478,549.0405855269877,640.0,576.9655929697105,517.784540333868,532.9514121114005,533.0663372034206,470.31979839503356,422.3629523967593,320.0,161.02371807859245,90.78931813529658,152.81336594237217,228.1633119877526,85.68180093223046,30.043002699508236,0.0,7.892942995026033,171.5626516526255,101.33480864352799,57.664154917606595,57.45540354312806,254.60950174199928,180.70201431276703,133.33893683577327,130.50721105947386,337.8082987452963,228.56422167873825,192.02436770852086,192.7234171830566,320.0,358.7775723232232,459.0848288665221,536.0427436796232,587.328025717853,526.8649562655767,596.5659827349682,562.9974852440057,516.5205608877033,543.9184484771605,635.4085940569723,584.284684412952,525.1635832006623,544.354367946815,640.0,585.1755357062204,529.1193934345736,530.759480347084,532.3242311947213,473.7006457570834,427.17341465017404
320.0,172.95318702523542,99.73027648616306,148.8000427245424,215.46741870693262,88.02428178160514,27.825335281053583,0.0,12.968720211585833,169.72586120278282,95.38913177892451,57.87446643484191,64.40569105808862,252.0283662809797,179.56124958522625,137.8886582692793,138.41599172998585,336.15047318879715,235.51337656985265,203.61761782938208,207.1017545835216,320.0,353.25368559655743,452.559220098858,531.9276321474426,585.0613680157786,530.0358708672056,607.3337637410675,567.4368016845449,517.7879137279798,546.9066126746446,639.2737960536518,585.4311113412825,525.9860735264039,548.0206219420854,640.0,579.0561579291859,519.9718634763735,535.3198735388759,541.3313525655182,480.4846169967607,432.1244617357535,320.0,170.61826817202234,97.78114422287229,153.43608468839207,220.9494394889312,82.52328384210364,21.11651904138705,0.0,17.554308910358827,168.88562033718972,98.72235658770546,65.88590973453961,72.81114956825951,251.87755249380365,182.9138744105237,141.3097034992606,141.28183651272724,334.2940346416174,230.91557449248904,192.3425094115322,188.63137079509627,320.0,353.22661431036767,449.9680159633413,526.7459870775801,581.0654696091788,524.2956690283197,597.1079710592021,561.6946277149862,513.7477209261727,542.8161111486069,636.3472327990817,581.3637568386698,521.9512067951184,544.1657882522561,640.0,583.600663877562,527.876351693667,530.1310867552872,534.457456596576,477.601389396208,432.8488502499197,320.0,172.8292430031545,101.8964982049786,155.35325923554353,218.22337574535237,90.84794242930019,26.33196438235501,0.0,13.28624618690003,174.70048576903136,99.896280429635,68.778979153699,76.78277559550992,256.7594053758006,177.97920733025305,142.17063510766064,146.6294390009637,338.2352721297941,227.2288087526186,195.77892877283594,198.5309590403583,320.0,356.97791987396505,456.6116173598533,536.2143712492848,594.5469100813959,532.0108718242092,601.7999054699457,562.6364337654564,513.5310157814656,549.3875827704558,639.1411787363505,579.584274141401,518.2884948861478,549.0405855269877,640.0,576.9655929697105,517.784540333868,532.9514121114005,533.0663372034206,470.31979839503356,422.3629523967593,320.0,161.02371807859245,90.78931813529658,152.81336594237217,228.1633119877526,85.68180093223046,30.043002699508236,0.0,7.892942995026033,171.5626516526255,101.33480864352799,57.664154917606595,57.45540354312806,254.60950174199928,180.70201431276703,133.33893683577327,130.50721105947386,337.8082987452963,228.56422167873825,192.02436770852086,192.7234171830566,320.0,358.7775723232232,459.0848288665221,536.0427436796232,587.328025717853,526.8649562655767,596.5659827349682,562.9974852440057,516.5205608877033,543.9184484771605,635.4085940569723,584.284684412952,525.1635832006623,544.354367946815,640.0,585.1755357062204,529.1193934345736,530.759480347084,532.3242311947213,473.7006457570834,427.17341465017404,320.0,162.61776544764155,91.94012554158445,150.95762728685995,219.19069051250074,82.74328169232388,25.352321818245514,0.0,13.237960132966123,168.59213597649483,97.76772821932065,54.756503975596104,54.96874974924202,252.67578925940768,178.4811267405771,130.83563326788638,127.61714673533177,337.6906615829491,229.2090153774293,190.46196481913117,188.5400627834621,320.0,357.0539848145122,457.91981578247885,537.2283419345778,593.2651619336807,524.2302256746902,593.4426413182146,559.775118607854,512.9708934044415,542.5021090955247,634.864975773069,586.0164939398884,526.9223463053563,544.387094979716,640.0,584.9522130959211,527.959235840462,532.0261870628169,533.2896660293512,473.85246889047374,426.0855363351079
320.0,170.61826817202234,97.78114422287229,153.43608468839207,220.9494394889312,82.52328384210364,21.11651904138705,0.0,17.554308910358827,168.88562033718972,98.72235658770546,65.88590973453961,72.81114956825951,251.87755249380365,182.9138744105237,141.3097034992606,141.28183651272724,334.2940346416174,230.91557449248904,192.3425094115322,188.63137079509627,320.0,353.22661431036767,449.9680159633413,526.7459870775801,581.0654696091788,524.2956690283197,597.1079710592021,561.6946277149862,513.7477209261727,542.8161111486069,636.3472327990817,581.3637568386698,521.9512067951184,544.1657882522561,640.0,583.600663877562,527.876351693667,530.1310867552872,534.457456596576,477.601389396208,432.8488502499197,320.0,172.8292430031545,101.8964982049786,155.35325923554353,218.22337574535237,90.84794242930019,26.33196438235501,0.0,13.28624618690003,174.70048576903136,99.896280429635,68.778979153699,76.78277559550992,256.7594053758006,177.97920733025305,142.17063510766064,146.6294390009637,338.2352721297941,227.2288087526186,195.77892877283594,198.5309590403583,320.0,356.97791987396505,456.6116173598533,536.2143712492848,594.5469100813959,532.0108718242092,601.7999054699457,562.6364337654564,513.5310157814656,549.3875827704558,639.1411787363505,579.584274141401,518.2884948861478,549.0405855269877,640.0,576.9655929697105,517.784540333868,532.9514121114005,533.0663372034206,470.31979839503356,422.3629523967593,320.0,161.02371807859245,90.78931813529658,152.81336594237217,228.1633119877526,85.68180093223046,30.043002699508236,0.0,7.892942995026033,171.5626516526255,101.33480864352799,57.664154917606595,57.45540354312806,254.60950174199928,180.70201431276703,133.33893683577327,130.50721105947386,337.8082987452963,228.56422167873825,192.02436770852086,192.7234171830566,320.0,358.7775723232232,459.0848288665221,536.0427436796232,587.328025717853,526.8649562655767,596.5659827349682,562.9974852440057,516.5205608877033,543.9184484771605,635.4085940569723,584.284684412952,525.1635832006623,544.354367946815,640.0,585.1755357062204,529.1193934345736,530.759480347084,532.3242311947213,473.7006457570834,427.17341465017404,320.0,162.61776544764155,91.94012554158445,150.95762728685995,219.19069051250074,82.74328169232388,25.352321818245514,0.0,13.237960132966123,168.59213597649483,97.76772821932065,54.756503975596104,54.96874974924202,252.67578925940768,178.4811267405771,130.83563326788638,127.61714673533177,337.6906615829491,229.2090153774293,190.46196481913117,188.5400627834621,320.0,357.0539848145122,457.91981578247885,537.2283419345778,593.2651619336807,524.2302256746902,593.4426413182146,559.775118607854,512.9708934044415,542.5021090955247,634.864975773069,586.0164939398884,526.9223463053563,544.387094979716,640.0,584.9522130959211,527.959235840462,532.0261870628169,533.2896660293512,473.85246889047374,426.0855363351079,320.0,166.23135428518577,93.46306424411262,141.99035356535512,196.3301835826877,91.74861335864225,33.23203563110155,0.0,6.608455351772534,178.8644883046653,108.53280547129253,65.81660021837001,66.89450476828341,263.04883365290175,184.34140872044148,136.62751358812318,134.89333201740254,344.30694623160673,228.6213700949767,188.329986606887,187.48395071384073,320.0,354.94885316166636,454.9446055576328,534.3980870632913,593.7179490584592,534.381907213559,602.4296649203093,562.8587890039585,514.1188489052091,549.7001956868621,639.89492541166,581.7458360839963,521.4731257398017,546.9514469741526,640.0,579.4772259860113,521.8176872868266,528.2686626274096,527.0823711546175,464.47730714102113,416.4058403670134
320.0,172.8292430031545,101.8964982049786,155.35325923554353,218.22337574535237,90.84794242930019,26.33196438235501,0.0,13.28624618690003,174.70048576903136,99.896280429635,68.778979153699,76.78277559550992,256.7594053758006,177.97920733025305,142.17063510766064,146.6294390009637,338.2352721297941,227.2288087526186,195.77892877283594,198.5309590403583,320.0,356.97791987396505,456.6116173598533,536.2143712492848,594.5469100813959,532.0108718242092,601.7999054699457,562.6364337654564,513.5310157814656,549.3875827704558,639.1411787363505,579.584274141401,518.2884948861478,549.0405855269877,640.0,576.9655929697105,517.784540333868,532.9514121114005,533.0663372034206,470.31979839503356,422.3629523967593,320.0,161.02371807859245,90.78931813529658,152.81336594237217,228.1633119877526,85.68180093223046,30.043002699508236,0.0,7.892942995026033,171.5626516526255,101.33480864352799,57.664154917606595,57.45540354312806,254.60950174199928,180.70201431276703,133.33893683577327,130.50721105947386,337.8082987452963,228.56422167873825,192.02436770852086,192.7234171830566,320.0,358.7775723232232,459.0848288665221,536.0427436796232,587.328025717853,526.8649562655767,596.5659827349682,562.9974852440057,516.5205608877033,543.9184484771605,635.4085940569723,584.284684412952,525.1635832006623,544.354367946815,640.0,585.1755357062204,529.1193934345736,530.759480347084,532.3242311947213,473.7006457570834,427.17341465017404,320.0,162.61776544764155,91.94012554158445,150.95762728685995,219.19069051250074,82.74328169232388,25.352321818245514,0.0,13.237960132966123,168.59213597649483,97.76772821932065,54.756503975596104,54.96874974924202,252.67578925940768,178.4811267405771,130.83563326788638,127.61714673533177,337.6906615829491,229.2090153774293,190.46196481913117,188.5400627834621,320.0,357.0539848145122,457.91981578247885,537.2283419345778,593.2651619336807,524.2302256746902,593.4426413182146,559.775118607854,512.9708934044415,542.5021090955247,634.864975773069,586.0164939398884,526.9223463053563,544.387094979716,640.0,584.9522130959211,527.959235840462,532.0261870628169,533.2896660293512,473.85246889047374,426.0855363351079,320.0,166.23135428518577,93.46306424411262,141.99035356535512,196.3301835826877,91.74861335864225,33.23203563110155,0.0,6.608455351772534,178.8644883046653,108.53280547129253,65.81660021837001,66.89450476828341,263.04883365290175,184.34140872044148,136.62751358812318,134.89333201740254,344.30694623160673,228.6213700949767,188.329986606887,187.48395071384073,320.0,354.94885316166636,454.9446055576328,534.3980870632913,593.7179490584592,534.381907213559,602.4296649203093,562.8587890039585,514.1188489052091,549.7001956868621,639.89492541166,581.7458360839963,521.4731257398017,546.9514469741526,640.0,579.4772259860113,521.8176872868266,528.2686626274096,527.0823711546175,464.47730714102113,416.4058403670134,320.0,173.54977803039714,102.17586967912499,157.465112893156,223.68291043812366,89.63396607899764,28.2962917874126,0.0,10.533393325858981,173.59689464648966,97.3069991371276,60.09902056992354,62.97221287695146,256.8418212612085,182.68066236354647,141.92722424070934,141.21988275135374,341.4795176798357,233.70295638669515,196.40515354439844,193.308157310931,320.0,354.29108734851246,451.19338126022893,527.8573822882645,582.2795597776776,531.3498329929623,600.1921833803378,563.0265274918602,513.1327922886409,549.7293626042685,639.7300275514325,584.8451560354094,525.9379664745729,550.1171145505065,640.0,580.7882061383009,524.0478785357981,534.7805079611335,531.6887259475839,471.48271712621147,425.7832112346041
320.0,161.02371807859245,90.78931813529658,152.81336594237217,228.1633119877526,85.68180093223046,30.043002699508236,0.0,7.892942995026033,171.5626516526255,101.33480864352799,57.664154917606595,57.45540354312806,254.60950174199928,180.70201431276703,133.33893683577327,130.50721105947386,337.8082987452963,228.56422167873825,192.02436770852086,192.7234171830566,320.0,358.7775723232232,459.0848288665221,536.0427436796232,587.328025717853,526.8649562655767,596.5659827349682,562.9974852440057,516.5205608877033,543.9184484771605,635.4085940569723,584.284684412952,525.1635832006623,544.354367946815,640.0,585.1755357062204,529.1193934345736,530.759480347084,532.3242311947213,473.7006457570834,427.17341465017404,320.0,162.61776544764155,91.94012554158445,150.95762728685995,219.19069051250074,82.74328169232388,25.352321818245514,0.0,13.237960132966123,168.59213597649483,97.76772821932065,54.756503975596104,54.96874974924202,252.67578925940768,178.4811267405771,130.83563326788638,127.61714673533177,337.6906615829491,229.2090153774293,190.46196481913117,188.5400627834621,320.0,357.0539848145122,457.91981578247885,537.2283419345778,593.2651619336807,524.2302256746902,593.4426413182146,559.775118607854,512.9708934044415,542.5021090955247,634.864975773069,586.0164939398884,526.9223463053563,544.387094979716,640.0,584.9522130959211,527.959235840462,532.0261870628169,533.2896660293512,473.85246889047374,426.0855363351079,320.0,166.23135428518577,93.46306424411262,141.99035356535512,196.3301835826877,91.74861335864225,33.23203563110155,0.0,6.608455351772534,178.8644883046653,108.53280547129253,65.81660021837001,66.89450476828341,263.04883365290175,184.34140872044148,136.62751358812318,134.89333201740254,344.30694623160673,228.6213700949767,188.329986606887,187.48395071384073,320.0,354.94885316166636,454.9446055576328,534.3980870632913,593.7179490584592,534.381907213559,602.4296649203093,562.8587890039585,514.1188489052091,549.7001956868621,639.89492541166,581.7458360839963,521.4731257398017,546.9514469741526,640.0,579.4772259860113,521.8176872868266,528.2686626274096,527.0823711546175,464.47730714102113,416.4058403670134,320.0,173.54977803039714,102.17586967912499,157.465112893156,223.68291043812366,89.63396607899764,28.2962917874126,0.0,10.533393325858981,173.59689464648966,97.3069991371276,60.09902056992354,62.97221287695146,256.8418212612085,182.68066236354647,141.92722424070934,141.21988275135374,341.4795176798357,233.70295638669515,196.40515354439844,193.308157310931,320.0,354.29108734851246,451.19338126022893,527.8573822882645,582.2795597776776,531.3498329929623,600.1921833803378,563.0265274918602,513.1327922886409,549.7293626042685,639.7300275514325,584.8451560354094,525.9379664745729,550.1171145505065,640.0,580.7882061383009,524.0478785357981,534.7805079611335,531.6887259475839,471.48271712621147,425.7832112346041,320.0,169.8986578750697,100.17776164240638,159.59731346066104,230.1430760450242,91.01579249476282,30.761104378954485,0.0,6.881583272416833,175.39445259389723,99.75695551707051,58.327012737676455,57.377402521369845,258.21188468224494,181.06287398220422,137.66051287586288,135.42526243145875,341.87668542403594,230.61863341035792,193.24983278631152,191.1080584732777,320.0,358.22782245118947,457.3331464345314,534.7297976626187,590.0123028759199,532.2755715980265,601.0978186947566,564.7507965784308,515.5801697262602,550.2232342993107,639.7455378639585,585.2386665644747,525.5206681029898,550.1261557199241,640.0,579.9494537824228,521.8199941113278,534.5187613272185,530.1538311194471,469.67987557435686,423.6068107710829
320.0,162.61776544764155,91.94012554158445,150.95762728685995,219.19069051250074,82.74328169232388,25.352321818245514,0.0,13.237960132966123,168.59213597649483,97.76772821932065,54.756503975596104,54.96874974924202,252.67578925940768,178.4811267405771,130.83563326788638,127.61714673533177,337.6906615829491,229.2090153774293,190.46196481913117,188.5400627834621,320.0,357.0539848145122,457.91981578247885,537.2283419345778,593.2651619336807,524.2302256746902,593.4426413182146,559.775118607854,512.9708934044415,542.5021090955247,634.864975773069,586.0164939398884,526.9223463053563,544.387094979716,640.0,584.9522130959211,527.959235840462,532.0261870628169,533.2896660293512,473.85246889047374,426.0855363351079,320.0,166.23135428518577,93.46306424411262,141.99035356535512,196.3301835826877,91.74861335864225,33.23203563110155,0.0,6.608455351772534,178.8644883046653,108.53280547129253,65.81660021837001,66.89450476828341,263.04883365290175,184.34140872044148,136.62751358812318,134.89333201740254,344.30694623160673,228.6213700949767,188.329986606887,187.48395071384073,320.0,354.94885316166636,454.9446055576328,534.3980870632913,593.7179490584592,534.381907213559,602.4296649203093,562.8587890039585,514.1188489052091,549.7001956868621,639.89492541166,581.7458360839963,521.4731257398017,546.9514469741526,640.0,579.4772259860113,521.8176872868266,528.2686626274096,527.0823711546175,464.47730714102113,416.4058403670134,320.0,173.54977803039714,102.17586967912499,157.465112893156,223.68291043812366,89.63396607899764,28.2962917874126,0.0,10.533393325858981,173.59689464648966,97.3069991371276,60.09902056992354,62.97221287695146,256.8418212612085,182.68066236354647,141.92722424070934,141.21988275135374,341.4795176798357,233.70295638669515,196.40515354439844,193.308157310931,320.0,354.29108734851246,451.19338126022893,527.8573822882645,582.2795597776776,531.3498329929623,600.1921833803378,563.0265274918602,513.1327922886409,549.7293626042685,639.7300275514325,584.8451560354094,525.9379664745729,550.1171145505065,640.0,580.7882061383009,524.0478785357981,534.7805079611335,531.6887259475839,471.48271712621147,425.7832112346041,320.0,169.8986578750697,100.17776164240638,159.59731346066104,230.1430760450242,91.01579249476282,30.761104378954485,0.0,6.881583272416833,175.39445259389723,99.75695551707051,58.327012737676455,57.377402521369845,258.21188468224494,181.06287398220422,137.66051287586288,135.42526243145875,341.87668542403594,230.61863341035792,193.24983278631152,191.1080584732777,320.0,358.22782245118947,457.3331464345314,534.7297976626187,590.0123028759199,532.2755715980265,601.0978186947566,564.7507965784308,515.5801697262602,550.2232342993107,639.7455378639585,585.2386665644747,525.5206681029898,550.1261557199241,640.0,579.9494537824228,521.8199941113278,534.5187613272185,530.1538311194471,469.67987557435686,423.6068107710829,320.0,167.51608303950988,100.27895316271065,164.36290490620894,238.9789546393478,90.6149209260812,33.26246568869533,0.0,4.018487496985188,173.55014741760775,98.94289187898795,57.545927516804966,56.96426374051873,255.91020733626146,178.8905204817775,138.2644263346749,138.53606194000588,339.18781675917523,227.19086191309827,193.11414569158302,194.85999018856657,320.0,360.8423436366307,461.87302339480425,539.5469658496467,592.9440647256794,531.978063891947,605.3998528177938,568.1153597307683,518.8884016455052,547.6669014313235,638.6883480497975,584.7522338650716,525.7325256100584,547.2372773188886,640.0,581.147045869552,523.2021796992988,532.8783338154136,533.6187478820162,473.30636557772084,426.25545837408026
320.0,166.23135428518577,93.46306424411262,141.99035356535512,196.3301835826877,91.74861335864225,33.23203563110155,0.0,6.608455351772534,178.8644883046653,108.53280547129253,65.81660021837001,66.89450476828341,263.04883365290175,184.34140872044148,136.62751358812318,134.89333201740254,344.30694623160673,228.6213700949767,188.329986606887,187.48395071384073,320.0,354.94885316166636,454.9446055576328,534.3980870632913,593.7179490584592,534.381907213559,602.4296649203093,562.8587890039585,514.1188489052091,549.7001956868621,639.89492541166,581.7458360839963,521.4731257398017,546.9514469741526,640.0,579.4772259860113,521.8176872868266,528.2686626274096,527.0823711546175,464.47730714102113,416.4058403670134,320.0,173.54977803039714,102.17586967912499,157.465112893156,223.68291043812366,89.63396607899764,28.2962917874126,0.0,10.533393325858981,173.59689464648966,97.3069991371276,60.09902056992354,62.97221287695146,256.8418212612085,182.68066236354647,141.92722424070934,141.21988275135374,341.4795176798357,233.70295638669515,196.40515354439844,193.308157310931,320.0,354.29108734851246,451.19338126022893,527.8573822882645,582.2795597776776,531.3498329929623,600.1921833803378,563.0265274918602,513.1327922886409,549.7293626042685,639.7300275514325,584.8451560354094,525.9379664745729,550.1171145505065,640.0,580.7882061383009,524.0478785357981,534.7805079611335,531.6887259475839,471.48271712621147,425.7832112346041,320.0,169.8986578750697,100.17776164240638,159.59731346066104,230.1430760450242,91.01579249476282,30.761104378954485,0.0,6.881583272416833,175.39445259389723,99.75695551707051,58.327012737676455,57.377402521369845,258.21188468224494,181.06287398220422,137.66051287586288,135.42526243145875,341.87668542403594,230.61863341035792,193.24983278631152,191.1080584732777,320.0,358.22782245118947,457.3331464345314,534.7297976626187,590.0123028759199,532.2755715980265,601.0978186947566,564.7507965784308,515.5801697262602,550.2232342993107,639.7455378639585,585.2386665644747,525.5206681029898,550.1261557199241,640.0,579.9494537824228,521.8199941113278,534.5187613272185,530.1538311194471,469.67987557435686,423.6068107710829,320.0,167.51608303950988,100.27895316271065,164.36290490620894,238.9789546393478,90.6149209260812,33.26246568869533,0.0,4.018487496985188,173.55014741760775,98.94289187898795,57.545927516804966,56.96426374051873,255.91020733626146,178.8905204817775,138.2644263346749,138.53606194000588,339.18781675917523,227.19086191309827,193.11414569158302,194.85999018856657,320.0,360.8423436366307,461.87302339480425,539.5469658496467,592.9440647256794,531.978063891947,605.3998528177938,568.1153597307683,518.8884016455052,547.6669014313235,638.6883480497975,584.7522338650716,525.7325256100584,547.2372773188886,640.0,581.147045869552,523.2021796992988,532.8783338154136,533.6187478820162,473.30636557772084,426.25545837408026,320.0,186.0567194669419,97.66143988376794,101.89449219196604,142.32806608451898,108.60094517923642,60.771456543527336,15.20019059639884,0.0,163.74028975338155,110.79454631754842,55.75389985421623,35.40994537972665,227.99412295500701,179.02034341621973,117.41178067357549,89.35239723278968,303.9332424689591,249.58701435213732,199.4249541684782,172.35633123617274,320.0,351.97134724180745,428.7731587384287,502.1567739616178,542.0241890937773,529.1012808043221,608.3641685278336,576.0041147568684,528.9652303828692,546.3024699126045,637.6394091466309,602.3879232513166,551.0072176818504,551.3553411668959,640.0,608.4619253659315,559.7774205069038,547.2500557664029,609.1473836442335,596.0626763404225,563.8978226208916
320.0,173.54977803039714,102.17586967912499,157.465112893156,223.68291043812366,89.63396607899764,28.2962917874126,0.0,10.533393325858981,173.59689464648966,97.3069991371276,60.09902056992354,62.97221287695146,256.8418212612085,182.68066236354647,141.92722424070934,141.21988275135374,341.4795176798357,233.70295638669515,196.40515354439844,193.308157310931,320.0,354.29108734851246,451.19338126022893,527.8573822882645,582.2795597776776,531.3498329929623,600.1921833803378,563.0265274918602,513.1327922886409,549.7293626042685,639.7300275514325,584.8451560354094,525.9379664745729,550.1171145505065,640.0,580.7882061383009,524.0478785357981,534.7805079611335,531.6887259475839,471.48271712621147,425.7832112346041,320.0,169.8986578750697,100.17776164240638,159.59731346066104,230.1430760450242,91.01579249476282,30.761104378954485,0.0,6.881583272416833,175.39445259389723,99.75695551707051,58.327012737676455,57.377402521369845,258.21188468224494,181.06287398220422,137.66051287586288,135.42526243145875,341.87668542403594,230.61863341035792,193.24983278631152,191.1080584732777,320.0,358.22782245118947,457.3331464345314,534.7297976626187,590.0123028759199,532.2755715980265,601.0978186947566,564.7507965784308,515.5801697262602,550.2232342993107,639.7455378639585,585.2386665644747,525.5206681029898,550.1261557199241,640.0,579.9494537824228,521.8199941113278,534.5187613272185,530.1538311194471,469.67987557435686,423.6068107710829,320.0,167.51608303950988,100.27895316271065,164.36290490620894,238.9789546393478,90.6149209260812,33.26246568869533,0.0,4.018487496985188,173.55014741760775,98.94289187898795,57.545927516804966,56.96426374051873,255.91020733626146,178.8905204817775,138.2644263346749,138.53606194000588,339.18781675917523,227.19086191309827,193.11414569158302,194.85999018856657,320.0,360.8423436366307,461.87302339480425,539.5469658496467,592.9440647256794,531.978063891947,605.3998528177938,568.1153597307683,518.8884016455052,547.6669014313235,638.6883480497975,584.7522338650716,525.7325256100584,547.2372773188886,640.0,581.147045869552,523.2021796992988,532.8783338154136,533.6187478820162,473.30636557772084,426.25545837408026,320.0,186.0567194669419,97.66143988376794,101.89449219196604,142.32806608451898,108.60094517923642,60.771456543527336,15.20019059639884,0.0,163.74028975338155,110.79454631754842,55.75389985421623,35.40994537972665,227.99412295500701,179.02034341621973,117.41178067357549,89.35239723278968,303.9332424689591,249.58701435213732,199.4249541684782,172.35633123617274,320.0,351.97134724180745,428.7731587384287,502.1567739616178,542.0241890937773,529.1012808043221,608.3641685278336,576.0041147568684,528.9652303828692,546.3024699126045,637.6394091466309,602.3879232513166,551.0072176818504,551.3553411668959,640.0,608.4619253659315,559.7774205069038,547.2500557664029,609.1473836442335,596.0626763404225,563.8978226208916,320.0,193.49936192929184,103.79267815579996,106.26611150621787,140.8157843440749,113.47597876277689,55.952132820782936,13.519835940939856,0.0,168.7927301751009,107.5656439410372,63.21997902346226,49.40013501462329,231.40465264553478,175.30496560542713,123.00236560224707,101.81850446276528,305.13477611972525,246.95073654422632,195.82329377183706,165.24137838976904,320.0,349.75843364265,422.1718894681748,493.3458919801059,538.651518832776,527.1019853493885,607.6921408912342,576.6817638706129,528.0612352032222,543.6885971985504,637.0024813715592,595.5539606786874,541.2646855835067,548.9616635507062,640.0,601.9768552571583,550.3890164891241,545.2799669513543,614.5413436360227,606.601793772537,580.0043146394871
