320.0,191.15817573505672,108.47589267294211,59.60522532197797,0.0,167.8512271006579,159.70875988242773,149.90731602398165,143.58835979391552,257.1745119453255,267.516049302811,246.11069248624355,223.40252879639417,331.73123841686987,337.00900675108267,305.6157485039887,281.3230534940612,389.9682039231658,379.1635935393622,349.5171976211856,327.00546161288383,320.0,342.60139581082467,403.5792927433072,459.72188053889454,495.5250246665564,463.97149662405855,546.3311323868768,599.2463024204701,640.0,465.27620458209736,548.9136243078002,560.2424241331548,557.2054936368773,457.30545197379774,529.8716287349343,538.4030735423219,531.1100363549058,442.5742764965091,496.224135047875,501.1073304332945,493.2316772221649,320.0,214.98428838039564,134.2282282258945,73.0212447830312,0.0,166.47953331807568,142.8756798427711,135.77641978681,128.69302561069765,233.08290536153436,236.17722442689598,242.42335772095836,237.76010705738676,299.1520598016843,311.95759047829614,304.59631959147845,292.4004564859827,362.22395556683256,373.7385556966909,356.99525290325937,338.30089451513516,320.0,354.0492677258139,414.8229960317492,462.8207411370332,489.27670836444963,492.36313061997953,556.829676763843,600.1816747987904,640.0,495.26757801994773,563.2110543468251,507.188182359822,460.6788720610596,487.9355184382492,544.2099784517741,491.1010024609443,448.60198283260297,468.37641355867174,510.0404326499434,480.4857344551839,455.1264683429732,320.0,220.89348389354967,136.18328718541022,73.02943277670917,0.0,166.1806967273113,140.32985932786193,130.76315880871113,122.84294853084077,240.78814954505233,255.88251816830717,263.3167108850885,256.54149786609474,312.8582901186627,334.2718854503534,325.13891711297674,310.06123251779474,380.2691071327258,397.2914925497029,378.0606410230199,355.3637023697478,320.0,343.1595285380623,399.6586414061224,444.0935196012024,468.62954189057723,485.41398789976006,551.9465949218721,598.096274170395,640.0,485.72105993780036,547.376282963097,488.45676093860845,440.79663000394333,474.9289025671171,520.4195027982369,468.0067296550842,430.28917683465534,452.74504013304875,488.21186052669964,455.51820352396174,430.7020601979385,320.0,229.6581799493859,144.66415422123393,71.16696927731317,0.0,174.55043595553153,141.1238016382817,126.52092176569533,114.21306241435127,232.12332534208693,239.90818095148552,250.53947769723553,248.5149467202967,291.22029504204,307.50498078676145,302.15066051023535,289.59013422016926,346.47077740357463,365.4354249461486,349.85140163499057,328.11506888503163,320.0,342.747790812591,389.05302810233,428.8682201573769,451.7544252949259,479.88460606031106,552.011512626079,597.60170657465,640.0,484.44235033023364,529.4058836430247,461.9404347531164,417.00994761706465,477.01192479074655,513.4047204565386,449.998549058698,413.3074130933308,458.4649892730723,480.1746726484789,437.88345078251973,413.8214539161879,320.0,227.34758341174643,140.14903642469275,67.83310727162956,0.0,172.3008293552811,138.05435597167013,121.22376521342653,109.21248233687413,233.39719119080408,236.61511407536338,247.43597670673597,249.69019872742984,293.63142244529047,303.66095981937065,299.8089343937965,290.12068143523413,349.25906025533914,361.20918055651714,345.7134905565279,325.7962790040275,320.0,341.28128514268246,390.40539263665846,430.47202068793194,449.2671544284767,479.1920643867187,553.3576644306333,598.8023388809715,640.0,484.65568457682997,525.0682553571359,460.54681676475997,416.4432943149882,478.124335766743,511.3393972099129,447.12728171529136,408.5078250164755,461.2220962039229,486.4072356167909,442.1374610009026,415.7904282019155
320.0,214.98428838039564,134.2282282258945,73.0212447830312,0.0,166.47953331807568,142.8756798427711,135.77641978681,128.69302561069765,233.08290536153436,236.17722442689598,242.42335772095836,237.76010705738676,299.1520598016843,311.95759047829614,304.59631959147845,292.4004564859827,362.22395556683256,373.7385556966909,356.99525290325937,338.30089451513516,320.0,354.0492677258139,414.8229960317492,462.8207411370332,489.27670836444963,492.36313061997953,556.829676763843,600.1816747987904,640.0,495.26757801994773,563.2110543468251,507.188182359822,460.6788720610596,487.9355184382492,544.2099784517741,491.1010024609443,448.60198283260297,468.37641355867174,510.0404326499434,480.4857344551839,455.1264683429732,320.0,220.89348389354967,136.18328718541022,73.02943277670917,0.0,166.1806967273113,140.32985932786193,130.76315880871113,122.84294853084077,240.78814954505233,255.88251816830717,263.3167108850885,256.54149786609474,312.8582901186627,334.2718854503534,325.13891711297674,310.06123251779474,380.2691071327258,397.2914925497029,378.0606410230199,355.3637023697478,320.0,343.1595285380623,399.6586414061224,444.0935196012024,468.62954189057723,485.41398789976006,551.9465949218721,598.096274170395,640.0,485.72105993780036,547.376282963097,488.45676093860845,440.79663000394333,474.9289025671171,520.4195027982369,468.0067296550842,430.28917683465534,452.74504013304875,488.21186052669964,455.51820352396174,430.7020601979385,320.0,229.6581799493859,144.66415422123393,71.16696927731317,0.0,174.55043595553153,141.1238016382817,126.52092176569533,114.21306241435127,232.12332534208693,239.90818095148552,250.53947769723553,248.5149467202967,291.22029504204,307.50498078676145,302.15066051023535,289.59013422016926,346.47077740357463,365.4354249461486,349.85140163499057,328.11506888503163,320.0,342.747790812591,389.05302810233,428.8682201573769,451.7544252949259,479.88460606031106,552.011512626079,597.60170657465,640.0,484.44235033023364,529.4058836430247,461.9404347531164,417.00994761706465,477.01192479074655,513.4047204565386,449.998549058698,413.3074130933308,458.4649892730723,480.1746726484789,437.88345078251973,413.8214539161879,320.0,227.34758341174643,140.14903642469275,67.83310727162956,0.0,172.3008293552811,138.05435597167013,121.22376521342653,109.21248233687413,233.39719119080408,236.61511407536338,247.43597670673597,249.69019872742984,293.63142244529047,303.66095981937065,299.8089343937965,290.12068143523413,349.25906025533914,361.20918055651714,345.7134905565279,325.7962790040275,320.0,341.28128514268246,390.40539263665846,430.47202068793194,449.2671544284767,479.1920643867187,553.3576644306333,598.8023388809715,640.0,484.65568457682997,525.0682553571359,460.54681676475997,416.4432943149882,478.124335766743,511.3393972099129,447.12728171529136,408.5078250164755,461.2220962039229,486.4072356167909,442.1374610009026,415.7904282019155,320.0,238.3596411295257,151.60376050085173,71.84868187952225,0.0,182.99313725787653,153.37494871569263,138.56317906406855,128.1932315164951,240.71520580978301,248.7512937804482,256.8121074453858,255.4768552277293,297.817837465913,312.61355483434454,304.8225662414578,290.43279471747195,348.3184066922271,362.5574291534895,346.92802869021983,325.5167856867142,320.0,340.17333308443443,385.1033212648609,416.6388978642242,428.0013720190425,476.4767104524484,552.9706439386432,598.2785817059466,640.0,479.951346515316,506.5033947669107,438.8734596408663,399.5967319192562,471.3624092873494,485.2860010308161,419.9492260698321,388.08475698808235,455.48391384072136,467.4954086445128,421.2741599788907,397.811579174746
320.0,220.89348389354967,136.18328718541022,73.02943277670917,0.0,166.1806967273113,140.32985932786193,130.76315880871113,122.84294853084077,240.78814954505233,255.88251816830717,263.3167108850885,256.54149786609474,312.8582901186627,334.2718854503534,325.13891711297674,310.06123251779474,380.2691071327258,397.2914925497029,378.0606410230199,355.3637023697478,320.0,343.1595285380623,399.6586414061224,444.0935196012024,468.62954189057723,485.41398789976006,551.9465949218721,598.096274170395,640.0,485.72105993780036,547.376282963097,488.45676093860845,440.79663000394333,474.9289025671171,520.4195027982369,468.0067296550842,430.28917683465534,452.74504013304875,488.21186052669964,455.51820352396174,430.7020601979385,320.0,229.6581799493859,144.66415422123393,71.16696927731317,0.0,174.55043595553153,141.1238016382817,126.52092176569533,114.21306241435127,232.12332534208693,239.90818095148552,250.53947769723553,248.5149467202967,291.22029504204,307.50498078676145,302.15066051023535,289.59013422016926,346.47077740357463,365.4354249461486,349.85140163499057,328.11506888503163,320.0,342.747790812591,389.05302810233,428.8682201573769,451.7544252949259,479.88460606031106,552.011512626079,597.60170657465,640.0,484.44235033023364,529.4058836430247,461.9404347531164,417.00994761706465,477.01192479074655,513.4047204565386,449.998549058698,413.3074130933308,458.4649892730723,480.1746726484789,437.88345078251973,413.8214539161879,320.0,227.34758341174643,140.14903642469275,67.83310727162956,0.0,172.3008293552811,138.05435597167013,121.22376521342653,109.21248233687413,233.39719119080408,236.61511407536338,247.43597670673597,249.69019872742984,293.63142244529047,303.66095981937065,299.8089343937965,290.12068143523413,349.25906025533914,361.20918055651714,345.7134905565279,325.7962790040275,320.0,341.28128514268246,390.40539263665846,430.47202068793194,449.2671544284767,479.1920643867187,553.3576644306333,598.8023388809715,640.0,484.65568457682997,525.0682553571359,460.54681676475997,416.4432943149882,478.124335766743,511.3393972099129,447.12728171529136,408.5078250164755,461.2220962039229,486.4072356167909,442.1374610009026,415.7904282019155,320.0,238.3596411295257,151.60376050085173,71.84868187952225,0.0,182.99313725787653,153.37494871569263,138.56317906406855,128.1932315164951,240.71520580978301,248.7512937804482,256.8121074453858,255.4768552277293,297.817837465913,312.61355483434454,304.8225662414578,290.43279471747195,348.3184066922271,362.5574291534895,346.92802869021983,325.5167856867142,320.0,340.17333308443443,385.1033212648609,416.6388978642242,428.0013720190425,476.4767104524484,552.9706439386432,598.2785817059466,640.0,479.951346515316,506.5033947669107,438.8734596408663,399.5967319192562,471.3624092873494,485.2860010308161,419.9492260698321,388.08475698808235,455.48391384072136,467.4954086445128,421.2741599788907,397.811579174746,320.0,240.03021336652705,151.02614886660436,69.6454354488082,0.0,190.67648128716428,160.91384471372368,147.4985966158623,136.781396801367,247.77544463447373,261.31781346668566,271.15751016726574,270.0397760307203,303.74163667945476,322.9754765055648,315.79357211964015,298.7822168402621,351.16650465974334,368.39034813953174,355.4152205582441,333.291271692629,320.0,337.60211711035663,379.19026768346004,407.59982905555523,418.45994158353363,474.97233815365274,554.1609191347202,599.4548583698452,640.0,479.13877588120545,502.4807543539555,439.20022899499725,398.4749702913687,470.4948824181102,477.3592975679049,414.44954933921576,382.9425434378712,453.829504710849,461.30373348002934,416.4539290799228,392.9392975926879
320.0,229.6581799493859,144.66415422123393,71.16696927731317,0.0,174.55043595553153,141.1238016382817,126.52092176569533,114.21306241435127,232.12332534208693,239.90818095148552,250.53947769723553,248.5149467202967,291.22029504204,307.50498078676145,302.15066051023535,289.59013422016926,346.47077740357463,365.4354249461486,349.85140163499057,328.11506888503163,320.0,342.747790812591,389.05302810233,428.8682201573769,451.7544252949259,479.88460606031106,552.011512626079,597.60170657465,640.0,484.44235033023364,529.4058836430247,461.9404347531164,417.00994761706465,477.01192479074655,513.4047204565386,449.998549058698,413.3074130933308,458.4649892730723,480.1746726484789,437.88345078251973,413.8214539161879,320.0,227.34758341174643,140.14903642469275,67.83310727162956,0.0,172.3008293552811,138.05435597167013,121.22376521342653,109.21248233687413,233.39719119080408,236.61511407536338,247.43597670673597,249.69019872742984,293.63142244529047,303.66095981937065,299.8089343937965,290.12068143523413,349.25906025533914,361.20918055651714,345.7134905565279,325.7962790040275,320.0,341.28128514268246,390.40539263665846,430.47202068793194,449.2671544284767,479.1920643867187,553.3576644306333,598.8023388809715,640.0,484.65568457682997,525.0682553571359,460.54681676475997,416.4432943149882,478.124335766743,511.3393972099129,447.12728171529136,408.5078250164755,461.2220962039229,486.4072356167909,442.1374610009026,415.7904282019155,320.0,238.3596411295257,151.60376050085173,71.84868187952225,0.0,182.99313725787653,153.37494871569263,138.56317906406855,128.1932315164951,240.71520580978301,248.7512937804482,256.8121074453858,255.4768552277293,297.817837465913,312.61355483434454,304.8225662414578,290.43279471747195,348.3184066922271,362.5574291534895,346.92802869021983,325.5167856867142,320.0,340.17333308443443,385.1033212648609,416.6388978642242,428.0013720190425,476.4767104524484,552.9706439386432,598.2785817059466,640.0,479.951346515316,506.5033947669107,438.8734596408663,399.5967319192562,471.3624092873494,485.2860010308161,419.9492260698321,388.08475698808235,455.48391384072136,467.4954086445128,421.2741599788907,397.811579174746,320.0,240.03021336652705,151.02614886660436,69.6454354488082,0.0,190.67648128716428,160.91384471372368,147.4985966158623,136.781396801367,247.77544463447373,261.31781346668566,271.15751016726574,270.0397760307203,303.74163667945476,322.9754765055648,315.79357211964015,298.7822168402621,351.16650465974334,368.39034813953174,355.4152205582441,333.291271692629,320.0,337.60211711035663,379.19026768346004,407.59982905555523,418.45994158353363,474.97233815365274,554.1609191347202,599.4548583698452,640.0,479.13877588120545,502.4807543539555,439.20022899499725,398.4749702913687,470.4948824181102,477.3592975679049,414.44954933921576,382.9425434378712,453.829504710849,461.30373348002934,416.4539290799228,392.9392975926879,320.0,240.0178145711319,151.37380770884835,70.35931420290109,0.0,191.57672664176832,161.4430760961971,147.67272141133358,136.39487333272905,249.03041161855043,262.0522348674975,271.38215063561574,269.92621141812316,305.16741557345443,323.9744489216022,316.3238093792972,299.72844492130986,352.7984463095793,370.2091069141806,356.3610197910249,334.0076835320768,320.0,337.65860335147426,379.24150845968705,407.61973872004023,418.12644425182486,474.24698955636177,553.0970203004175,598.9186907658809,640.0,477.7226192913878,502.03250536251346,439.4962032222222,398.20594241075725,468.1956603375118,475.4682400695532,413.788340493811,382.037134849573,450.2279730479787,457.61712478204413,413.3086952771497,389.97435246655186
320.0,227.34758341174643,140.14903642469275,67.83310727162956,0.0,172.3008293552811,138.05435597167013,121.22376521342653,109.21248233687413,233.39719119080408,236.61511407536338,247.43597670673597,249.69019872742984,293.63142244529047,303.66095981937065,299.8089343937965,290.12068143523413,349.25906025533914,361.20918055651714,345.7134905565279,325.7962790040275,320.0,341.28128514268246,390.40539263665846,430.47202068793194,449.2671544284767,479.1920643867187,553.3576644306333,598.8023388809715,640.0,484.65568457682997,525.0682553571359,460.54681676475997,416.4432943149882,478.124335766743,511.3393972099129,447.12728171529136,408.5078250164755,461.2220962039229,486.4072356167909,442.1374610009026,415.7904282019155,320.0,238.3596411295257,151.60376050085173,71.84868187952225,0.0,182.99313725787653,153.37494871569263,138.56317906406855,128.1932315164951,240.71520580978301,248.7512937804482,256.8121074453858,255.4768552277293,297.817837465913,312.61355483434454,304.8225662414578,290.43279471747195,348.3184066922271,362.5574291534895,346.92802869021983,325.5167856867142,320.0,340.17333308443443,385.1033212648609,416.6388978642242,428.0013720190425,476.4767104524484,552.9706439386432,598.2785817059466,640.0,479.951346515316,506.5033947669107,438.8734596408663,399.5967319192562,471.3624092873494,485.2860010308161,419.9492260698321,388.08475698808235,455.48391384072136,467.4954086445128,421.2741599788907,397.811579174746,320.0,240.03021336652705,151.02614886660436,69.6454354488082,0.0,190.67648128716428,160.91384471372368,147.4985966158623,136.781396801367,247.77544463447373,261.31781346668566,271.15751016726574,270.0397760307203,303.74163667945476,322.9754765055648,315.79357211964015,298.7822168402621,351.16650465974334,368.39034813953174,355.4152205582441,333.291271692629,320.0,337.60211711035663,379.19026768346004,407.59982905555523,418.45994158353363,474.97233815365274,554.1609191347202,599.4548583698452,640.0,479.13877588120545,502.4807543539555,439.20022899499725,398.4749702913687,470.4948824181102,477.3592975679049,414.44954933921576,382.9425434378712,453.829504710849,461.30373348002934,416.4539290799228,392.9392975926879,320.0,240.0178145711319,151.37380770884835,70.35931420290109,0.0,191.57672664176832,161.4430760961971,147.67272141133358,136.39487333272905,249.03041161855043,262.0522348674975,271.38215063561574,269.92621141812316,305.16741557345443,323.9744489216022,316.3238093792972,299.72844492130986,352.7984463095793,370.2091069141806,356.3610197910249,334.0076835320768,320.0,337.65860335147426,379.24150845968705,407.61973872004023,418.12644425182486,474.24698955636177,553.0970203004175,598.9186907658809,640.0,477.7226192913878,502.03250536251346,439.4962032222222,398.20594241075725,468.1956603375118,475.4682400695532,413.788340493811,382.037134849573,450.2279730479787,457.61712478204413,413.3086952771497,389.97435246655186,320.0,239.74342781249112,150.67769212306467,71.21391364376007,0.0,187.61197764617566,161.17753152320552,147.80116729189092,137.21258092026534,244.89559175974102,257.0252454074529,263.879356704923,261.7059777323352,301.3313119443739,318.57667540090716,309.45666704159606,292.69216300185167,349.56560520613283,364.3912099958714,349.9846601928272,328.05001654446977,320.0,333.24301144564043,376.2788184169203,405.9714995256652,415.4936542449926,473.76431875706874,554.0512111816284,599.5170638333303,640.0,477.81515971904867,498.4072623925174,434.0317724551021,393.36602680126856,468.5197842892536,473.7359889057024,410.6771580769123,378.0148061519677,452.02591069277753,458.5072187709849,412.5969854755369,388.25967645144027
320.0,238.3596411295257,151.60376050085173,71.84868187952225,0.0,182.99313725787653,153.37494871569263,138.56317906406855,128.1932315164951,240.71520580978301,248.7512937804482,256.8121074453858,255.4768552277293,297.817837465913,312.61355483434454,304.8225662414578,290.43279471747195,348.3184066922271,362.5574291534895,346.92802869021983,325.5167856867142,320.0,340.17333308443443,385.1033212648609,416.6388978642242,428.0013720190425,476.4767104524484,552.9706439386432,598.2785817059466,640.0,479.951346515316,506.5033947669107,438.8734596408663,399.5967319192562,471.3624092873494,485.2860010308161,419.9492260698321,388.08475698808235,455.48391384072136,467.4954086445128,421.2741599788907,397.811579174746,320.0,240.03021336652705,151.02614886660436,69.6454354488082,0.0,190.67648128716428,160.91384471372368,147.4985966158623,136.781396801367,247.77544463447373,261.31781346668566,271.15751016726574,270.0397760307203,303.74163667945476,322.9754765055648,315.79357211964015,298.7822168402621,351.16650465974334,368.39034813953174,355.4152205582441,333.291271692629,320.0,337.60211711035663,379.19026768346004,407.59982905555523,418.45994158353363,474.97233815365274,554.1609191347202,599.4548583698452,640.0,479.13877588120545,502.4807543539555,439.20022899499725,398.4749702913687,470.4948824181102,477.3592975679049,414.44954933921576,382.9425434378712,453.829504710849,461.30373348002934,416.4539290799228,392.9392975926879,320.0,240.0178145711319,151.37380770884835,70.35931420290109,0.0,191.57672664176832,161.4430760961971,147.67272141133358,136.39487333272905,249.03041161855043,262.0522348674975,271.38215063561574,269.92621141812316,305.16741557345443,323.9744489216022,316.3238093792972,299.72844492130986,352.7984463095793,370.2091069141806,356.3610197910249,334.0076835320768,320.0,337.65860335147426,379.24150845968705,407.61973872004023,418.12644425182486,474.24698955636177,553.0970203004175,598.9186907658809,640.0,477.7226192913878,502.03250536251346,439.4962032222222,398.20594241075725,468.1956603375118,475.4682400695532,413.788340493811,382.037134849573,450.2279730479787,457.61712478204413,413.3086952771497,389.97435246655186,320.0,239.74342781249112,150.67769212306467,71.21391364376007,0.0,187.61197764617566,161.17753152320552,147.80116729189092,137.21258092026534,244.89559175974102,257.0252454074529,263.879356704923,261.7059777323352,301.3313119443739,318.57667540090716,309.45666704159606,292.69216300185167,349.56560520613283,364.3912099958714,349.9846601928272,328.05001654446977,320.0,333.24301144564043,376.2788184169203,405.9714995256652,415.4936542449926,473.76431875706874,554.0512111816284,599.5170638333303,640.0,477.81515971904867,498.4072623925174,434.0317724551021,393.36602680126856,468.5197842892536,473.7359889057024,410.6771580769123,378.0148061519677,452.02591069277753,458.5072187709849,412.5969854755369,388.25967645144027,320.0,239.7478118001551,151.54870144717034,70.31025011883776,0.0,188.62277567565798,163.11038289683825,148.2760943282339,137.75198718649943,246.48427294746844,259.11304904520483,261.8098189410756,258.3542238313878,303.70481459885644,321.7094902850829,308.97948949161787,290.8702643654725,352.5118687213109,367.87110686782694,350.13681547345476,326.8430435518327,320.0,335.0321238548275,378.3985511242581,407.6593111637947,418.62882535421375,475.9359158315654,554.2218283060012,599.0047624432123,640.0,478.5471454377339,499.7035632530777,433.344515964066,397.0530866796261,468.6388996689241,476.35879422433266,413.56785943997806,386.07121474117844,452.0998326993795,459.6673618387533,413.44975868893187,391.8332019981285
320.0,240.03021336652705,151.02614886660436,69.6454354488082,0.0,190.67648128716428,160.91384471372368,147.4985966158623,136.781396801367,247.77544463447373,261.31781346668566,271.15751016726574,270.0397760307203,303.74163667945476,322.9754765055648,315.79357211964015,298.7822168402621,351.16650465974334,368.39034813953174,355.4152205582441,333.291271692629,320.0,337.60211711035663,379.19026768346004,407.59982905555523,418.45994158353363,474.97233815365274,554.1609191347202,599.4548583698452,640.0,479.13877588120545,502.4807543539555,439.20022899499725,398.4749702913687,470.4948824181102,477.3592975679049,414.44954933921576,382.9425434378712,453.829504710849,461.30373348002934,416.4539290799228,392.9392975926879,320.0,240.0178145711319,151.37380770884835,70.35931420290109,0.0,191.57672664176832,161.4430760961971,147.67272141133358,136.39487333272905,249.03041161855043,262.0522348674975,271.38215063561574,269.92621141812316,305.16741557345443,323.9744489216022,316.3238093792972,299.72844492130986,352.7984463095793,370.2091069141806,356.3610197910249,334.0076835320768,320.0,337.65860335147426,379.24150845968705,407.61973872004023,418.12644425182486,474.24698955636177,553.0970203004175,598.9186907658809,640.0,477.7226192913878,502.03250536251346,439.4962032222222,398.20594241075725,468.1956603375118,475.4682400695532,413.788340493811,382.037134849573,450.2279730479787,457.61712478204413,413.3086952771497,389.97435246655186,320.0,239.74342781249112,150.67769212306467,71.21391364376007,0.0,187.61197764617566,161.17753152320552,147.80116729189092,137.21258092026534,244.89559175974102,257.0252454074529,263.879356704923,261.7059777323352,301.3313119443739,318.57667540090716,309.45666704159606,292.69216300185167,349.56560520613283,364.3912099958714,349.9846601928272,328.05001654446977,320.0,333.24301144564043,376.2788184169203,405.9714995256652,415.4936542449926,473.76431875706874,554.0512111816284,599.5170638333303,640.0,477.81515971904867,498.4072623925174,434.0317724551021,393.36602680126856,468.5197842892536,473.7359889057024,410.6771580769123,378.0148061519677,452.02591069277753,458.5072187709849,412.5969854755369,388.25967645144027,320.0,239.7478118001551,151.54870144717034,70.31025011883776,0.0,188.62277567565798,163.11038289683825,148.2760943282339,137.75198718649943,246.48427294746844,259.11304904520483,261.8098189410756,258.3542238313878,303.70481459885644,321.7094902850829,308.97948949161787,290.8702643654725,352.5118687213109,367.87110686782694,350.13681547345476,326.8430435518327,320.0,335.0321238548275,378.3985511242581,407.6593111637947,418.62882535421375,475.9359158315654,554.2218283060012,599.0047624432123,640.0,478.5471454377339,499.7035632530777,433.344515964066,397.0530866796261,468.6388996689241,476.35879422433266,413.56785943997806,386.07121474117844,452.0998326993795,459.6673618387533,413.44975868893187,391.8332019981285,320.0,239.5772462128263,151.4114032464178,70.33382344021567,0.0,189.39398946305062,162.72153632821406,147.7884327804119,136.5495360019409,245.907593589151,257.8331907631236,262.0672122678703,259.108876930188,301.9368075845957,319.6136173025159,308.2478504665078,290.70065066394494,349.3354694464023,364.40050446847806,347.68632601798265,325.0620860148036,320.0,336.1198187864925,378.2248016006577,407.1934799273234,418.54954986267904,475.3666924927153,554.0759238898576,598.7974769959715,640.0,478.9459335119305,499.5658965341912,434.2482207377744,397.7577768890449,469.6083606589353,476.05055335352193,413.6606861985508,386.0911256212147,452.6325894815388,459.7064571134338,413.89355180322576,392.1250760959168
320.0,240.0178145711319,151.37380770884835,70.35931420290109,0.0,191.57672664176832,161.4430760961971,147.67272141133358,136.39487333272905,249.03041161855043,262.0522348674975,271.38215063561574,269.92621141812316,305.16741557345443,323.9744489216022,316.3238093792972,299.72844492130986,352.7984463095793,370.2091069141806,356.3610197910249,334.0076835320768,320.0,337.65860335147426,379.24150845968705,407.61973872004023,418.12644425182486,474.24698955636177,553.0970203004175,598.9186907658809,640.0,477.7226192913878,502.03250536251346,439.4962032222222,398.20594241075725,468.1956603375118,475.4682400695532,413.788340493811,382.037134849573,450.2279730479787,457.61712478204413,413.3086952771497,389.97435246655186,320.0,239.74342781249112,150.67769212306467,71.21391364376007,0.0,187.61197764617566,161.17753152320552,147.80116729189092,137.21258092026534,244.89559175974102,257.0252454074529,263.879356704923,261.7059777323352,301.3313119443739,318.57667540090716,309.45666704159606,292.69216300185167,349.56560520613283,364.3912099958714,349.9846601928272,328.05001654446977,320.0,333.24301144564043,376.2788184169203,405.9714995256652,415.4936542449926,473.76431875706874,554.0512111816284,599.5170638333303,640.0,477.81515971904867,498.4072623925174,434.0317724551021,393.36602680126856,468.5197842892536,473.7359889057024,410.6771580769123,378.0148061519677,452.02591069277753,458.5072187709849,412.5969854755369,388.25967645144027,320.0,239.7478118001551,151.54870144717034,70.31025011883776,0.0,188.62277567565798,163.11038289683825,148.2760943282339,137.75198718649943,246.48427294746844,259.11304904520483,261.8098189410756,258.3542238313878,303.70481459885644,321.7094902850829,308.97948949161787,290.8702643654725,352.5118687213109,367.87110686782694,350.13681547345476,326.8430435518327,320.0,335.0321238548275,378.3985511242581,407.6593111637947,418.62882535421375,475.9359158315654,554.2218283060012,599.0047624432123,640.0,478.5471454377339,499.7035632530777,433.344515964066,397.0530866796261,468.6388996689241,476.35879422433266,413.56785943997806,386.07121474117844,452.0998326993795,459.6673618387533,413.44975868893187,391.8332019981285,320.0,239.5772462128263,151.4114032464178,70.33382344021567,0.0,189.39398946305062,162.72153632821406,147.7884327804119,136.5495360019409,245.907593589151,257.8331907631236,262.0672122678703,259.108876930188,301.9368075845957,319.6136173025159,308.2478504665078,290.70065066394494,349.3354694464023,364.40050446847806,347.68632601798265,325.0620860148036,320.0,336.1198187864925,378.2248016006577,407.1934799273234,418.54954986267904,475.3666924927153,554.0759238898576,598.7974769959715,640.0,478.9459335119305,499.5658965341912,434.2482207377744,397.7577768890449,469.6083606589353,476.05055335352193,413.6606861985508,386.0911256212147,452.6325894815388,459.7064571134338,413.89355180322576,392.1250760959168,320.0,239.74208355950506,151.8158027391036,71.4937144162769,0.0,185.2193432166879,158.92213130890013,145.33479374107282,134.8170077691196,240.88647868542648,250.12221082668157,255.49552680207495,251.7031069378619,295.8241366156793,308.46653443823465,299.61083533042154,283.0371816626316,342.9364186921003,353.2651175759469,339.03370663231226,318.08496397495963,320.0,332.7360892662458,375.21172591696944,405.6382466880809,417.75478547748475,473.18873992895175,553.808454394803,598.6916839709236,640.0,477.3933244174071,498.18155516048523,432.77964591844534,397.69958560563043,469.6612894865768,477.6782904614329,413.33813977310365,384.16777481263523,455.21203046798655,465.72499101720916,419.74270710128053,396.3934365741759
320.0,239.74342781249112,150.67769212306467,71.21391364376007,0.0,187.61197764617566,161.17753152320552,147.80116729189092,137.21258092026534,244.89559175974102,257.0252454074529,263.879356704923,261.7059777323352,301.3313119443739,318.57667540090716,309.45666704159606,292.69216300185167,349.56560520613283,364.3912099958714,349.9846601928272,328.05001654446977,320.0,333.24301144564043,376.2788184169203,405.9714995256652,415.4936542449926,473.76431875706874,554.0512111816284,599.5170638333303,640.0,477.81515971904867,498.4072623925174,434.0317724551021,393.36602680126856,468.5197842892536,473.7359889057024,410.6771580769123,378.0148061519677,452.02591069277753,458.5072187709849,412.5969854755369,388.25967645144027,320.0,239.7478118001551,151.54870144717034,70.31025011883776,0.0,188.62277567565798,163.11038289683825,148.2760943282339,137.75198718649943,246.48427294746844,259.11304904520483,261.8098189410756,258.3542238313878,303.70481459885644,321.7094902850829,308.97948949161787,290.8702643654725,352.5118687213109,367.87110686782694,350.13681547345476,326.8430435518327,320.0,335.0321238548275,378.3985511242581,407.6593111637947,418.62882535421375,475.9359158315654,554.2218283060012,599.0047624432123,640.0,478.5471454377339,499.7035632530777,433.344515964066,397.0530866796261,468.6388996689241,476.35879422433266,413.56785943997806,386.07121474117844,452.0998326993795,459.6673618387533,413.44975868893187,391.8332019981285,320.0,239.5772462128263,151.4114032464178,70.33382344021567,0.0,189.39398946305062,162.72153632821406,147.7884327804119,136.5495360019409,245.907593589151,257.8331907631236,262.0672122678703,259.108876930188,301.9368075845957,319.6136173025159,308.2478504665078,290.70065066394494,349.3354694464023,364.40050446847806,347.68632601798265,325.0620860148036,320.0,336.1198187864925,378.2248016006577,407.1934799273234,418.54954986267904,475.3666924927153,554.0759238898576,598.7974769959715,640.0,478.9459335119305,499.5658965341912,434.2482207377744,397.7577768890449,469.6083606589353,476.05055335352193,413.6606861985508,386.0911256212147,452.6325894815388,459.7064571134338,413.89355180322576,392.1250760959168,320.0,239.74208355950506,151.8158027391036,71.4937144162769,0.0,185.2193432166879,158.92213130890013,145.33479374107282,134.8170077691196,240.88647868542648,250.12221082668157,255.49552680207495,251.7031069378619,295.8241366156793,308.46653443823465,299.61083533042154,283.0371816626316,342.9364186921003,353.2651175759469,339.03370663231226,318.08496397495963,320.0,332.7360892662458,375.21172591696944,405.6382466880809,417.75478547748475,473.18873992895175,553.808454394803,598.6916839709236,640.0,477.3933244174071,498.18155516048523,432.77964591844534,397.69958560563043,469.6612894865768,477.6782904614329,413.33813977310365,384.16777481263523,455.21203046798655,465.72499101720916,419.74270710128053,396.3934365741759,320.0,237.49151624881844,149.40280543042093,70.06653721470502,0.0,184.9290850671626,156.72317032911826,141.49617487907452,130.24410648414897,240.02971107060327,249.74199144140727,253.2331960213001,250.89524848420228,294.5365257526702,308.6154518071672,297.95906064626195,282.1420472137413,341.2906374244664,352.4655677603102,337.23762910167585,317.3667256513778,320.0,333.508570491386,374.86906224332506,405.25767906828486,416.8458928111391,473.68389092681696,554.0352195708501,598.5835693634674,640.0,478.49896150659947,498.7307322477,434.68543562421075,398.2682106684494,470.90848516636396,477.6012588012554,415.2001280316211,386.47096090876585,456.0508446604039,465.1705052884319,418.961412545012,394.98961359639384
320.0,239.7478118001551,151.54870144717034,70.31025011883776,0.0,188.62277567565798,163.11038289683825,148.2760943282339,137.75198718649943,246.48427294746844,259.11304904520483,261.8098189410756,258.3542238313878,303.70481459885644,321.7094902850829,308.97948949161787,290.8702643654725,352.5118687213109,367.87110686782694,350.13681547345476,326.8430435518327,320.0,335.0321238548275,378.3985511242581,407.6593111637947,418.62882535421375,475.9359158315654,554.2218283060012,599.0047624432123,640.0,478.5471454377339,499.7035632530777,433.344515964066,397.0530866796261,468.6388996689241,476.35879422433266,413.56785943997806,386.07121474117844,452.0998326993795,459.6673618387533,413.44975868893187,391.8332019981285,320.0,239.5772462128263,151.4114032464178,70.33382344021567,0.0,189.39398946305062,162.72153632821406,147.7884327804119,136.5495360019409,245.907593589151,257.8331907631236,262.0672122678703,259.108876930188,301.9368075845957,319.6136173025159,308.2478504665078,290.70065066394494,349.3354694464023,364.40050446847806,347.68632601798265,325.0620860148036,320.0,336.1198187864925,378.2248016006577,407.1934799273234,418.54954986267904,475.3666924927153,554.0759238898576,598.7974769959715,640.0,478.9459335119305,499.5658965341912,434.2482207377744,397.7577768890449,469.6083606589353,476.05055335352193,413.6606861985508,386.0911256212147,452.6325894815388,459.7064571134338,413.89355180322576,392.1250760959168,320.0,239.74208355950506,151.8158027391036,71.4937144162769,0.0,185.2193432166879,158.92213130890013,145.33479374107282,134.8170077691196,240.88647868542648,250.12221082668157,255.49552680207495,251.7031069378619,295.8241366156793,308.46653443823465,299.61083533042154,283.0371816626316,342.9364186921003,353.2651175759469,339.03370663231226,318.08496397495963,320.0,332.7360892662458,375.21172591696944,405.6382466880809,417.75478547748475,473.18873992895175,553.808454394803,598.6916839709236,640.0,477.3933244174071,498.18155516048523,432.77964591844534,397.69958560563043,469.6612894865768,477.6782904614329,413.33813977310365,384.16777481263523,455.21203046798655,465.72499101720916,419.74270710128053,396.3934365741759,320.0,237.49151624881844,149.40280543042093,70.06653721470502,0.0,184.9290850671626,156.72317032911826,141.49617487907452,130.24410648414897,240.02971107060327,249.74199144140727,253.2331960213001,250.89524848420228,294.5365257526702,308.6154518071672,297.95906064626195,282.1420472137413,341.2906374244664,352.4655677603102,337.23762910167585,317.3667256513778,320.0,333.508570491386,374.86906224332506,405.25767906828486,416.8458928111391,473.68389092681696,554.0352195708501,598.5835693634674,640.0,478.49896150659947,498.7307322477,434.68543562421075,398.2682106684494,470.90848516636396,477.6012588012554,415.2001280316211,386.47096090876585,456.0508446604039,465.1705052884319,418.961412545012,394.98961359639384,320.0,237.1894710604529,145.93747409030698,67.90138330418353,0.0,188.07427307798048,162.49947509336005,148.77970044891143,137.611814282988,247.61095373735492,254.63420065068777,260.40313091911645,259.66477490706563,306.6665671210531,316.0337884008665,309.33466200531234,295.2035858425704,358.5589410232844,365.30302012222893,352.7289630975242,334.60139251215276,320.0,330.3463715998266,373.14618870295635,403.60161222529683,413.3158310068201,471.29626175929775,554.1593258380101,599.248867041794,640.0,478.3601174193721,488.1701111321987,422.0296275288942,384.7959030742267,472.55970628263606,470.60191742716097,407.0508014221226,377.06937291444456,461.3517430180869,466.93649312069914,420.2508545540072,396.27722196188665
320.0,239.5772462128263,151.4114032464178,70.33382344021567,0.0,189.39398946305062,162.72153632821406,147.7884327804119,136.5495360019409,245.907593589151,257.8331907631236,262.0672122678703,259.108876930188,301.9368075845957,319.6136173025159,308.2478504665078,290.70065066394494,349.3354694464023,364.40050446847806,347.68632601798265,325.0620860148036,320.0,336.1198187864925,378.2248016006577,407.1934799273234,418.54954986267904,475.3666924927153,554.0759238898576,598.7974769959715,640.0,478.9459335119305,499.5658965341912,434.2482207377744,397.7577768890449,469.6083606589353,476.05055335352193,413.6606861985508,386.0911256212147,452.6325894815388,459.7064571134338,413.89355180322576,392.1250760959168,320.0,239.74208355950506,151.8158027391036,71.4937144162769,0.0,185.2193432166879,158.92213130890013,145.33479374107282,134.8170077691196,240.88647868542648,250.12221082668157,255.49552680207495,251.7031069378619,295.8241366156793,308.46653443823465,299.61083533042154,283.0371816626316,342.9364186921003,353.2651175759469,339.03370663231226,318.08496397495963,320.0,332.7360892662458,375.21172591696944,405.6382466880809,417.75478547748475,473.18873992895175,553.808454394803,598.6916839709236,640.0,477.3933244174071,498.18155516048523,432.77964591844534,397.69958560563043,469.6612894865768,477.6782904614329,413.33813977310365,384.16777481263523,455.21203046798655,465.72499101720916,419.74270710128053,396.3934365741759,320.0,237.49151624881844,149.40280543042093,70.06653721470502,0.0,184.9290850671626,156.72317032911826,141.49617487907452,130.24410648414897,240.02971107060327,249.74199144140727,253.2331960213001,250.89524848420228,294.5365257526702,308.6154518071672,297.95906064626195,282.1420472137413,341.2906374244664,352.4655677603102,337.23762910167585,317.3667256513778,320.0,333.508570491386,374.86906224332506,405.25767906828486,416.8458928111391,473.68389092681696,554.0352195708501,598.5835693634674,640.0,478.49896150659947,498.7307322477,434.68543562421075,398.2682106684494,470.90848516636396,477.6012588012554,415.2001280316211,386.47096090876585,456.0508446604039,465.1705052884319,418.961412545012,394.98961359639384,320.0,237.1894710604529,145.93747409030698,67.90138330418353,0.0,188.07427307798048,162.49947509336005,148.77970044891143,137.611814282988,247.61095373735492,254.63420065068777,260.40313091911645,259.66477490706563,306.6665671210531,316.0337884008665,309.33466200531234,295.2035858425704,358.5589410232844,365.30302012222893,352.7289630975242,334.60139251215276,320.0,330.3463715998266,373.14618870295635,403.60161222529683,413.3158310068201,471.29626175929775,554.1593258380101,599.248867041794,640.0,478.3601174193721,488.1701111321987,422.0296275288942,384.7959030742267,472.55970628263606,470.60191742716097,407.0508014221226,377.06937291444456,461.3517430180869,466.93649312069914,420.2508545540072,396.27722196188665,320.0,239.43605960957402,146.698719561884,68.57829887852006,0.0,184.05031643717496,158.55692814723943,146.68035971268168,136.22844180897278,241.77728872822314,246.4992944085576,254.50435258799467,252.56052404460203,300.43973221975523,307.82963299639886,304.74304727648365,291.2564676013848,352.90310376990357,358.10355154736413,347.36078576466224,328.90628908079475,320.0,328.6699619922504,372.9025893036348,403.51486578057916,414.5836433991763,468.76905199650014,551.7938304777375,598.5458815843128,640.0,476.24326604266037,491.2266183568198,426.85965089981073,390.1704641400677,472.1865545483529,474.2400509510908,411.65120479968846,381.06892488040586,462.6181310682424,468.3497221274323,421.1415032739589,396.8482624040976
320.0,239.74208355950506,151.8158027391036,71.4937144162769,0.0,185.2193432166879,158.92213130890013,145.33479374107282,134.8170077691196,240.88647868542648,250.12221082668157,255.49552680207495,251.7031069378619,295.8241366156793,308.46653443823465,299.61083533042154,283.0371816626316,342.9364186921003,353.2651175759469,339.03370663231226,318.08496397495963,320.0,332.7360892662458,375.21172591696944,405.6382466880809,417.75478547748475,473.18873992895175,553.808454394803,598.6916839709236,640.0,477.3933244174071,498.18155516048523,432.77964591844534,397.69958560563043,469.6612894865768,477.6782904614329,413.33813977310365,384.16777481263523,455.21203046798655,465.72499101720916,419.74270710128053,396.3934365741759,320.0,237.49151624881844,149.40280543042093,70.06653721470502,0.0,184.9290850671626,156.72317032911826,141.49617487907452,130.24410648414897,240.02971107060327,249.74199144140727,253.2331960213001,250.89524848420228,294.5365257526702,308.6154518071672,297.95906064626195,282.1420472137413,341.2906374244664,352.4655677603102,337.23762910167585,317.3667256513778,320.0,333.508570491386,374.86906224332506,405.25767906828486,416.8458928111391,473.68389092681696,554.0352195708501,598.5835693634674,640.0,478.49896150659947,498.7307322477,434.68543562421075,398.2682106684494,470.90848516636396,477.6012588012554,415.2001280316211,386.47096090876585,456.0508446604039,465.1705052884319,418.961412545012,394.98961359639384,320.0,237.1894710604529,145.93747409030698,67.90138330418353,0.0,188.07427307798048,162.49947509336005,148.77970044891143,137.611814282988,247.61095373735492,254.63420065068777,260.40313091911645,259.66477490706563,306.6665671210531,316.0337884008665,309.33466200531234,295.2035858425704,358.5589410232844,365.30302012222893,352.7289630975242,334.60139251215276,320.0,330.3463715998266,373.14618870295635,403.60161222529683,413.3158310068201,471.29626175929775,554.1593258380101,599.248867041794,640.0,478.3601174193721,488.1701111321987,422.0296275288942,384.7959030742267,472.55970628263606,470.60191742716097,407.0508014221226,377.06937291444456,461.3517430180869,466.93649312069914,420.2508545540072,396.27722196188665,320.0,239.43605960957402,146.698719561884,68.57829887852006,0.0,184.05031643717496,158.55692814723943,146.68035971268168,136.22844180897278,241.77728872822314,246.4992944085576,254.50435258799467,252.56052404460203,300.43973221975523,307.82963299639886,304.74304727648365,291.2564676013848,352.90310376990357,358.10355154736413,347.36078576466224,328.90628908079475,320.0,328.6699619922504,372.9025893036348,403.51486578057916,414.5836433991763,468.76905199650014,551.7938304777375,598.5458815843128,640.0,476.24326604266037,491.2266183568198,426.85965089981073,390.1704641400677,472.1865545483529,474.2400509510908,411.65120479968846,381.06892488040586,462.6181310682424,468.3497221274323,421.1415032739589,396.8482624040976,320.0,237.3827409858112,145.30259209454732,68.19864508332014,0.0,183.8073825466209,156.54587508049732,142.78473465517794,131.05528704161253,241.7312432366473,247.1863744773868,254.21644350525708,252.95205712115154,300.2820145114663,307.90204676574814,302.7158033237949,288.9893654062079,352.8137233486736,357.464436043703,344.9352037504452,326.2709593943331,320.0,329.1656201650508,373.1353128823828,404.6401092115679,416.08620611061605,468.72556213895695,551.1031184705375,597.9122642838904,640.0,476.46518717407616,492.57982833500324,428.7189002809838,391.81459060111945,472.7271578863319,476.17969259517804,413.8913920512355,382.82768460809893,462.9711469449154,469.6095036945604,422.68499690593046,397.834145359
320.0,237.49151624881844,149.40280543042093,70.06653721470502,0.0,184.9290850671626,156.72317032911826,141.49617487907452,130.24410648414897,240.02971107060327,249.74199144140727,253.2331960213001,250.89524848420228,294.5365257526702,308.6154518071672,297.95906064626195,282.1420472137413,341.2906374244664,352.4655677603102,337.23762910167585,317.3667256513778,320.0,333.508570491386,374.86906224332506,405.25767906828486,416.8458928111391,473.68389092681696,554.0352195708501,598.5835693634674,640.0,478.49896150659947,498.7307322477,434.68543562421075,398.2682106684494,470.90848516636396,477.6012588012554,415.2001280316211,386.47096090876585,456.0508446604039,465.1705052884319,418.961412545012,394.98961359639384,320.0,237.1894710604529,145.93747409030698,67.90138330418353,0.0,188.07427307798048,162.49947509336005,148.77970044891143,137.611814282988,247.61095373735492,254.63420065068777,260.40313091911645,259.66477490706563,306.6665671210531,316.0337884008665,309.33466200531234,295.2035858425704,358.5589410232844,365.30302012222893,352.7289630975242,334.60139251215276,320.0,330.3463715998266,373.14618870295635,403.60161222529683,413.3158310068201,471.29626175929775,554.1593258380101,599.248867041794,640.0,478.3601174193721,488.1701111321987,422.0296275288942,384.7959030742267,472.55970628263606,470.60191742716097,407.0508014221226,377.06937291444456,461.3517430180869,466.93649312069914,420.2508545540072,396.27722196188665,320.0,239.43605960957402,146.698719561884,68.57829887852006,0.0,184.05031643717496,158.55692814723943,146.68035971268168,136.22844180897278,241.77728872822314,246.4992944085576,254.50435258799467,252.56052404460203,300.43973221975523,307.82963299639886,304.74304727648365,291.2564676013848,352.90310376990357,358.10355154736413,347.36078576466224,328.90628908079475,320.0,328.6699619922504,372.9025893036348,403.51486578057916,414.5836433991763,468.76905199650014,551.7938304777375,598.5458815843128,640.0,476.24326604266037,491.2266183568198,426.85965089981073,390.1704641400677,472.1865545483529,474.2400509510908,411.65120479968846,381.06892488040586,462.6181310682424,468.3497221274323,421.1415032739589,396.8482624040976,320.0,237.3827409858112,145.30259209454732,68.19864508332014,0.0,183.8073825466209,156.54587508049732,142.78473465517794,131.05528704161253,241.7312432366473,247.1863744773868,254.21644350525708,252.95205712115154,300.2820145114663,307.90204676574814,302.7158033237949,288.9893654062079,352.8137233486736,357.464436043703,344.9352037504452,326.2709593943331,320.0,329.1656201650508,373.1353128823828,404.6401092115679,416.08620611061605,468.72556213895695,551.1031184705375,597.9122642838904,640.0,476.46518717407616,492.57982833500324,428.7189002809838,391.81459060111945,472.7271578863319,476.17969259517804,413.8913920512355,382.82768460809893,462.9711469449154,469.6095036945604,422.68499690593046,397.834145359,320.0,236.44092541180262,148.22319872500242,69.8575581480236,0.0,183.14251155380873,156.2916492253384,142.24016610619537,131.32672295883137,241.44572518916303,247.55092518708085,249.81197645068366,245.7210959260993,299.88412736924334,307.8458286881315,298.96200132877846,284.4822417124966,351.9797796127092,355.9546478489494,342.84741253213554,326.5253712765224,320.0,329.46488339361633,371.20272058620014,403.0050186562221,416.0606116671361,469.129140961231,552.2857716722336,597.5316683616552,640.0,477.01742002261335,489.9532769277837,419.84091923984977,388.4617234770302,472.59817255018396,473.38716149380616,406.11057917101516,381.1914494424447,461.8141553428552,467.83956226222733,418.8017064644857,397.1515902969587
320.0,237.1894710604529,145.93747409030698,67.90138330418353,0.0,188.07427307798048,162.49947509336005,148.77970044891143,137.611814282988,247.61095373735492,254.63420065068777,260.40313091911645,259.66477490706563,306.6665671210531,316.0337884008665,309.33466200531234,295.2035858425704,358.5589410232844,365.30302012222893,352.7289630975242,334.60139251215276,320.0,330.3463715998266,373.14618870295635,403.60161222529683,413.3158310068201,471.29626175929775,554.1593258380101,599.248867041794,640.0,478.3601174193721,488.1701111321987,422.0296275288942,384.7959030742267,472.55970628263606,470.60191742716097,407.0508014221226,377.06937291444456,461.3517430180869,466.93649312069914,420.2508545540072,396.27722196188665,320.0,239.43605960957402,146.698719561884,68.57829887852006,0.0,184.05031643717496,158.55692814723943,146.68035971268168,136.22844180897278,241.77728872822314,246.4992944085576,254.50435258799467,252.56052404460203,300.43973221975523,307.82963299639886,304.74304727648365,291.2564676013848,352.90310376990357,358.10355154736413,347.36078576466224,328.90628908079475,320.0,328.6699619922504,372.9025893036348,403.51486578057916,414.5836433991763,468.76905199650014,551.7938304777375,598.5458815843128,640.0,476.24326604266037,491.2266183568198,426.85965089981073,390.1704641400677,472.1865545483529,474.2400509510908,411.65120479968846,381.06892488040586,462.6181310682424,468.3497221274323,421.1415032739589,396.8482624040976,320.0,237.3827409858112,145.30259209454732,68.19864508332014,0.0,183.8073825466209,156.54587508049732,142.78473465517794,131.05528704161253,241.7312432366473,247.1863744773868,254.21644350525708,252.95205712115154,300.2820145114663,307.90204676574814,302.7158033237949,288.9893654062079,352.8137233486736,357.464436043703,344.9352037504452,326.2709593943331,320.0,329.1656201650508,373.1353128823828,404.6401092115679,416.08620611061605,468.72556213895695,551.1031184705375,597.9122642838904,640.0,476.46518717407616,492.57982833500324,428.7189002809838,391.81459060111945,472.7271578863319,476.17969259517804,413.8913920512355,382.82768460809893,462.9711469449154,469.6095036945604,422.68499690593046,397.834145359,320.0,236.44092541180262,148.22319872500242,69.8575581480236,0.0,183.14251155380873,156.2916492253384,142.24016610619537,131.32672295883137,241.44572518916303,247.55092518708085,249.81197645068366,245.7210959260993,299.88412736924334,307.8458286881315,298.96200132877846,284.4822417124966,351.9797796127092,355.9546478489494,342.84741253213554,326.5253712765224,320.0,329.46488339361633,371.20272058620014,403.0050186562221,416.0606116671361,469.129140961231,552.2857716722336,597.5316683616552,640.0,477.01742002261335,489.9532769277837,419.84091923984977,388.4617234770302,472.59817255018396,473.38716149380616,406.11057917101516,381.1914494424447,461.8141553428552,467.83956226222733,418.8017064644857,397.1515902969587,320.0,236.14573945979683,147.22944781890646,68.62009717479799,0.0,182.67417063109713,155.13076010148976,140.6612214001198,129.4215740212169,240.9293852149044,246.87652270726733,249.5525250898216,246.08692286576365,299.4998552098831,307.76351194528047,299.0040509298438,284.5778406869298,351.60124329172123,356.6754145359569,342.94325670847036,325.80854773916013,320.0,330.1772082907065,371.7881702539491,403.8834599064751,418.8173730383372,469.3253669958231,551.7672497795926,597.0791647424751,640.0,476.9634348349025,490.59284841494485,420.9900619644947,389.57337228118166,472.57973371397344,474.7213586376502,408.4514238281581,384.00004713809176,461.90946098328584,468.4646254399862,419.5698383973638,397.9780469068205
320.0,239.43605960957402,146.698719561884,68.57829887852006,0.0,184.05031643717496,158.55692814723943,146.68035971268168,136.22844180897278,241.77728872822314,246.4992944085576,254.50435258799467,252.56052404460203,300.43973221975523,307.82963299639886,304.74304727648365,291.2564676013848,352.90310376990357,358.10355154736413,347.36078576466224,328.90628908079475,320.0,328.6699619922504,372.9025893036348,403.51486578057916,414.5836433991763,468.76905199650014,551.7938304777375,598.5458815843128,640.0,476.24326604266037,491.2266183568198,426.85965089981073,390.1704641400677,472.1865545483529,474.2400509510908,411.65120479968846,381.06892488040586,462.6181310682424,468.3497221274323,421.1415032739589,396.8482624040976,320.0,237.3827409858112,145.30259209454732,68.19864508332014,0.0,183.8073825466209,156.54587508049732,142.78473465517794,131.05528704161253,241.7312432366473,247.1863744773868,254.21644350525708,252.95205712115154,300.2820145114663,307.90204676574814,302.7158033237949,288.9893654062079,352.8137233486736,357.464436043703,344.9352037504452,326.2709593943331,320.0,329.1656201650508,373.1353128823828,404.6401092115679,416.08620611061605,468.72556213895695,551.1031184705375,597.9122642838904,640.0,476.46518717407616,492.57982833500324,428.7189002809838,391.81459060111945,472.7271578863319,476.17969259517804,413.8913920512355,382.82768460809893,462.9711469449154,469.6095036945604,422.68499690593046,397.834145359,320.0,236.44092541180262,148.22319872500242,69.8575581480236,0.0,183.14251155380873,156.2916492253384,142.24016610619537,131.32672295883137,241.44572518916303,247.55092518708085,249.81197645068366,245.7210959260993,299.88412736924334,307.8458286881315,298.96200132877846,284.4822417124966,351.9797796127092,355.9546478489494,342.84741253213554,326.5253712765224,320.0,329.46488339361633,371.20272058620014,403.0050186562221,416.0606116671361,469.129140961231,552.2857716722336,597.5316683616552,640.0,477.01742002261335,489.9532769277837,419.84091923984977,388.4617234770302,472.59817255018396,473.38716149380616,406.11057917101516,381.1914494424447,461.8141553428552,467.83956226222733,418.8017064644857,397.1515902969587,320.0,236.14573945979683,147.22944781890646,68.62009717479799,0.0,182.67417063109713,155.13076010148976,140.6612214001198,129.4215740212169,240.9293852149044,246.87652270726733,249.5525250898216,246.08692286576365,299.4998552098831,307.76351194528047,299.0040509298438,284.5778406869298,351.60124329172123,356.6754145359569,342.94325670847036,325.80854773916013,320.0,330.1772082907065,371.7881702539491,403.8834599064751,418.8173730383372,469.3253669958231,551.7672497795926,597.0791647424751,640.0,476.9634348349025,490.59284841494485,420.9900619644947,389.57337228118166,472.57973371397344,474.7213586376502,408.4514238281581,384.00004713809176,461.90946098328584,468.4646254399862,419.5698383973638,397.9780469068205,320.0,236.35246991336894,148.4669878731471,68.89103026542523,0.0,182.44843066089044,154.81939050509655,141.30190543471895,130.73264232823615,239.25386400929978,244.32692290919874,250.24334194286314,247.9308945064721,296.262796240713,304.6166167662806,297.8415871437667,283.78170418851755,346.6105489790045,353.01910916908696,340.2757690951521,322.9900062173015,320.0,330.9223881357871,371.8570760446064,403.05271475255523,415.702121429287,469.41757166321975,552.7200992517589,597.8805268215075,640.0,476.4580447332372,494.118882789387,422.9253068867466,387.16949324342346,471.79657894409263,477.6699784176031,409.0980146684426,380.195456730584,460.0873372799304,470.26346410214916,421.8918177167709,398.2631653510355
320.0,237.3827409858112,145.30259209454732,68.19864508332014,0.0,183.8073825466209,156.54587508049732,142.78473465517794,131.05528704161253,241.7312432366473,247.1863744773868,254.21644350525708,252.95205712115154,300.2820145114663,307.90204676574814,302.7158033237949,288.9893654062079,352.8137233486736,357.464436043703,344.9352037504452,326.2709593943331,320.0,329.1656201650508,373.1353128823828,404.6401092115679,416.08620611061605,468.72556213895695,551.1031184705375,597.9122642838904,640.0,476.46518717407616,492.57982833500324,428.7189002809838,391.81459060111945,472.7271578863319,476.17969259517804,413.8913920512355,382.82768460809893,462.9711469449154,469.6095036945604,422.68499690593046,397.834145359,320.0,236.44092541180262,148.22319872500242,69.8575581480236,0.0,183.14251155380873,156.2916492253384,142.24016610619537,131.32672295883137,241.44572518916303,247.55092518708085,249.81197645068366,245.7210959260993,299.88412736924334,307.8458286881315,298.96200132877846,284.4822417124966,351.9797796127092,355.9546478489494,342.84741253213554,326.5253712765224,320.0,329.46488339361633,371.20272058620014,403.0050186562221,416.0606116671361,469.129140961231,552.2857716722336,597.5316683616552,640.0,477.01742002261335,489.9532769277837,419.84091923984977,388.4617234770302,472.59817255018396,473.38716149380616,406.11057917101516,381.1914494424447,461.8141553428552,467.83956226222733,418.8017064644857,397.1515902969587,320.0,236.14573945979683,147.22944781890646,68.62009717479799,0.0,182.67417063109713,155.13076010148976,140.6612214001198,129.4215740212169,240.9293852149044,246.87652270726733,249.5525250898216,246.08692286576365,299.4998552098831,307.76351194528047,299.0040509298438,284.5778406869298,351.60124329172123,356.6754145359569,342.94325670847036,325.80854773916013,320.0,330.1772082907065,371.7881702539491,403.8834599064751,418.8173730383372,469.3253669958231,551.7672497795926,597.0791647424751,640.0,476.9634348349025,490.59284841494485,420.9900619644947,389.57337228118166,472.57973371397344,474.7213586376502,408.4514238281581,384.00004713809176,461.90946098328584,468.4646254399862,419.5698383973638,397.9780469068205,320.0,236.35246991336894,148.4669878731471,68.89103026542523,0.0,182.44843066089044,154.81939050509655,141.30190543471895,130.73264232823615,239.25386400929978,244.32692290919874,250.24334194286314,247.9308945064721,296.262796240713,304.6166167662806,297.8415871437667,283.78170418851755,346.6105489790045,353.01910916908696,340.2757690951521,322.9900062173015,320.0,330.9223881357871,371.8570760446064,403.05271475255523,415.702121429287,469.41757166321975,552.7200992517589,597.8805268215075,640.0,476.4580447332372,494.118882789387,422.9253068867466,387.16949324342346,471.79657894409263,477.6699784176031,409.0980146684426,380.195456730584,460.0873372799304,470.26346410214916,421.8918177167709,398.2631653510355,320.0,235.92556589079285,146.92900647417216,68.52177319078663,0.0,182.86538475269722,155.0651854375498,140.76325257023717,129.75420178567603,241.13060854362237,246.55006288525507,249.96561456693837,248.4114460344548,299.319003179454,307.1574742670272,298.8308136729783,285.8975658867127,351.201450084,356.5877328360995,343.03336437644657,326.5817248206521,320.0,329.66710849231555,371.29701583541316,401.4669216681442,412.5409835760646,469.4141005003927,552.3177841209871,597.7167095285907,640.0,477.56392589679876,491.07276433183574,421.9175778778158,386.28737664563937,472.62385136801646,471.98892000971694,405.58859472286815,377.8438466881119,461.1240416518947,465.2387625558529,416.98226509613335,394.46805816325275
320.0,236.44092541180262,148.22319872500242,69.8575581480236,0.0,183.14251155380873,156.2916492253384,142.24016610619537,131.32672295883137,241.44572518916303,247.55092518708085,249.81197645068366,245.7210959260993,299.88412736924334,307.8458286881315,298.96200132877846,284.4822417124966,351.9797796127092,355.9546478489494,342.84741253213554,326.5253712765224,320.0,329.46488339361633,371.20272058620014,403.0050186562221,416.0606116671361,469.129140961231,552.2857716722336,597.5316683616552,640.0,477.01742002261335,489.9532769277837,419.84091923984977,388.4617234770302,472.59817255018396,473.38716149380616,406.11057917101516,381.1914494424447,461.8141553428552,467.83956226222733,418.8017064644857,397.1515902969587,320.0,236.14573945979683,147.22944781890646,68.62009717479799,0.0,182.67417063109713,155.13076010148976,140.6612214001198,129.4215740212169,240.9293852149044,246.87652270726733,249.5525250898216,246.08692286576365,299.4998552098831,307.76351194528047,299.0040509298438,284.5778406869298,351.60124329172123,356.6754145359569,342.94325670847036,325.80854773916013,320.0,330.1772082907065,371.7881702539491,403.8834599064751,418.8173730383372,469.3253669958231,551.7672497795926,597.0791647424751,640.0,476.9634348349025,490.59284841494485,420.9900619644947,389.57337228118166,472.57973371397344,474.7213586376502,408.4514238281581,384.00004713809176,461.90946098328584,468.4646254399862,419.5698383973638,397.9780469068205,320.0,236.35246991336894,148.4669878731471,68.89103026542523,0.0,182.44843066089044,154.81939050509655,141.30190543471895,130.73264232823615,239.25386400929978,244.32692290919874,250.24334194286314,247.9308945064721,296.262796240713,304.6166167662806,297.8415871437667,283.78170418851755,346.6105489790045,353.01910916908696,340.2757690951521,322.9900062173015,320.0,330.9223881357871,371.8570760446064,403.05271475255523,415.702121429287,469.41757166321975,552.7200992517589,597.8805268215075,640.0,476.4580447332372,494.118882789387,422.9253068867466,387.16949324342346,471.79657894409263,477.6699784176031,409.0980146684426,380.195456730584,460.0873372799304,470.26346410214916,421.8918177167709,398.2631653510355,320.0,235.92556589079285,146.92900647417216,68.52177319078663,0.0,182.86538475269722,155.0651854375498,140.76325257023717,129.75420178567603,241.13060854362237,246.55006288525507,249.96561456693837,248.4114460344548,299.319003179454,307.1574742670272,298.8308136729783,285.8975658867127,351.201450084,356.5877328360995,343.03336437644657,326.5817248206521,320.0,329.66710849231555,371.29701583541316,401.4669216681442,412.5409835760646,469.4141005003927,552.3177841209871,597.7167095285907,640.0,477.56392589679876,491.07276433183574,421.9175778778158,386.28737664563937,472.62385136801646,471.98892000971694,405.58859472286815,377.8438466881119,461.1240416518947,465.2387625558529,416.98226509613335,394.46805816325275,320.0,234.7609061520517,146.44474100130992,68.48524356270025,0.0,184.6012779277645,156.85409197226033,142.3629159056293,130.85836813093326,243.10191648166028,249.07084770848323,252.37519499980525,250.46791753532545,301.55548859110206,310.71179797507693,301.81714194345875,288.0417407204692,353.6275806084609,360.3161405515548,345.9591530499917,328.27934836753644,320.0,330.1175466168085,371.0208121185816,401.76780190926803,414.69630809662243,469.3062865619105,552.1631296160716,597.7413592862781,640.0,477.0226293334732,492.05113957498156,423.2159933988834,387.2604650830028,472.00635309773133,472.35920757983706,405.83211509981567,377.71178781035144,460.18553716347543,464.42432206199044,416.0640365541599,393.35943890509225
320.0,236.14573945979683,147.22944781890646,68.62009717479799,0.0,182.67417063109713,155.13076010148976,140.6612214001198,129.4215740212169,240.9293852149044,246.87652270726733,249.5525250898216,246.08692286576365,299.4998552098831,307.76351194528047,299.0040509298438,284.5778406869298,351.60124329172123,356.6754145359569,342.94325670847036,325.80854773916013,320.0,330.1772082907065,371.7881702539491,403.8834599064751,418.8173730383372,469.3253669958231,551.7672497795926,597.0791647424751,640.0,476.9634348349025,490.59284841494485,420.9900619644947,389.57337228118166,472.57973371397344,474.7213586376502,408.4514238281581,384.00004713809176,461.90946098328584,468.4646254399862,419.5698383973638,397.9780469068205,320.0,236.35246991336894,148.4669878731471,68.89103026542523,0.0,182.44843066089044,154.81939050509655,141.30190543471895,130.73264232823615,239.25386400929978,244.32692290919874,250.24334194286314,247.9308945064721,296.262796240713,304.6166167662806,297.8415871437667,283.78170418851755,346.6105489790045,353.01910916908696,340.2757690951521,322.9900062173015,320.0,330.9223881357871,371.8570760446064,403.05271475255523,415.702121429287,469.41757166321975,552.7200992517589,597.8805268215075,640.0,476.4580447332372,494.118882789387,422.9253068867466,387.16949324342346,471.79657894409263,477.6699784176031,409.0980146684426,380.195456730584,460.0873372799304,470.26346410214916,421.8918177167709,398.2631653510355,320.0,235.92556589079285,146.92900647417216,68.52177319078663,0.0,182.86538475269722,155.0651854375498,140.76325257023717,129.75420178567603,241.13060854362237,246.55006288525507,249.96561456693837,248.4114460344548,299.319003179454,307.1574742670272,298.8308136729783,285.8975658867127,351.201450084,356.5877328360995,343.03336437644657,326.5817248206521,320.0,329.66710849231555,371.29701583541316,401.4669216681442,412.5409835760646,469.4141005003927,552.3177841209871,597.7167095285907,640.0,477.56392589679876,491.07276433183574,421.9175778778158,386.28737664563937,472.62385136801646,471.98892000971694,405.58859472286815,377.8438466881119,461.1240416518947,465.2387625558529,416.98226509613335,394.46805816325275,320.0,234.7609061520517,146.44474100130992,68.48524356270025,0.0,184.6012779277645,156.85409197226033,142.3629159056293,130.85836813093326,243.10191648166028,249.07084770848323,252.37519499980525,250.46791753532545,301.55548859110206,310.71179797507693,301.81714194345875,288.0417407204692,353.6275806084609,360.3161405515548,345.9591530499917,328.27934836753644,320.0,330.1175466168085,371.0208121185816,401.76780190926803,414.69630809662243,469.3062865619105,552.1631296160716,597.7413592862781,640.0,477.0226293334732,492.05113957498156,423.2159933988834,387.2604650830028,472.00635309773133,472.35920757983706,405.83211509981567,377.71178781035144,460.18553716347543,464.42432206199044,416.0640365541599,393.35943890509225,320.0,239.55464512477874,148.82294163934046,68.93547378880407,0.0,182.28314940522938,155.87556445659442,142.764388282538,132.63315018437996,240.54060635145822,248.8931412070449,251.41798439190336,244.8808222661221,298.7449138253114,310.38189147610524,301.73798723992047,284.30481840660286,349.1974660249169,357.9898117508831,345.4120154649356,326.08482403422386,320.0,326.4946483811559,368.91351105520926,400.0706284606159,412.77500986871235,467.6876894004776,552.3847341901727,597.9408357561085,640.0,475.1547579201107,490.58807319207443,419.7813723739094,386.57821498633393,470.63415219880915,472.3555558223902,404.8276389987497,378.39895414163215,461.0852131416727,465.86763167413886,415.9637371725501,393.7269391081686
320.0,236.35246991336894,148.4669878731471,68.89103026542523,0.0,182.44843066089044,154.81939050509655,141.30190543471895,130.73264232823615,239.25386400929978,244.32692290919874,250.24334194286314,247.9308945064721,296.262796240713,304.6166167662806,297.8415871437667,283.78170418851755,346.6105489790045,353.01910916908696,340.2757690951521,322.9900062173015,320.0,330.9223881357871,371.8570760446064,403.05271475255523,415.702121429287,469.41757166321975,552.7200992517589,597.8805268215075,640.0,476.4580447332372,494.118882789387,422.9253068867466,387.16949324342346,471.79657894409263,477.6699784176031,409.0980146684426,380.195456730584,460.0873372799304,470.26346410214916,421.8918177167709,398.2631653510355,320.0,235.92556589079285,146.92900647417216,68.52177319078663,0.0,182.86538475269722,155.0651854375498,140.76325257023717,129.75420178567603,241.13060854362237,246.55006288525507,249.96561456693837,248.4114460344548,299.319003179454,307.1574742670272,298.8308136729783,285.8975658867127,351.201450084,356.5877328360995,343.03336437644657,326.5817248206521,320.0,329.66710849231555,371.29701583541316,401.4669216681442,412.5409835760646,469.4141005003927,552.3177841209871,597.7167095285907,640.0,477.56392589679876,491.07276433183574,421.9175778778158,386.28737664563937,472.62385136801646,471.98892000971694,405.58859472286815,377.8438466881119,461.1240416518947,465.2387625558529,416.98226509613335,394.46805816325275,320.0,234.7609061520517,146.44474100130992,68.48524356270025,0.0,184.6012779277645,156.85409197226033,142.3629159056293,130.85836813093326,243.10191648166028,249.07084770848323,252.37519499980525,250.46791753532545,301.55548859110206,310.71179797507693,301.81714194345875,288.0417407204692,353.6275806084609,360.3161405515548,345.9591530499917,328.27934836753644,320.0,330.1175466168085,371.0208121185816,401.76780190926803,414.69630809662243,469.3062865619105,552.1631296160716,597.7413592862781,640.0,477.0226293334732,492.05113957498156,423.2159933988834,387.2604650830028,472.00635309773133,472.35920757983706,405.83211509981567,377.71178781035144,460.18553716347543,464.42432206199044,416.0640365541599,393.35943890509225,320.0,239.55464512477874,148.82294163934046,68.93547378880407,0.0,182.28314940522938,155.87556445659442,142.764388282538,132.63315018437996,240.54060635145822,248.8931412070449,251.41798439190336,244.8808222661221,298.7449138253114,310.38189147610524,301.73798723992047,284.30481840660286,349.1974660249169,357.9898117508831,345.4120154649356,326.08482403422386,320.0,326.4946483811559,368.91351105520926,400.0706284606159,412.77500986871235,467.6876894004776,552.3847341901727,597.9408357561085,640.0,475.1547579201107,490.58807319207443,419.7813723739094,386.57821498633393,470.63415219880915,472.3555558223902,404.8276389987497,378.39895414163215,461.0852131416727,465.86763167413886,415.9637371725501,393.7269391081686,320.0,237.45844792135662,146.17268479214076,68.74778394635624,0.0,182.97514904760712,155.41186270060822,142.00877864308538,130.70099325231294,241.41960685685746,247.57491542345363,253.89867140408066,252.12252769280317,300.0078145969704,309.3143714710502,303.07184864552283,288.57890168166415,351.9130135926433,359.0450120022597,347.192213782757,328.8751239864769,320.0,326.1590459126628,368.26621815838473,400.1009899819136,413.40824401657494,467.60440226546893,550.6461643815521,597.6122771731577,640.0,476.423137377137,488.67642719657675,421.5735387373016,385.16250636518487,472.63684183383265,470.58916620199113,405.66002449131076,375.5614043923141,463.05301716947656,466.23363899832145,418.891297085165,395.18092551262896
320.0,235.92556589079285,146.92900647417216,68.52177319078663,0.0,182.86538475269722,155.0651854375498,140.76325257023717,129.75420178567603,241.13060854362237,246.55006288525507,249.96561456693837,248.4114460344548,299.319003179454,307.1574742670272,298.8308136729783,285.8975658867127,351.201450084,356.5877328360995,343.03336437644657,326.5817248206521,320.0,329.66710849231555,371.29701583541316,401.4669216681442,412.5409835760646,469.4141005003927,552.3177841209871,597.7167095285907,640.0,477.56392589679876,491.07276433183574,421.9175778778158,386.28737664563937,472.62385136801646,471.98892000971694,405.58859472286815,377.8438466881119,461.1240416518947,465.2387625558529,416.98226509613335,394.46805816325275,320.0,234.7609061520517,146.44474100130992,68.48524356270025,0.0,184.6012779277645,156.85409197226033,142.3629159056293,130.85836813093326,243.10191648166028,249.07084770848323,252.37519499980525,250.46791753532545,301.55548859110206,310.71179797507693,301.81714194345875,288.0417407204692,353.6275806084609,360.3161405515548,345.9591530499917,328.27934836753644,320.0,330.1175466168085,371.0208121185816,401.76780190926803,414.69630809662243,469.3062865619105,552.1631296160716,597.7413592862781,640.0,477.0226293334732,492.05113957498156,423.2159933988834,387.2604650830028,472.00635309773133,472.35920757983706,405.83211509981567,377.71178781035144,460.18553716347543,464.42432206199044,416.0640365541599,393.35943890509225,320.0,239.55464512477874,148.82294163934046,68.93547378880407,0.0,182.28314940522938,155.87556445659442,142.764388282538,132.63315018437996,240.54060635145822,248.8931412070449,251.41798439190336,244.8808222661221,298.7449138253114,310.38189147610524,301.73798723992047,284.30481840660286,349.1974660249169,357.9898117508831,345.4120154649356,326.08482403422386,320.0,326.4946483811559,368.91351105520926,400.0706284606159,412.77500986871235,467.6876894004776,552.3847341901727,597.9408357561085,640.0,475.1547579201107,490.58807319207443,419.7813723739094,386.57821498633393,470.63415219880915,472.3555558223902,404.8276389987497,378.39895414163215,461.0852131416727,465.86763167413886,415.9637371725501,393.7269391081686,320.0,237.45844792135662,146.17268479214076,68.74778394635624,0.0,182.97514904760712,155.41186270060822,142.00877864308538,130.70099325231294,241.41960685685746,247.57491542345363,253.89867140408066,252.12252769280317,300.0078145969704,309.3143714710502,303.07184864552283,288.57890168166415,351.9130135926433,359.0450120022597,347.192213782757,328.8751239864769,320.0,326.1590459126628,368.26621815838473,400.1009899819136,413.40824401657494,467.60440226546893,550.6461643815521,597.6122771731577,640.0,476.423137377137,488.67642719657675,421.5735387373016,385.16250636518487,472.63684183383265,470.58916620199113,405.66002449131076,375.5614043923141,463.05301716947656,466.23363899832145,418.891297085165,395.18092551262896,320.0,237.0798739839075,146.07303389353294,68.4780690034691,0.0,183.74619906023372,155.85205483242305,142.32950436180974,130.5657069088269,242.3472380243337,247.92227931620104,253.76740925844751,250.84332762621273,301.4788624324324,309.6887539834771,302.75693635480235,287.15112887494746,354.0134004182603,359.7583692408829,347.24038130704935,328.17271285839126,320.0,326.344300549482,367.9162793802014,399.2908259211314,412.48964249123844,467.39773840091067,550.5040655525177,597.5711642900022,640.0,475.6301509919667,488.7168993513262,421.3222544495346,385.03205910883764,471.60760931164424,470.89815070350244,405.76002876772566,375.1011399408043,461.5156102521043,466.0502077631239,418.7032290818581,394.56454043338806
320.0,234.7609061520517,146.44474100130992,68.48524356270025,0.0,184.6012779277645,156.85409197226033,142.3629159056293,130.85836813093326,243.10191648166028,249.07084770848323,252.37519499980525,250.46791753532545,301.55548859110206,310.71179797507693,301.81714194345875,288.0417407204692,353.6275806084609,360.3161405515548,345.9591530499917,328.27934836753644,320.0,330.1175466168085,371.0208121185816,401.76780190926803,414.69630809662243,469.3062865619105,552.1631296160716,597.7413592862781,640.0,477.0226293334732,492.05113957498156,423.2159933988834,387.2604650830028,472.00635309773133,472.35920757983706,405.83211509981567,377.71178781035144,460.18553716347543,464.42432206199044,416.0640365541599,393.35943890509225,320.0,239.55464512477874,148.82294163934046,68.93547378880407,0.0,182.28314940522938,155.87556445659442,142.764388282538,132.63315018437996,240.54060635145822,248.8931412070449,251.41798439190336,244.8808222661221,298.7449138253114,310.38189147610524,301.73798723992047,284.30481840660286,349.1974660249169,357.9898117508831,345.4120154649356,326.08482403422386,320.0,326.4946483811559,368.91351105520926,400.0706284606159,412.77500986871235,467.6876894004776,552.3847341901727,597.9408357561085,640.0,475.1547579201107,490.58807319207443,419.7813723739094,386.57821498633393,470.63415219880915,472.3555558223902,404.8276389987497,378.39895414163215,461.0852131416727,465.86763167413886,415.9637371725501,393.7269391081686,320.0,237.45844792135662,146.17268479214076,68.74778394635624,0.0,182.97514904760712,155.41186270060822,142.00877864308538,130.70099325231294,241.41960685685746,247.57491542345363,253.89867140408066,252.12252769280317,300.0078145969704,309.3143714710502,303.07184864552283,288.57890168166415,351.9130135926433,359.0450120022597,347.192213782757,328.8751239864769,320.0,326.1590459126628,368.26621815838473,400.1009899819136,413.40824401657494,467.60440226546893,550.6461643815521,597.6122771731577,640.0,476.423137377137,488.67642719657675,421.5735387373016,385.16250636518487,472.63684183383265,470.58916620199113,405.66002449131076,375.5614043923141,463.05301716947656,466.23363899832145,418.891297085165,395.18092551262896,320.0,237.0798739839075,146.07303389353294,68.4780690034691,0.0,183.74619906023372,155.85205483242305,142.32950436180974,130.5657069088269,242.3472380243337,247.92227931620104,253.76740925844751,250.84332762621273,301.4788624324324,309.6887539834771,302.75693635480235,287.15112887494746,354.0134004182603,359.7583692408829,347.24038130704935,328.17271285839126,320.0,326.344300549482,367.9162793802014,399.2908259211314,412.48964249123844,467.39773840091067,550.5040655525177,597.5711642900022,640.0,475.6301509919667,488.7168993513262,421.3222544495346,385.03205910883764,471.60760931164424,470.89815070350244,405.76002876772566,375.1011399408043,461.5156102521043,466.0502077631239,418.7032290818581,394.56454043338806,320.0,237.48782024909008,147.54983708733917,69.51589892006325,0.0,180.7639514556526,154.2480011475609,140.49357350143208,128.88596744268895,237.75988549612305,245.06089481374994,251.71269237013883,249.91680751084903,296.30851228504906,307.4736793986024,302.0874573802509,288.00697111709064,349.0507534020924,356.6958191267503,345.25535846302506,327.10285203558067,320.0,326.35330316399086,368.43262650601685,400.01495582811805,410.80601295279394,468.49580375017695,551.7777477310954,598.2602208812177,640.0,476.9034096250018,488.4878595944931,419.65726427763457,382.0049623148927,472.2159186020332,470.5817266672011,403.0435651662159,370.7301208483251,461.52236914515197,464.7319885220336,415.7460805999417,391.04030388125096
320.0,239.55464512477874,148.82294163934046,68.93547378880407,0.0,182.28314940522938,155.87556445659442,142.764388282538,132.63315018437996,240.54060635145822,248.8931412070449,251.41798439190336,244.8808222661221,298.7449138253114,310.38189147610524,301.73798723992047,284.30481840660286,349.1974660249169,357.9898117508831,345.4120154649356,326.08482403422386,320.0,326.4946483811559,368.91351105520926,400.0706284606159,412.77500986871235,467.6876894004776,552.3847341901727,597.9408357561085,640.0,475.1547579201107,490.58807319207443,419.7813723739094,386.57821498633393,470.63415219880915,472.3555558223902,404.8276389987497,378.39895414163215,461.0852131416727,465.86763167413886,415.9637371725501,393.7269391081686,320.0,237.45844792135662,146.17268479214076,68.74778394635624,0.0,182.97514904760712,155.41186270060822,142.00877864308538,130.70099325231294,241.41960685685746,247.57491542345363,253.89867140408066,252.12252769280317,300.0078145969704,309.3143714710502,303.07184864552283,288.57890168166415,351.9130135926433,359.0450120022597,347.192213782757,328.8751239864769,320.0,326.1590459126628,368.26621815838473,400.1009899819136,413.40824401657494,467.60440226546893,550.6461643815521,597.6122771731577,640.0,476.423137377137,488.67642719657675,421.5735387373016,385.16250636518487,472.63684183383265,470.58916620199113,405.66002449131076,375.5614043923141,463.05301716947656,466.23363899832145,418.891297085165,395.18092551262896,320.0,237.0798739839075,146.07303389353294,68.4780690034691,0.0,183.74619906023372,155.85205483242305,142.32950436180974,130.5657069088269,242.3472380243337,247.92227931620104,253.76740925844751,250.84332762621273,301.4788624324324,309.6887539834771,302.75693635480235,287.15112887494746,354.0134004182603,359.7583692408829,347.24038130704935,328.17271285839126,320.0,326.344300549482,367.9162793802014,399.2908259211314,412.48964249123844,467.39773840091067,550.5040655525177,597.5711642900022,640.0,475.6301509919667,488.7168993513262,421.3222544495346,385.03205910883764,471.60760931164424,470.89815070350244,405.76002876772566,375.1011399408043,461.5156102521043,466.0502077631239,418.7032290818581,394.56454043338806,320.0,237.48782024909008,147.54983708733917,69.51589892006325,0.0,180.7639514556526,154.2480011475609,140.49357350143208,128.88596744268895,237.75988549612305,245.06089481374994,251.71269237013883,249.91680751084903,296.30851228504906,307.4736793986024,302.0874573802509,288.00697111709064,349.0507534020924,356.6958191267503,345.25535846302506,327.10285203558067,320.0,326.35330316399086,368.43262650601685,400.01495582811805,410.80601295279394,468.49580375017695,551.7777477310954,598.2602208812177,640.0,476.9034096250018,488.4878595944931,419.65726427763457,382.0049623148927,472.2159186020332,470.5817266672011,403.0435651662159,370.7301208483251,461.52236914515197,464.7319885220336,415.7460805999417,391.04030388125096,320.0,236.57123512827448,145.37780237301126,67.90917142308385,0.0,178.7148934816047,151.4771351820602,137.1496326647308,125.10379716132195,235.57463203516357,241.1655200607692,248.8012525694801,248.53067270483268,294.00128018273864,303.4976150989899,299.06369754812056,286.0254084576003,347.01145987814834,353.433151170187,342.3230793844849,324.6381454113693,320.0,326.21150335900387,368.9716116387011,401.48158625041833,413.4453126419354,468.74518160902767,551.465657201277,597.9806307927483,640.0,477.5769707600074,488.8224440287387,419.24039351012493,380.9071344993415,473.4441204782048,471.904601676927,403.7068784694179,370.97305334602373,463.2703813827868,466.4825569479648,416.9008938074902,391.91343029498245
320.0,237.45844792135662,146.17268479214076,68.74778394635624,0.0,182.97514904760712,155.41186270060822,142.00877864308538,130.70099325231294,241.41960685685746,247.57491542345363,253.89867140408066,252.12252769280317,300.0078145969704,309.3143714710502,303.07184864552283,288.57890168166415,351.9130135926433,359.0450120022597,347.192213782757,328.8751239864769,320.0,326.1590459126628,368.26621815838473,400.1009899819136,413.40824401657494,467.60440226546893,550.6461643815521,597.6122771731577,640.0,476.423137377137,488.67642719657675,421.5735387373016,385.16250636518487,472.63684183383265,470.58916620199113,405.66002449131076,375.5614043923141,463.05301716947656,466.23363899832145,418.891297085165,395.18092551262896,320.0,237.0798739839075,146.07303389353294,68.4780690034691,0.0,183.74619906023372,155.85205483242305,142.32950436180974,130.5657069088269,242.3472380243337,247.92227931620104,253.76740925844751,250.84332762621273,301.4788624324324,309.6887539834771,302.75693635480235,287.15112887494746,354.0134004182603,359.7583692408829,347.24038130704935,328.17271285839126,320.0,326.344300549482,367.9162793802014,399.2908259211314,412.48964249123844,467.39773840091067,550.5040655525177,597.5711642900022,640.0,475.6301509919667,488.7168993513262,421.3222544495346,385.03205910883764,471.60760931164424,470.89815070350244,405.76002876772566,375.1011399408043,461.5156102521043,466.0502077631239,418.7032290818581,394.56454043338806,320.0,237.48782024909008,147.54983708733917,69.51589892006325,0.0,180.7639514556526,154.2480011475609,140.49357350143208,128.88596744268895,237.75988549612305,245.06089481374994,251.71269237013883,249.91680751084903,296.30851228504906,307.4736793986024,302.0874573802509,288.00697111709064,349.0507534020924,356.6958191267503,345.25535846302506,327.10285203558067,320.0,326.35330316399086,368.43262650601685,400.01495582811805,410.80601295279394,468.49580375017695,551.7777477310954,598.2602208812177,640.0,476.9034096250018,488.4878595944931,419.65726427763457,382.0049623148927,472.2159186020332,470.5817266672011,403.0435651662159,370.7301208483251,461.52236914515197,464.7319885220336,415.7460805999417,391.04030388125096,320.0,236.57123512827448,145.37780237301126,67.90917142308385,0.0,178.7148934816047,151.4771351820602,137.1496326647308,125.10379716132195,235.57463203516357,241.1655200607692,248.8012525694801,248.53067270483268,294.00128018273864,303.4976150989899,299.06369754812056,286.0254084576003,347.01145987814834,353.433151170187,342.3230793844849,324.6381454113693,320.0,326.21150335900387,368.9716116387011,401.48158625041833,413.4453126419354,468.74518160902767,551.465657201277,597.9806307927483,640.0,477.5769707600074,488.8224440287387,419.24039351012493,380.9071344993415,473.4441204782048,471.904601676927,403.7068784694179,370.97305334602373,463.2703813827868,466.4825569479648,416.9008938074902,391.91343029498245,320.0,237.472269060806,145.6802471473139,67.227149226145,0.0,180.34064437368178,152.97566708309563,137.47526025754433,125.66896367443573,237.70852548057655,241.051574082458,245.95180779344787,245.79189907433732,295.845293582414,302.22628365333776,295.77034396862916,282.97320903361674,347.9364098420757,351.2059677034334,338.84568426158154,322.0491698542583,320.0,326.9232679562736,369.9556427369513,401.4277963993538,414.4639128036924,468.4382930167642,550.9913205714709,597.2415036833575,640.0,478.0751817713128,488.6499868339183,417.5185156448699,380.7635368738659,475.2130224081018,472.8845282213987,404.8204574846403,375.5470005149601,466.75370560042273,468.5271573276359,418.4285360365691,395.09019889321036
320.0,237.0798739839075,146.07303389353294,68.4780690034691,0.0,183.74619906023372,155.85205483242305,142.32950436180974,130.5657069088269,242.3472380243337,247.92227931620104,253.76740925844751,250.84332762621273,301.4788624324324,309.6887539834771,302.75693635480235,287.15112887494746,354.0134004182603,359.7583692408829,347.24038130704935,328.17271285839126,320.0,326.344300549482,367.9162793802014,399.2908259211314,412.48964249123844,467.39773840091067,550.5040655525177,597.5711642900022,640.0,475.6301509919667,488.7168993513262,421.3222544495346,385.03205910883764,471.60760931164424,470.89815070350244,405.76002876772566,375.1011399408043,461.5156102521043,466.0502077631239,418.7032290818581,394.56454043338806,320.0,237.48782024909008,147.54983708733917,69.51589892006325,0.0,180.7639514556526,154.2480011475609,140.49357350143208,128.88596744268895,237.75988549612305,245.06089481374994,251.71269237013883,249.91680751084903,296.30851228504906,307.4736793986024,302.0874573802509,288.00697111709064,349.0507534020924,356.6958191267503,345.25535846302506,327.10285203558067,320.0,326.35330316399086,368.43262650601685,400.01495582811805,410.80601295279394,468.49580375017695,551.7777477310954,598.2602208812177,640.0,476.9034096250018,488.4878595944931,419.65726427763457,382.0049623148927,472.2159186020332,470.5817266672011,403.0435651662159,370.7301208483251,461.52236914515197,464.7319885220336,415.7460805999417,391.04030388125096,320.0,236.57123512827448,145.37780237301126,67.90917142308385,0.0,178.7148934816047,151.4771351820602,137.1496326647308,125.10379716132195,235.57463203516357,241.1655200607692,248.8012525694801,248.53067270483268,294.00128018273864,303.4976150989899,299.06369754812056,286.0254084576003,347.01145987814834,353.433151170187,342.3230793844849,324.6381454113693,320.0,326.21150335900387,368.9716116387011,401.48158625041833,413.4453126419354,468.74518160902767,551.465657201277,597.9806307927483,640.0,477.5769707600074,488.8224440287387,419.24039351012493,380.9071344993415,473.4441204782048,471.904601676927,403.7068784694179,370.97305334602373,463.2703813827868,466.4825569479648,416.9008938074902,391.91343029498245,320.0,237.472269060806,145.6802471473139,67.227149226145,0.0,180.34064437368178,152.97566708309563,137.47526025754433,125.66896367443573,237.70852548057655,241.051574082458,245.95180779344787,245.79189907433732,295.845293582414,302.22628365333776,295.77034396862916,282.97320903361674,347.9364098420757,351.2059677034334,338.84568426158154,322.0491698542583,320.0,326.9232679562736,369.9556427369513,401.4277963993538,414.4639128036924,468.4382930167642,550.9913205714709,597.2415036833575,640.0,478.0751817713128,488.6499868339183,417.5185156448699,380.7635368738659,475.2130224081018,472.8845282213987,404.8204574846403,375.5470005149601,466.75370560042273,468.5271573276359,418.4285360365691,395.09019889321036,320.0,237.55208203038043,146.7545104023104,67.90554254419288,0.0,180.0429601430701,152.78281787299417,137.7181446348521,126.05785510913947,237.69329302385944,244.4577262922044,248.2948455066649,244.85913123999887,296.23132494135365,306.54021510040775,298.577377973447,283.5196332171433,348.4695585543702,354.9979358051268,341.89266161261685,323.4762489331395,320.0,326.3482558877975,368.5310598789195,401.0608565064981,415.50863104837174,468.2407538553867,550.8587765894333,596.8997746475426,640.0,478.00785979939917,488.32048017878947,416.37002995893687,383.81907566239727,474.4222796701756,472.2999218975158,403.3217659668686,376.57894999993283,464.86073265891275,465.1317227575237,414.18701701792384,392.3220228259846
320.0,237.48782024909008,147.54983708733917,69.51589892006325,0.0,180.7639514556526,154.2480011475609,140.49357350143208,128.88596744268895,237.75988549612305,245.06089481374994,251.71269237013883,249.91680751084903,296.30851228504906,307.4736793986024,302.0874573802509,288.00697111709064,349.0507534020924,356.6958191267503,345.25535846302506,327.10285203558067,320.0,326.35330316399086,368.43262650601685,400.01495582811805,410.80601295279394,468.49580375017695,551.7777477310954,598.2602208812177,640.0,476.9034096250018,488.4878595944931,419.65726427763457,382.0049623148927,472.2159186020332,470.5817266672011,403.0435651662159,370.7301208483251,461.52236914515197,464.7319885220336,415.7460805999417,391.04030388125096,320.0,236.57123512827448,145.37780237301126,67.90917142308385,0.0,178.7148934816047,151.4771351820602,137.1496326647308,125.10379716132195,235.57463203516357,241.1655200607692,248.8012525694801,248.53067270483268,294.00128018273864,303.4976150989899,299.06369754812056,286.0254084576003,347.01145987814834,353.433151170187,342.3230793844849,324.6381454113693,320.0,326.21150335900387,368.9716116387011,401.48158625041833,413.4453126419354,468.74518160902767,551.465657201277,597.9806307927483,640.0,477.5769707600074,488.8224440287387,419.24039351012493,380.9071344993415,473.4441204782048,471.904601676927,403.7068784694179,370.97305334602373,463.2703813827868,466.4825569479648,416.9008938074902,391.91343029498245,320.0,237.472269060806,145.6802471473139,67.227149226145,0.0,180.34064437368178,152.97566708309563,137.47526025754433,125.66896367443573,237.70852548057655,241.051574082458,245.95180779344787,245.79189907433732,295.845293582414,302.22628365333776,295.77034396862916,282.97320903361674,347.9364098420757,351.2059677034334,338.84568426158154,322.0491698542583,320.0,326.9232679562736,369.9556427369513,401.4277963993538,414.4639128036924,468.4382930167642,550.9913205714709,597.2415036833575,640.0,478.0751817713128,488.6499868339183,417.5185156448699,380.7635368738659,475.2130224081018,472.8845282213987,404.8204574846403,375.5470005149601,466.75370560042273,468.5271573276359,418.4285360365691,395.09019889321036,320.0,237.55208203038043,146.7545104023104,67.90554254419288,0.0,180.0429601430701,152.78281787299417,137.7181446348521,126.05785510913947,237.69329302385944,244.4577262922044,248.2948455066649,244.85913123999887,296.23132494135365,306.54021510040775,298.577377973447,283.5196332171433,348.4695585543702,354.9979358051268,341.89266161261685,323.4762489331395,320.0,326.3482558877975,368.5310598789195,401.0608565064981,415.50863104837174,468.2407538553867,550.8587765894333,596.8997746475426,640.0,478.00785979939917,488.32048017878947,416.37002995893687,383.81907566239727,474.4222796701756,472.2999218975158,403.3217659668686,376.57894999993283,464.86073265891275,465.1317227575237,414.18701701792384,392.3220228259846,320.0,237.47956480743449,146.86887249088096,68.01818352131593,0.0,180.69976385773285,153.38442500284486,138.20281107555184,126.40665821471401,238.6530994763071,245.9224121445759,249.33564761203257,245.55460001099107,297.28208866348365,308.04056300473474,299.58159714140686,284.06891153908043,349.43143032370335,356.4516088565035,342.98565004140113,324.15843711428204,320.0,326.79251260659504,368.8573287099829,401.14257433628836,415.52332415852743,468.3296349214802,550.784288543843,596.8257707187508,640.0,478.10476640938134,488.346850920516,416.46228969803985,383.5948205229863,474.4282810148639,472.2270196916006,403.43232905677894,376.5811221543894,464.6379233167602,464.82488590410617,414.0394130331765,392.1011648020973
320.0,236.57123512827448,145.37780237301126,67.90917142308385,0.0,178.7148934816047,151.4771351820602,137.1496326647308,125.10379716132195,235.57463203516357,241.1655200607692,248.8012525694801,248.53067270483268,294.00128018273864,303.4976150989899,299.06369754812056,286.0254084576003,347.01145987814834,353.433151170187,342.3230793844849,324.6381454113693,320.0,326.21150335900387,368.9716116387011,401.48158625041833,413.4453126419354,468.74518160902767,551.465657201277,597.9806307927483,640.0,477.5769707600074,488.8224440287387,419.24039351012493,380.9071344993415,473.4441204782048,471.904601676927,403.7068784694179,370.97305334602373,463.2703813827868,466.4825569479648,416.9008938074902,391.91343029498245,320.0,237.472269060806,145.6802471473139,67.227149226145,0.0,180.34064437368178,152.97566708309563,137.47526025754433,125.66896367443573,237.70852548057655,241.051574082458,245.95180779344787,245.79189907433732,295.845293582414,302.22628365333776,295.77034396862916,282.97320903361674,347.9364098420757,351.2059677034334,338.84568426158154,322.0491698542583,320.0,326.9232679562736,369.9556427369513,401.4277963993538,414.4639128036924,468.4382930167642,550.9913205714709,597.2415036833575,640.0,478.0751817713128,488.6499868339183,417.5185156448699,380.7635368738659,475.2130224081018,472.8845282213987,404.8204574846403,375.5470005149601,466.75370560042273,468.5271573276359,418.4285360365691,395.09019889321036,320.0,237.55208203038043,146.7545104023104,67.90554254419288,0.0,180.0429601430701,152.78281787299417,137.7181446348521,126.05785510913947,237.69329302385944,244.4577262922044,248.2948455066649,244.85913123999887,296.23132494135365,306.54021510040775,298.577377973447,283.5196332171433,348.4695585543702,354.9979358051268,341.89266161261685,323.4762489331395,320.0,326.3482558877975,368.5310598789195,401.0608565064981,415.50863104837174,468.2407538553867,550.8587765894333,596.8997746475426,640.0,478.00785979939917,488.32048017878947,416.37002995893687,383.81907566239727,474.4222796701756,472.2999218975158,403.3217659668686,376.57894999993283,464.86073265891275,465.1317227575237,414.18701701792384,392.3220228259846,320.0,237.47956480743449,146.86887249088096,68.01818352131593,0.0,180.69976385773285,153.38442500284486,138.20281107555184,126.40665821471401,238.6530994763071,245.9224121445759,249.33564761203257,245.55460001099107,297.28208866348365,308.04056300473474,299.58159714140686,284.06891153908043,349.43143032370335,356.4516088565035,342.98565004140113,324.15843711428204,320.0,326.79251260659504,368.8573287099829,401.14257433628836,415.52332415852743,468.3296349214802,550.784288543843,596.8257707187508,640.0,478.10476640938134,488.346850920516,416.46228969803985,383.5948205229863,474.4282810148639,472.2270196916006,403.43232905677894,376.5811221543894,464.6379233167602,464.82488590410617,414.0394130331765,392.1011648020973,320.0,238.90186381654428,148.11252911264847,69.25667896260833,0.0,182.123872675288,153.6696202557259,138.43359280940348,126.16477910809567,239.0777032017337,244.77166173277675,252.18878553463065,252.77775641894695,297.0435915750879,307.58155082648557,302.49760724887244,289.89991926361944,348.77566010590834,357.3083016829185,345.34232023002784,327.3608511516569,320.0,326.84505531676166,369.1393985394365,400.43314400658204,411.4501579139607,467.3328988293142,551.6835030724035,598.0722361681845,640.0,475.64403170729327,490.26995899712074,421.10693523915097,381.9158207213417,471.15853421644147,472.7565649982262,405.5959277623318,373.1016911906435,460.6030445781623,465.54454628705315,416.12804118438095,391.0462731780269
320.0,237.472269060806,145.6802471473139,67.227149226145,0.0,180.34064437368178,152.97566708309563,137.47526025754433,125.66896367443573,237.70852548057655,241.051574082458,245.95180779344787,245.79189907433732,295.845293582414,302.22628365333776,295.77034396862916,282.97320903361674,347.9364098420757,351.2059677034334,338.84568426158154,322.0491698542583,320.0,326.9232679562736,369.9556427369513,401.4277963993538,414.4639128036924,468.4382930167642,550.9913205714709,597.2415036833575,640.0,478.0751817713128,488.6499868339183,417.5185156448699,380.7635368738659,475.2130224081018,472.8845282213987,404.8204574846403,375.5470005149601,466.75370560042273,468.5271573276359,418.4285360365691,395.09019889321036,320.0,237.55208203038043,146.7545104023104,67.90554254419288,0.0,180.0429601430701,152.78281787299417,137.7181446348521,126.05785510913947,237.69329302385944,244.4577262922044,248.2948455066649,244.85913123999887,296.23132494135365,306.54021510040775,298.577377973447,283.5196332171433,348.4695585543702,354.9979358051268,341.89266161261685,323.4762489331395,320.0,326.3482558877975,368.5310598789195,401.0608565064981,415.50863104837174,468.2407538553867,550.8587765894333,596.8997746475426,640.0,478.00785979939917,488.32048017878947,416.37002995893687,383.81907566239727,474.4222796701756,472.2999218975158,403.3217659668686,376.57894999993283,464.86073265891275,465.1317227575237,414.18701701792384,392.3220228259846,320.0,237.47956480743449,146.86887249088096,68.01818352131593,0.0,180.69976385773285,153.38442500284486,138.20281107555184,126.40665821471401,238.6530994763071,245.9224121445759,249.33564761203257,245.55460001099107,297.28208866348365,308.04056300473474,299.58159714140686,284.06891153908043,349.43143032370335,356.4516088565035,342.98565004140113,324.15843711428204,320.0,326.79251260659504,368.8573287099829,401.14257433628836,415.52332415852743,468.3296349214802,550.784288543843,596.8257707187508,640.0,478.10476640938134,488.346850920516,416.46228969803985,383.5948205229863,474.4282810148639,472.2270196916006,403.43232905677894,376.5811221543894,464.6379233167602,464.82488590410617,414.0394130331765,392.1011648020973,320.0,238.90186381654428,148.11252911264847,69.25667896260833,0.0,182.123872675288,153.6696202557259,138.43359280940348,126.16477910809567,239.0777032017337,244.77166173277675,252.18878553463065,252.77775641894695,297.0435915750879,307.58155082648557,302.49760724887244,289.89991926361944,348.77566010590834,357.3083016829185,345.34232023002784,327.3608511516569,320.0,326.84505531676166,369.1393985394365,400.43314400658204,411.4501579139607,467.3328988293142,551.6835030724035,598.0722361681845,640.0,475.64403170729327,490.26995899712074,421.10693523915097,381.9158207213417,471.15853421644147,472.7565649982262,405.5959277623318,373.1016911906435,460.6030445781623,465.54454628705315,416.12804118438095,391.0462731780269,320.0,238.7999384323494,146.8366654206547,68.45442203368003,0.0,179.82538660401008,151.2700187530038,135.934899120148,123.66020939283615,236.74421216966286,242.99007692815118,249.3797637184348,248.60118674787734,294.4648546092496,304.7999371758667,299.5720445171808,286.5040417906134,345.69018529978104,353.5234399982409,342.4362168563432,324.9401480764821,320.0,326.3926556028759,369.3908542235469,400.1234286779288,411.35920195213305,468.05674532764885,550.2262162692284,597.2586388426082,640.0,477.99837522648755,488.8562030350649,418.19670581303683,378.81606767234285,474.7287958414215,471.75472382983617,403.4889132880471,371.20396318482665,465.36447307212205,466.4293866066658,416.8991475575416,392.6195903195964
320.0,237.55208203038043,146.7545104023104,67.90554254419288,0.0,180.0429601430701,152.78281787299417,137.7181446348521,126.05785510913947,237.69329302385944,244.4577262922044,248.2948455066649,244.85913123999887,296.23132494135365,306.54021510040775,298.577377973447,283.5196332171433,348.4695585543702,354.9979358051268,341.89266161261685,323.4762489331395,320.0,326.3482558877975,368.5310598789195,401.0608565064981,415.50863104837174,468.2407538553867,550.8587765894333,596.8997746475426,640.0,478.00785979939917,488.32048017878947,416.37002995893687,383.81907566239727,474.4222796701756,472.2999218975158,403.3217659668686,376.57894999993283,464.86073265891275,465.1317227575237,414.18701701792384,392.3220228259846,320.0,237.47956480743449,146.86887249088096,68.01818352131593,0.0,180.69976385773285,153.38442500284486,138.20281107555184,126.40665821471401,238.6530994763071,245.9224121445759,249.33564761203257,245.55460001099107,297.28208866348365,308.04056300473474,299.58159714140686,284.06891153908043,349.43143032370335,356.4516088565035,342.98565004140113,324.15843711428204,320.0,326.79251260659504,368.8573287099829,401.14257433628836,415.52332415852743,468.3296349214802,550.784288543843,596.8257707187508,640.0,478.10476640938134,488.346850920516,416.46228969803985,383.5948205229863,474.4282810148639,472.2270196916006,403.43232905677894,376.5811221543894,464.6379233167602,464.82488590410617,414.0394130331765,392.1011648020973,320.0,238.90186381654428,148.11252911264847,69.25667896260833,0.0,182.123872675288,153.6696202557259,138.43359280940348,126.16477910809567,239.0777032017337,244.77166173277675,252.18878553463065,252.77775641894695,297.0435915750879,307.58155082648557,302.49760724887244,289.89991926361944,348.77566010590834,357.3083016829185,345.34232023002784,327.3608511516569,320.0,326.84505531676166,369.1393985394365,400.43314400658204,411.4501579139607,467.3328988293142,551.6835030724035,598.0722361681845,640.0,475.64403170729327,490.26995899712074,421.10693523915097,381.9158207213417,471.15853421644147,472.7565649982262,405.5959277623318,373.1016911906435,460.6030445781623,465.54454628705315,416.12804118438095,391.0462731780269,320.0,238.7999384323494,146.8366654206547,68.45442203368003,0.0,179.82538660401008,151.2700187530038,135.934899120148,123.66020939283615,236.74421216966286,242.99007692815118,249.3797637184348,248.60118674787734,294.4648546092496,304.7999371758667,299.5720445171808,286.5040417906134,345.69018529978104,353.5234399982409,342.4362168563432,324.9401480764821,320.0,326.3926556028759,369.3908542235469,400.1234286779288,411.35920195213305,468.05674532764885,550.2262162692284,597.2586388426082,640.0,477.99837522648755,488.8562030350649,418.19670581303683,378.81606767234285,474.7287958414215,471.75472382983617,403.4889132880471,371.20396318482665,465.36447307212205,466.4293866066658,416.8991475575416,392.6195903195964,320.0,239.59157407361235,146.73178834916175,68.03415039743382,0.0,180.93605066633626,153.2648029018095,137.60957702487812,124.90757060655915,239.2190001062517,248.7143582109361,254.0192820632419,252.58984757930872,299.0879051933046,311.1050727069802,304.2809463843159,290.65282402582466,352.4802178121585,360.448313148706,347.22586516824913,328.23617183930907,320.0,325.12112760892927,368.3063255754759,399.63242230697034,409.61718178701454,469.00174519072164,550.6396400042062,597.6541543767942,640.0,481.95995704192205,484.24790944925775,415.89590894861175,377.51156954188633,479.4606742384366,464.80118048966733,398.67604395154746,366.51670853509734,470.5543255863072,461.4708733971768,411.44449169759474,386.4719783386344
320.0,237.47956480743449,146.86887249088096,68.01818352131593,0.0,180.69976385773285,153.38442500284486,138.20281107555184,126.40665821471401,238.6530994763071,245.9224121445759,249.33564761203257,245.55460001099107,297.28208866348365,308.04056300473474,299.58159714140686,284.06891153908043,349.43143032370335,356.4516088565035,342.98565004140113,324.15843711428204,320.0,326.79251260659504,368.8573287099829,401.14257433628836,415.52332415852743,468.3296349214802,550.784288543843,596.8257707187508,640.0,478.10476640938134,488.346850920516,416.46228969803985,383.5948205229863,474.4282810148639,472.2270196916006,403.43232905677894,376.5811221543894,464.6379233167602,464.82488590410617,414.0394130331765,392.1011648020973,320.0,238.90186381654428,148.11252911264847,69.25667896260833,0.0,182.123872675288,153.6696202557259,138.43359280940348,126.16477910809567,239.0777032017337,244.77166173277675,252.18878553463065,252.77775641894695,297.0435915750879,307.58155082648557,302.49760724887244,289.89991926361944,348.77566010590834,357.3083016829185,345.34232023002784,327.3608511516569,320.0,326.84505531676166,369.1393985394365,400.43314400658204,411.4501579139607,467.3328988293142,551.6835030724035,598.0722361681845,640.0,475.64403170729327,490.26995899712074,421.10693523915097,381.9158207213417,471.15853421644147,472.7565649982262,405.5959277623318,373.1016911906435,460.6030445781623,465.54454628705315,416.12804118438095,391.0462731780269,320.0,238.7999384323494,146.8366654206547,68.45442203368003,0.0,179.82538660401008,151.2700187530038,135.934899120148,123.66020939283615,236.74421216966286,242.99007692815118,249.3797637184348,248.60118674787734,294.4648546092496,304.7999371758667,299.5720445171808,286.5040417906134,345.69018529978104,353.5234399982409,342.4362168563432,324.9401480764821,320.0,326.3926556028759,369.3908542235469,400.1234286779288,411.35920195213305,468.05674532764885,550.2262162692284,597.2586388426082,640.0,477.99837522648755,488.8562030350649,418.19670581303683,378.81606767234285,474.7287958414215,471.75472382983617,403.4889132880471,371.20396318482665,465.36447307212205,466.4293866066658,416.8991475575416,392.6195903195964,320.0,239.59157407361235,146.73178834916175,68.03415039743382,0.0,180.93605066633626,153.2648029018095,137.60957702487812,124.90757060655915,239.2190001062517,248.7143582109361,254.0192820632419,252.58984757930872,299.0879051933046,311.1050727069802,304.2809463843159,290.65282402582466,352.4802178121585,360.448313148706,347.22586516824913,328.23617183930907,320.0,325.12112760892927,368.3063255754759,399.63242230697034,409.61718178701454,469.00174519072164,550.6396400042062,597.6541543767942,640.0,481.95995704192205,484.24790944925775,415.89590894861175,377.51156954188633,479.4606742384366,464.80118048966733,398.67604395154746,366.51670853509734,470.5543255863072,461.4708733971768,411.44449169759474,386.4719783386344,320.0,239.86858481949065,147.74884415772502,68.76811150113045,0.0,181.81596071523296,153.53713212859216,138.48906086216883,125.78749465355787,240.16391313073427,246.55102047453767,253.95847162446194,253.10552542317325,299.70352507740427,308.8886804269807,304.87032163596314,292.6455824948286,352.54529417755475,358.89381211861064,347.8157149399186,330.41858775616765,320.0,325.9615035153117,367.7291845420658,397.54365988769877,408.1793346859812,466.1056129854197,549.3317408578304,596.9237993677158,640.0,477.52828877459535,485.1984560939933,415.3543407728967,377.4430998914736,474.71575557967253,467.1365707544944,400.7296416741377,370.0922651818997,465.2290790355306,461.827213136413,412.3390659179918,388.79871051762376
320.0,238.90186381654428,148.11252911264847,69.25667896260833,0.0,182.123872675288,153.6696202557259,138.43359280940348,126.16477910809567,239.0777032017337,244.77166173277675,252.18878553463065,252.77775641894695,297.0435915750879,307.58155082648557,302.49760724887244,289.89991926361944,348.77566010590834,357.3083016829185,345.34232023002784,327.3608511516569,320.0,326.84505531676166,369.1393985394365,400.43314400658204,411.4501579139607,467.3328988293142,551.6835030724035,598.0722361681845,640.0,475.64403170729327,490.26995899712074,421.10693523915097,381.9158207213417,471.15853421644147,472.7565649982262,405.5959277623318,373.1016911906435,460.6030445781623,465.54454628705315,416.12804118438095,391.0462731780269,320.0,238.7999384323494,146.8366654206547,68.45442203368003,0.0,179.82538660401008,151.2700187530038,135.934899120148,123.66020939283615,236.74421216966286,242.99007692815118,249.3797637184348,248.60118674787734,294.4648546092496,304.7999371758667,299.5720445171808,286.5040417906134,345.69018529978104,353.5234399982409,342.4362168563432,324.9401480764821,320.0,326.3926556028759,369.3908542235469,400.1234286779288,411.35920195213305,468.05674532764885,550.2262162692284,597.2586388426082,640.0,477.99837522648755,488.8562030350649,418.19670581303683,378.81606767234285,474.7287958414215,471.75472382983617,403.4889132880471,371.20396318482665,465.36447307212205,466.4293866066658,416.8991475575416,392.6195903195964,320.0,239.59157407361235,146.73178834916175,68.03415039743382,0.0,180.93605066633626,153.2648029018095,137.60957702487812,124.90757060655915,239.2190001062517,248.7143582109361,254.0192820632419,252.58984757930872,299.0879051933046,311.1050727069802,304.2809463843159,290.65282402582466,352.4802178121585,360.448313148706,347.22586516824913,328.23617183930907,320.0,325.12112760892927,368.3063255754759,399.63242230697034,409.61718178701454,469.00174519072164,550.6396400042062,597.6541543767942,640.0,481.95995704192205,484.24790944925775,415.89590894861175,377.51156954188633,479.4606742384366,464.80118048966733,398.67604395154746,366.51670853509734,470.5543255863072,461.4708733971768,411.44449169759474,386.4719783386344,320.0,239.86858481949065,147.74884415772502,68.76811150113045,0.0,181.81596071523296,153.53713212859216,138.48906086216883,125.78749465355787,240.16391313073427,246.55102047453767,253.95847162446194,253.10552542317325,299.70352507740427,308.8886804269807,304.87032163596314,292.6455824948286,352.54529417755475,358.89381211861064,347.8157149399186,330.41858775616765,320.0,325.9615035153117,367.7291845420658,397.54365988769877,408.1793346859812,466.1056129854197,549.3317408578304,596.9237993677158,640.0,477.52828877459535,485.1984560939933,415.3543407728967,377.4430998914736,474.71575557967253,467.1365707544944,400.7296416741377,370.0922651818997,465.2290790355306,461.827213136413,412.3390659179918,388.79871051762376,320.0,238.501066435297,148.4029892805269,70.35783199412089,0.0,181.36482226225877,154.45968942845366,139.07593643840826,126.67065234032324,239.60108202316638,246.59494561123097,252.09338511759233,250.98188027125673,299.35477345945895,308.0638538800963,302.26641046766514,290.218304760419,352.74418435304085,357.5676501520797,345.0059665003666,327.98280960157126,320.0,324.56862869739194,365.9635956982924,396.30892109951003,406.8423626071865,467.65621888493865,550.3069923987741,597.2418675679722,640.0,477.5824058628646,486.46139450305225,417.20092560764465,381.07183581761757,473.6028111671833,467.1960782482505,400.77805992950994,371.531268480746,463.59284832223824,461.1767484612119,411.1686775626308,388.0995127635582
320.0,238.7999384323494,146.8366654206547,68.45442203368003,0.0,179.82538660401008,151.2700187530038,135.934899120148,123.66020939283615,236.74421216966286,242.99007692815118,249.3797637184348,248.60118674787734,294.4648546092496,304.7999371758667,299.5720445171808,286.5040417906134,345.69018529978104,353.5234399982409,342.4362168563432,324.9401480764821,320.0,326.3926556028759,369.3908542235469,400.1234286779288,411.35920195213305,468.05674532764885,550.2262162692284,597.2586388426082,640.0,477.99837522648755,488.8562030350649,418.19670581303683,378.81606767234285,474.7287958414215,471.75472382983617,403.4889132880471,371.20396318482665,465.36447307212205,466.4293866066658,416.8991475575416,392.6195903195964,320.0,239.59157407361235,146.73178834916175,68.03415039743382,0.0,180.93605066633626,153.2648029018095,137.60957702487812,124.90757060655915,239.2190001062517,248.7143582109361,254.0192820632419,252.58984757930872,299.0879051933046,311.1050727069802,304.2809463843159,290.65282402582466,352.4802178121585,360.448313148706,347.22586516824913,328.23617183930907,320.0,325.12112760892927,368.3063255754759,399.63242230697034,409.61718178701454,469.00174519072164,550.6396400042062,597.6541543767942,640.0,481.95995704192205,484.24790944925775,415.89590894861175,377.51156954188633,479.4606742384366,464.80118048966733,398.67604395154746,366.51670853509734,470.5543255863072,461.4708733971768,411.44449169759474,386.4719783386344,320.0,239.86858481949065,147.74884415772502,68.76811150113045,0.0,181.81596071523296,153.53713212859216,138.48906086216883,125.78749465355787,240.16391313073427,246.55102047453767,253.95847162446194,253.10552542317325,299.70352507740427,308.8886804269807,304.87032163596314,292.6455824948286,352.54529417755475,358.89381211861064,347.8157149399186,330.41858775616765,320.0,325.9615035153117,367.7291845420658,397.54365988769877,408.1793346859812,466.1056129854197,549.3317408578304,596.9237993677158,640.0,477.52828877459535,485.1984560939933,415.3543407728967,377.4430998914736,474.71575557967253,467.1365707544944,400.7296416741377,370.0922651818997,465.2290790355306,461.827213136413,412.3390659179918,388.79871051762376,320.0,238.501066435297,148.4029892805269,70.35783199412089,0.0,181.36482226225877,154.45968942845366,139.07593643840826,126.67065234032324,239.60108202316638,246.59494561123097,252.09338511759233,250.98188027125673,299.35477345945895,308.0638538800963,302.26641046766514,290.218304760419,352.74418435304085,357.5676501520797,345.0059665003666,327.98280960157126,320.0,324.56862869739194,365.9635956982924,396.30892109951003,406.8423626071865,467.65621888493865,550.3069923987741,597.2418675679722,640.0,477.5824058628646,486.46139450305225,417.20092560764465,381.07183581761757,473.6028111671833,467.1960782482505,400.77805992950994,371.531268480746,463.59284832223824,461.1767484612119,411.1686775626308,388.0995127635582,320.0,237.48721383988857,146.94172670503656,69.63229631384917,0.0,179.42032023501926,151.63559051274768,136.20039017978345,123.40743508691449,237.95660427131926,244.81080634961143,250.67170568717668,248.83886324315046,297.77484104958666,306.46998689105294,301.01532820216033,288.52617257733846,351.3785154028862,355.9969964359259,344.20090866420895,327.3523116861022,320.0,324.8773760465397,366.47023131536804,397.45971402470497,408.54466834280606,467.5019707407652,550.5926943582399,597.3411911086439,640.0,477.13076401220394,487.3382453460488,417.5838394590996,381.3536027489369,473.4075850150547,469.38398339053515,402.6969999432523,373.0726411207686,463.8390978410134,463.85080261870314,414.06941974798906,390.6732068516902
320.0,239.59157407361235,146.73178834916175,68.03415039743382,0.0,180.93605066633626,153.2648029018095,137.60957702487812,124.90757060655915,239.2190001062517,248.7143582109361,254.0192820632419,252.58984757930872,299.0879051933046,311.1050727069802,304.2809463843159,290.65282402582466,352.4802178121585,360.448313148706,347.22586516824913,328.23617183930907,320.0,325.12112760892927,368.3063255754759,399.63242230697034,409.61718178701454,469.00174519072164,550.6396400042062,597.6541543767942,640.0,481.95995704192205,484.24790944925775,415.89590894861175,377.51156954188633,479.4606742384366,464.80118048966733,398.67604395154746,366.51670853509734,470.5543255863072,461.4708733971768,411.44449169759474,386.4719783386344,320.0,239.86858481949065,147.74884415772502,68.76811150113045,0.0,181.81596071523296,153.53713212859216,138.48906086216883,125.78749465355787,240.16391313073427,246.55102047453767,253.95847162446194,253.10552542317325,299.70352507740427,308.8886804269807,304.87032163596314,292.6455824948286,352.54529417755475,358.89381211861064,347.8157149399186,330.41858775616765,320.0,325.9615035153117,367.7291845420658,397.54365988769877,408.1793346859812,466.1056129854197,549.3317408578304,596.9237993677158,640.0,477.52828877459535,485.1984560939933,415.3543407728967,377.4430998914736,474.71575557967253,467.1365707544944,400.7296416741377,370.0922651818997,465.2290790355306,461.827213136413,412.3390659179918,388.79871051762376,320.0,238.501066435297,148.4029892805269,70.35783199412089,0.0,181.36482226225877,154.45968942845366,139.07593643840826,126.67065234032324,239.60108202316638,246.59494561123097,252.09338511759233,250.98188027125673,299.35477345945895,308.0638538800963,302.26641046766514,290.218304760419,352.74418435304085,357.5676501520797,345.0059665003666,327.98280960157126,320.0,324.56862869739194,365.9635956982924,396.30892109951003,406.8423626071865,467.65621888493865,550.3069923987741,597.2418675679722,640.0,477.5824058628646,486.46139450305225,417.20092560764465,381.07183581761757,473.6028111671833,467.1960782482505,400.77805992950994,371.531268480746,463.59284832223824,461.1767484612119,411.1686775626308,388.0995127635582,320.0,237.48721383988857,146.94172670503656,69.63229631384917,0.0,179.42032023501926,151.63559051274768,136.20039017978345,123.40743508691449,237.95660427131926,244.81080634961143,250.67170568717668,248.83886324315046,297.77484104958666,306.46998689105294,301.01532820216033,288.52617257733846,351.3785154028862,355.9969964359259,344.20090866420895,327.3523116861022,320.0,324.8773760465397,366.47023131536804,397.45971402470497,408.54466834280606,467.5019707407652,550.5926943582399,597.3411911086439,640.0,477.13076401220394,487.3382453460488,417.5838394590996,381.3536027489369,473.4075850150547,469.38398339053515,402.6969999432523,373.0726411207686,463.8390978410134,463.85080261870314,414.06941974798906,390.6732068516902,320.0,239.90840698002157,146.66358632137684,68.85081537838121,0.0,180.2206942245186,153.49931694747997,138.67843225749849,125.43456175511227,239.20476007852074,248.95628527726493,254.871304272089,251.62489618840476,299.23767584116604,310.6897764080543,305.6227871990964,291.5682188567449,352.8818226551223,359.019586883808,348.2867239544482,330.86659997693573,320.0,322.35170194564614,365.1349470434764,396.74088596766285,408.28887258468626,466.25608490092156,549.3310764528414,596.6149958749015,640.0,479.08698630345503,483.03363705830236,414.88031125466927,380.8731326698673,477.7860002374596,467.28010789187675,401.79685031219844,373.50755151806675,471.0492606788299,466.2741561814069,416.6497867430596,393.7963388608639
320.0,239.86858481949065,147.74884415772502,68.76811150113045,0.0,181.81596071523296,153.53713212859216,138.48906086216883,125.78749465355787,240.16391313073427,246.55102047453767,253.95847162446194,253.10552542317325,299.70352507740427,308.8886804269807,304.87032163596314,292.6455824948286,352.54529417755475,358.89381211861064,347.8157149399186,330.41858775616765,320.0,325.9615035153117,367.7291845420658,397.54365988769877,408.1793346859812,466.1056129854197,549.3317408578304,596.9237993677158,640.0,477.52828877459535,485.1984560939933,415.3543407728967,377.4430998914736,474.71575557967253,467.1365707544944,400.7296416741377,370.0922651818997,465.2290790355306,461.827213136413,412.3390659179918,388.79871051762376,320.0,238.501066435297,148.4029892805269,70.35783199412089,0.0,181.36482226225877,154.45968942845366,139.07593643840826,126.67065234032324,239.60108202316638,246.59494561123097,252.09338511759233,250.98188027125673,299.35477345945895,308.0638538800963,302.26641046766514,290.218304760419,352.74418435304085,357.5676501520797,345.0059665003666,327.98280960157126,320.0,324.56862869739194,365.9635956982924,396.30892109951003,406.8423626071865,467.65621888493865,550.3069923987741,597.2418675679722,640.0,477.5824058628646,486.46139450305225,417.20092560764465,381.07183581761757,473.6028111671833,467.1960782482505,400.77805992950994,371.531268480746,463.59284832223824,461.1767484612119,411.1686775626308,388.0995127635582,320.0,237.48721383988857,146.94172670503656,69.63229631384917,0.0,179.42032023501926,151.63559051274768,136.20039017978345,123.40743508691449,237.95660427131926,244.81080634961143,250.67170568717668,248.83886324315046,297.77484104958666,306.46998689105294,301.01532820216033,288.52617257733846,351.3785154028862,355.9969964359259,344.20090866420895,327.3523116861022,320.0,324.8773760465397,366.47023131536804,397.45971402470497,408.54466834280606,467.5019707407652,550.5926943582399,597.3411911086439,640.0,477.13076401220394,487.3382453460488,417.5838394590996,381.3536027489369,473.4075850150547,469.38398339053515,402.6969999432523,373.0726411207686,463.8390978410134,463.85080261870314,414.06941974798906,390.6732068516902,320.0,239.90840698002157,146.66358632137684,68.85081537838121,0.0,180.2206942245186,153.49931694747997,138.67843225749849,125.43456175511227,239.20476007852074,248.95628527726493,254.871304272089,251.62489618840476,299.23767584116604,310.6897764080543,305.6227871990964,291.5682188567449,352.8818226551223,359.019586883808,348.2867239544482,330.86659997693573,320.0,322.35170194564614,365.1349470434764,396.74088596766285,408.28887258468626,466.25608490092156,549.3310764528414,596.6149958749015,640.0,479.08698630345503,483.03363705830236,414.88031125466927,380.8731326698673,477.7860002374596,467.28010789187675,401.79685031219844,373.50755151806675,471.0492606788299,466.2741561814069,416.6497867430596,393.7963388608639,320.0,238.69564800624522,146.6316215815865,68.70742555763158,0.0,181.14363283077762,153.14003834510004,138.13221454902714,124.66373652946555,239.52425594057007,247.25562603341143,253.58361812257778,250.70322398167636,298.86550803167654,308.4664810120693,303.7584869623209,289.9280962275154,351.95788659476926,356.83434244518327,346.39167394216435,329.31181907636136,320.0,323.30487565444525,364.76691549601185,395.808722406868,407.15515691306746,465.705503193474,549.2771992367553,596.6550002884586,640.0,476.8948937929063,485.4314323171276,417.3621783782138,382.288353632811,474.5541707671913,469.08926806956003,403.82760856487937,374.81806831281403,466.3235422166445,466.57739803600236,418.0948050976222,394.79800016312834
320.0,238.501066435297,148.4029892805269,70.35783199412089,0.0,181.36482226225877,154.45968942845366,139.07593643840826,126.67065234032324,239.60108202316638,246.59494561123097,252.09338511759233,250.98188027125673,299.35477345945895,308.0638538800963,302.26641046766514,290.218304760419,352.74418435304085,357.5676501520797,345.0059665003666,327.98280960157126,320.0,324.56862869739194,365.9635956982924,396.30892109951003,406.8423626071865,467.65621888493865,550.3069923987741,597.2418675679722,640.0,477.5824058628646,486.46139450305225,417.20092560764465,381.07183581761757,473.6028111671833,467.1960782482505,400.77805992950994,371.531268480746,463.59284832223824,461.1767484612119,411.1686775626308,388.0995127635582,320.0,237.48721383988857,146.94172670503656,69.63229631384917,0.0,179.42032023501926,151.63559051274768,136.20039017978345,123.40743508691449,237.95660427131926,244.81080634961143,250.67170568717668,248.83886324315046,297.77484104958666,306.46998689105294,301.01532820216033,288.52617257733846,351.3785154028862,355.9969964359259,344.20090866420895,327.3523116861022,320.0,324.8773760465397,366.47023131536804,397.45971402470497,408.54466834280606,467.5019707407652,550.5926943582399,597.3411911086439,640.0,477.13076401220394,487.3382453460488,417.5838394590996,381.3536027489369,473.4075850150547,469.38398339053515,402.6969999432523,373.0726411207686,463.8390978410134,463.85080261870314,414.06941974798906,390.6732068516902,320.0,239.90840698002157,146.66358632137684,68.85081537838121,0.0,180.2206942245186,153.49931694747997,138.67843225749849,125.43456175511227,239.20476007852074,248.95628527726493,254.871304272089,251.62489618840476,299.23767584116604,310.6897764080543,305.6227871990964,291.5682188567449,352.8818226551223,359.019586883808,348.2867239544482,330.86659997693573,320.0,322.35170194564614,365.1349470434764,396.74088596766285,408.28887258468626,466.25608490092156,549.3310764528414,596.6149958749015,640.0,479.08698630345503,483.03363705830236,414.88031125466927,380.8731326698673,477.7860002374596,467.28010789187675,401.79685031219844,373.50755151806675,471.0492606788299,466.2741561814069,416.6497867430596,393.7963388608639,320.0,238.69564800624522,146.6316215815865,68.70742555763158,0.0,181.14363283077762,153.14003834510004,138.13221454902714,124.66373652946555,239.52425594057007,247.25562603341143,253.58361812257778,250.70322398167636,298.86550803167654,308.4664810120693,303.7584869623209,289.9280962275154,351.95788659476926,356.83434244518327,346.39167394216435,329.31181907636136,320.0,323.30487565444525,364.76691549601185,395.808722406868,407.15515691306746,465.705503193474,549.2771992367553,596.6550002884586,640.0,476.8948937929063,485.4314323171276,417.3621783782138,382.288353632811,474.5541707671913,469.08926806956003,403.82760856487937,374.81806831281403,466.3235422166445,466.57739803600236,418.0948050976222,394.79800016312834,320.0,240.25752005827997,148.86930599527332,70.46722965980808,0.0,181.51767460932464,155.5024018050524,140.32866175276283,128.15902492088267,240.33478474458434,250.9353650838654,256.44169781652175,255.16852346213057,300.35386252359945,311.8984876031725,304.7153806354743,291.9887160004561,354.53847741985817,360.44573799675925,347.601299787633,330.3053917067052,320.0,322.0432912896715,363.8392862159444,394.81301450792574,402.6848052563157,465.37418130116225,549.0592755345734,596.8107436915905,640.0,478.14950183719884,482.0690213364712,415.85868640396933,380.8696616113138,475.3777999686271,462.3412429234399,399.4213898021608,370.48196307622874,466.4762728241414,459.97835481072457,412.68837533067983,389.91128266500357
320.0,237.48721383988857,146.94172670503656,69.63229631384917,0.0,179.42032023501926,151.63559051274768,136.20039017978345,123.40743508691449,237.95660427131926,244.81080634961143,250.67170568717668,248.83886324315046,297.77484104958666,306.46998689105294,301.01532820216033,288.52617257733846,351.3785154028862,355.9969964359259,344.20090866420895,327.3523116861022,320.0,324.8773760465397,366.47023131536804,397.45971402470497,408.54466834280606,467.5019707407652,550.5926943582399,597.3411911086439,640.0,477.13076401220394,487.3382453460488,417.5838394590996,381.3536027489369,473.4075850150547,469.38398339053515,402.6969999432523,373.0726411207686,463.8390978410134,463.85080261870314,414.06941974798906,390.6732068516902,320.0,239.90840698002157,146.66358632137684,68.85081537838121,0.0,180.2206942245186,153.49931694747997,138.67843225749849,125.43456175511227,239.20476007852074,248.95628527726493,254.871304272089,251.62489618840476,299.23767584116604,310.6897764080543,305.6227871990964,291.5682188567449,352.8818226551223,359.019586883808,348.2867239544482,330.86659997693573,320.0,322.35170194564614,365.1349470434764,396.74088596766285,408.28887258468626,466.25608490092156,549.3310764528414,596.6149958749015,640.0,479.08698630345503,483.03363705830236,414.88031125466927,380.8731326698673,477.7860002374596,467.28010789187675,401.79685031219844,373.50755151806675,471.0492606788299,466.2741561814069,416.6497867430596,393.7963388608639,320.0,238.69564800624522,146.6316215815865,68.70742555763158,0.0,181.14363283077762,153.14003834510004,138.13221454902714,124.66373652946555,239.52425594057007,247.25562603341143,253.58361812257778,250.70322398167636,298.86550803167654,308.4664810120693,303.7584869623209,289.9280962275154,351.95788659476926,356.83434244518327,346.39167394216435,329.31181907636136,320.0,323.30487565444525,364.76691549601185,395.808722406868,407.15515691306746,465.705503193474,549.2771992367553,596.6550002884586,640.0,476.8948937929063,485.4314323171276,417.3621783782138,382.288353632811,474.5541707671913,469.08926806956003,403.82760856487937,374.81806831281403,466.3235422166445,466.57739803600236,418.0948050976222,394.79800016312834,320.0,240.25752005827997,148.86930599527332,70.46722965980808,0.0,181.51767460932464,155.5024018050524,140.32866175276283,128.15902492088267,240.33478474458434,250.9353650838654,256.44169781652175,255.16852346213057,300.35386252359945,311.8984876031725,304.7153806354743,291.9887160004561,354.53847741985817,360.44573799675925,347.601299787633,330.3053917067052,320.0,322.0432912896715,363.8392862159444,394.81301450792574,402.6848052563157,465.37418130116225,549.0592755345734,596.8107436915905,640.0,478.14950183719884,482.0690213364712,415.85868640396933,380.8696616113138,475.3777999686271,462.3412429234399,399.4213898021608,370.48196307622874,466.4762728241414,459.97835481072457,412.68837533067983,389.91128266500357,320.0,238.308907596967,147.90263121707912,69.54541822722553,0.0,181.4503433628721,154.49693559789773,138.40305431718912,126.18774761607403,240.49651751150327,250.56204517696213,254.3173577195348,252.2843005365442,300.45345320775925,312.7505939656197,304.83676651497143,291.5645660220434,353.4037463376724,360.67822989143997,346.9730487561163,329.0973351239643,320.0,323.95717126502035,365.9531056512062,396.85202439005786,406.0777550718785,468.1457775624246,550.2463995785307,597.2495050900225,640.0,478.82316060126135,485.8964012362233,418.3094027722511,384.79428110403387,474.4702335428319,466.0611479373962,401.63545912458574,375.5696137621564,464.05477046546116,460.063378987723,410.4320838056876,388.7669191318645
320.0,239.90840698002157,146.66358632137684,68.85081537838121,0.0,180.2206942245186,153.49931694747997,138.67843225749849,125.43456175511227,239.20476007852074,248.95628527726493,254.871304272089,251.62489618840476,299.23767584116604,310.6897764080543,305.6227871990964,291.5682188567449,352.8818226551223,359.019586883808,348.2867239544482,330.86659997693573,320.0,322.35170194564614,365.1349470434764,396.74088596766285,408.28887258468626,466.25608490092156,549.3310764528414,596.6149958749015,640.0,479.08698630345503,483.03363705830236,414.88031125466927,380.8731326698673,477.7860002374596,467.28010789187675,401.79685031219844,373.50755151806675,471.0492606788299,466.2741561814069,416.6497867430596,393.7963388608639,320.0,238.69564800624522,146.6316215815865,68.70742555763158,0.0,181.14363283077762,153.14003834510004,138.13221454902714,124.66373652946555,239.52425594057007,247.25562603341143,253.58361812257778,250.70322398167636,298.86550803167654,308.4664810120693,303.7584869623209,289.9280962275154,351.95788659476926,356.83434244518327,346.39167394216435,329.31181907636136,320.0,323.30487565444525,364.76691549601185,395.808722406868,407.15515691306746,465.705503193474,549.2771992367553,596.6550002884586,640.0,476.8948937929063,485.4314323171276,417.3621783782138,382.288353632811,474.5541707671913,469.08926806956003,403.82760856487937,374.81806831281403,466.3235422166445,466.57739803600236,418.0948050976222,394.79800016312834,320.0,240.25752005827997,148.86930599527332,70.46722965980808,0.0,181.51767460932464,155.5024018050524,140.32866175276283,128.15902492088267,240.33478474458434,250.9353650838654,256.44169781652175,255.16852346213057,300.35386252359945,311.8984876031725,304.7153806354743,291.9887160004561,354.53847741985817,360.44573799675925,347.601299787633,330.3053917067052,320.0,322.0432912896715,363.8392862159444,394.81301450792574,402.6848052563157,465.37418130116225,549.0592755345734,596.8107436915905,640.0,478.14950183719884,482.0690213364712,415.85868640396933,380.8696616113138,475.3777999686271,462.3412429234399,399.4213898021608,370.48196307622874,466.4762728241414,459.97835481072457,412.68837533067983,389.91128266500357,320.0,238.308907596967,147.90263121707912,69.54541822722553,0.0,181.4503433628721,154.49693559789773,138.40305431718912,126.18774761607403,240.49651751150327,250.56204517696213,254.3173577195348,252.2843005365442,300.45345320775925,312.7505939656197,304.83676651497143,291.5645660220434,353.4037463376724,360.67822989143997,346.9730487561163,329.0973351239643,320.0,323.95717126502035,365.9531056512062,396.85202439005786,406.0777550718785,468.1457775624246,550.2463995785307,597.2495050900225,640.0,478.82316060126135,485.8964012362233,418.3094027722511,384.79428110403387,474.4702335428319,466.0611479373962,401.63545912458574,375.5696137621564,464.05477046546116,460.063378987723,410.4320838056876,388.7669191318645,320.0,237.84427626517183,147.65323992770135,69.42049117473502,0.0,181.98164113004535,155.25040005242974,138.9496586103839,126.20355021602253,241.10046000418362,251.27270987698893,254.18150305312113,251.7064299394275,301.29717665650946,313.15507823867404,304.87025758156585,291.50047139302893,354.62732248118306,361.73706054671845,347.61749844782094,329.6650050666254,320.0,324.694844537246,366.567253233945,397.2937696619623,407.15669435997097,468.6006626926004,551.0004591024403,597.5830930968441,640.0,479.0346041495809,485.78637226653615,418.3526343695809,385.0730081365248,474.53565939209534,466.59716194232124,402.56503109978314,376.71696402351535,463.8898105927454,459.7962621798883,410.28834254978597,388.858073460308
320.0,238.69564800624522,146.6316215815865,68.70742555763158,0.0,181.14363283077762,153.14003834510004,138.13221454902714,124.66373652946555,239.52425594057007,247.25562603341143,253.58361812257778,250.70322398167636,298.86550803167654,308.4664810120693,303.7584869623209,289.9280962275154,351.95788659476926,356.83434244518327,346.39167394216435,329.31181907636136,320.0,323.30487565444525,364.76691549601185,395.808722406868,407.15515691306746,465.705503193474,549.2771992367553,596.6550002884586,640.0,476.8948937929063,485.4314323171276,417.3621783782138,382.288353632811,474.5541707671913,469.08926806956003,403.82760856487937,374.81806831281403,466.3235422166445,466.57739803600236,418.0948050976222,394.79800016312834,320.0,240.25752005827997,148.86930599527332,70.46722965980808,0.0,181.51767460932464,155.5024018050524,140.32866175276283,128.15902492088267,240.33478474458434,250.9353650838654,256.44169781652175,255.16852346213057,300.35386252359945,311.8984876031725,304.7153806354743,291.9887160004561,354.53847741985817,360.44573799675925,347.601299787633,330.3053917067052,320.0,322.0432912896715,363.8392862159444,394.81301450792574,402.6848052563157,465.37418130116225,549.0592755345734,596.8107436915905,640.0,478.14950183719884,482.0690213364712,415.85868640396933,380.8696616113138,475.3777999686271,462.3412429234399,399.4213898021608,370.48196307622874,466.4762728241414,459.97835481072457,412.68837533067983,389.91128266500357,320.0,238.308907596967,147.90263121707912,69.54541822722553,0.0,181.4503433628721,154.49693559789773,138.40305431718912,126.18774761607403,240.49651751150327,250.56204517696213,254.3173577195348,252.2843005365442,300.45345320775925,312.7505939656197,304.83676651497143,291.5645660220434,353.4037463376724,360.67822989143997,346.9730487561163,329.0973351239643,320.0,323.95717126502035,365.9531056512062,396.85202439005786,406.0777550718785,468.1457775624246,550.2463995785307,597.2495050900225,640.0,478.82316060126135,485.8964012362233,418.3094027722511,384.79428110403387,474.4702335428319,466.0611479373962,401.63545912458574,375.5696137621564,464.05477046546116,460.063378987723,410.4320838056876,388.7669191318645,320.0,237.84427626517183,147.65323992770135,69.42049117473502,0.0,181.98164113004535,155.25040005242974,138.9496586103839,126.20355021602253,241.10046000418362,251.27270987698893,254.18150305312113,251.7064299394275,301.29717665650946,313.15507823867404,304.87025758156585,291.50047139302893,354.62732248118306,361.73706054671845,347.61749844782094,329.6650050666254,320.0,324.694844537246,366.567253233945,397.2937696619623,407.15669435997097,468.6006626926004,551.0004591024403,597.5830930968441,640.0,479.0346041495809,485.78637226653615,418.3526343695809,385.0730081365248,474.53565939209534,466.59716194232124,402.56503109978314,376.71696402351535,463.8898105927454,459.7962621798883,410.28834254978597,388.858073460308,320.0,238.66736614101754,148.4826523266078,71.36024640194319,0.0,180.7883910629214,155.42958450973148,141.46452400478282,129.52216302844016,240.16773361546024,253.05631811893153,258.9124309029104,255.1356900944666,300.72207288138776,312.3700536500166,307.58114173745923,295.12704599377736,354.1301948803987,359.85084669366904,349.98074609206265,334.5986139890697,320.0,321.807491892718,365.2645471309282,397.18539009308984,404.08988037358426,465.96472264545775,549.619880657326,597.1415347305136,640.0,478.963300784103,484.92052003704555,417.7296127435769,384.1093699777525,477.38688575732095,466.8863878581357,402.99848656062534,375.70504191045563,470.04517498683003,464.89398643174053,415.5942415140579,393.1734441157144
320.0,240.25752005827997,148.86930599527332,70.46722965980808,0.0,181.51767460932464,155.5024018050524,140.32866175276283,128.15902492088267,240.33478474458434,250.9353650838654,256.44169781652175,255.16852346213057,300.35386252359945,311.8984876031725,304.7153806354743,291.9887160004561,354.53847741985817,360.44573799675925,347.601299787633,330.3053917067052,320.0,322.0432912896715,363.8392862159444,394.81301450792574,402.6848052563157,465.37418130116225,549.0592755345734,596.8107436915905,640.0,478.14950183719884,482.0690213364712,415.85868640396933,380.8696616113138,475.3777999686271,462.3412429234399,399.4213898021608,370.48196307622874,466.4762728241414,459.97835481072457,412.68837533067983,389.91128266500357,320.0,238.308907596967,147.90263121707912,69.54541822722553,0.0,181.4503433628721,154.49693559789773,138.40305431718912,126.18774761607403,240.49651751150327,250.56204517696213,254.3173577195348,252.2843005365442,300.45345320775925,312.7505939656197,304.83676651497143,291.5645660220434,353.4037463376724,360.67822989143997,346.9730487561163,329.0973351239643,320.0,323.95717126502035,365.9531056512062,396.85202439005786,406.0777550718785,468.1457775624246,550.2463995785307,597.2495050900225,640.0,478.82316060126135,485.8964012362233,418.3094027722511,384.79428110403387,474.4702335428319,466.0611479373962,401.63545912458574,375.5696137621564,464.05477046546116,460.063378987723,410.4320838056876,388.7669191318645,320.0,237.84427626517183,147.65323992770135,69.42049117473502,0.0,181.98164113004535,155.25040005242974,138.9496586103839,126.20355021602253,241.10046000418362,251.27270987698893,254.18150305312113,251.7064299394275,301.29717665650946,313.15507823867404,304.87025758156585,291.50047139302893,354.62732248118306,361.73706054671845,347.61749844782094,329.6650050666254,320.0,324.694844537246,366.567253233945,397.2937696619623,407.15669435997097,468.6006626926004,551.0004591024403,597.5830930968441,640.0,479.0346041495809,485.78637226653615,418.3526343695809,385.0730081365248,474.53565939209534,466.59716194232124,402.56503109978314,376.71696402351535,463.8898105927454,459.7962621798883,410.28834254978597,388.858073460308,320.0,238.66736614101754,148.4826523266078,71.36024640194319,0.0,180.7883910629214,155.42958450973148,141.46452400478282,129.52216302844016,240.16773361546024,253.05631811893153,258.9124309029104,255.1356900944666,300.72207288138776,312.3700536500166,307.58114173745923,295.12704599377736,354.1301948803987,359.85084669366904,349.98074609206265,334.5986139890697,320.0,321.807491892718,365.2645471309282,397.18539009308984,404.08988037358426,465.96472264545775,549.619880657326,597.1415347305136,640.0,478.963300784103,484.92052003704555,417.7296127435769,384.1093699777525,477.38688575732095,466.8863878581357,402.99848656062534,375.70504191045563,470.04517498683003,464.89398643174053,415.5942415140579,393.1734441157144,320.0,238.62829426479325,147.37134040795044,71.060113331439,0.0,177.51964040199496,151.1190506290709,137.02345274751906,124.98918547582315,236.36219041623997,244.90423407790894,251.96629115532465,250.60292932967323,296.2474041673679,304.7408141848462,300.39554205759737,289.135173646994,350.0072184316412,353.6594611291737,343.26605941685995,328.1072204876225,320.0,319.9778880325162,363.3093781989821,395.8114598711393,403.50512101157426,465.7758010043625,548.9854520574193,596.7286176927423,640.0,478.52137080318073,483.7097653394608,417.73788960159686,384.6577103341312,476.64045346431135,466.16406397926403,403.5093695992131,376.22025668047405,469.3116880667644,464.7061225074814,417.31737598416436,395.75289695289064
320.0,238.308907596967,147.90263121707912,69.54541822722553,0.0,181.4503433628721,154.49693559789773,138.40305431718912,126.18774761607403,240.49651751150327,250.56204517696213,254.3173577195348,252.2843005365442,300.45345320775925,312.7505939656197,304.83676651497143,291.5645660220434,353.4037463376724,360.67822989143997,346.9730487561163,329.0973351239643,320.0,323.95717126502035,365.9531056512062,396.85202439005786,406.0777550718785,468.1457775624246,550.2463995785307,597.2495050900225,640.0,478.82316060126135,485.8964012362233,418.3094027722511,384.79428110403387,474.4702335428319,466.0611479373962,401.63545912458574,375.5696137621564,464.05477046546116,460.063378987723,410.4320838056876,388.7669191318645,320.0,237.84427626517183,147.65323992770135,69.42049117473502,0.0,181.98164113004535,155.25040005242974,138.9496586103839,126.20355021602253,241.10046000418362,251.27270987698893,254.18150305312113,251.7064299394275,301.29717665650946,313.15507823867404,304.87025758156585,291.50047139302893,354.62732248118306,361.73706054671845,347.61749844782094,329.6650050666254,320.0,324.694844537246,366.567253233945,397.2937696619623,407.15669435997097,468.6006626926004,551.0004591024403,597.5830930968441,640.0,479.0346041495809,485.78637226653615,418.3526343695809,385.0730081365248,474.53565939209534,466.59716194232124,402.56503109978314,376.71696402351535,463.8898105927454,459.7962621798883,410.28834254978597,388.858073460308,320.0,238.66736614101754,148.4826523266078,71.36024640194319,0.0,180.7883910629214,155.42958450973148,141.46452400478282,129.52216302844016,240.16773361546024,253.05631811893153,258.9124309029104,255.1356900944666,300.72207288138776,312.3700536500166,307.58114173745923,295.12704599377736,354.1301948803987,359.85084669366904,349.98074609206265,334.5986139890697,320.0,321.807491892718,365.2645471309282,397.18539009308984,404.08988037358426,465.96472264545775,549.619880657326,597.1415347305136,640.0,478.963300784103,484.92052003704555,417.7296127435769,384.1093699777525,477.38688575732095,466.8863878581357,402.99848656062534,375.70504191045563,470.04517498683003,464.89398643174053,415.5942415140579,393.1734441157144,320.0,238.62829426479325,147.37134040795044,71.060113331439,0.0,177.51964040199496,151.1190506290709,137.02345274751906,124.98918547582315,236.36219041623997,244.90423407790894,251.96629115532465,250.60292932967323,296.2474041673679,304.7408141848462,300.39554205759737,289.135173646994,350.0072184316412,353.6594611291737,343.26605941685995,328.1072204876225,320.0,319.9778880325162,363.3093781989821,395.8114598711393,403.50512101157426,465.7758010043625,548.9854520574193,596.7286176927423,640.0,478.52137080318073,483.7097653394608,417.73788960159686,384.6577103341312,476.64045346431135,466.16406397926403,403.5093695992131,376.22025668047405,469.3116880667644,464.7061225074814,417.31737598416436,395.75289695289064,320.0,237.6378680213094,145.9604740230607,69.26583105696238,0.0,176.48886813569698,148.22138365851515,132.82400089104527,119.39313201038834,234.5468730286782,242.32594892501376,249.4579996559603,247.74194065703563,294.2797423636279,302.5201972978726,298.8133286442368,287.4007324562618,348.1691788288543,351.72664454672645,341.2091228904547,325.4945320114157,320.0,321.2849034528279,364.39850430180076,397.16066934424714,406.02819824151163,465.8898361324928,548.8071928065949,596.5229640609562,640.0,477.6485653905588,483.3717822160712,417.093958774478,384.48444604654355,475.0743053276729,467.6271899365829,405.00583953161646,377.89257626069167,466.90673613352527,464.7239708396012,417.1071745959351,395.0121406892428
320.0,237.84427626517183,147.65323992770135,69.42049117473502,0.0,181.98164113004535,155.25040005242974,138.9496586103839,126.20355021602253,241.10046000418362,251.27270987698893,254.18150305312113,251.7064299394275,301.29717665650946,313.15507823867404,304.87025758156585,291.50047139302893,354.62732248118306,361.73706054671845,347.61749844782094,329.6650050666254,320.0,324.694844537246,366.567253233945,397.2937696619623,407.15669435997097,468.6006626926004,551.0004591024403,597.5830930968441,640.0,479.0346041495809,485.78637226653615,418.3526343695809,385.0730081365248,474.53565939209534,466.59716194232124,402.56503109978314,376.71696402351535,463.8898105927454,459.7962621798883,410.28834254978597,388.858073460308,320.0,238.66736614101754,148.4826523266078,71.36024640194319,0.0,180.7883910629214,155.42958450973148,141.46452400478282,129.52216302844016,240.16773361546024,253.05631811893153,258.9124309029104,255.1356900944666,300.72207288138776,312.3700536500166,307.58114173745923,295.12704599377736,354.1301948803987,359.85084669366904,349.98074609206265,334.5986139890697,320.0,321.807491892718,365.2645471309282,397.18539009308984,404.08988037358426,465.96472264545775,549.619880657326,597.1415347305136,640.0,478.963300784103,484.92052003704555,417.7296127435769,384.1093699777525,477.38688575732095,466.8863878581357,402.99848656062534,375.70504191045563,470.04517498683003,464.89398643174053,415.5942415140579,393.1734441157144,320.0,238.62829426479325,147.37134040795044,71.060113331439,0.0,177.51964040199496,151.1190506290709,137.02345274751906,124.98918547582315,236.36219041623997,244.90423407790894,251.96629115532465,250.60292932967323,296.2474041673679,304.7408141848462,300.39554205759737,289.135173646994,350.0072184316412,353.6594611291737,343.26605941685995,328.1072204876225,320.0,319.9778880325162,363.3093781989821,395.8114598711393,403.50512101157426,465.7758010043625,548.9854520574193,596.7286176927423,640.0,478.52137080318073,483.7097653394608,417.73788960159686,384.6577103341312,476.64045346431135,466.16406397926403,403.5093695992131,376.22025668047405,469.3116880667644,464.7061225074814,417.31737598416436,395.75289695289064,320.0,237.6378680213094,145.9604740230607,69.26583105696238,0.0,176.48886813569698,148.22138365851515,132.82400089104527,119.39313201038834,234.5468730286782,242.32594892501376,249.4579996559603,247.74194065703563,294.2797423636279,302.5201972978726,298.8133286442368,287.4007324562618,348.1691788288543,351.72664454672645,341.2091228904547,325.4945320114157,320.0,321.2849034528279,364.39850430180076,397.16066934424714,406.02819824151163,465.8898361324928,548.8071928065949,596.5229640609562,640.0,477.6485653905588,483.3717822160712,417.093958774478,384.48444604654355,475.0743053276729,467.6271899365829,405.00583953161646,377.89257626069167,466.90673613352527,464.7239708396012,417.1071745959351,395.0121406892428,320.0,238.59761409398166,146.45607985907998,70.11873716160665,0.0,182.56818036373306,156.21316684883362,141.2771153432306,128.8857325828981,243.7875181403204,258.31539729402647,263.62425604945315,260.35205778669985,304.79788855898767,317.23526199852057,310.94115543589953,298.3197177996905,358.90608500601235,364.8326517585543,354.1215727630046,339.27778675945143,320.0,322.0128408895625,366.3457096362651,399.2365410075701,407.7802801183507,464.7248971985456,547.8886448747346,595.5315774948257,640.0,478.2607224858826,482.68078624791474,414.6159937182992,382.2573131764333,477.1864047766448,464.79756171774056,401.564646713017,376.1900425170503,470.72923046456356,464.41237716569253,415.987855538939,394.4881626717333
320.0,238.66736614101754,148.4826523266078,71.36024640194319,0.0,180.7883910629214,155.42958450973148,141.46452400478282,129.52216302844016,240.16773361546024,253.05631811893153,258.9124309029104,255.1356900944666,300.72207288138776,312.3700536500166,307.58114173745923,295.12704599377736,354.1301948803987,359.85084669366904,349.98074609206265,334.5986139890697,320.0,321.807491892718,365.2645471309282,397.18539009308984,404.08988037358426,465.96472264545775,549.619880657326,597.1415347305136,640.0,478.963300784103,484.92052003704555,417.7296127435769,384.1093699777525,477.38688575732095,466.8863878581357,402.99848656062534,375.70504191045563,470.04517498683003,464.89398643174053,415.5942415140579,393.1734441157144,320.0,238.62829426479325,147.37134040795044,71.060113331439,0.0,177.51964040199496,151.1190506290709,137.02345274751906,124.98918547582315,236.36219041623997,244.90423407790894,251.96629115532465,250.60292932967323,296.2474041673679,304.7408141848462,300.39554205759737,289.135173646994,350.0072184316412,353.6594611291737,343.26605941685995,328.1072204876225,320.0,319.9778880325162,363.3093781989821,395.8114598711393,403.50512101157426,465.7758010043625,548.9854520574193,596.7286176927423,640.0,478.52137080318073,483.7097653394608,417.73788960159686,384.6577103341312,476.64045346431135,466.16406397926403,403.5093695992131,376.22025668047405,469.3116880667644,464.7061225074814,417.31737598416436,395.75289695289064,320.0,237.6378680213094,145.9604740230607,69.26583105696238,0.0,176.48886813569698,148.22138365851515,132.82400089104527,119.39313201038834,234.5468730286782,242.32594892501376,249.4579996559603,247.74194065703563,294.2797423636279,302.5201972978726,298.8133286442368,287.4007324562618,348.1691788288543,351.72664454672645,341.2091228904547,325.4945320114157,320.0,321.2849034528279,364.39850430180076,397.16066934424714,406.02819824151163,465.8898361324928,548.8071928065949,596.5229640609562,640.0,477.6485653905588,483.3717822160712,417.093958774478,384.48444604654355,475.0743053276729,467.6271899365829,405.00583953161646,377.89257626069167,466.90673613352527,464.7239708396012,417.1071745959351,395.0121406892428,320.0,238.59761409398166,146.45607985907998,70.11873716160665,0.0,182.56818036373306,156.21316684883362,141.2771153432306,128.8857325828981,243.7875181403204,258.31539729402647,263.62425604945315,260.35205778669985,304.79788855898767,317.23526199852057,310.94115543589953,298.3197177996905,358.90608500601235,364.8326517585543,354.1215727630046,339.27778675945143,320.0,322.0128408895625,366.3457096362651,399.2365410075701,407.7802801183507,464.7248971985456,547.8886448747346,595.5315774948257,640.0,478.2607224858826,482.68078624791474,414.6159937182992,382.2573131764333,477.1864047766448,464.79756171774056,401.564646713017,376.1900425170503,470.72923046456356,464.41237716569253,415.987855538939,394.4881626717333,320.0,235.56523775752873,144.35997084582652,68.59118835023025,0.0,192.28402679541833,166.88865420109775,150.57675799237563,138.04580815474804,253.7200085011997,269.29765518660156,270.4267314828518,266.4568628405049,312.86062595755095,326.1353248796987,315.9881800045834,303.61493095044267,363.2908113679091,370.8938083685386,356.26815486402495,340.8300569343393,320.0,325.5245576602212,371.23716524879376,404.86232730067417,412.12725571298495,467.3647974492825,549.0019953544027,596.270453704151,640.0,476.7677519951709,484.6523048332978,417.5505552676754,385.7319693835193,471.9489938723869,465.1224120338563,403.042453664799,378.3668635786371,461.371351327302,459.9332512911657,411.31455956762085,389.40164770548927
320.0,238.62829426479325,147.37134040795044,71.060113331439,0.0,177.51964040199496,151.1190506290709,137.02345274751906,124.98918547582315,236.36219041623997,244.90423407790894,251.96629115532465,250.60292932967323,296.2474041673679,304.7408141848462,300.39554205759737,289.135173646994,350.0072184316412,353.6594611291737,343.26605941685995,328.1072204876225,320.0,319.9778880325162,363.3093781989821,395.8114598711393,403.50512101157426,465.7758010043625,548.9854520574193,596.7286176927423,640.0,478.52137080318073,483.7097653394608,417.73788960159686,384.6577103341312,476.64045346431135,466.16406397926403,403.5093695992131,376.22025668047405,469.3116880667644,464.7061225074814,417.31737598416436,395.75289695289064,320.0,237.6378680213094,145.9604740230607,69.26583105696238,0.0,176.48886813569698,148.22138365851515,132.82400089104527,119.39313201038834,234.5468730286782,242.32594892501376,249.4579996559603,247.74194065703563,294.2797423636279,302.5201972978726,298.8133286442368,287.4007324562618,348.1691788288543,351.72664454672645,341.2091228904547,325.4945320114157,320.0,321.2849034528279,364.39850430180076,397.16066934424714,406.02819824151163,465.8898361324928,548.8071928065949,596.5229640609562,640.0,477.6485653905588,483.3717822160712,417.093958774478,384.48444604654355,475.0743053276729,467.6271899365829,405.00583953161646,377.89257626069167,466.90673613352527,464.7239708396012,417.1071745959351,395.0121406892428,320.0,238.59761409398166,146.45607985907998,70.11873716160665,0.0,182.56818036373306,156.21316684883362,141.2771153432306,128.8857325828981,243.7875181403204,258.31539729402647,263.62425604945315,260.35205778669985,304.79788855898767,317.23526199852057,310.94115543589953,298.3197177996905,358.90608500601235,364.8326517585543,354.1215727630046,339.27778675945143,320.0,322.0128408895625,366.3457096362651,399.2365410075701,407.7802801183507,464.7248971985456,547.8886448747346,595.5315774948257,640.0,478.2607224858826,482.68078624791474,414.6159937182992,382.2573131764333,477.1864047766448,464.79756171774056,401.564646713017,376.1900425170503,470.72923046456356,464.41237716569253,415.987855538939,394.4881626717333,320.0,235.56523775752873,144.35997084582652,68.59118835023025,0.0,192.28402679541833,166.88865420109775,150.57675799237563,138.04580815474804,253.7200085011997,269.29765518660156,270.4267314828518,266.4568628405049,312.86062595755095,326.1353248796987,315.9881800045834,303.61493095044267,363.2908113679091,370.8938083685386,356.26815486402495,340.8300569343393,320.0,325.5245576602212,371.23716524879376,404.86232730067417,412.12725571298495,467.3647974492825,549.0019953544027,596.270453704151,640.0,476.7677519951709,484.6523048332978,417.5505552676754,385.7319693835193,471.9489938723869,465.1224120338563,403.042453664799,378.3668635786371,461.371351327302,459.9332512911657,411.31455956762085,389.40164770548927,320.0,234.40447670099184,142.1369606907152,66.46439798006946,0.0,189.2599209765569,162.5527904885482,146.69699604529842,132.3864772248568,249.1492135344726,263.7603572365845,267.17531148915555,262.27068491437785,307.26311307391006,318.9663876837782,312.87095904853214,301.2066289339348,356.8560740227763,362.6650155760334,352.1189833994299,337.5729018111157,320.0,325.27613960477714,368.6126635158918,403.0303279514954,411.55855651646857,465.037342344801,548.607211096011,596.7301109229413,640.0,477.06560888355193,482.3835650075223,417.9005256770783,382.52618544402907,473.4434928968549,463.63824496466975,405.0484315659113,377.72566777144266,463.40485915094143,459.8410896176765,414.353520213098,391.9954027583742
320.0,267.2373322071284,177.1773333093891,73.49408587601548,0.0,211.48087484820695,62.10567707601206,39.37602137147235,49.08067123960359,206.15990334783817,35.4352288708082,25.50011982440617,57.267817765346024,188.4107815957143,33.15263276203615,30.636605086623433,70.73333155815698,165.30819023037867,44.45563493621438,27.19497567285896,45.57246032635584,320.0,121.87170962633789,24.73051062453885,0.0,30.575789482411267,246.15269821003673,274.88131855376935,196.89397017004237,162.7150401684671,400.75544906605205,408.577895321555,301.38504522579734,256.63049155591665,510.4524237876916,512.1808700266132,398.76269514247576,347.46975965245366,577.7719558602851,551.6774584013863,457.04303705116195,404.8404453766882,320.0,258.74333077603416,169.902914701013,72.08936605097949,0.0,186.37689704719315,44.278156737825725,29.93611637383617,43.26657110146692,187.091031771577,35.031564137007365,24.71115390187299,50.26920412377177,179.8010492630525,40.81986147743498,32.784538054246696,61.306635204934366,169.2189038712925,61.82956437037734,39.59524398719958,46.82804521064463,320.0,105.06493685229447,14.699262779783567,0.0,30.910216945513582,277.4759268009597,310.24061730150794,207.70324019065882,160.6077593918736,449.6461618214431,473.07389176120853,342.77960005688567,281.1019309022346,564.2565177698974,577.3600451415491,444.58150022249646,376.7895367027402,631.2619907239622,611.805249081342,504.13971859932747,436.7140255343355,320.0,258.74333077603416,169.902914701013,72.08936605097949,0.0,186.37689704719315,44.278156737825725,29.93611637383617,43.26657110146692,187.091031771577,35.031564137007365,24.71115390187299,50.26920412377177,179.8010492630525,40.81986147743498,32.784538054246696,61.306635204934366,169.2189038712925,61.82956437037734,39.59524398719958,46.82804521064463,320.0,105.06493685229447,14.699262779783567,0.0,30.910216945513582,277.4759268009597,310.24061730150794,207.70324019065882,160.6077593918736,449.6461618214431,473.07389176120853,342.77960005688567,281.1019309022346,564.2565177698974,577.3600451415491,444.58150022249646,376.7895367027402,631.2619907239622,611.805249081342,504.13971859932747,436.7140255343355,320.0,257.7712657259381,161.55017769896804,60.20068643368296,0.0,179.97318999085257,30.808656465870058,15.749575256832543,33.02176413572522,181.89098152359972,24.51105376329116,16.769538910766528,49.65153368681706,175.6553747919788,29.786836645140966,26.480632349622965,65.70143673110465,164.2687195871421,52.03039705147904,34.083120309190974,48.91444985246375,320.0,121.24739392858206,30.99279873933341,0.0,25.069092855231474,277.36339904260694,306.216204323135,206.64314215205303,164.67369547765588,443.56702048583236,462.8014628489876,341.6187672821336,280.4190646091636,555.3071804477745,575.6628073618173,448.5065501144709,380.88344185769927,620.9265423839681,611.0798323075551,511.82265037314545,451.54394790830435,320.0,270.120037049757,182.54207124793157,96.07942801835836,45.244830205959204,217.21381664533183,94.02878641231385,36.16505874884217,0.0,211.71030420348225,75.19751891514983,45.231841976542114,43.280277248743346,200.78020960171511,66.72503044116269,62.11687325028362,88.03521808361171,188.66851915451622,84.63746396494844,70.09147959661559,85.03243935183741,320.0,118.3055106633193,24.942110705437756,0.0,23.154392748043733,106.37414017893269,66.76002148517452,31.075323519877315,9.517837663889509,280.8174777635542,241.89012746765985,187.76263141331276,160.87947243011993,435.8079301116614,411.0501943840404,341.57414396486655,310.429537855789,565.7449652995501,531.0839838435273,460.61601875930216,424.9983318229035
320.0,258.74333077603416,169.902914701013,72.08936605097949,0.0,186.37689704719315,44.278156737825725,29.93611637383617,43.26657110146692,187.091031771577,35.031564137007365,24.71115390187299,50.26920412377177,179.8010492630525,40.81986147743498,32.784538054246696,61.306635204934366,169.2189038712925,61.82956437037734,39.59524398719958,46.82804521064463,320.0,105.06493685229447,14.699262779783567,0.0,30.910216945513582,277.4759268009597,310.24061730150794,207.70324019065882,160.6077593918736,449.6461618214431,473.07389176120853,342.77960005688567,281.1019309022346,564.2565177698974,577.3600451415491,444.58150022249646,376.7895367027402,631.2619907239622,611.805249081342,504.13971859932747,436.7140255343355,320.0,258.74333077603416,169.902914701013,72.08936605097949,0.0,186.37689704719315,44.278156737825725,29.93611637383617,43.26657110146692,187.091031771577,35.031564137007365,24.71115390187299,50.26920412377177,179.8010492630525,40.81986147743498,32.784538054246696,61.306635204934366,169.2189038712925,61.82956437037734,39.59524398719958,46.82804521064463,320.0,105.06493685229447,14.699262779783567,0.0,30.910216945513582,277.4759268009597,310.24061730150794,207.70324019065882,160.6077593918736,449.6461618214431,473.07389176120853,342.77960005688567,281.1019309022346,564.2565177698974,577.3600451415491,444.58150022249646,376.7895367027402,631.2619907239622,611.805249081342,504.13971859932747,436.7140255343355,320.0,257.7712657259381,161.55017769896804,60.20068643368296,0.0,179.97318999085257,30.808656465870058,15.749575256832543,33.02176413572522,181.89098152359972,24.51105376329116,16.769538910766528,49.65153368681706,175.6553747919788,29.786836645140966,26.480632349622965,65.70143673110465,164.2687195871421,52.03039705147904,34.083120309190974,48.91444985246375,320.0,121.24739392858206,30.99279873933341,0.0,25.069092855231474,277.36339904260694,306.216204323135,206.64314215205303,164.67369547765588,443.56702048583236,462.8014628489876,341.6187672821336,280.4190646091636,555.3071804477745,575.6628073618173,448.5065501144709,380.88344185769927,620.9265423839681,611.0798323075551,511.82265037314545,451.54394790830435,320.0,270.120037049757,182.54207124793157,96.07942801835836,45.244830205959204,217.21381664533183,94.02878641231385,36.16505874884217,0.0,211.71030420348225,75.19751891514983,45.231841976542114,43.280277248743346,200.78020960171511,66.72503044116269,62.11687325028362,88.03521808361171,188.66851915451622,84.63746396494844,70.09147959661559,85.03243935183741,320.0,118.3055106633193,24.942110705437756,0.0,23.154392748043733,106.37414017893269,66.76002148517452,31.075323519877315,9.517837663889509,280.8174777635542,241.89012746765985,187.76263141331276,160.87947243011993,435.8079301116614,411.0501943840404,341.57414396486655,310.429537855789,565.7449652995501,531.0839838435273,460.61601875930216,424.9983318229035,320.0,254.2343777681694,164.54369417976702,66.31153156657791,0.0,203.6156582219045,48.53260849365745,15.996689656539502,19.299698823167944,205.41077620864084,40.1415816057891,18.45288521458383,42.35673658610921,195.42840576980973,42.69173541534775,30.707499191617103,62.497302293081816,178.96271775233626,61.61183497343177,36.1541044170537,45.29877955862912,320.0,112.07943058795382,29.91375082241757,4.024355523655686,25.778766672647862,320.09148872540226,397.8178599198517,278.7259525091214,205.53918296548835,476.73741252467255,515.7935283210718,366.9742927208565,297.13202942759733,580.0366050601112,604.970919313356,459.4406842514504,386.6003469107004,640.0,629.3601291943298,510.1552963694001,440.44127041090974
320.0,258.74333077603416,169.902914701013,72.08936605097949,0.0,186.37689704719315,44.278156737825725,29.93611637383617,43.26657110146692,187.091031771577,35.031564137007365,24.71115390187299,50.26920412377177,179.8010492630525,40.81986147743498,32.784538054246696,61.306635204934366,169.2189038712925,61.82956437037734,39.59524398719958,46.82804521064463,320.0,105.06493685229447,14.699262779783567,0.0,30.910216945513582,277.4759268009597,310.24061730150794,207.70324019065882,160.6077593918736,449.6461618214431,473.07389176120853,342.77960005688567,281.1019309022346,564.2565177698974,577.3600451415491,444.58150022249646,376.7895367027402,631.2619907239622,611.805249081342,504.13971859932747,436.7140255343355,320.0,257.7712657259381,161.55017769896804,60.20068643368296,0.0,179.97318999085257,30.808656465870058,15.749575256832543,33.02176413572522,181.89098152359972,24.51105376329116,16.769538910766528,49.65153368681706,175.6553747919788,29.786836645140966,26.480632349622965,65.70143673110465,164.2687195871421,52.03039705147904,34.083120309190974,48.91444985246375,320.0,121.24739392858206,30.99279873933341,0.0,25.069092855231474,277.36339904260694,306.216204323135,206.64314215205303,164.67369547765588,443.56702048583236,462.8014628489876,341.6187672821336,280.4190646091636,555.3071804477745,575.6628073618173,448.5065501144709,380.88344185769927,620.9265423839681,611.0798323075551,511.82265037314545,451.54394790830435,320.0,270.120037049757,182.54207124793157,96.07942801835836,45.244830205959204,217.21381664533183,94.02878641231385,36.16505874884217,0.0,211.71030420348225,75.19751891514983,45.231841976542114,43.280277248743346,200.78020960171511,66.72503044116269,62.11687325028362,88.03521808361171,188.66851915451622,84.63746396494844,70.09147959661559,85.03243935183741,320.0,118.3055106633193,24.942110705437756,0.0,23.154392748043733,106.37414017893269,66.76002148517452,31.075323519877315,9.517837663889509,280.8174777635542,241.89012746765985,187.76263141331276,160.87947243011993,435.8079301116614,411.0501943840404,341.57414396486655,310.429537855789,565.7449652995501,531.0839838435273,460.61601875930216,424.9983318229035,320.0,254.2343777681694,164.54369417976702,66.31153156657791,0.0,203.6156582219045,48.53260849365745,15.996689656539502,19.299698823167944,205.41077620864084,40.1415816057891,18.45288521458383,42.35673658610921,195.42840576980973,42.69173541534775,30.707499191617103,62.497302293081816,178.96271775233626,61.61183497343177,36.1541044170537,45.29877955862912,320.0,112.07943058795382,29.91375082241757,4.024355523655686,25.778766672647862,320.09148872540226,397.8178599198517,278.7259525091214,205.53918296548835,476.73741252467255,515.7935283210718,366.9742927208565,297.13202942759733,580.0366050601112,604.970919313356,459.4406842514504,386.6003469107004,640.0,629.3601291943298,510.1552963694001,440.44127041090974,320.0,183.9579865134866,69.8200522902032,11.366198059072076,0.0,161.37994785485597,142.85374536422634,135.92496524473023,131.0726780877793,256.2561280698373,237.04002418136312,233.2340633012819,234.97084220083042,336.262583202765,313.87888031004945,314.92176143170497,323.927846845081,400.58149868240946,376.56228994752666,380.75463767755923,394.7822507779251,320.0,333.2282959166499,383.7106835556056,430.40224886510845,458.7773472576342,455.2681828200228,539.3486819557085,594.2258261284352,640.0,463.24500510644526,519.2989782144431,469.20960372934206,426.61704495665043,461.0269261818778,505.64262309166713,460.526103818605,423.10318315066627,454.92094598148697,489.36223510112836,451.92770917015105,418.42474240928516
320.0,257.7712657259381,161.55017769896804,60.20068643368296,0.0,179.97318999085257,30.808656465870058,15.749575256832543,33.02176413572522,181.89098152359972,24.51105376329116,16.769538910766528,49.65153368681706,175.6553747919788,29.786836645140966,26.480632349622965,65.70143673110465,164.2687195871421,52.03039705147904,34.083120309190974,48.91444985246375,320.0,121.24739392858206,30.99279873933341,0.0,25.069092855231474,277.36339904260694,306.216204323135,206.64314215205303,164.67369547765588,443.56702048583236,462.8014628489876,341.6187672821336,280.4190646091636,555.3071804477745,575.6628073618173,448.5065501144709,380.88344185769927,620.9265423839681,611.0798323075551,511.82265037314545,451.54394790830435,320.0,270.120037049757,182.54207124793157,96.07942801835836,45.244830205959204,217.21381664533183,94.02878641231385,36.16505874884217,0.0,211.71030420348225,75.19751891514983,45.231841976542114,43.280277248743346,200.78020960171511,66.72503044116269,62.11687325028362,88.03521808361171,188.66851915451622,84.63746396494844,70.09147959661559,85.03243935183741,320.0,118.3055106633193,24.942110705437756,0.0,23.154392748043733,106.37414017893269,66.76002148517452,31.075323519877315,9.517837663889509,280.8174777635542,241.89012746765985,187.76263141331276,160.87947243011993,435.8079301116614,411.0501943840404,341.57414396486655,310.429537855789,565.7449652995501,531.0839838435273,460.61601875930216,424.9983318229035,320.0,254.2343777681694,164.54369417976702,66.31153156657791,0.0,203.6156582219045,48.53260849365745,15.996689656539502,19.299698823167944,205.41077620864084,40.1415816057891,18.45288521458383,42.35673658610921,195.42840576980973,42.69173541534775,30.707499191617103,62.497302293081816,178.96271775233626,61.61183497343177,36.1541044170537,45.29877955862912,320.0,112.07943058795382,29.91375082241757,4.024355523655686,25.778766672647862,320.09148872540226,397.8178599198517,278.7259525091214,205.53918296548835,476.73741252467255,515.7935283210718,366.9742927208565,297.13202942759733,580.0366050601112,604.970919313356,459.4406842514504,386.6003469107004,640.0,629.3601291943298,510.1552963694001,440.44127041090974,320.0,183.9579865134866,69.8200522902032,11.366198059072076,0.0,161.37994785485597,142.85374536422634,135.92496524473023,131.0726780877793,256.2561280698373,237.04002418136312,233.2340633012819,234.97084220083042,336.262583202765,313.87888031004945,314.92176143170497,323.927846845081,400.58149868240946,376.56228994752666,380.75463767755923,394.7822507779251,320.0,333.2282959166499,383.7106835556056,430.40224886510845,458.7773472576342,455.2681828200228,539.3486819557085,594.2258261284352,640.0,463.24500510644526,519.2989782144431,469.20960372934206,426.61704495665043,461.0269261818778,505.64262309166713,460.526103818605,423.10318315066627,454.92094598148697,489.36223510112836,451.92770917015105,418.42474240928516,320.0,216.18861981925028,118.7718289179384,47.22008939760667,0.0,190.54459713596896,175.8138957375064,167.13831986844298,160.27227858287614,263.0413176530295,252.72625003644075,255.40574775382967,259.186058975138,325.3253295113494,309.2441657693231,313.9999614965802,321.7015900628908,376.17010884183367,359.4311864132066,363.32674093670755,369.98939029101433,320.0,331.0072761761024,374.8319769469854,409.6230647593131,428.53263937860146,460.1989907181563,541.3230338790855,595.3901080937501,640.0,470.86742062590497,508.13641101230223,457.40849474687104,415.04368389959916,469.1336257467549,495.7757763002062,449.4132979859917,410.76271571271036,461.41251817208916,479.41319075798185,441.6201101598683,410.43612078422103
320.0,270.120037049757,182.54207124793157,96.07942801835836,45.244830205959204,217.21381664533183,94.02878641231385,36.16505874884217,0.0,211.71030420348225,75.19751891514983,45.231841976542114,43.280277248743346,200.78020960171511,66.72503044116269,62.11687325028362,88.03521808361171,188.66851915451622,84.63746396494844,70.09147959661559,85.03243935183741,320.0,118.3055106633193,24.942110705437756,0.0,23.154392748043733,106.37414017893269,66.76002148517452,31.075323519877315,9.517837663889509,280.8174777635542,241.89012746765985,187.76263141331276,160.87947243011993,435.8079301116614,411.0501943840404,341.57414396486655,310.429537855789,565.7449652995501,531.0839838435273,460.61601875930216,424.9983318229035,320.0,254.2343777681694,164.54369417976702,66.31153156657791,0.0,203.6156582219045,48.53260849365745,15.996689656539502,19.299698823167944,205.41077620864084,40.1415816057891,18.45288521458383,42.35673658610921,195.42840576980973,42.69173541534775,30.707499191617103,62.497302293081816,178.96271775233626,61.61183497343177,36.1541044170537,45.29877955862912,320.0,112.07943058795382,29.91375082241757,4.024355523655686,25.778766672647862,320.09148872540226,397.8178599198517,278.7259525091214,205.53918296548835,476.73741252467255,515.7935283210718,366.9742927208565,297.13202942759733,580.0366050601112,604.970919313356,459.4406842514504,386.6003469107004,640.0,629.3601291943298,510.1552963694001,440.44127041090974,320.0,183.9579865134866,69.8200522902032,11.366198059072076,0.0,161.37994785485597,142.85374536422634,135.92496524473023,131.0726780877793,256.2561280698373,237.04002418136312,233.2340633012819,234.97084220083042,336.262583202765,313.87888031004945,314.92176143170497,323.927846845081,400.58149868240946,376.56228994752666,380.75463767755923,394.7822507779251,320.0,333.2282959166499,383.7106835556056,430.40224886510845,458.7773472576342,455.2681828200228,539.3486819557085,594.2258261284352,640.0,463.24500510644526,519.2989782144431,469.20960372934206,426.61704495665043,461.0269261818778,505.64262309166713,460.526103818605,423.10318315066627,454.92094598148697,489.36223510112836,451.92770917015105,418.42474240928516,320.0,216.18861981925028,118.7718289179384,47.22008939760667,0.0,190.54459713596896,175.8138957375064,167.13831986844298,160.27227858287614,263.0413176530295,252.72625003644075,255.40574775382967,259.186058975138,325.3253295113494,309.2441657693231,313.9999614965802,321.7015900628908,376.17010884183367,359.4311864132066,363.32674093670755,369.98939029101433,320.0,331.0072761761024,374.8319769469854,409.6230647593131,428.53263937860146,460.1989907181563,541.3230338790855,595.3901080937501,640.0,470.86742062590497,508.13641101230223,457.40849474687104,415.04368389959916,469.1336257467549,495.7757763002062,449.4132979859917,410.76271571271036,461.41251817208916,479.41319075798185,441.6201101598683,410.43612078422103,320.0,237.87204714476152,147.91975295988874,70.24994061089109,0.0,183.55772903015713,163.21183269128449,153.60486693965237,145.46352045398072,242.39579991395476,259.2698394319411,274.92175532081995,279.0514535858218,302.0408681848638,324.78065515986106,330.67097702008766,327.0364738843834,355.63314480763245,374.97103536106806,379.3381437301796,376.55754768360407,320.0,321.08161304725627,355.9985425118587,384.22678219541365,387.96486491785356,469.22249518270576,545.1884698631034,595.6227798737905,640.0,488.0085081795048,492.0110399177888,429.6202488753481,389.2421276219527,486.66216201719317,473.22270677743086,413.6817622733264,376.53361230297554,475.03601734336905,471.03225450850283,424.45347856919057,394.72898303949904
320.0,254.2343777681694,164.54369417976702,66.31153156657791,0.0,203.6156582219045,48.53260849365745,15.996689656539502,19.299698823167944,205.41077620864084,40.1415816057891,18.45288521458383,42.35673658610921,195.42840576980973,42.69173541534775,30.707499191617103,62.497302293081816,178.96271775233626,61.61183497343177,36.1541044170537,45.29877955862912,320.0,112.07943058795382,29.91375082241757,4.024355523655686,25.778766672647862,320.09148872540226,397.8178599198517,278.7259525091214,205.53918296548835,476.73741252467255,515.7935283210718,366.9742927208565,297.13202942759733,580.0366050601112,604.970919313356,459.4406842514504,386.6003469107004,640.0,629.3601291943298,510.1552963694001,440.44127041090974,320.0,183.9579865134866,69.8200522902032,11.366198059072076,0.0,161.37994785485597,142.85374536422634,135.92496524473023,131.0726780877793,256.2561280698373,237.04002418136312,233.2340633012819,234.97084220083042,336.262583202765,313.87888031004945,314.92176143170497,323.927846845081,400.58149868240946,376.56228994752666,380.75463767755923,394.7822507779251,320.0,333.2282959166499,383.7106835556056,430.40224886510845,458.7773472576342,455.2681828200228,539.3486819557085,594.2258261284352,640.0,463.24500510644526,519.2989782144431,469.20960372934206,426.61704495665043,461.0269261818778,505.64262309166713,460.526103818605,423.10318315066627,454.92094598148697,489.36223510112836,451.92770917015105,418.42474240928516,320.0,216.18861981925028,118.7718289179384,47.22008939760667,0.0,190.54459713596896,175.8138957375064,167.13831986844298,160.27227858287614,263.0413176530295,252.72625003644075,255.40574775382967,259.186058975138,325.3253295113494,309.2441657693231,313.9999614965802,321.7015900628908,376.17010884183367,359.4311864132066,363.32674093670755,369.98939029101433,320.0,331.0072761761024,374.8319769469854,409.6230647593131,428.53263937860146,460.1989907181563,541.3230338790855,595.3901080937501,640.0,470.86742062590497,508.13641101230223,457.40849474687104,415.04368389959916,469.1336257467549,495.7757763002062,449.4132979859917,410.76271571271036,461.41251817208916,479.41319075798185,441.6201101598683,410.43612078422103,320.0,237.87204714476152,147.91975295988874,70.24994061089109,0.0,183.55772903015713,163.21183269128449,153.60486693965237,145.46352045398072,242.39579991395476,259.2698394319411,274.92175532081995,279.0514535858218,302.0408681848638,324.78065515986106,330.67097702008766,327.0364738843834,355.63314480763245,374.97103536106806,379.3381437301796,376.55754768360407,320.0,321.08161304725627,355.9985425118587,384.22678219541365,387.96486491785356,469.22249518270576,545.1884698631034,595.6227798737905,640.0,488.0085081795048,492.0110399177888,429.6202488753481,389.2421276219527,486.66216201719317,473.22270677743086,413.6817622733264,376.53361230297554,475.03601734336905,471.03225450850283,424.45347856919057,394.72898303949904,320.0,245.0458975081805,155.294425987583,75.61874823298584,0.0,189.1114928150727,163.26701390985374,153.06580999345186,146.32519677312015,249.55020740077703,280.07415892171116,286.7899426156211,277.8479931482665,309.8666073438936,340.55722998343003,332.7550820306648,314.36360398238014,362.9325517721636,387.19943457884466,377.64937213387157,358.3010548515685,320.0,323.63204932769145,362.4150772112355,387.38989520599915,388.8024827906786,468.48755118363215,547.7515295275725,596.4032237997908,640.0,478.8936597236938,491.6034042669547,422.82244628709316,384.5024643338096,474.29054393076626,469.04951499449714,405.13937670469693,372.81856077436817,464.30631293279646,470.23346708866814,426.10646742362616,402.1110720706556
320.0,183.9579865134866,69.8200522902032,11.366198059072076,0.0,161.37994785485597,142.85374536422634,135.92496524473023,131.0726780877793,256.2561280698373,237.04002418136312,233.2340633012819,234.97084220083042,336.262583202765,313.87888031004945,314.92176143170497,323.927846845081,400.58149868240946,376.56228994752666,380.75463767755923,394.7822507779251,320.0,333.2282959166499,383.7106835556056,430.40224886510845,458.7773472576342,455.2681828200228,539.3486819557085,594.2258261284352,640.0,463.24500510644526,519.2989782144431,469.20960372934206,426.61704495665043,461.0269261818778,505.64262309166713,460.526103818605,423.10318315066627,454.92094598148697,489.36223510112836,451.92770917015105,418.42474240928516,320.0,216.18861981925028,118.7718289179384,47.22008939760667,0.0,190.54459713596896,175.8138957375064,167.13831986844298,160.27227858287614,263.0413176530295,252.72625003644075,255.40574775382967,259.186058975138,325.3253295113494,309.2441657693231,313.9999614965802,321.7015900628908,376.17010884183367,359.4311864132066,363.32674093670755,369.98939029101433,320.0,331.0072761761024,374.8319769469854,409.6230647593131,428.53263937860146,460.1989907181563,541.3230338790855,595.3901080937501,640.0,470.86742062590497,508.13641101230223,457.40849474687104,415.04368389959916,469.1336257467549,495.7757763002062,449.4132979859917,410.76271571271036,461.41251817208916,479.41319075798185,441.6201101598683,410.43612078422103,320.0,237.87204714476152,147.91975295988874,70.24994061089109,0.0,183.55772903015713,163.21183269128449,153.60486693965237,145.46352045398072,242.39579991395476,259.2698394319411,274.92175532081995,279.0514535858218,302.0408681848638,324.78065515986106,330.67097702008766,327.0364738843834,355.63314480763245,374.97103536106806,379.3381437301796,376.55754768360407,320.0,321.08161304725627,355.9985425118587,384.22678219541365,387.96486491785356,469.22249518270576,545.1884698631034,595.6227798737905,640.0,488.0085081795048,492.0110399177888,429.6202488753481,389.2421276219527,486.66216201719317,473.22270677743086,413.6817622733264,376.53361230297554,475.03601734336905,471.03225450850283,424.45347856919057,394.72898303949904,320.0,245.0458975081805,155.294425987583,75.61874823298584,0.0,189.1114928150727,163.26701390985374,153.06580999345186,146.32519677312015,249.55020740077703,280.07415892171116,286.7899426156211,277.8479931482665,309.8666073438936,340.55722998343003,332.7550820306648,314.36360398238014,362.9325517721636,387.19943457884466,377.64937213387157,358.3010548515685,320.0,323.63204932769145,362.4150772112355,387.38989520599915,388.8024827906786,468.48755118363215,547.7515295275725,596.4032237997908,640.0,478.8936597236938,491.6034042669547,422.82244628709316,384.5024643338096,474.29054393076626,469.04951499449714,405.13937670469693,372.81856077436817,464.30631293279646,470.23346708866814,426.10646742362616,402.1110720706556,320.0,245.5940894952741,154.49650865422785,75.44595287083507,0.0,188.1651576330164,159.83564993696547,145.98441380481444,134.316570859805,249.92130328607362,277.2573368305974,282.87000728928217,272.96685955661997,311.648038927851,343.3560110344264,332.9625735508778,309.72369206957177,368.23118008320193,390.1552799673427,381.5415310352252,360.5530968104944,320.0,321.70501412301394,358.3888059120848,383.3097793065313,387.97683141676674,463.248308188432,547.2336184552888,596.2523820535185,640.0,475.2163718768272,480.4869506730796,408.5594852843087,366.30498651606115,470.7544342475559,457.3489994387313,390.43188256934343,355.0543438640822,459.5081956267371,463.5421573566329,422.3368645069563,398.684077669559
320.0,216.18861981925028,118.7718289179384,47.22008939760667,0.0,190.54459713596896,175.8138957375064,167.13831986844298,160.27227858287614,263.0413176530295,252.72625003644075,255.40574775382967,259.186058975138,325.3253295113494,309.2441657693231,313.9999614965802,321.7015900628908,376.17010884183367,359.4311864132066,363.32674093670755,369.98939029101433,320.0,331.0072761761024,374.8319769469854,409.6230647593131,428.53263937860146,460.1989907181563,541.3230338790855,595.3901080937501,640.0,470.86742062590497,508.13641101230223,457.40849474687104,415.04368389959916,469.1336257467549,495.7757763002062,449.4132979859917,410.76271571271036,461.41251817208916,479.41319075798185,441.6201101598683,410.43612078422103,320.0,237.87204714476152,147.91975295988874,70.24994061089109,0.0,183.55772903015713,163.21183269128449,153.60486693965237,145.46352045398072,242.39579991395476,259.2698394319411,274.92175532081995,279.0514535858218,302.0408681848638,324.78065515986106,330.67097702008766,327.0364738843834,355.63314480763245,374.97103536106806,379.3381437301796,376.55754768360407,320.0,321.08161304725627,355.9985425118587,384.22678219541365,387.96486491785356,469.22249518270576,545.1884698631034,595.6227798737905,640.0,488.0085081795048,492.0110399177888,429.6202488753481,389.2421276219527,486.66216201719317,473.22270677743086,413.6817622733264,376.53361230297554,475.03601734336905,471.03225450850283,424.45347856919057,394.72898303949904,320.0,245.0458975081805,155.294425987583,75.61874823298584,0.0,189.1114928150727,163.26701390985374,153.06580999345186,146.32519677312015,249.55020740077703,280.07415892171116,286.7899426156211,277.8479931482665,309.8666073438936,340.55722998343003,332.7550820306648,314.36360398238014,362.9325517721636,387.19943457884466,377.64937213387157,358.3010548515685,320.0,323.63204932769145,362.4150772112355,387.38989520599915,388.8024827906786,468.48755118363215,547.7515295275725,596.4032237997908,640.0,478.8936597236938,491.6034042669547,422.82244628709316,384.5024643338096,474.29054393076626,469.04951499449714,405.13937670469693,372.81856077436817,464.30631293279646,470.23346708866814,426.10646742362616,402.1110720706556,320.0,245.5940894952741,154.49650865422785,75.44595287083507,0.0,188.1651576330164,159.83564993696547,145.98441380481444,134.316570859805,249.92130328607362,277.2573368305974,282.87000728928217,272.96685955661997,311.648038927851,343.3560110344264,332.9625735508778,309.72369206957177,368.23118008320193,390.1552799673427,381.5415310352252,360.5530968104944,320.0,321.70501412301394,358.3888059120848,383.3097793065313,387.97683141676674,463.248308188432,547.2336184552888,596.2523820535185,640.0,475.2163718768272,480.4869506730796,408.5594852843087,366.30498651606115,470.7544342475559,457.3489994387313,390.43188256934343,355.0543438640822,459.5081956267371,463.5421573566329,422.3368645069563,398.684077669559,320.0,249.3404631722343,159.73320886854097,77.65953989378826,0.0,192.1751425287752,163.90979195621907,148.94496041411116,138.26595670162956,253.0348222331918,283.0365038286367,289.80107409845374,280.80751486844053,312.4056130854069,345.25397869491684,336.1904952829243,314.0367748178606,363.8141980900566,386.5283686094951,377.14213207906283,355.5585408657174,320.0,322.7815617507144,359.2935229147367,384.01082658040656,388.54799858098477,463.86695698490223,548.5350330696909,596.9119185313882,640.0,474.8483882018984,484.01261488018156,411.863729394424,372.3762104224625,469.6825997688457,457.04387559029607,389.6277153213293,357.6024482540321,458.3694504330409,455.4373200590936,409.7569365384045,386.6901781453412
320.0,237.87204714476152,147.91975295988874,70.24994061089109,0.0,183.55772903015713,163.21183269128449,153.60486693965237,145.46352045398072,242.39579991395476,259.2698394319411,274.92175532081995,279.0514535858218,302.0408681848638,324.78065515986106,330.67097702008766,327.0364738843834,355.63314480763245,374.97103536106806,379.3381437301796,376.55754768360407,320.0,321.08161304725627,355.9985425118587,384.22678219541365,387.96486491785356,469.22249518270576,545.1884698631034,595.6227798737905,640.0,488.0085081795048,492.0110399177888,429.6202488753481,389.2421276219527,486.66216201719317,473.22270677743086,413.6817622733264,376.53361230297554,475.03601734336905,471.03225450850283,424.45347856919057,394.72898303949904,320.0,245.0458975081805,155.294425987583,75.61874823298584,0.0,189.1114928150727,163.26701390985374,153.06580999345186,146.32519677312015,249.55020740077703,280.07415892171116,286.7899426156211,277.8479931482665,309.8666073438936,340.55722998343003,332.7550820306648,314.36360398238014,362.9325517721636,387.19943457884466,377.64937213387157,358.3010548515685,320.0,323.63204932769145,362.4150772112355,387.38989520599915,388.8024827906786,468.48755118363215,547.7515295275725,596.4032237997908,640.0,478.8936597236938,491.6034042669547,422.82244628709316,384.5024643338096,474.29054393076626,469.04951499449714,405.13937670469693,372.81856077436817,464.30631293279646,470.23346708866814,426.10646742362616,402.1110720706556,320.0,245.5940894952741,154.49650865422785,75.44595287083507,0.0,188.1651576330164,159.83564993696547,145.98441380481444,134.316570859805,249.92130328607362,277.2573368305974,282.87000728928217,272.96685955661997,311.648038927851,343.3560110344264,332.9625735508778,309.72369206957177,368.23118008320193,390.1552799673427,381.5415310352252,360.5530968104944,320.0,321.70501412301394,358.3888059120848,383.3097793065313,387.97683141676674,463.248308188432,547.2336184552888,596.2523820535185,640.0,475.2163718768272,480.4869506730796,408.5594852843087,366.30498651606115,470.7544342475559,457.3489994387313,390.43188256934343,355.0543438640822,459.5081956267371,463.5421573566329,422.3368645069563,398.684077669559,320.0,249.3404631722343,159.73320886854097,77.65953989378826,0.0,192.1751425287752,163.90979195621907,148.94496041411116,138.26595670162956,253.0348222331918,283.0365038286367,289.80107409845374,280.80751486844053,312.4056130854069,345.25397869491684,336.1904952829243,314.0367748178606,363.8141980900566,386.5283686094951,377.14213207906283,355.5585408657174,320.0,322.7815617507144,359.2935229147367,384.01082658040656,388.54799858098477,463.86695698490223,548.5350330696909,596.9119185313882,640.0,474.8483882018984,484.01261488018156,411.863729394424,372.3762104224625,469.6825997688457,457.04387559029607,389.6277153213293,357.6024482540321,458.3694504330409,455.4373200590936,409.7569365384045,386.6901781453412,320.0,240.66211681571667,150.78568124352807,71.9723634098861,0.0,193.50691346837942,164.38967186541885,147.19446598847526,131.7904607764603,257.3339396978379,271.0774483063623,275.07663494816,268.90300801152944,320.7441513007487,337.4674994905824,325.5604044426409,307.3485875352031,377.1035354362757,392.1666117679398,379.0950330398524,360.2262757877316,320.0,329.8150083192965,367.6234845771724,391.01605632789165,394.51519046990745,470.5569065582788,550.142457199747,596.8797418704794,640.0,476.88673042223644,490.0748870340637,423.21035396850147,388.1248740967437,469.2943283131962,466.80145789030865,407.3626325646909,378.8686867163711,454.4459835190538,464.1246533912057,425.1855945084076,405.97441940563726
320.0,245.0458975081805,155.294425987583,75.61874823298584,0.0,189.1114928150727,163.26701390985374,153.06580999345186,146.32519677312015,249.55020740077703,280.07415892171116,286.7899426156211,277.8479931482665,309.8666073438936,340.55722998343003,332.7550820306648,314.36360398238014,362.9325517721636,387.19943457884466,377.64937213387157,358.3010548515685,320.0,323.63204932769145,362.4150772112355,387.38989520599915,388.8024827906786,468.48755118363215,547.7515295275725,596.4032237997908,640.0,478.8936597236938,491.6034042669547,422.82244628709316,384.5024643338096,474.29054393076626,469.04951499449714,405.13937670469693,372.81856077436817,464.30631293279646,470.23346708866814,426.10646742362616,402.1110720706556,320.0,245.5940894952741,154.49650865422785,75.44595287083507,0.0,188.1651576330164,159.83564993696547,145.98441380481444,134.316570859805,249.92130328607362,277.2573368305974,282.87000728928217,272.96685955661997,311.648038927851,343.3560110344264,332.9625735508778,309.72369206957177,368.23118008320193,390.1552799673427,381.5415310352252,360.5530968104944,320.0,321.70501412301394,358.3888059120848,383.3097793065313,387.97683141676674,463.248308188432,547.2336184552888,596.2523820535185,640.0,475.2163718768272,480.4869506730796,408.5594852843087,366.30498651606115,470.7544342475559,457.3489994387313,390.43188256934343,355.0543438640822,459.5081956267371,463.5421573566329,422.3368645069563,398.684077669559,320.0,249.3404631722343,159.73320886854097,77.65953989378826,0.0,192.1751425287752,163.90979195621907,148.94496041411116,138.26595670162956,253.0348222331918,283.0365038286367,289.80107409845374,280.80751486844053,312.4056130854069,345.25397869491684,336.1904952829243,314.0367748178606,363.8141980900566,386.5283686094951,377.14213207906283,355.5585408657174,320.0,322.7815617507144,359.2935229147367,384.01082658040656,388.54799858098477,463.86695698490223,548.5350330696909,596.9119185313882,640.0,474.8483882018984,484.01261488018156,411.863729394424,372.3762104224625,469.6825997688457,457.04387559029607,389.6277153213293,357.6024482540321,458.3694504330409,455.4373200590936,409.7569365384045,386.6901781453412,320.0,240.66211681571667,150.78568124352807,71.9723634098861,0.0,193.50691346837942,164.38967186541885,147.19446598847526,131.7904607764603,257.3339396978379,271.0774483063623,275.07663494816,268.90300801152944,320.7441513007487,337.4674994905824,325.5604044426409,307.3485875352031,377.1035354362757,392.1666117679398,379.0950330398524,360.2262757877316,320.0,329.8150083192965,367.6234845771724,391.01605632789165,394.51519046990745,470.5569065582788,550.142457199747,596.8797418704794,640.0,476.88673042223644,490.0748870340637,423.21035396850147,388.1248740967437,469.2943283131962,466.80145789030865,407.3626325646909,378.8686867163711,454.4459835190538,464.1246533912057,425.1855945084076,405.97441940563726,320.0,234.90776084620023,142.99314111826686,65.27587359097524,0.0,183.02720436111744,149.41032626451312,132.69263078094633,120.69717889539973,249.2655436585288,250.78148514497752,259.0193906186492,262.459024899277,312.69435169908104,312.37844495048,313.9303162093377,312.23386079382004,366.7029140808735,361.02956861141166,358.1097511393249,353.94565271718443,320.0,329.5661082062857,368.0333426313497,390.4981446732713,386.99935355334594,455.63502554471336,542.2876375837408,595.1499891431174,640.0,471.4157181724349,486.30572153572325,428.6364555630694,390.8119706579988,470.05172952760284,465.5637398332261,414.00189657460527,382.5867191770069,461.27802200015503,457.0227199925837,414.2804066516409,387.818682611799
320.0,245.5940894952741,154.49650865422785,75.44595287083507,0.0,188.1651576330164,159.83564993696547,145.98441380481444,134.316570859805,249.92130328607362,277.2573368305974,282.87000728928217,272.96685955661997,311.648038927851,343.3560110344264,332.9625735508778,309.72369206957177,368.23118008320193,390.1552799673427,381.5415310352252,360.5530968104944,320.0,321.70501412301394,358.3888059120848,383.3097793065313,387.97683141676674,463.248308188432,547.2336184552888,596.2523820535185,640.0,475.2163718768272,480.4869506730796,408.5594852843087,366.30498651606115,470.7544342475559,457.3489994387313,390.43188256934343,355.0543438640822,459.5081956267371,463.5421573566329,422.3368645069563,398.684077669559,320.0,249.3404631722343,159.73320886854097,77.65953989378826,0.0,192.1751425287752,163.90979195621907,148.94496041411116,138.26595670162956,253.0348222331918,283.0365038286367,289.80107409845374,280.80751486844053,312.4056130854069,345.25397869491684,336.1904952829243,314.0367748178606,363.8141980900566,386.5283686094951,377.14213207906283,355.5585408657174,320.0,322.7815617507144,359.2935229147367,384.01082658040656,388.54799858098477,463.86695698490223,548.5350330696909,596.9119185313882,640.0,474.8483882018984,484.01261488018156,411.863729394424,372.3762104224625,469.6825997688457,457.04387559029607,389.6277153213293,357.6024482540321,458.3694504330409,455.4373200590936,409.7569365384045,386.6901781453412,320.0,240.66211681571667,150.78568124352807,71.9723634098861,0.0,193.50691346837942,164.38967186541885,147.19446598847526,131.7904607764603,257.3339396978379,271.0774483063623,275.07663494816,268.90300801152944,320.7441513007487,337.4674994905824,325.5604044426409,307.3485875352031,377.1035354362757,392.1666117679398,379.0950330398524,360.2262757877316,320.0,329.8150083192965,367.6234845771724,391.01605632789165,394.51519046990745,470.5569065582788,550.142457199747,596.8797418704794,640.0,476.88673042223644,490.0748870340637,423.21035396850147,388.1248740967437,469.2943283131962,466.80145789030865,407.3626325646909,378.8686867163711,454.4459835190538,464.1246533912057,425.1855945084076,405.97441940563726,320.0,234.90776084620023,142.99314111826686,65.27587359097524,0.0,183.02720436111744,149.41032626451312,132.69263078094633,120.69717889539973,249.2655436585288,250.78148514497752,259.0193906186492,262.459024899277,312.69435169908104,312.37844495048,313.9303162093377,312.23386079382004,366.7029140808735,361.02956861141166,358.1097511393249,353.94565271718443,320.0,329.5661082062857,368.0333426313497,390.4981446732713,386.99935355334594,455.63502554471336,542.2876375837408,595.1499891431174,640.0,471.4157181724349,486.30572153572325,428.6364555630694,390.8119706579988,470.05172952760284,465.5637398332261,414.00189657460527,382.5867191770069,461.27802200015503,457.0227199925837,414.2804066516409,387.818682611799,320.0,241.10363906212933,149.1800983827044,69.20472346774523,0.0,184.58908849934028,149.89965669965042,133.60283031630297,121.41327597936669,248.45501118519985,259.64725938096143,270.3800321145616,271.5385874690471,311.342076937706,318.9077225913589,321.87094769326086,318.65215891022234,366.34828222386477,365.2863156284984,363.6499924517056,357.81103384184655,320.0,328.58689105527316,367.3767694179602,390.5583872233334,388.2211321982222,455.8912548790717,542.4619777879568,595.3937964324252,640.0,471.47883924000246,485.9233856604603,429.99318505341665,392.25943790898623,469.8042007277938,467.1573808011373,415.81745141840725,382.40863097804174,461.6374588760111,457.7109824854692,415.43469722815996,387.8750171172644
320.0,249.3404631722343,159.73320886854097,77.65953989378826,0.0,192.1751425287752,163.90979195621907,148.94496041411116,138.26595670162956,253.0348222331918,283.0365038286367,289.80107409845374,280.80751486844053,312.4056130854069,345.25397869491684,336.1904952829243,314.0367748178606,363.8141980900566,386.5283686094951,377.14213207906283,355.5585408657174,320.0,322.7815617507144,359.2935229147367,384.01082658040656,388.54799858098477,463.86695698490223,548.5350330696909,596.9119185313882,640.0,474.8483882018984,484.01261488018156,411.863729394424,372.3762104224625,469.6825997688457,457.04387559029607,389.6277153213293,357.6024482540321,458.3694504330409,455.4373200590936,409.7569365384045,386.6901781453412,320.0,240.66211681571667,150.78568124352807,71.9723634098861,0.0,193.50691346837942,164.38967186541885,147.19446598847526,131.7904607764603,257.3339396978379,271.0774483063623,275.07663494816,268.90300801152944,320.7441513007487,337.4674994905824,325.5604044426409,307.3485875352031,377.1035354362757,392.1666117679398,379.0950330398524,360.2262757877316,320.0,329.8150083192965,367.6234845771724,391.01605632789165,394.51519046990745,470.5569065582788,550.142457199747,596.8797418704794,640.0,476.88673042223644,490.0748870340637,423.21035396850147,388.1248740967437,469.2943283131962,466.80145789030865,407.3626325646909,378.8686867163711,454.4459835190538,464.1246533912057,425.1855945084076,405.97441940563726,320.0,234.90776084620023,142.99314111826686,65.27587359097524,0.0,183.02720436111744,149.41032626451312,132.69263078094633,120.69717889539973,249.2655436585288,250.78148514497752,259.0193906186492,262.459024899277,312.69435169908104,312.37844495048,313.9303162093377,312.23386079382004,366.7029140808735,361.02956861141166,358.1097511393249,353.94565271718443,320.0,329.5661082062857,368.0333426313497,390.4981446732713,386.99935355334594,455.63502554471336,542.2876375837408,595.1499891431174,640.0,471.4157181724349,486.30572153572325,428.6364555630694,390.8119706579988,470.05172952760284,465.5637398332261,414.00189657460527,382.5867191770069,461.27802200015503,457.0227199925837,414.2804066516409,387.818682611799,320.0,241.10363906212933,149.1800983827044,69.20472346774523,0.0,184.58908849934028,149.89965669965042,133.60283031630297,121.41327597936669,248.45501118519985,259.64725938096143,270.3800321145616,271.5385874690471,311.342076937706,318.9077225913589,321.87094769326086,318.65215891022234,366.34828222386477,365.2863156284984,363.6499924517056,357.81103384184655,320.0,328.58689105527316,367.3767694179602,390.5583872233334,388.2211321982222,455.8912548790717,542.4619777879568,595.3937964324252,640.0,471.47883924000246,485.9233856604603,429.99318505341665,392.25943790898623,469.8042007277938,467.1573808011373,415.81745141840725,382.40863097804174,461.6374588760111,457.7109824854692,415.43469722815996,387.8750171172644,320.0,242.42558136190803,154.7847305579883,72.39783430235545,0.0,199.0247595362115,175.06797488645287,163.15872493078984,153.80034743739245,265.10891278937993,268.61303184660164,275.1987028273625,278.08987494581993,326.012778629519,326.50623011256454,326.71475280521116,321.56026641888184,379.2381055418113,377.49073511699135,370.1108307478669,357.8022838838762,320.0,328.3971158492867,366.27302917628197,389.38640236638395,393.2447685413371,466.2994784523915,544.6975415701697,596.6687000630366,640.0,477.61843777690245,500.3887595388494,472.6855804150521,452.55762355220185,475.80126609514343,482.6618327101846,451.3273018864941,428.78947198374385,468.41247287258136,478.94981608005446,456.86038376060094,437.5098634847244
320.0,240.66211681571667,150.78568124352807,71.9723634098861,0.0,193.50691346837942,164.38967186541885,147.19446598847526,131.7904607764603,257.3339396978379,271.0774483063623,275.07663494816,268.90300801152944,320.7441513007487,337.4674994905824,325.5604044426409,307.3485875352031,377.1035354362757,392.1666117679398,379.0950330398524,360.2262757877316,320.0,329.8150083192965,367.6234845771724,391.01605632789165,394.51519046990745,470.5569065582788,550.142457199747,596.8797418704794,640.0,476.88673042223644,490.0748870340637,423.21035396850147,388.1248740967437,469.2943283131962,466.80145789030865,407.3626325646909,378.8686867163711,454.4459835190538,464.1246533912057,425.1855945084076,405.97441940563726,320.0,234.90776084620023,142.99314111826686,65.27587359097524,0.0,183.02720436111744,149.41032626451312,132.69263078094633,120.69717889539973,249.2655436585288,250.78148514497752,259.0193906186492,262.459024899277,312.69435169908104,312.37844495048,313.9303162093377,312.23386079382004,366.7029140808735,361.02956861141166,358.1097511393249,353.94565271718443,320.0,329.5661082062857,368.0333426313497,390.4981446732713,386.99935355334594,455.63502554471336,542.2876375837408,595.1499891431174,640.0,471.4157181724349,486.30572153572325,428.6364555630694,390.8119706579988,470.05172952760284,465.5637398332261,414.00189657460527,382.5867191770069,461.27802200015503,457.0227199925837,414.2804066516409,387.818682611799,320.0,241.10363906212933,149.1800983827044,69.20472346774523,0.0,184.58908849934028,149.89965669965042,133.60283031630297,121.41327597936669,248.45501118519985,259.64725938096143,270.3800321145616,271.5385874690471,311.342076937706,318.9077225913589,321.87094769326086,318.65215891022234,366.34828222386477,365.2863156284984,363.6499924517056,357.81103384184655,320.0,328.58689105527316,367.3767694179602,390.5583872233334,388.2211321982222,455.8912548790717,542.4619777879568,595.3937964324252,640.0,471.47883924000246,485.9233856604603,429.99318505341665,392.25943790898623,469.8042007277938,467.1573808011373,415.81745141840725,382.40863097804174,461.6374588760111,457.7109824854692,415.43469722815996,387.8750171172644,320.0,242.42558136190803,154.7847305579883,72.39783430235545,0.0,199.0247595362115,175.06797488645287,163.15872493078984,153.80034743739245,265.10891278937993,268.61303184660164,275.1987028273625,278.08987494581993,326.012778629519,326.50623011256454,326.71475280521116,321.56026641888184,379.2381055418113,377.49073511699135,370.1108307478669,357.8022838838762,320.0,328.3971158492867,366.27302917628197,389.38640236638395,393.2447685413371,466.2994784523915,544.6975415701697,596.6687000630366,640.0,477.61843777690245,500.3887595388494,472.6855804150521,452.55762355220185,475.80126609514343,482.6618327101846,451.3273018864941,428.78947198374385,468.41247287258136,478.94981608005446,456.86038376060094,437.5098634847244,320.0,248.00104342227235,161.39299418292083,77.90266015418473,0.0,205.45265503250835,175.26028995686977,159.78642927537504,146.3422437777994,269.43724801193065,276.65352081850114,282.23183443178976,279.504002860504,329.5611887633601,338.41920253271667,341.0063807816887,335.9622332036054,382.53335547424496,390.87737434237357,386.4746616989587,375.24611468355994,320.0,329.40694325774064,369.1063542380738,394.5476286661177,394.4095625747354,467.78847880387264,544.0911589666111,595.7575982082228,640.0,477.1332643020837,492.53175004185925,446.7129033253135,416.18301192762465,471.81187902352076,473.24426622821454,428.8595740313006,397.6457748578167,460.0416046411415,463.8553409617938,429.8468133978098,403.4524820604737
320.0,234.90776084620023,142.99314111826686,65.27587359097524,0.0,183.02720436111744,149.41032626451312,132.69263078094633,120.69717889539973,249.2655436585288,250.78148514497752,259.0193906186492,262.459024899277,312.69435169908104,312.37844495048,313.9303162093377,312.23386079382004,366.7029140808735,361.02956861141166,358.1097511393249,353.94565271718443,320.0,329.5661082062857,368.0333426313497,390.4981446732713,386.99935355334594,455.63502554471336,542.2876375837408,595.1499891431174,640.0,471.4157181724349,486.30572153572325,428.6364555630694,390.8119706579988,470.05172952760284,465.5637398332261,414.00189657460527,382.5867191770069,461.27802200015503,457.0227199925837,414.2804066516409,387.818682611799,320.0,241.10363906212933,149.1800983827044,69.20472346774523,0.0,184.58908849934028,149.89965669965042,133.60283031630297,121.41327597936669,248.45501118519985,259.64725938096143,270.3800321145616,271.5385874690471,311.342076937706,318.9077225913589,321.87094769326086,318.65215891022234,366.34828222386477,365.2863156284984,363.6499924517056,357.81103384184655,320.0,328.58689105527316,367.3767694179602,390.5583872233334,388.2211321982222,455.8912548790717,542.4619777879568,595.3937964324252,640.0,471.47883924000246,485.9233856604603,429.99318505341665,392.25943790898623,469.8042007277938,467.1573808011373,415.81745141840725,382.40863097804174,461.6374588760111,457.7109824854692,415.43469722815996,387.8750171172644,320.0,242.42558136190803,154.7847305579883,72.39783430235545,0.0,199.0247595362115,175.06797488645287,163.15872493078984,153.80034743739245,265.10891278937993,268.61303184660164,275.1987028273625,278.08987494581993,326.012778629519,326.50623011256454,326.71475280521116,321.56026641888184,379.2381055418113,377.49073511699135,370.1108307478669,357.8022838838762,320.0,328.3971158492867,366.27302917628197,389.38640236638395,393.2447685413371,466.2994784523915,544.6975415701697,596.6687000630366,640.0,477.61843777690245,500.3887595388494,472.6855804150521,452.55762355220185,475.80126609514343,482.6618327101846,451.3273018864941,428.78947198374385,468.41247287258136,478.94981608005446,456.86038376060094,437.5098634847244,320.0,248.00104342227235,161.39299418292083,77.90266015418473,0.0,205.45265503250835,175.26028995686977,159.78642927537504,146.3422437777994,269.43724801193065,276.65352081850114,282.23183443178976,279.504002860504,329.5611887633601,338.41920253271667,341.0063807816887,335.9622332036054,382.53335547424496,390.87737434237357,386.4746616989587,375.24611468355994,320.0,329.40694325774064,369.1063542380738,394.5476286661177,394.4095625747354,467.78847880387264,544.0911589666111,595.7575982082228,640.0,477.1332643020837,492.53175004185925,446.7129033253135,416.18301192762465,471.81187902352076,473.24426622821454,428.8595740313006,397.6457748578167,460.0416046411415,463.8553409617938,429.8468133978098,403.4524820604737,320.0,233.02265152927862,144.19354900819113,71.91534263250355,0.0,180.22857831516038,160.33135006023983,154.65036405962582,150.76040950958472,248.64637564478363,245.33349116797515,245.152007952584,245.85368372148412,311.119816103626,307.937630119984,308.6069136564879,310.29668372540624,365.89202327728185,365.5919701150565,358.67446569467626,351.5881885016275,320.0,329.72813747711274,369.85920345508214,396.08224508253966,396.6763816600805,465.4241646839888,545.2940357878492,596.1490769043168,640.0,472.18832568238946,485.0156357175814,434.36046267547675,399.0255470265239,464.74553589634115,465.7736668392437,424.16398718440485,395.23894618874334,451.6389487783997,457.917429074619,427.6227855851986,404.4011823516522
320.0,241.10363906212933,149.1800983827044,69.20472346774523,0.0,184.58908849934028,149.89965669965042,133.60283031630297,121.41327597936669,248.45501118519985,259.64725938096143,270.3800321145616,271.5385874690471,311.342076937706,318.9077225913589,321.87094769326086,318.65215891022234,366.34828222386477,365.2863156284984,363.6499924517056,357.81103384184655,320.0,328.58689105527316,367.3767694179602,390.5583872233334,388.2211321982222,455.8912548790717,542.4619777879568,595.3937964324252,640.0,471.47883924000246,485.9233856604603,429.99318505341665,392.25943790898623,469.8042007277938,467.1573808011373,415.81745141840725,382.40863097804174,461.6374588760111,457.7109824854692,415.43469722815996,387.8750171172644,320.0,242.42558136190803,154.7847305579883,72.39783430235545,0.0,199.0247595362115,175.06797488645287,163.15872493078984,153.80034743739245,265.10891278937993,268.61303184660164,275.1987028273625,278.08987494581993,326.012778629519,326.50623011256454,326.71475280521116,321.56026641888184,379.2381055418113,377.49073511699135,370.1108307478669,357.8022838838762,320.0,328.3971158492867,366.27302917628197,389.38640236638395,393.2447685413371,466.2994784523915,544.6975415701697,596.6687000630366,640.0,477.61843777690245,500.3887595388494,472.6855804150521,452.55762355220185,475.80126609514343,482.6618327101846,451.3273018864941,428.78947198374385,468.41247287258136,478.94981608005446,456.86038376060094,437.5098634847244,320.0,248.00104342227235,161.39299418292083,77.90266015418473,0.0,205.45265503250835,175.26028995686977,159.78642927537504,146.3422437777994,269.43724801193065,276.65352081850114,282.23183443178976,279.504002860504,329.5611887633601,338.41920253271667,341.0063807816887,335.9622332036054,382.53335547424496,390.87737434237357,386.4746616989587,375.24611468355994,320.0,329.40694325774064,369.1063542380738,394.5476286661177,394.4095625747354,467.78847880387264,544.0911589666111,595.7575982082228,640.0,477.1332643020837,492.53175004185925,446.7129033253135,416.18301192762465,471.81187902352076,473.24426622821454,428.8595740313006,397.6457748578167,460.0416046411415,463.8553409617938,429.8468133978098,403.4524820604737,320.0,233.02265152927862,144.19354900819113,71.91534263250355,0.0,180.22857831516038,160.33135006023983,154.65036405962582,150.76040950958472,248.64637564478363,245.33349116797515,245.152007952584,245.85368372148412,311.119816103626,307.937630119984,308.6069136564879,310.29668372540624,365.89202327728185,365.5919701150565,358.67446569467626,351.5881885016275,320.0,329.72813747711274,369.85920345508214,396.08224508253966,396.6763816600805,465.4241646839888,545.2940357878492,596.1490769043168,640.0,472.18832568238946,485.0156357175814,434.36046267547675,399.0255470265239,464.74553589634115,465.7736668392437,424.16398718440485,395.23894618874334,451.6389487783997,457.917429074619,427.6227855851986,404.4011823516522,320.0,216.48327124822316,134.42837833373787,63.910776503287934,0.0,208.85810039026904,191.92480671286762,184.13187860273828,174.93850705650624,262.50483915514974,228.17294542463242,199.22562828469387,171.62283145362812,303.147349400657,268.0883276562467,237.03251879283508,206.36760779760252,330.17768165895524,305.1859933140978,277.9129797917169,252.30300763255394,320.0,331.627464576006,367.9504100438433,392.49211871078273,395.6528465113389,464.3289604577209,545.1401988383799,597.1583389902881,640.0,473.44733611961766,549.547264270233,596.7708837474313,630.1660229746174,472.6438709566544,531.4929879098703,567.4966920860579,592.1563209942316,464.83393406116915,514.3655963730272,536.38011034532,548.8638345097816
320.0,242.42558136190803,154.7847305579883,72.39783430235545,0.0,199.0247595362115,175.06797488645287,163.15872493078984,153.80034743739245,265.10891278937993,268.61303184660164,275.1987028273625,278.08987494581993,326.012778629519,326.50623011256454,326.71475280521116,321.56026641888184,379.2381055418113,377.49073511699135,370.1108307478669,357.8022838838762,320.0,328.3971158492867,366.27302917628197,389.38640236638395,393.2447685413371,466.2994784523915,544.6975415701697,596.6687000630366,640.0,477.61843777690245,500.3887595388494,472.6855804150521,452.55762355220185,475.80126609514343,482.6618327101846,451.3273018864941,428.78947198374385,468.41247287258136,478.94981608005446,456.86038376060094,437.5098634847244,320.0,248.00104342227235,161.39299418292083,77.90266015418473,0.0,205.45265503250835,175.26028995686977,159.78642927537504,146.3422437777994,269.43724801193065,276.65352081850114,282.23183443178976,279.504002860504,329.5611887633601,338.41920253271667,341.0063807816887,335.9622332036054,382.53335547424496,390.87737434237357,386.4746616989587,375.24611468355994,320.0,329.40694325774064,369.1063542380738,394.5476286661177,394.4095625747354,467.78847880387264,544.0911589666111,595.7575982082228,640.0,477.1332643020837,492.53175004185925,446.7129033253135,416.18301192762465,471.81187902352076,473.24426622821454,428.8595740313006,397.6457748578167,460.0416046411415,463.8553409617938,429.8468133978098,403.4524820604737,320.0,233.02265152927862,144.19354900819113,71.91534263250355,0.0,180.22857831516038,160.33135006023983,154.65036405962582,150.76040950958472,248.64637564478363,245.33349116797515,245.152007952584,245.85368372148412,311.119816103626,307.937630119984,308.6069136564879,310.29668372540624,365.89202327728185,365.5919701150565,358.67446569467626,351.5881885016275,320.0,329.72813747711274,369.85920345508214,396.08224508253966,396.6763816600805,465.4241646839888,545.2940357878492,596.1490769043168,640.0,472.18832568238946,485.0156357175814,434.36046267547675,399.0255470265239,464.74553589634115,465.7736668392437,424.16398718440485,395.23894618874334,451.6389487783997,457.917429074619,427.6227855851986,404.4011823516522,320.0,216.48327124822316,134.42837833373787,63.910776503287934,0.0,208.85810039026904,191.92480671286762,184.13187860273828,174.93850705650624,262.50483915514974,228.17294542463242,199.22562828469387,171.62283145362812,303.147349400657,268.0883276562467,237.03251879283508,206.36760779760252,330.17768165895524,305.1859933140978,277.9129797917169,252.30300763255394,320.0,331.627464576006,367.9504100438433,392.49211871078273,395.6528465113389,464.3289604577209,545.1401988383799,597.1583389902881,640.0,473.44733611961766,549.547264270233,596.7708837474313,630.1660229746174,472.6438709566544,531.4929879098703,567.4966920860579,592.1563209942316,464.83393406116915,514.3655963730272,536.38011034532,548.8638345097816,320.0,220.06189260233953,135.34507733152805,62.96663120157473,0.0,201.63341092081208,190.5010183011577,184.80322762145158,177.27443868497045,266.95447378131666,227.1734910563898,197.4021240561334,169.74609136009346,320.5429231942842,275.7440049660697,249.2216716920227,226.37711224210295,360.5947522041847,327.65554324317867,296.8303231430352,271.53987427096826,320.0,334.6598251393448,373.09181966118376,394.23094993198936,392.4002004918883,465.54526767405184,545.3553734825789,597.6513673156212,640.0,473.9084503143373,542.0491712462849,576.4970760033771,597.1374380752457,469.5754418508765,511.24799087008955,513.824380084732,510.0861311165679,458.438304016864,494.2909458343744,494.39999366500393,486.25709709139795
320.0,248.00104342227235,161.39299418292083,77.90266015418473,0.0,205.45265503250835,175.26028995686977,159.78642927537504,146.3422437777994,269.43724801193065,276.65352081850114,282.23183443178976,279.504002860504,329.5611887633601,338.41920253271667,341.0063807816887,335.9622332036054,382.53335547424496,390.87737434237357,386.4746616989587,375.24611468355994,320.0,329.40694325774064,369.1063542380738,394.5476286661177,394.4095625747354,467.78847880387264,544.0911589666111,595.7575982082228,640.0,477.1332643020837,492.53175004185925,446.7129033253135,416.18301192762465,471.81187902352076,473.24426622821454,428.8595740313006,397.6457748578167,460.0416046411415,463.8553409617938,429.8468133978098,403.4524820604737,320.0,233.02265152927862,144.19354900819113,71.91534263250355,0.0,180.22857831516038,160.33135006023983,154.65036405962582,150.76040950958472,248.64637564478363,245.33349116797515,245.152007952584,245.85368372148412,311.119816103626,307.937630119984,308.6069136564879,310.29668372540624,365.89202327728185,365.5919701150565,358.67446569467626,351.5881885016275,320.0,329.72813747711274,369.85920345508214,396.08224508253966,396.6763816600805,465.4241646839888,545.2940357878492,596.1490769043168,640.0,472.18832568238946,485.0156357175814,434.36046267547675,399.0255470265239,464.74553589634115,465.7736668392437,424.16398718440485,395.23894618874334,451.6389487783997,457.917429074619,427.6227855851986,404.4011823516522,320.0,216.48327124822316,134.42837833373787,63.910776503287934,0.0,208.85810039026904,191.92480671286762,184.13187860273828,174.93850705650624,262.50483915514974,228.17294542463242,199.22562828469387,171.62283145362812,303.147349400657,268.0883276562467,237.03251879283508,206.36760779760252,330.17768165895524,305.1859933140978,277.9129797917169,252.30300763255394,320.0,331.627464576006,367.9504100438433,392.49211871078273,395.6528465113389,464.3289604577209,545.1401988383799,597.1583389902881,640.0,473.44733611961766,549.547264270233,596.7708837474313,630.1660229746174,472.6438709566544,531.4929879098703,567.4966920860579,592.1563209942316,464.83393406116915,514.3655963730272,536.38011034532,548.8638345097816,320.0,220.06189260233953,135.34507733152805,62.96663120157473,0.0,201.63341092081208,190.5010183011577,184.80322762145158,177.27443868497045,266.95447378131666,227.1734910563898,197.4021240561334,169.74609136009346,320.5429231942842,275.7440049660697,249.2216716920227,226.37711224210295,360.5947522041847,327.65554324317867,296.8303231430352,271.53987427096826,320.0,334.6598251393448,373.09181966118376,394.23094993198936,392.4002004918883,465.54526767405184,545.3553734825789,597.6513673156212,640.0,473.9084503143373,542.0491712462849,576.4970760033771,597.1374380752457,469.5754418508765,511.24799087008955,513.824380084732,510.0861311165679,458.438304016864,494.2909458343744,494.39999366500393,486.25709709139795,320.0,239.6962411995221,151.89802725002772,75.98469099566597,0.0,190.62889882507793,176.00219041937873,174.60750704302183,172.10006809867446,259.50768353648556,281.6913021979859,288.8114968862893,285.9625496002942,328.8370470866261,349.5286382200731,355.40306144893566,352.983441992071,393.7308170257244,409.60860401236687,406.8016238102528,398.1626773512959,320.0,330.71394314802654,368.85069951590623,393.1715460710344,393.5946096207873,465.51421459846665,543.4134658759817,595.1554991419697,640.0,475.3539519654174,480.2273581354108,429.972125300849,398.10046756114406,468.908653261923,467.12792553424504,423.825890237796,393.6527359158667,454.86096591761424,460.4503784676426,427.9944187734985,404.3171561453315
320.0,233.02265152927862,144.19354900819113,71.91534263250355,0.0,180.22857831516038,160.33135006023983,154.65036405962582,150.76040950958472,248.64637564478363,245.33349116797515,245.152007952584,245.85368372148412,311.119816103626,307.937630119984,308.6069136564879,310.29668372540624,365.89202327728185,365.5919701150565,358.67446569467626,351.5881885016275,320.0,329.72813747711274,369.85920345508214,396.08224508253966,396.6763816600805,465.4241646839888,545.2940357878492,596.1490769043168,640.0,472.18832568238946,485.0156357175814,434.36046267547675,399.0255470265239,464.74553589634115,465.7736668392437,424.16398718440485,395.23894618874334,451.6389487783997,457.917429074619,427.6227855851986,404.4011823516522,320.0,216.48327124822316,134.42837833373787,63.910776503287934,0.0,208.85810039026904,191.92480671286762,184.13187860273828,174.93850705650624,262.50483915514974,228.17294542463242,199.22562828469387,171.62283145362812,303.147349400657,268.0883276562467,237.03251879283508,206.36760779760252,330.17768165895524,305.1859933140978,277.9129797917169,252.30300763255394,320.0,331.627464576006,367.9504100438433,392.49211871078273,395.6528465113389,464.3289604577209,545.1401988383799,597.1583389902881,640.0,473.44733611961766,549.547264270233,596.7708837474313,630.1660229746174,472.6438709566544,531.4929879098703,567.4966920860579,592.1563209942316,464.83393406116915,514.3655963730272,536.38011034532,548.8638345097816,320.0,220.06189260233953,135.34507733152805,62.96663120157473,0.0,201.63341092081208,190.5010183011577,184.80322762145158,177.27443868497045,266.95447378131666,227.1734910563898,197.4021240561334,169.74609136009346,320.5429231942842,275.7440049660697,249.2216716920227,226.37711224210295,360.5947522041847,327.65554324317867,296.8303231430352,271.53987427096826,320.0,334.6598251393448,373.09181966118376,394.23094993198936,392.4002004918883,465.54526767405184,545.3553734825789,597.6513673156212,640.0,473.9084503143373,542.0491712462849,576.4970760033771,597.1374380752457,469.5754418508765,511.24799087008955,513.824380084732,510.0861311165679,458.438304016864,494.2909458343744,494.39999366500393,486.25709709139795,320.0,239.6962411995221,151.89802725002772,75.98469099566597,0.0,190.62889882507793,176.00219041937873,174.60750704302183,172.10006809867446,259.50768353648556,281.6913021979859,288.8114968862893,285.9625496002942,328.8370470866261,349.5286382200731,355.40306144893566,352.983441992071,393.7308170257244,409.60860401236687,406.8016238102528,398.1626773512959,320.0,330.71394314802654,368.85069951590623,393.1715460710344,393.5946096207873,465.51421459846665,543.4134658759817,595.1554991419697,640.0,475.3539519654174,480.2273581354108,429.972125300849,398.10046756114406,468.908653261923,467.12792553424504,423.825890237796,393.6527359158667,454.86096591761424,460.4503784676426,427.9944187734985,404.3171561453315,320.0,245.6258781775665,157.28556082934787,75.64046520905276,0.0,195.82021977131615,172.28161751305828,164.7824869173271,159.31214724770544,255.3995291553085,273.7549483875567,288.7984702691479,293.85047289084173,317.3850587505736,341.72188302699584,357.54459109985777,362.1001673514627,374.5004941929038,393.3488696464233,402.59188292746984,403.3538281123175,320.0,319.3302027254352,351.8452857872479,375.30965500813636,376.2989707655588,458.95694877172673,543.8257605966993,596.7663859119475,640.0,473.4311529464457,484.6312011150612,441.26634867634016,413.64718284901517,469.12682236608254,467.4001465128722,427.9026846080675,399.44187785770083,456.1797323155953,459.0891166921682,429.48907993190903,407.5301489582745
320.0,216.48327124822316,134.42837833373787,63.910776503287934,0.0,208.85810039026904,191.92480671286762,184.13187860273828,174.93850705650624,262.50483915514974,228.17294542463242,199.22562828469387,171.62283145362812,303.147349400657,268.0883276562467,237.03251879283508,206.36760779760252,330.17768165895524,305.1859933140978,277.9129797917169,252.30300763255394,320.0,331.627464576006,367.9504100438433,392.49211871078273,395.6528465113389,464.3289604577209,545.1401988383799,597.1583389902881,640.0,473.44733611961766,549.547264270233,596.7708837474313,630.1660229746174,472.6438709566544,531.4929879098703,567.4966920860579,592.1563209942316,464.83393406116915,514.3655963730272,536.38011034532,548.8638345097816,320.0,220.06189260233953,135.34507733152805,62.96663120157473,0.0,201.63341092081208,190.5010183011577,184.80322762145158,177.27443868497045,266.95447378131666,227.1734910563898,197.4021240561334,169.74609136009346,320.5429231942842,275.7440049660697,249.2216716920227,226.37711224210295,360.5947522041847,327.65554324317867,296.8303231430352,271.53987427096826,320.0,334.6598251393448,373.09181966118376,394.23094993198936,392.4002004918883,465.54526767405184,545.3553734825789,597.6513673156212,640.0,473.9084503143373,542.0491712462849,576.4970760033771,597.1374380752457,469.5754418508765,511.24799087008955,513.824380084732,510.0861311165679,458.438304016864,494.2909458343744,494.39999366500393,486.25709709139795,320.0,239.6962411995221,151.89802725002772,75.98469099566597,0.0,190.62889882507793,176.00219041937873,174.60750704302183,172.10006809867446,259.50768353648556,281.6913021979859,288.8114968862893,285.9625496002942,328.8370470866261,349.5286382200731,355.40306144893566,352.983441992071,393.7308170257244,409.60860401236687,406.8016238102528,398.1626773512959,320.0,330.71394314802654,368.85069951590623,393.1715460710344,393.5946096207873,465.51421459846665,543.4134658759817,595.1554991419697,640.0,475.3539519654174,480.2273581354108,429.972125300849,398.10046756114406,468.908653261923,467.12792553424504,423.825890237796,393.6527359158667,454.86096591761424,460.4503784676426,427.9944187734985,404.3171561453315,320.0,245.6258781775665,157.28556082934787,75.64046520905276,0.0,195.82021977131615,172.28161751305828,164.7824869173271,159.31214724770544,255.3995291553085,273.7549483875567,288.7984702691479,293.85047289084173,317.3850587505736,341.72188302699584,357.54459109985777,362.1001673514627,374.5004941929038,393.3488696464233,402.59188292746984,403.3538281123175,320.0,319.3302027254352,351.8452857872479,375.30965500813636,376.2989707655588,458.95694877172673,543.8257605966993,596.7663859119475,640.0,473.4311529464457,484.6312011150612,441.26634867634016,413.64718284901517,469.12682236608254,467.4001465128722,427.9026846080675,399.44187785770083,456.1797323155953,459.0891166921682,429.48907993190903,407.5301489582745,320.0,243.0524729504692,155.29957075483335,72.07029271052545,0.0,200.2062780657041,177.61297689993864,169.54140462655974,163.54145209572263,260.67686583332176,275.86938777991753,287.18145297963116,291.27758341273113,321.79580286080045,336.50575282993964,346.34021289334953,350.60924799843235,376.62935504724055,388.762903340274,393.21548275729424,393.17529999400205,320.0,317.81289249591657,349.29741802466157,373.3326388110061,374.45113158416467,458.97489567548234,542.6630218418413,595.9467818723294,640.0,474.2649606221786,482.5870247992308,444.7943088856159,418.02068578055895,468.4748130237819,467.3822160116807,436.14257338593984,409.4634761870086,455.75412633963526,458.47598768782,434.491537900987,414.42206795085974
320.0,220.06189260233953,135.34507733152805,62.96663120157473,0.0,201.63341092081208,190.5010183011577,184.80322762145158,177.27443868497045,266.95447378131666,227.1734910563898,197.4021240561334,169.74609136009346,320.5429231942842,275.7440049660697,249.2216716920227,226.37711224210295,360.5947522041847,327.65554324317867,296.8303231430352,271.53987427096826,320.0,334.6598251393448,373.09181966118376,394.23094993198936,392.4002004918883,465.54526767405184,545.3553734825789,597.6513673156212,640.0,473.9084503143373,542.0491712462849,576.4970760033771,597.1374380752457,469.5754418508765,511.24799087008955,513.824380084732,510.0861311165679,458.438304016864,494.2909458343744,494.39999366500393,486.25709709139795,320.0,239.6962411995221,151.89802725002772,75.98469099566597,0.0,190.62889882507793,176.00219041937873,174.60750704302183,172.10006809867446,259.50768353648556,281.6913021979859,288.8114968862893,285.9625496002942,328.8370470866261,349.5286382200731,355.40306144893566,352.983441992071,393.7308170257244,409.60860401236687,406.8016238102528,398.1626773512959,320.0,330.71394314802654,368.85069951590623,393.1715460710344,393.5946096207873,465.51421459846665,543.4134658759817,595.1554991419697,640.0,475.3539519654174,480.2273581354108,429.972125300849,398.10046756114406,468.908653261923,467.12792553424504,423.825890237796,393.6527359158667,454.86096591761424,460.4503784676426,427.9944187734985,404.3171561453315,320.0,245.6258781775665,157.28556082934787,75.64046520905276,0.0,195.82021977131615,172.28161751305828,164.7824869173271,159.31214724770544,255.3995291553085,273.7549483875567,288.7984702691479,293.85047289084173,317.3850587505736,341.72188302699584,357.54459109985777,362.1001673514627,374.5004941929038,393.3488696464233,402.59188292746984,403.3538281123175,320.0,319.3302027254352,351.8452857872479,375.30965500813636,376.2989707655588,458.95694877172673,543.8257605966993,596.7663859119475,640.0,473.4311529464457,484.6312011150612,441.26634867634016,413.64718284901517,469.12682236608254,467.4001465128722,427.9026846080675,399.44187785770083,456.1797323155953,459.0891166921682,429.48907993190903,407.5301489582745,320.0,243.0524729504692,155.29957075483335,72.07029271052545,0.0,200.2062780657041,177.61297689993864,169.54140462655974,163.54145209572263,260.67686583332176,275.86938777991753,287.18145297963116,291.27758341273113,321.79580286080045,336.50575282993964,346.34021289334953,350.60924799843235,376.62935504724055,388.762903340274,393.21548275729424,393.17529999400205,320.0,317.81289249591657,349.29741802466157,373.3326388110061,374.45113158416467,458.97489567548234,542.6630218418413,595.9467818723294,640.0,474.2649606221786,482.5870247992308,444.7943088856159,418.02068578055895,468.4748130237819,467.3822160116807,436.14257338593984,409.4634761870086,455.75412633963526,458.47598768782,434.491537900987,414.42206795085974,320.0,236.17382563676574,143.98533527175238,64.79467193082132,0.0,166.71582403361577,137.88485039716403,127.35687418655851,120.15302284633205,224.17945111172628,227.15633155687837,235.45821091690533,238.71539044925248,283.04297822820547,281.9662952258343,292.13068733462626,300.12121871557537,335.3247188163081,334.85301146296194,342.05446532381796,347.38525851241803,320.0,316.7511717617885,345.2001042823333,370.3529318726263,371.57984747087687,440.9575793275849,530.3219599433529,590.647710642335,640.0,467.0327906401202,471.9003370104447,430.3374115794966,401.8084504417028,471.5733466714362,464.86278233834634,430.82144841702103,405.88018605788943,468.96946690329594,466.1892963377283,435.5138025016953,412.200575281972
320.0,239.6962411995221,151.89802725002772,75.98469099566597,0.0,190.62889882507793,176.00219041937873,174.60750704302183,172.10006809867446,259.50768353648556,281.6913021979859,288.8114968862893,285.9625496002942,328.8370470866261,349.5286382200731,355.40306144893566,352.983441992071,393.7308170257244,409.60860401236687,406.8016238102528,398.1626773512959,320.0,330.71394314802654,368.85069951590623,393.1715460710344,393.5946096207873,465.51421459846665,543.4134658759817,595.1554991419697,640.0,475.3539519654174,480.2273581354108,429.972125300849,398.10046756114406,468.908653261923,467.12792553424504,423.825890237796,393.6527359158667,454.86096591761424,460.4503784676426,427.9944187734985,404.3171561453315,320.0,245.6258781775665,157.28556082934787,75.64046520905276,0.0,195.82021977131615,172.28161751305828,164.7824869173271,159.31214724770544,255.3995291553085,273.7549483875567,288.7984702691479,293.85047289084173,317.3850587505736,341.72188302699584,357.54459109985777,362.1001673514627,374.5004941929038,393.3488696464233,402.59188292746984,403.3538281123175,320.0,319.3302027254352,351.8452857872479,375.30965500813636,376.2989707655588,458.95694877172673,543.8257605966993,596.7663859119475,640.0,473.4311529464457,484.6312011150612,441.26634867634016,413.64718284901517,469.12682236608254,467.4001465128722,427.9026846080675,399.44187785770083,456.1797323155953,459.0891166921682,429.48907993190903,407.5301489582745,320.0,243.0524729504692,155.29957075483335,72.07029271052545,0.0,200.2062780657041,177.61297689993864,169.54140462655974,163.54145209572263,260.67686583332176,275.86938777991753,287.18145297963116,291.27758341273113,321.79580286080045,336.50575282993964,346.34021289334953,350.60924799843235,376.62935504724055,388.762903340274,393.21548275729424,393.17529999400205,320.0,317.81289249591657,349.29741802466157,373.3326388110061,374.45113158416467,458.97489567548234,542.6630218418413,595.9467818723294,640.0,474.2649606221786,482.5870247992308,444.7943088856159,418.02068578055895,468.4748130237819,467.3822160116807,436.14257338593984,409.4634761870086,455.75412633963526,458.47598768782,434.491537900987,414.42206795085974,320.0,236.17382563676574,143.98533527175238,64.79467193082132,0.0,166.71582403361577,137.88485039716403,127.35687418655851,120.15302284633205,224.17945111172628,227.15633155687837,235.45821091690533,238.71539044925248,283.04297822820547,281.9662952258343,292.13068733462626,300.12121871557537,335.3247188163081,334.85301146296194,342.05446532381796,347.38525851241803,320.0,316.7511717617885,345.2001042823333,370.3529318726263,371.57984747087687,440.9575793275849,530.3219599433529,590.647710642335,640.0,467.0327906401202,471.9003370104447,430.3374115794966,401.8084504417028,471.5733466714362,464.86278233834634,430.82144841702103,405.88018605788943,468.96946690329594,466.1892963377283,435.5138025016953,412.200575281972,320.0,233.25057176730584,142.45112400477956,66.6433271047635,0.0,172.97188084059417,142.5183939213113,130.23412245871484,120.72924542382458,235.01275183154561,232.79452130376018,242.56398440118028,250.3412552920422,297.32136111441577,291.18705565505684,295.2385087785737,303.0196277366948,351.5072201955624,342.7032866366564,341.99652495004494,344.32249297749996,320.0,311.50886332228146,338.6478563164244,360.7953578219222,364.0386039343255,443.81944136394,533.8970068870601,590.3561644528108,640.0,469.1848321646373,470.22891023441537,416.8483210144749,390.470558275878,473.2005512681252,459.0487376882504,413.21198357317036,390.25164846483455,471.99264470314364,457.71521984059734,417.8005968911865,398.0324302873937
320.0,245.6258781775665,157.28556082934787,75.64046520905276,0.0,195.82021977131615,172.28161751305828,164.7824869173271,159.31214724770544,255.3995291553085,273.7549483875567,288.7984702691479,293.85047289084173,317.3850587505736,341.72188302699584,357.54459109985777,362.1001673514627,374.5004941929038,393.3488696464233,402.59188292746984,403.3538281123175,320.0,319.3302027254352,351.8452857872479,375.30965500813636,376.2989707655588,458.95694877172673,543.8257605966993,596.7663859119475,640.0,473.4311529464457,484.6312011150612,441.26634867634016,413.64718284901517,469.12682236608254,467.4001465128722,427.9026846080675,399.44187785770083,456.1797323155953,459.0891166921682,429.48907993190903,407.5301489582745,320.0,243.0524729504692,155.29957075483335,72.07029271052545,0.0,200.2062780657041,177.61297689993864,169.54140462655974,163.54145209572263,260.67686583332176,275.86938777991753,287.18145297963116,291.27758341273113,321.79580286080045,336.50575282993964,346.34021289334953,350.60924799843235,376.62935504724055,388.762903340274,393.21548275729424,393.17529999400205,320.0,317.81289249591657,349.29741802466157,373.3326388110061,374.45113158416467,458.97489567548234,542.6630218418413,595.9467818723294,640.0,474.2649606221786,482.5870247992308,444.7943088856159,418.02068578055895,468.4748130237819,467.3822160116807,436.14257338593984,409.4634761870086,455.75412633963526,458.47598768782,434.491537900987,414.42206795085974,320.0,236.17382563676574,143.98533527175238,64.79467193082132,0.0,166.71582403361577,137.88485039716403,127.35687418655851,120.15302284633205,224.17945111172628,227.15633155687837,235.45821091690533,238.71539044925248,283.04297822820547,281.9662952258343,292.13068733462626,300.12121871557537,335.3247188163081,334.85301146296194,342.05446532381796,347.38525851241803,320.0,316.7511717617885,345.2001042823333,370.3529318726263,371.57984747087687,440.9575793275849,530.3219599433529,590.647710642335,640.0,467.0327906401202,471.9003370104447,430.3374115794966,401.8084504417028,471.5733466714362,464.86278233834634,430.82144841702103,405.88018605788943,468.96946690329594,466.1892963377283,435.5138025016953,412.200575281972,320.0,233.25057176730584,142.45112400477956,66.6433271047635,0.0,172.97188084059417,142.5183939213113,130.23412245871484,120.72924542382458,235.01275183154561,232.79452130376018,242.56398440118028,250.3412552920422,297.32136111441577,291.18705565505684,295.2385087785737,303.0196277366948,351.5072201955624,342.7032866366564,341.99652495004494,344.32249297749996,320.0,311.50886332228146,338.6478563164244,360.7953578219222,364.0386039343255,443.81944136394,533.8970068870601,590.3561644528108,640.0,469.1848321646373,470.22891023441537,416.8483210144749,390.470558275878,473.2005512681252,459.0487376882504,413.21198357317036,390.25164846483455,471.99264470314364,457.71521984059734,417.8005968911865,398.0324302873937,320.0,237.08354590564207,146.63174766378415,67.97623823552445,0.0,176.0847947094153,148.8102149787261,135.38095836421917,125.49412408462004,234.85926144916817,245.47324692744826,256.20102456458534,261.5529682587501,294.18267595019245,301.04059625391864,303.6370109326658,306.3828056616219,346.5743050619166,347.17446506925035,344.1443961780345,340.562838711793,320.0,311.5470408397025,342.7977178820618,370.14112163118307,372.2397487224671,449.9068922468217,539.3272932487048,593.4144321203355,640.0,472.55718423442016,479.86856689254614,427.87922300018494,399.01634212183995,473.0918060559996,464.9443740729118,421.7726979481589,398.77507022847817,468.90486194424494,459.4134269899083,420.91947870211834,401.1242239223578
320.0,243.0524729504692,155.29957075483335,72.07029271052545,0.0,200.2062780657041,177.61297689993864,169.54140462655974,163.54145209572263,260.67686583332176,275.86938777991753,287.18145297963116,291.27758341273113,321.79580286080045,336.50575282993964,346.34021289334953,350.60924799843235,376.62935504724055,388.762903340274,393.21548275729424,393.17529999400205,320.0,317.81289249591657,349.29741802466157,373.3326388110061,374.45113158416467,458.97489567548234,542.6630218418413,595.9467818723294,640.0,474.2649606221786,482.5870247992308,444.7943088856159,418.02068578055895,468.4748130237819,467.3822160116807,436.14257338593984,409.4634761870086,455.75412633963526,458.47598768782,434.491537900987,414.42206795085974,320.0,236.17382563676574,143.98533527175238,64.79467193082132,0.0,166.71582403361577,137.88485039716403,127.35687418655851,120.15302284633205,224.17945111172628,227.15633155687837,235.45821091690533,238.71539044925248,283.04297822820547,281.9662952258343,292.13068733462626,300.12121871557537,335.3247188163081,334.85301146296194,342.05446532381796,347.38525851241803,320.0,316.7511717617885,345.2001042823333,370.3529318726263,371.57984747087687,440.9575793275849,530.3219599433529,590.647710642335,640.0,467.0327906401202,471.9003370104447,430.3374115794966,401.8084504417028,471.5733466714362,464.86278233834634,430.82144841702103,405.88018605788943,468.96946690329594,466.1892963377283,435.5138025016953,412.200575281972,320.0,233.25057176730584,142.45112400477956,66.6433271047635,0.0,172.97188084059417,142.5183939213113,130.23412245871484,120.72924542382458,235.01275183154561,232.79452130376018,242.56398440118028,250.3412552920422,297.32136111441577,291.18705565505684,295.2385087785737,303.0196277366948,351.5072201955624,342.7032866366564,341.99652495004494,344.32249297749996,320.0,311.50886332228146,338.6478563164244,360.7953578219222,364.0386039343255,443.81944136394,533.8970068870601,590.3561644528108,640.0,469.1848321646373,470.22891023441537,416.8483210144749,390.470558275878,473.2005512681252,459.0487376882504,413.21198357317036,390.25164846483455,471.99264470314364,457.71521984059734,417.8005968911865,398.0324302873937,320.0,237.08354590564207,146.63174766378415,67.97623823552445,0.0,176.0847947094153,148.8102149787261,135.38095836421917,125.49412408462004,234.85926144916817,245.47324692744826,256.20102456458534,261.5529682587501,294.18267595019245,301.04059625391864,303.6370109326658,306.3828056616219,346.5743050619166,347.17446506925035,344.1443961780345,340.562838711793,320.0,311.5470408397025,342.7977178820618,370.14112163118307,372.2397487224671,449.9068922468217,539.3272932487048,593.4144321203355,640.0,472.55718423442016,479.86856689254614,427.87922300018494,399.01634212183995,473.0918060559996,464.9443740729118,421.7726979481589,398.77507022847817,468.90486194424494,459.4134269899083,420.91947870211834,401.1242239223578,320.0,237.2353378075977,146.0883818950423,68.38226688606727,0.0,166.71168020669913,137.41348930326254,123.43743872484424,113.00060472529083,220.4841214089045,226.60305966079798,236.0276046074125,238.9511245877853,273.7512691085046,279.0945336092133,285.3151653794292,286.99188173068353,319.33972815154357,319.0241133011772,323.5183473269896,323.6751503906755,320.0,309.0638127578952,337.96395914911494,359.13626334794833,354.73038172694044,433.1750907798883,530.0789488184322,589.4835176007051,640.0,463.66208798528794,474.5552296381299,420.90353830087366,391.04132298963,475.24958810493087,467.7488941758852,420.23898062663926,395.8160721986285,482.0647810249662,473.6670004596876,431.66725345599946,409.1282931880614
320.0,236.17382563676574,143.98533527175238,64.79467193082132,0.0,166.71582403361577,137.88485039716403,127.35687418655851,120.15302284633205,224.17945111172628,227.15633155687837,235.45821091690533,238.71539044925248,283.04297822820547,281.9662952258343,292.13068733462626,300.12121871557537,335.3247188163081,334.85301146296194,342.05446532381796,347.38525851241803,320.0,316.7511717617885,345.2001042823333,370.3529318726263,371.57984747087687,440.9575793275849,530.3219599433529,590.647710642335,640.0,467.0327906401202,471.9003370104447,430.3374115794966,401.8084504417028,471.5733466714362,464.86278233834634,430.82144841702103,405.88018605788943,468.96946690329594,466.1892963377283,435.5138025016953,412.200575281972,320.0,233.25057176730584,142.45112400477956,66.6433271047635,0.0,172.97188084059417,142.5183939213113,130.23412245871484,120.72924542382458,235.01275183154561,232.79452130376018,242.56398440118028,250.3412552920422,297.32136111441577,291.18705565505684,295.2385087785737,303.0196277366948,351.5072201955624,342.7032866366564,341.99652495004494,344.32249297749996,320.0,311.50886332228146,338.6478563164244,360.7953578219222,364.0386039343255,443.81944136394,533.8970068870601,590.3561644528108,640.0,469.1848321646373,470.22891023441537,416.8483210144749,390.470558275878,473.2005512681252,459.0487376882504,413.21198357317036,390.25164846483455,471.99264470314364,457.71521984059734,417.8005968911865,398.0324302873937,320.0,237.08354590564207,146.63174766378415,67.97623823552445,0.0,176.0847947094153,148.8102149787261,135.38095836421917,125.49412408462004,234.85926144916817,245.47324692744826,256.20102456458534,261.5529682587501,294.18267595019245,301.04059625391864,303.6370109326658,306.3828056616219,346.5743050619166,347.17446506925035,344.1443961780345,340.562838711793,320.0,311.5470408397025,342.7977178820618,370.14112163118307,372.2397487224671,449.9068922468217,539.3272932487048,593.4144321203355,640.0,472.55718423442016,479.86856689254614,427.87922300018494,399.01634212183995,473.0918060559996,464.9443740729118,421.7726979481589,398.77507022847817,468.90486194424494,459.4134269899083,420.91947870211834,401.1242239223578,320.0,237.2353378075977,146.0883818950423,68.38226688606727,0.0,166.71168020669913,137.41348930326254,123.43743872484424,113.00060472529083,220.4841214089045,226.60305966079798,236.0276046074125,238.9511245877853,273.7512691085046,279.0945336092133,285.3151653794292,286.99188173068353,319.33972815154357,319.0241133011772,323.5183473269896,323.6751503906755,320.0,309.0638127578952,337.96395914911494,359.13626334794833,354.73038172694044,433.1750907798883,530.0789488184322,589.4835176007051,640.0,463.66208798528794,474.5552296381299,420.90353830087366,391.04132298963,475.24958810493087,467.7488941758852,420.23898062663926,395.8160721986285,482.0647810249662,473.6670004596876,431.66725345599946,409.1282931880614,320.0,242.10903044244654,142.72017369400103,60.81862411740275,0.0,161.1354517194241,127.94093700275593,106.9688035307127,91.68509972506632,214.3974289925776,217.61450147484624,235.8730717795566,246.98524616209815,273.0211872205362,276.823357894659,294.2652184592146,305.5709856153547,323.78313196638004,328.32935644977454,342.60402829197903,349.5840994049243,320.0,290.8337938648605,311.069778650989,330.36399194921853,341.99017563666933,437.62315142399405,525.8970443330801,588.3477160242132,640.0,469.59492080726875,484.222870136167,433.0104305376975,401.0350462104606,482.550198891499,481.0904949976494,436.36300291495786,412.7686304069341,490.2771678060098,486.5510512193191,442.52637758957405,417.7173315197491
320.0,233.25057176730584,142.45112400477956,66.6433271047635,0.0,172.97188084059417,142.5183939213113,130.23412245871484,120.72924542382458,235.01275183154561,232.79452130376018,242.56398440118028,250.3412552920422,297.32136111441577,291.18705565505684,295.2385087785737,303.0196277366948,351.5072201955624,342.7032866366564,341.99652495004494,344.32249297749996,320.0,311.50886332228146,338.6478563164244,360.7953578219222,364.0386039343255,443.81944136394,533.8970068870601,590.3561644528108,640.0,469.1848321646373,470.22891023441537,416.8483210144749,390.470558275878,473.2005512681252,459.0487376882504,413.21198357317036,390.25164846483455,471.99264470314364,457.71521984059734,417.8005968911865,398.0324302873937,320.0,237.08354590564207,146.63174766378415,67.97623823552445,0.0,176.0847947094153,148.8102149787261,135.38095836421917,125.49412408462004,234.85926144916817,245.47324692744826,256.20102456458534,261.5529682587501,294.18267595019245,301.04059625391864,303.6370109326658,306.3828056616219,346.5743050619166,347.17446506925035,344.1443961780345,340.562838711793,320.0,311.5470408397025,342.7977178820618,370.14112163118307,372.2397487224671,449.9068922468217,539.3272932487048,593.4144321203355,640.0,472.55718423442016,479.86856689254614,427.87922300018494,399.01634212183995,473.0918060559996,464.9443740729118,421.7726979481589,398.77507022847817,468.90486194424494,459.4134269899083,420.91947870211834,401.1242239223578,320.0,237.2353378075977,146.0883818950423,68.38226688606727,0.0,166.71168020669913,137.41348930326254,123.43743872484424,113.00060472529083,220.4841214089045,226.60305966079798,236.0276046074125,238.9511245877853,273.7512691085046,279.0945336092133,285.3151653794292,286.99188173068353,319.33972815154357,319.0241133011772,323.5183473269896,323.6751503906755,320.0,309.0638127578952,337.96395914911494,359.13626334794833,354.73038172694044,433.1750907798883,530.0789488184322,589.4835176007051,640.0,463.66208798528794,474.5552296381299,420.90353830087366,391.04132298963,475.24958810493087,467.7488941758852,420.23898062663926,395.8160721986285,482.0647810249662,473.6670004596876,431.66725345599946,409.1282931880614,320.0,242.10903044244654,142.72017369400103,60.81862411740275,0.0,161.1354517194241,127.94093700275593,106.9688035307127,91.68509972506632,214.3974289925776,217.61450147484624,235.8730717795566,246.98524616209815,273.0211872205362,276.823357894659,294.2652184592146,305.5709856153547,323.78313196638004,328.32935644977454,342.60402829197903,349.5840994049243,320.0,290.8337938648605,311.069778650989,330.36399194921853,341.99017563666933,437.62315142399405,525.8970443330801,588.3477160242132,640.0,469.59492080726875,484.222870136167,433.0104305376975,401.0350462104606,482.550198891499,481.0904949976494,436.36300291495786,412.7686304069341,490.2771678060098,486.5510512193191,442.52637758957405,417.7173315197491,320.0,236.1628274863942,141.54302608671898,64.8310755802184,0.0,163.0484686448652,136.97000312675758,119.98866367454013,107.05402949298235,212.49214286306608,239.61456493436492,251.1663313085017,253.74681458522656,268.84122754258806,287.65529765902926,294.78832436524624,296.16625960282863,319.5743317104437,331.6939367731569,336.59727020892694,336.0490213151211,320.0,300.05866428299703,326.79835514255154,351.90106807765585,349.0686709376504,431.6757464093807,531.2587082883663,590.6929816411862,640.0,467.25450732969546,462.77309213446966,411.5413759870961,386.2259976987155,479.77829364273055,460.24697672684437,413.148864315892,390.3668429630636,486.3680840562535,469.04107079186554,425.17961599862366,403.6546977197162
320.0,237.08354590564207,146.63174766378415,67.97623823552445,0.0,176.0847947094153,148.8102149787261,135.38095836421917,125.49412408462004,234.85926144916817,245.47324692744826,256.20102456458534,261.5529682587501,294.18267595019245,301.04059625391864,303.6370109326658,306.3828056616219,346.5743050619166,347.17446506925035,344.1443961780345,340.562838711793,320.0,311.5470408397025,342.7977178820618,370.14112163118307,372.2397487224671,449.9068922468217,539.3272932487048,593.4144321203355,640.0,472.55718423442016,479.86856689254614,427.87922300018494,399.01634212183995,473.0918060559996,464.9443740729118,421.7726979481589,398.77507022847817,468.90486194424494,459.4134269899083,420.91947870211834,401.1242239223578,320.0,237.2353378075977,146.0883818950423,68.38226688606727,0.0,166.71168020669913,137.41348930326254,123.43743872484424,113.00060472529083,220.4841214089045,226.60305966079798,236.0276046074125,238.9511245877853,273.7512691085046,279.0945336092133,285.3151653794292,286.99188173068353,319.33972815154357,319.0241133011772,323.5183473269896,323.6751503906755,320.0,309.0638127578952,337.96395914911494,359.13626334794833,354.73038172694044,433.1750907798883,530.0789488184322,589.4835176007051,640.0,463.66208798528794,474.5552296381299,420.90353830087366,391.04132298963,475.24958810493087,467.7488941758852,420.23898062663926,395.8160721986285,482.0647810249662,473.6670004596876,431.66725345599946,409.1282931880614,320.0,242.10903044244654,142.72017369400103,60.81862411740275,0.0,161.1354517194241,127.94093700275593,106.9688035307127,91.68509972506632,214.3974289925776,217.61450147484624,235.8730717795566,246.98524616209815,273.0211872205362,276.823357894659,294.2652184592146,305.5709856153547,323.78313196638004,328.32935644977454,342.60402829197903,349.5840994049243,320.0,290.8337938648605,311.069778650989,330.36399194921853,341.99017563666933,437.62315142399405,525.8970443330801,588.3477160242132,640.0,469.59492080726875,484.222870136167,433.0104305376975,401.0350462104606,482.550198891499,481.0904949976494,436.36300291495786,412.7686304069341,490.2771678060098,486.5510512193191,442.52637758957405,417.7173315197491,320.0,236.1628274863942,141.54302608671898,64.8310755802184,0.0,163.0484686448652,136.97000312675758,119.98866367454013,107.05402949298235,212.49214286306608,239.61456493436492,251.1663313085017,253.74681458522656,268.84122754258806,287.65529765902926,294.78832436524624,296.16625960282863,319.5743317104437,331.6939367731569,336.59727020892694,336.0490213151211,320.0,300.05866428299703,326.79835514255154,351.90106807765585,349.0686709376504,431.6757464093807,531.2587082883663,590.6929816411862,640.0,467.25450732969546,462.77309213446966,411.5413759870961,386.2259976987155,479.77829364273055,460.24697672684437,413.148864315892,390.3668429630636,486.3680840562535,469.04107079186554,425.17961599862366,403.6546977197162,320.0,242.40324489224665,144.78960872894348,66.86023140248508,0.0,163.77972671024506,121.9797415580521,100.58802408792252,81.47367031325933,216.19409962251703,220.05123864598187,244.68089065687053,258.23202577955396,273.78209099825256,280.2367735519422,294.9348645509782,299.7067225111363,326.36059681916095,329.6304051747154,335.49675414793467,334.20866966978906,320.0,304.849297830254,332.30030483305626,350.45503733108467,345.4013460540656,444.2525025080939,536.2281302073808,592.3548388075569,640.0,472.53730281085814,479.5526945217492,416.02856399659834,375.3922625751566,482.75453670533693,467.3805569416619,407.4029166987333,372.7888873165892,485.53904089165394,474.782745417367,424.1888547120581,396.4224609359376
320.0,237.2353378075977,146.0883818950423,68.38226688606727,0.0,166.71168020669913,137.41348930326254,123.43743872484424,113.00060472529083,220.4841214089045,226.60305966079798,236.0276046074125,238.9511245877853,273.7512691085046,279.0945336092133,285.3151653794292,286.99188173068353,319.33972815154357,319.0241133011772,323.5183473269896,323.6751503906755,320.0,309.0638127578952,337.96395914911494,359.13626334794833,354.73038172694044,433.1750907798883,530.0789488184322,589.4835176007051,640.0,463.66208798528794,474.5552296381299,420.90353830087366,391.04132298963,475.24958810493087,467.7488941758852,420.23898062663926,395.8160721986285,482.0647810249662,473.6670004596876,431.66725345599946,409.1282931880614,320.0,242.10903044244654,142.72017369400103,60.81862411740275,0.0,161.1354517194241,127.94093700275593,106.9688035307127,91.68509972506632,214.3974289925776,217.61450147484624,235.8730717795566,246.98524616209815,273.0211872205362,276.823357894659,294.2652184592146,305.5709856153547,323.78313196638004,328.32935644977454,342.60402829197903,349.5840994049243,320.0,290.8337938648605,311.069778650989,330.36399194921853,341.99017563666933,437.62315142399405,525.8970443330801,588.3477160242132,640.0,469.59492080726875,484.222870136167,433.0104305376975,401.0350462104606,482.550198891499,481.0904949976494,436.36300291495786,412.7686304069341,490.2771678060098,486.5510512193191,442.52637758957405,417.7173315197491,320.0,236.1628274863942,141.54302608671898,64.8310755802184,0.0,163.0484686448652,136.97000312675758,119.98866367454013,107.05402949298235,212.49214286306608,239.61456493436492,251.1663313085017,253.74681458522656,268.84122754258806,287.65529765902926,294.78832436524624,296.16625960282863,319.5743317104437,331.6939367731569,336.59727020892694,336.0490213151211,320.0,300.05866428299703,326.79835514255154,351.90106807765585,349.0686709376504,431.6757464093807,531.2587082883663,590.6929816411862,640.0,467.25450732969546,462.77309213446966,411.5413759870961,386.2259976987155,479.77829364273055,460.24697672684437,413.148864315892,390.3668429630636,486.3680840562535,469.04107079186554,425.17961599862366,403.6546977197162,320.0,242.40324489224665,144.78960872894348,66.86023140248508,0.0,163.77972671024506,121.9797415580521,100.58802408792252,81.47367031325933,216.19409962251703,220.05123864598187,244.68089065687053,258.23202577955396,273.78209099825256,280.2367735519422,294.9348645509782,299.7067225111363,326.36059681916095,329.6304051747154,335.49675414793467,334.20866966978906,320.0,304.849297830254,332.30030483305626,350.45503733108467,345.4013460540656,444.2525025080939,536.2281302073808,592.3548388075569,640.0,472.53730281085814,479.5526945217492,416.02856399659834,375.3922625751566,482.75453670533693,467.3805569416619,407.4029166987333,372.7888873165892,485.53904089165394,474.782745417367,424.1888547120581,396.4224609359376,320.0,243.53838030401772,146.01370807686905,68.34143806208715,0.0,162.06572899791416,122.34044364673483,99.91234368922565,77.62751539773353,218.3620434386069,224.08794787951888,243.65042487847847,251.3114608048443,278.49388545180614,291.1313756217318,298.37113026939886,294.90283708635906,333.6839138007428,342.31444345828186,342.0893112992173,333.05444137621237,320.0,304.97096571163104,335.5216448173034,355.45866274048586,353.19997971973663,451.1438128507448,541.2225920801575,593.7555629981664,640.0,480.2844993163406,467.6019421350254,394.25644286445527,356.46797493908423,488.65307937877634,452.978918186526,383.83077785802976,351.3845736884103,488.27107490126195,460.6579373146653,403.30102459967964,375.9121691373966
320.0,242.10903044244654,142.72017369400103,60.81862411740275,0.0,161.1354517194241,127.94093700275593,106.9688035307127,91.68509972506632,214.3974289925776,217.61450147484624,235.8730717795566,246.98524616209815,273.0211872205362,276.823357894659,294.2652184592146,305.5709856153547,323.78313196638004,328.32935644977454,342.60402829197903,349.5840994049243,320.0,290.8337938648605,311.069778650989,330.36399194921853,341.99017563666933,437.62315142399405,525.8970443330801,588.3477160242132,640.0,469.59492080726875,484.222870136167,433.0104305376975,401.0350462104606,482.550198891499,481.0904949976494,436.36300291495786,412.7686304069341,490.2771678060098,486.5510512193191,442.52637758957405,417.7173315197491,320.0,236.1628274863942,141.54302608671898,64.8310755802184,0.0,163.0484686448652,136.97000312675758,119.98866367454013,107.05402949298235,212.49214286306608,239.61456493436492,251.1663313085017,253.74681458522656,268.84122754258806,287.65529765902926,294.78832436524624,296.16625960282863,319.5743317104437,331.6939367731569,336.59727020892694,336.0490213151211,320.0,300.05866428299703,326.79835514255154,351.90106807765585,349.0686709376504,431.6757464093807,531.2587082883663,590.6929816411862,640.0,467.25450732969546,462.77309213446966,411.5413759870961,386.2259976987155,479.77829364273055,460.24697672684437,413.148864315892,390.3668429630636,486.3680840562535,469.04107079186554,425.17961599862366,403.6546977197162,320.0,242.40324489224665,144.78960872894348,66.86023140248508,0.0,163.77972671024506,121.9797415580521,100.58802408792252,81.47367031325933,216.19409962251703,220.05123864598187,244.68089065687053,258.23202577955396,273.78209099825256,280.2367735519422,294.9348645509782,299.7067225111363,326.36059681916095,329.6304051747154,335.49675414793467,334.20866966978906,320.0,304.849297830254,332.30030483305626,350.45503733108467,345.4013460540656,444.2525025080939,536.2281302073808,592.3548388075569,640.0,472.53730281085814,479.5526945217492,416.02856399659834,375.3922625751566,482.75453670533693,467.3805569416619,407.4029166987333,372.7888873165892,485.53904089165394,474.782745417367,424.1888547120581,396.4224609359376,320.0,243.53838030401772,146.01370807686905,68.34143806208715,0.0,162.06572899791416,122.34044364673483,99.91234368922565,77.62751539773353,218.3620434386069,224.08794787951888,243.65042487847847,251.3114608048443,278.49388545180614,291.1313756217318,298.37113026939886,294.90283708635906,333.6839138007428,342.31444345828186,342.0893112992173,333.05444137621237,320.0,304.97096571163104,335.5216448173034,355.45866274048586,353.19997971973663,451.1438128507448,541.2225920801575,593.7555629981664,640.0,480.2844993163406,467.6019421350254,394.25644286445527,356.46797493908423,488.65307937877634,452.978918186526,383.83077785802976,351.3845736884103,488.27107490126195,460.6579373146653,403.30102459967964,375.9121691373966,320.0,242.361026776655,144.54455650364778,65.45616458057918,0.0,160.43652784153485,120.68506941913316,98.31553936509124,75.94600931104935,216.3234397687802,223.86921187070132,243.1541721421127,251.56877587086683,276.8392238296665,289.7324935131972,298.56493205849847,297.23151729124515,331.9664676132703,338.76369912268086,338.9148509857773,331.6050586225715,320.0,305.2076708488875,333.87247415872673,352.2494777839171,348.0457447812083,452.09971564492,543.5032438041588,595.7108580515612,640.0,483.07364392275247,465.5303747826907,393.17211433499995,351.8237914909101,491.9474630405779,448.80126140452546,381.55744646442866,348.00365483875316,490.87214263574253,456.22306375753,399.8631645620797,372.67495923345416
320.0,236.1628274863942,141.54302608671898,64.8310755802184,0.0,163.0484686448652,136.97000312675758,119.98866367454013,107.05402949298235,212.49214286306608,239.61456493436492,251.1663313085017,253.74681458522656,268.84122754258806,287.65529765902926,294.78832436524624,296.16625960282863,319.5743317104437,331.6939367731569,336.59727020892694,336.0490213151211,320.0,300.05866428299703,326.79835514255154,351.90106807765585,349.0686709376504,431.6757464093807,531.2587082883663,590.6929816411862,640.0,467.25450732969546,462.77309213446966,411.5413759870961,386.2259976987155,479.77829364273055,460.24697672684437,413.148864315892,390.3668429630636,486.3680840562535,469.04107079186554,425.17961599862366,403.6546977197162,320.0,242.40324489224665,144.78960872894348,66.86023140248508,0.0,163.77972671024506,121.9797415580521,100.58802408792252,81.47367031325933,216.19409962251703,220.05123864598187,244.68089065687053,258.23202577955396,273.78209099825256,280.2367735519422,294.9348645509782,299.7067225111363,326.36059681916095,329.6304051747154,335.49675414793467,334.20866966978906,320.0,304.849297830254,332.30030483305626,350.45503733108467,345.4013460540656,444.2525025080939,536.2281302073808,592.3548388075569,640.0,472.53730281085814,479.5526945217492,416.02856399659834,375.3922625751566,482.75453670533693,467.3805569416619,407.4029166987333,372.7888873165892,485.53904089165394,474.782745417367,424.1888547120581,396.4224609359376,320.0,243.53838030401772,146.01370807686905,68.34143806208715,0.0,162.06572899791416,122.34044364673483,99.91234368922565,77.62751539773353,218.3620434386069,224.08794787951888,243.65042487847847,251.3114608048443,278.49388545180614,291.1313756217318,298.37113026939886,294.90283708635906,333.6839138007428,342.31444345828186,342.0893112992173,333.05444137621237,320.0,304.97096571163104,335.5216448173034,355.45866274048586,353.19997971973663,451.1438128507448,541.2225920801575,593.7555629981664,640.0,480.2844993163406,467.6019421350254,394.25644286445527,356.46797493908423,488.65307937877634,452.978918186526,383.83077785802976,351.3845736884103,488.27107490126195,460.6579373146653,403.30102459967964,375.9121691373966,320.0,242.361026776655,144.54455650364778,65.45616458057918,0.0,160.43652784153485,120.68506941913316,98.31553936509124,75.94600931104935,216.3234397687802,223.86921187070132,243.1541721421127,251.56877587086683,276.8392238296665,289.7324935131972,298.56493205849847,297.23151729124515,331.9664676132703,338.76369912268086,338.9148509857773,331.6050586225715,320.0,305.2076708488875,333.87247415872673,352.2494777839171,348.0457447812083,452.09971564492,543.5032438041588,595.7108580515612,640.0,483.07364392275247,465.5303747826907,393.17211433499995,351.8237914909101,491.9474630405779,448.80126140452546,381.55744646442866,348.00365483875316,490.87214263574253,456.22306375753,399.8631645620797,372.67495923345416,320.0,242.05143227359517,144.5427176000871,65.67115732950947,0.0,160.1631608155757,119.85588773716933,97.28706165049527,75.12667307261859,216.08237258819554,223.3103022235189,242.12227178599474,250.72075227215413,276.6189724451542,289.4111898632406,297.74807757462077,296.56223232659096,331.7099068420252,338.29429620263284,338.2113298728594,331.0684454502878,320.0,304.6989672905944,333.2250203481073,351.62504115782923,347.7294180865865,451.7493900285042,543.3567617916253,595.538055981117,640.0,482.91532343550716,465.34902850001936,392.42598363336936,351.1033964188679,491.836850162859,448.29277661396986,380.45722355450266,346.88935225562426,490.8264249504253,455.29247700249437,398.56690022344844,371.37025414681557
320.0,242.40324489224665,144.78960872894348,66.86023140248508,0.0,163.77972671024506,121.9797415580521,100.58802408792252,81.47367031325933,216.19409962251703,220.05123864598187,244.68089065687053,258.23202577955396,273.78209099825256,280.2367735519422,294.9348645509782,299.7067225111363,326.36059681916095,329.6304051747154,335.49675414793467,334.20866966978906,320.0,304.849297830254,332.30030483305626,350.45503733108467,345.4013460540656,444.2525025080939,536.2281302073808,592.3548388075569,640.0,472.53730281085814,479.5526945217492,416.02856399659834,375.3922625751566,482.75453670533693,467.3805569416619,407.4029166987333,372.7888873165892,485.53904089165394,474.782745417367,424.1888547120581,396.4224609359376,320.0,243.53838030401772,146.01370807686905,68.34143806208715,0.0,162.06572899791416,122.34044364673483,99.91234368922565,77.62751539773353,218.3620434386069,224.08794787951888,243.65042487847847,251.3114608048443,278.49388545180614,291.1313756217318,298.37113026939886,294.90283708635906,333.6839138007428,342.31444345828186,342.0893112992173,333.05444137621237,320.0,304.97096571163104,335.5216448173034,355.45866274048586,353.19997971973663,451.1438128507448,541.2225920801575,593.7555629981664,640.0,480.2844993163406,467.6019421350254,394.25644286445527,356.46797493908423,488.65307937877634,452.978918186526,383.83077785802976,351.3845736884103,488.27107490126195,460.6579373146653,403.30102459967964,375.9121691373966,320.0,242.361026776655,144.54455650364778,65.45616458057918,0.0,160.43652784153485,120.68506941913316,98.31553936509124,75.94600931104935,216.3234397687802,223.86921187070132,243.1541721421127,251.56877587086683,276.8392238296665,289.7324935131972,298.56493205849847,297.23151729124515,331.9664676132703,338.76369912268086,338.9148509857773,331.6050586225715,320.0,305.2076708488875,333.87247415872673,352.2494777839171,348.0457447812083,452.09971564492,543.5032438041588,595.7108580515612,640.0,483.07364392275247,465.5303747826907,393.17211433499995,351.8237914909101,491.9474630405779,448.80126140452546,381.55744646442866,348.00365483875316,490.87214263574253,456.22306375753,399.8631645620797,372.67495923345416,320.0,242.05143227359517,144.5427176000871,65.67115732950947,0.0,160.1631608155757,119.85588773716933,97.28706165049527,75.12667307261859,216.08237258819554,223.3103022235189,242.12227178599474,250.72075227215413,276.6189724451542,289.4111898632406,297.74807757462077,296.56223232659096,331.7099068420252,338.29429620263284,338.2113298728594,331.0684454502878,320.0,304.6989672905944,333.2250203481073,351.62504115782923,347.7294180865865,451.7493900285042,543.3567617916253,595.538055981117,640.0,482.91532343550716,465.34902850001936,392.42598363336936,351.1033964188679,491.836850162859,448.29277661396986,380.45722355450266,346.88935225562426,490.8264249504253,455.29247700249437,398.56690022344844,371.37025414681557,320.0,244.5860984121574,148.90234508717202,69.20938430038848,0.0,162.30452099217317,124.44305871485764,103.10384525141458,82.1681161997486,219.9747506106612,233.80465856074133,250.67408795991,256.34503086030986,281.5398393139848,298.5609507791024,302.8842690218801,297.7297027086436,336.90398306696403,348.0408862675943,343.74753772021467,331.5186374537219,320.0,304.71106816800517,332.67367524414567,349.9373611653426,346.3550915681573,453.46991706143757,540.8401169351135,592.8046334075079,640.0,487.19447432620996,457.44772053094664,382.7658151351539,345.76912181236696,495.49318310570163,439.76397815180167,370.5301166999893,340.06843521614246,492.8335972284548,448.0237594701975,391.68672021738075,367.3733053890539
320.0,243.53838030401772,146.01370807686905,68.34143806208715,0.0,162.06572899791416,122.34044364673483,99.91234368922565,77.62751539773353,218.3620434386069,224.08794787951888,243.65042487847847,251.3114608048443,278.49388545180614,291.1313756217318,298.37113026939886,294.90283708635906,333.6839138007428,342.31444345828186,342.0893112992173,333.05444137621237,320.0,304.97096571163104,335.5216448173034,355.45866274048586,353.19997971973663,451.1438128507448,541.2225920801575,593.7555629981664,640.0,480.2844993163406,467.6019421350254,394.25644286445527,356.46797493908423,488.65307937877634,452.978918186526,383.83077785802976,351.3845736884103,488.27107490126195,460.6579373146653,403.30102459967964,375.9121691373966,320.0,242.361026776655,144.54455650364778,65.45616458057918,0.0,160.43652784153485,120.68506941913316,98.31553936509124,75.94600931104935,216.3234397687802,223.86921187070132,243.1541721421127,251.56877587086683,276.8392238296665,289.7324935131972,298.56493205849847,297.23151729124515,331.9664676132703,338.76369912268086,338.9148509857773,331.6050586225715,320.0,305.2076708488875,333.87247415872673,352.2494777839171,348.0457447812083,452.09971564492,543.5032438041588,595.7108580515612,640.0,483.07364392275247,465.5303747826907,393.17211433499995,351.8237914909101,491.9474630405779,448.80126140452546,381.55744646442866,348.00365483875316,490.87214263574253,456.22306375753,399.8631645620797,372.67495923345416,320.0,242.05143227359517,144.5427176000871,65.67115732950947,0.0,160.1631608155757,119.85588773716933,97.28706165049527,75.12667307261859,216.08237258819554,223.3103022235189,242.12227178599474,250.72075227215413,276.6189724451542,289.4111898632406,297.74807757462077,296.56223232659096,331.7099068420252,338.29429620263284,338.2113298728594,331.0684454502878,320.0,304.6989672905944,333.2250203481073,351.62504115782923,347.7294180865865,451.7493900285042,543.3567617916253,595.538055981117,640.0,482.91532343550716,465.34902850001936,392.42598363336936,351.1033964188679,491.836850162859,448.29277661396986,380.45722355450266,346.88935225562426,490.8264249504253,455.29247700249437,398.56690022344844,371.37025414681557,320.0,244.5860984121574,148.90234508717202,69.20938430038848,0.0,162.30452099217317,124.44305871485764,103.10384525141458,82.1681161997486,219.9747506106612,233.80465856074133,250.67408795991,256.34503086030986,281.5398393139848,298.5609507791024,302.8842690218801,297.7297027086436,336.90398306696403,348.0408862675943,343.74753772021467,331.5186374537219,320.0,304.71106816800517,332.67367524414567,349.9373611653426,346.3550915681573,453.46991706143757,540.8401169351135,592.8046334075079,640.0,487.19447432620996,457.44772053094664,382.7658151351539,345.76912181236696,495.49318310570163,439.76397815180167,370.5301166999893,340.06843521614246,492.8335972284548,448.0237594701975,391.68672021738075,367.3733053890539,320.0,244.76609090776708,145.7371718698232,65.98599976643118,0.0,159.29435183174974,118.05737360323889,95.93732817248383,75.11147105626316,210.16537605771035,223.80512555085932,248.5704721602423,259.44376164215447,267.36943155115114,284.9198580046198,297.5243055776979,296.9334354538635,320.5690932094765,333.54405289886614,335.5371735640062,327.7353731804546,320.0,306.2188548650201,332.5510868599358,349.0556635073686,344.6275662449716,451.706776997973,541.5214159130214,594.6057599336518,640.0,478.94481419461977,471.76731747476344,401.30870868848217,358.8855694100854,487.04205224669386,457.95137529347494,390.5929929016893,353.768542566669,485.8361441605057,464.62037637019796,408.33849108116056,378.8302928521473
320.0,242.361026776655,144.54455650364778,65.45616458057918,0.0,160.43652784153485,120.68506941913316,98.31553936509124,75.94600931104935,216.3234397687802,223.86921187070132,243.1541721421127,251.56877587086683,276.8392238296665,289.7324935131972,298.56493205849847,297.23151729124515,331.9664676132703,338.76369912268086,338.9148509857773,331.6050586225715,320.0,305.2076708488875,333.87247415872673,352.2494777839171,348.0457447812083,452.09971564492,543.5032438041588,595.7108580515612,640.0,483.07364392275247,465.5303747826907,393.17211433499995,351.8237914909101,491.9474630405779,448.80126140452546,381.55744646442866,348.00365483875316,490.87214263574253,456.22306375753,399.8631645620797,372.67495923345416,320.0,242.05143227359517,144.5427176000871,65.67115732950947,0.0,160.1631608155757,119.85588773716933,97.28706165049527,75.12667307261859,216.08237258819554,223.3103022235189,242.12227178599474,250.72075227215413,276.6189724451542,289.4111898632406,297.74807757462077,296.56223232659096,331.7099068420252,338.29429620263284,338.2113298728594,331.0684454502878,320.0,304.6989672905944,333.2250203481073,351.62504115782923,347.7294180865865,451.7493900285042,543.3567617916253,595.538055981117,640.0,482.91532343550716,465.34902850001936,392.42598363336936,351.1033964188679,491.836850162859,448.29277661396986,380.45722355450266,346.88935225562426,490.8264249504253,455.29247700249437,398.56690022344844,371.37025414681557,320.0,244.5860984121574,148.90234508717202,69.20938430038848,0.0,162.30452099217317,124.44305871485764,103.10384525141458,82.1681161997486,219.9747506106612,233.80465856074133,250.67408795991,256.34503086030986,281.5398393139848,298.5609507791024,302.8842690218801,297.7297027086436,336.90398306696403,348.0408862675943,343.74753772021467,331.5186374537219,320.0,304.71106816800517,332.67367524414567,349.9373611653426,346.3550915681573,453.46991706143757,540.8401169351135,592.8046334075079,640.0,487.19447432620996,457.44772053094664,382.7658151351539,345.76912181236696,495.49318310570163,439.76397815180167,370.5301166999893,340.06843521614246,492.8335972284548,448.0237594701975,391.68672021738075,367.3733053890539,320.0,244.76609090776708,145.7371718698232,65.98599976643118,0.0,159.29435183174974,118.05737360323889,95.93732817248383,75.11147105626316,210.16537605771035,223.80512555085932,248.5704721602423,259.44376164215447,267.36943155115114,284.9198580046198,297.5243055776979,296.9334354538635,320.5690932094765,333.54405289886614,335.5371735640062,327.7353731804546,320.0,306.2188548650201,332.5510868599358,349.0556635073686,344.6275662449716,451.706776997973,541.5214159130214,594.6057599336518,640.0,478.94481419461977,471.76731747476344,401.30870868848217,358.8855694100854,487.04205224669386,457.95137529347494,390.5929929016893,353.768542566669,485.8361441605057,464.62037637019796,408.33849108116056,378.8302928521473,320.0,244.37525234900673,145.44831259403162,65.58835271291832,0.0,161.2069901406995,117.29802679844897,93.53754905985883,70.5416465370017,211.98733592945393,221.87137205496782,243.5673878833556,252.98691101009697,269.15302746067323,283.669859765276,294.6466471519917,294.1827689816049,321.8154882633268,330.08337223861463,331.56518261046347,324.85277932968546,320.0,305.3228614447643,333.7941945352611,352.30484100471807,347.0384842039671,451.8360262991183,543.2338633288364,595.4431733482431,640.0,481.66569168193155,469.44035606685094,398.90224939152733,357.588058909831,490.98401766211464,454.7844771649411,388.92776340118877,354.69342558427326,491.1715597154904,463.6390149675991,408.0991409218814,379.94760821488313
320.0,242.05143227359517,144.5427176000871,65.67115732950947,0.0,160.1631608155757,119.85588773716933,97.28706165049527,75.12667307261859,216.08237258819554,223.3103022235189,242.12227178599474,250.72075227215413,276.6189724451542,289.4111898632406,297.74807757462077,296.56223232659096,331.7099068420252,338.29429620263284,338.2113298728594,331.0684454502878,320.0,304.6989672905944,333.2250203481073,351.62504115782923,347.7294180865865,451.7493900285042,543.3567617916253,595.538055981117,640.0,482.91532343550716,465.34902850001936,392.42598363336936,351.1033964188679,491.836850162859,448.29277661396986,380.45722355450266,346.88935225562426,490.8264249504253,455.29247700249437,398.56690022344844,371.37025414681557,320.0,244.5860984121574,148.90234508717202,69.20938430038848,0.0,162.30452099217317,124.44305871485764,103.10384525141458,82.1681161997486,219.9747506106612,233.80465856074133,250.67408795991,256.34503086030986,281.5398393139848,298.5609507791024,302.8842690218801,297.7297027086436,336.90398306696403,348.0408862675943,343.74753772021467,331.5186374537219,320.0,304.71106816800517,332.67367524414567,349.9373611653426,346.3550915681573,453.46991706143757,540.8401169351135,592.8046334075079,640.0,487.19447432620996,457.44772053094664,382.7658151351539,345.76912181236696,495.49318310570163,439.76397815180167,370.5301166999893,340.06843521614246,492.8335972284548,448.0237594701975,391.68672021738075,367.3733053890539,320.0,244.76609090776708,145.7371718698232,65.98599976643118,0.0,159.29435183174974,118.05737360323889,95.93732817248383,75.11147105626316,210.16537605771035,223.80512555085932,248.5704721602423,259.44376164215447,267.36943155115114,284.9198580046198,297.5243055776979,296.9334354538635,320.5690932094765,333.54405289886614,335.5371735640062,327.7353731804546,320.0,306.2188548650201,332.5510868599358,349.0556635073686,344.6275662449716,451.706776997973,541.5214159130214,594.6057599336518,640.0,478.94481419461977,471.76731747476344,401.30870868848217,358.8855694100854,487.04205224669386,457.95137529347494,390.5929929016893,353.768542566669,485.8361441605057,464.62037637019796,408.33849108116056,378.8302928521473,320.0,244.37525234900673,145.44831259403162,65.58835271291832,0.0,161.2069901406995,117.29802679844897,93.53754905985883,70.5416465370017,211.98733592945393,221.87137205496782,243.5673878833556,252.98691101009697,269.15302746067323,283.669859765276,294.6466471519917,294.1827689816049,321.8154882633268,330.08337223861463,331.56518261046347,324.85277932968546,320.0,305.3228614447643,333.7941945352611,352.30484100471807,347.0384842039671,451.8360262991183,543.2338633288364,595.4431733482431,640.0,481.66569168193155,469.44035606685094,398.90224939152733,357.588058909831,490.98401766211464,454.7844771649411,388.92776340118877,354.69342558427326,491.1715597154904,463.6390149675991,408.0991409218814,379.94760821488313,320.0,243.97600018406848,145.794287615321,66.01179019058259,0.0,160.97055394432758,117.34303163073747,94.13015377640278,72.43065087449509,212.37750486857396,221.26375845988986,242.72430424560773,252.1668671429062,269.3108860295407,282.3146009693017,292.9933195960904,293.0385521655017,321.43404444876955,328.0984102592537,329.5528531182448,323.61905818035467,320.0,305.1080175342137,334.72325675943966,354.22796564761205,348.9247391818368,452.7456388480598,544.7117480214497,595.993246501549,640.0,482.6790699377828,471.01941701493024,400.06332061189727,360.30566723381173,491.9704447260459,455.80023766099356,389.4703967589455,356.8895318013797,492.3947149074545,464.08722916512806,408.17456335296026,381.0573349236643
320.0,244.5860984121574,148.90234508717202,69.20938430038848,0.0,162.30452099217317,124.44305871485764,103.10384525141458,82.1681161997486,219.9747506106612,233.80465856074133,250.67408795991,256.34503086030986,281.5398393139848,298.5609507791024,302.8842690218801,297.7297027086436,336.90398306696403,348.0408862675943,343.74753772021467,331.5186374537219,320.0,304.71106816800517,332.67367524414567,349.9373611653426,346.3550915681573,453.46991706143757,540.8401169351135,592.8046334075079,640.0,487.19447432620996,457.44772053094664,382.7658151351539,345.76912181236696,495.49318310570163,439.76397815180167,370.5301166999893,340.06843521614246,492.8335972284548,448.0237594701975,391.68672021738075,367.3733053890539,320.0,244.76609090776708,145.7371718698232,65.98599976643118,0.0,159.29435183174974,118.05737360323889,95.93732817248383,75.11147105626316,210.16537605771035,223.80512555085932,248.5704721602423,259.44376164215447,267.36943155115114,284.9198580046198,297.5243055776979,296.9334354538635,320.5690932094765,333.54405289886614,335.5371735640062,327.7353731804546,320.0,306.2188548650201,332.5510868599358,349.0556635073686,344.6275662449716,451.706776997973,541.5214159130214,594.6057599336518,640.0,478.94481419461977,471.76731747476344,401.30870868848217,358.8855694100854,487.04205224669386,457.95137529347494,390.5929929016893,353.768542566669,485.8361441605057,464.62037637019796,408.33849108116056,378.8302928521473,320.0,244.37525234900673,145.44831259403162,65.58835271291832,0.0,161.2069901406995,117.29802679844897,93.53754905985883,70.5416465370017,211.98733592945393,221.87137205496782,243.5673878833556,252.98691101009697,269.15302746067323,283.669859765276,294.6466471519917,294.1827689816049,321.8154882633268,330.08337223861463,331.56518261046347,324.85277932968546,320.0,305.3228614447643,333.7941945352611,352.30484100471807,347.0384842039671,451.8360262991183,543.2338633288364,595.4431733482431,640.0,481.66569168193155,469.44035606685094,398.90224939152733,357.588058909831,490.98401766211464,454.7844771649411,388.92776340118877,354.69342558427326,491.1715597154904,463.6390149675991,408.0991409218814,379.94760821488313,320.0,243.97600018406848,145.794287615321,66.01179019058259,0.0,160.97055394432758,117.34303163073747,94.13015377640278,72.43065087449509,212.37750486857396,221.26375845988986,242.72430424560773,252.1668671429062,269.3108860295407,282.3146009693017,292.9933195960904,293.0385521655017,321.43404444876955,328.0984102592537,329.5528531182448,323.61905818035467,320.0,305.1080175342137,334.72325675943966,354.22796564761205,348.9247391818368,452.7456388480598,544.7117480214497,595.993246501549,640.0,482.6790699377828,471.01941701493024,400.06332061189727,360.30566723381173,491.9704447260459,455.80023766099356,389.4703967589455,356.8895318013797,492.3947149074545,464.08722916512806,408.17456335296026,381.0573349236643,320.0,236.43476535745913,137.62162556871942,60.51868883640543,0.0,146.02956307303583,120.05649913848049,108.97826912223547,102.970040588411,196.91865910001675,216.16500000659832,234.0665171342743,241.58408733700523,255.79691982040276,278.5284710525494,291.53615280632766,297.12159675609433,312.7077577223334,328.67301365542477,335.4547578001935,335.2914188084418,320.0,292.9460492914752,323.5142829600591,355.67738825873204,360.8703447832653,469.77365765881564,546.8569133382604,600.4416310529867,640.0,515.5892162848238,537.9782140676714,468.9142379743581,414.1404839176119,536.0612448186112,525.6836219915813,454.71418013559975,404.484560264773,543.9733941711385,532.4773625526173,472.6682947206067,434.65441341859196
320.0,244.76609090776708,145.7371718698232,65.98599976643118,0.0,159.29435183174974,118.05737360323889,95.93732817248383,75.11147105626316,210.16537605771035,223.80512555085932,248.5704721602423,259.44376164215447,267.36943155115114,284.9198580046198,297.5243055776979,296.9334354538635,320.5690932094765,333.54405289886614,335.5371735640062,327.7353731804546,320.0,306.2188548650201,332.5510868599358,349.0556635073686,344.6275662449716,451.706776997973,541.5214159130214,594.6057599336518,640.0,478.94481419461977,471.76731747476344,401.30870868848217,358.8855694100854,487.04205224669386,457.95137529347494,390.5929929016893,353.768542566669,485.8361441605057,464.62037637019796,408.33849108116056,378.8302928521473,320.0,244.37525234900673,145.44831259403162,65.58835271291832,0.0,161.2069901406995,117.29802679844897,93.53754905985883,70.5416465370017,211.98733592945393,221.87137205496782,243.5673878833556,252.98691101009697,269.15302746067323,283.669859765276,294.6466471519917,294.1827689816049,321.8154882633268,330.08337223861463,331.56518261046347,324.85277932968546,320.0,305.3228614447643,333.7941945352611,352.30484100471807,347.0384842039671,451.8360262991183,543.2338633288364,595.4431733482431,640.0,481.66569168193155,469.44035606685094,398.90224939152733,357.588058909831,490.98401766211464,454.7844771649411,388.92776340118877,354.69342558427326,491.1715597154904,463.6390149675991,408.0991409218814,379.94760821488313,320.0,243.97600018406848,145.794287615321,66.01179019058259,0.0,160.97055394432758,117.34303163073747,94.13015377640278,72.43065087449509,212.37750486857396,221.26375845988986,242.72430424560773,252.1668671429062,269.3108860295407,282.3146009693017,292.9933195960904,293.0385521655017,321.43404444876955,328.0984102592537,329.5528531182448,323.61905818035467,320.0,305.1080175342137,334.72325675943966,354.22796564761205,348.9247391818368,452.7456388480598,544.7117480214497,595.993246501549,640.0,482.6790699377828,471.01941701493024,400.06332061189727,360.30566723381173,491.9704447260459,455.80023766099356,389.4703967589455,356.8895318013797,492.3947149074545,464.08722916512806,408.17456335296026,381.0573349236643,320.0,236.43476535745913,137.62162556871942,60.51868883640543,0.0,146.02956307303583,120.05649913848049,108.97826912223547,102.970040588411,196.91865910001675,216.16500000659832,234.0665171342743,241.58408733700523,255.79691982040276,278.5284710525494,291.53615280632766,297.12159675609433,312.7077577223334,328.67301365542477,335.4547578001935,335.2914188084418,320.0,292.9460492914752,323.5142829600591,355.67738825873204,360.8703447832653,469.77365765881564,546.8569133382604,600.4416310529867,640.0,515.5892162848238,537.9782140676714,468.9142379743581,414.1404839176119,536.0612448186112,525.6836219915813,454.71418013559975,404.484560264773,543.9733941711385,532.4773625526173,472.6682947206067,434.65441341859196,320.0,237.6865682614627,144.36683848095475,63.62878311373231,0.0,168.00744982396523,138.75303670181918,115.70677754270173,98.3286254584664,221.7637458237692,256.15540071394145,253.29208701263693,244.27142845473332,286.9781324794354,306.14603942198517,297.1176369681177,289.8978426551434,343.4296963706614,352.9681503688153,344.10852890482687,336.050073926433,320.0,302.13624297917596,327.1905614465346,353.36827310717905,350.1335084345245,431.4041754752395,528.0736043823132,588.4816482166478,640.0,472.22389604462603,438.09908336606924,392.7737123624184,374.7862340002831,480.0883739108383,424.81707031229945,392.4223079042064,382.9611461668396,478.70443611986195,427.3398077830097,392.68165753895914,381.6308109990737
320.0,244.37525234900673,145.44831259403162,65.58835271291832,0.0,161.2069901406995,117.29802679844897,93.53754905985883,70.5416465370017,211.98733592945393,221.87137205496782,243.5673878833556,252.98691101009697,269.15302746067323,283.669859765276,294.6466471519917,294.1827689816049,321.8154882633268,330.08337223861463,331.56518261046347,324.85277932968546,320.0,305.3228614447643,333.7941945352611,352.30484100471807,347.0384842039671,451.8360262991183,543.2338633288364,595.4431733482431,640.0,481.66569168193155,469.44035606685094,398.90224939152733,357.588058909831,490.98401766211464,454.7844771649411,388.92776340118877,354.69342558427326,491.1715597154904,463.6390149675991,408.0991409218814,379.94760821488313,320.0,243.97600018406848,145.794287615321,66.01179019058259,0.0,160.97055394432758,117.34303163073747,94.13015377640278,72.43065087449509,212.37750486857396,221.26375845988986,242.72430424560773,252.1668671429062,269.3108860295407,282.3146009693017,292.9933195960904,293.0385521655017,321.43404444876955,328.0984102592537,329.5528531182448,323.61905818035467,320.0,305.1080175342137,334.72325675943966,354.22796564761205,348.9247391818368,452.7456388480598,544.7117480214497,595.993246501549,640.0,482.6790699377828,471.01941701493024,400.06332061189727,360.30566723381173,491.9704447260459,455.80023766099356,389.4703967589455,356.8895318013797,492.3947149074545,464.08722916512806,408.17456335296026,381.0573349236643,320.0,236.43476535745913,137.62162556871942,60.51868883640543,0.0,146.02956307303583,120.05649913848049,108.97826912223547,102.970040588411,196.91865910001675,216.16500000659832,234.0665171342743,241.58408733700523,255.79691982040276,278.5284710525494,291.53615280632766,297.12159675609433,312.7077577223334,328.67301365542477,335.4547578001935,335.2914188084418,320.0,292.9460492914752,323.5142829600591,355.67738825873204,360.8703447832653,469.77365765881564,546.8569133382604,600.4416310529867,640.0,515.5892162848238,537.9782140676714,468.9142379743581,414.1404839176119,536.0612448186112,525.6836219915813,454.71418013559975,404.484560264773,543.9733941711385,532.4773625526173,472.6682947206067,434.65441341859196,320.0,237.6865682614627,144.36683848095475,63.62878311373231,0.0,168.00744982396523,138.75303670181918,115.70677754270173,98.3286254584664,221.7637458237692,256.15540071394145,253.29208701263693,244.27142845473332,286.9781324794354,306.14603942198517,297.1176369681177,289.8978426551434,343.4296963706614,352.9681503688153,344.10852890482687,336.050073926433,320.0,302.13624297917596,327.1905614465346,353.36827310717905,350.1335084345245,431.4041754752395,528.0736043823132,588.4816482166478,640.0,472.22389604462603,438.09908336606924,392.7737123624184,374.7862340002831,480.0883739108383,424.81707031229945,392.4223079042064,382.9611461668396,478.70443611986195,427.3398077830097,392.68165753895914,381.6308109990737,320.0,244.69097461140092,146.78520571743684,64.75821267472523,0.0,177.31068351251156,140.3280612800955,117.6419243997434,100.44338168353255,237.69111938546394,253.85337911880853,257.4721450907224,254.57300272793373,300.4893059683243,317.8172018698085,311.872282165191,299.6091490701113,355.15142878986774,367.9223447108396,357.47914413044197,342.29870196768013,320.0,319.35130174020077,352.09151159384703,373.0356887809697,375.2674419342604,452.11909158114247,538.9133443132486,591.6157859278993,640.0,476.08483257068656,461.29512359470726,393.9719938229308,363.33192992979514,478.27760185618274,439.1469269289978,382.9862058844678,365.02071443250384,472.4431279712326,437.9122563320161,387.1963798600535,368.7926444120233
320.0,243.97600018406848,145.794287615321,66.01179019058259,0.0,160.97055394432758,117.34303163073747,94.13015377640278,72.43065087449509,212.37750486857396,221.26375845988986,242.72430424560773,252.1668671429062,269.3108860295407,282.3146009693017,292.9933195960904,293.0385521655017,321.43404444876955,328.0984102592537,329.5528531182448,323.61905818035467,320.0,305.1080175342137,334.72325675943966,354.22796564761205,348.9247391818368,452.7456388480598,544.7117480214497,595.993246501549,640.0,482.6790699377828,471.01941701493024,400.06332061189727,360.30566723381173,491.9704447260459,455.80023766099356,389.4703967589455,356.8895318013797,492.3947149074545,464.08722916512806,408.17456335296026,381.0573349236643,320.0,236.43476535745913,137.62162556871942,60.51868883640543,0.0,146.02956307303583,120.05649913848049,108.97826912223547,102.970040588411,196.91865910001675,216.16500000659832,234.0665171342743,241.58408733700523,255.79691982040276,278.5284710525494,291.53615280632766,297.12159675609433,312.7077577223334,328.67301365542477,335.4547578001935,335.2914188084418,320.0,292.9460492914752,323.5142829600591,355.67738825873204,360.8703447832653,469.77365765881564,546.8569133382604,600.4416310529867,640.0,515.5892162848238,537.9782140676714,468.9142379743581,414.1404839176119,536.0612448186112,525.6836219915813,454.71418013559975,404.484560264773,543.9733941711385,532.4773625526173,472.6682947206067,434.65441341859196,320.0,237.6865682614627,144.36683848095475,63.62878311373231,0.0,168.00744982396523,138.75303670181918,115.70677754270173,98.3286254584664,221.7637458237692,256.15540071394145,253.29208701263693,244.27142845473332,286.9781324794354,306.14603942198517,297.1176369681177,289.8978426551434,343.4296963706614,352.9681503688153,344.10852890482687,336.050073926433,320.0,302.13624297917596,327.1905614465346,353.36827310717905,350.1335084345245,431.4041754752395,528.0736043823132,588.4816482166478,640.0,472.22389604462603,438.09908336606924,392.7737123624184,374.7862340002831,480.0883739108383,424.81707031229945,392.4223079042064,382.9611461668396,478.70443611986195,427.3398077830097,392.68165753895914,381.6308109990737,320.0,244.69097461140092,146.78520571743684,64.75821267472523,0.0,177.31068351251156,140.3280612800955,117.6419243997434,100.44338168353255,237.69111938546394,253.85337911880853,257.4721450907224,254.57300272793373,300.4893059683243,317.8172018698085,311.872282165191,299.6091490701113,355.15142878986774,367.9223447108396,357.47914413044197,342.29870196768013,320.0,319.35130174020077,352.09151159384703,373.0356887809697,375.2674419342604,452.11909158114247,538.9133443132486,591.6157859278993,640.0,476.08483257068656,461.29512359470726,393.9719938229308,363.33192992979514,478.27760185618274,439.1469269289978,382.9862058844678,365.02071443250384,472.4431279712326,437.9122563320161,387.1963798600535,368.7926444120233,320.0,245.72794381747389,148.26178687083137,66.56368361830869,0.0,174.70406134301086,137.6503325638377,114.10499387722257,97.95921106572533,235.91655891741084,263.0472512405054,261.82109745514543,252.0330601281688,301.2377348527211,326.85715749037433,317.73721043744246,303.69173785991325,359.15486907058073,373.9506605910583,360.29859991827465,343.47713269020073,320.0,314.0365957662397,345.60869641466456,369.9189166894543,373.23427928580384,447.51404833925164,535.6336292371216,590.5711088175518,640.0,476.11635663562134,453.1303858137657,388.9017100151535,368.7058250415536,479.67897675790164,434.00953898375985,377.9868366440912,365.1501055159956,475.4351097736586,434.07455424444504,383.59693863963935,368.5591250064141
320.0,236.43476535745913,137.62162556871942,60.51868883640543,0.0,146.02956307303583,120.05649913848049,108.97826912223547,102.970040588411,196.91865910001675,216.16500000659832,234.0665171342743,241.58408733700523,255.79691982040276,278.5284710525494,291.53615280632766,297.12159675609433,312.7077577223334,328.67301365542477,335.4547578001935,335.2914188084418,320.0,292.9460492914752,323.5142829600591,355.67738825873204,360.8703447832653,469.77365765881564,546.8569133382604,600.4416310529867,640.0,515.5892162848238,537.9782140676714,468.9142379743581,414.1404839176119,536.0612448186112,525.6836219915813,454.71418013559975,404.484560264773,543.9733941711385,532.4773625526173,472.6682947206067,434.65441341859196,320.0,237.6865682614627,144.36683848095475,63.62878311373231,0.0,168.00744982396523,138.75303670181918,115.70677754270173,98.3286254584664,221.7637458237692,256.15540071394145,253.29208701263693,244.27142845473332,286.9781324794354,306.14603942198517,297.1176369681177,289.8978426551434,343.4296963706614,352.9681503688153,344.10852890482687,336.050073926433,320.0,302.13624297917596,327.1905614465346,353.36827310717905,350.1335084345245,431.4041754752395,528.0736043823132,588.4816482166478,640.0,472.22389604462603,438.09908336606924,392.7737123624184,374.7862340002831,480.0883739108383,424.81707031229945,392.4223079042064,382.9611461668396,478.70443611986195,427.3398077830097,392.68165753895914,381.6308109990737,320.0,244.69097461140092,146.78520571743684,64.75821267472523,0.0,177.31068351251156,140.3280612800955,117.6419243997434,100.44338168353255,237.69111938546394,253.85337911880853,257.4721450907224,254.57300272793373,300.4893059683243,317.8172018698085,311.872282165191,299.6091490701113,355.15142878986774,367.9223447108396,357.47914413044197,342.29870196768013,320.0,319.35130174020077,352.09151159384703,373.0356887809697,375.2674419342604,452.11909158114247,538.9133443132486,591.6157859278993,640.0,476.08483257068656,461.29512359470726,393.9719938229308,363.33192992979514,478.27760185618274,439.1469269289978,382.9862058844678,365.02071443250384,472.4431279712326,437.9122563320161,387.1963798600535,368.7926444120233,320.0,245.72794381747389,148.26178687083137,66.56368361830869,0.0,174.70406134301086,137.6503325638377,114.10499387722257,97.95921106572533,235.91655891741084,263.0472512405054,261.82109745514543,252.0330601281688,301.2377348527211,326.85715749037433,317.73721043744246,303.69173785991325,359.15486907058073,373.9506605910583,360.29859991827465,343.47713269020073,320.0,314.0365957662397,345.60869641466456,369.9189166894543,373.23427928580384,447.51404833925164,535.6336292371216,590.5711088175518,640.0,476.11635663562134,453.1303858137657,388.9017100151535,368.7058250415536,479.67897675790164,434.00953898375985,377.9868366440912,365.1501055159956,475.4351097736586,434.07455424444504,383.59693863963935,368.5591250064141,320.0,244.05498096722548,149.41059549696416,68.59719849563075,0.0,182.62314160922782,146.71879653749238,128.31433481691477,111.26981565783063,239.9355892842571,254.992436838506,267.38886037472747,267.1237848736359,297.7574357727364,318.51791222621694,317.49449386632637,303.9739167022437,349.81295281076433,360.56911479869905,355.06578891924386,339.51666064066626,320.0,316.06574396048484,345.05439902046646,366.7630356378596,372.2446370692976,456.5921821541493,542.4749404203628,593.5375012022796,640.0,473.460331386446,479.0539318489357,407.5324742737595,365.98706270734556,472.9203869483063,461.1017207484719,393.086227752737,358.8312976427176,463.483847722437,459.9012222286118,408.39597825362324,380.998800519283
320.0,237.6865682614627,144.36683848095475,63.62878311373231,0.0,168.00744982396523,138.75303670181918,115.70677754270173,98.3286254584664,221.7637458237692,256.15540071394145,253.29208701263693,244.27142845473332,286.9781324794354,306.14603942198517,297.1176369681177,289.8978426551434,343.4296963706614,352.9681503688153,344.10852890482687,336.050073926433,320.0,302.13624297917596,327.1905614465346,353.36827310717905,350.1335084345245,431.4041754752395,528.0736043823132,588.4816482166478,640.0,472.22389604462603,438.09908336606924,392.7737123624184,374.7862340002831,480.0883739108383,424.81707031229945,392.4223079042064,382.9611461668396,478.70443611986195,427.3398077830097,392.68165753895914,381.6308109990737,320.0,244.69097461140092,146.78520571743684,64.75821267472523,0.0,177.31068351251156,140.3280612800955,117.6419243997434,100.44338168353255,237.69111938546394,253.85337911880853,257.4721450907224,254.57300272793373,300.4893059683243,317.8172018698085,311.872282165191,299.6091490701113,355.15142878986774,367.9223447108396,357.47914413044197,342.29870196768013,320.0,319.35130174020077,352.09151159384703,373.0356887809697,375.2674419342604,452.11909158114247,538.9133443132486,591.6157859278993,640.0,476.08483257068656,461.29512359470726,393.9719938229308,363.33192992979514,478.27760185618274,439.1469269289978,382.9862058844678,365.02071443250384,472.4431279712326,437.9122563320161,387.1963798600535,368.7926444120233,320.0,245.72794381747389,148.26178687083137,66.56368361830869,0.0,174.70406134301086,137.6503325638377,114.10499387722257,97.95921106572533,235.91655891741084,263.0472512405054,261.82109745514543,252.0330601281688,301.2377348527211,326.85715749037433,317.73721043744246,303.69173785991325,359.15486907058073,373.9506605910583,360.29859991827465,343.47713269020073,320.0,314.0365957662397,345.60869641466456,369.9189166894543,373.23427928580384,447.51404833925164,535.6336292371216,590.5711088175518,640.0,476.11635663562134,453.1303858137657,388.9017100151535,368.7058250415536,479.67897675790164,434.00953898375985,377.9868366440912,365.1501055159956,475.4351097736586,434.07455424444504,383.59693863963935,368.5591250064141,320.0,244.05498096722548,149.41059549696416,68.59719849563075,0.0,182.62314160922782,146.71879653749238,128.31433481691477,111.26981565783063,239.9355892842571,254.992436838506,267.38886037472747,267.1237848736359,297.7574357727364,318.51791222621694,317.49449386632637,303.9739167022437,349.81295281076433,360.56911479869905,355.06578891924386,339.51666064066626,320.0,316.06574396048484,345.05439902046646,366.7630356378596,372.2446370692976,456.5921821541493,542.4749404203628,593.5375012022796,640.0,473.460331386446,479.0539318489357,407.5324742737595,365.98706270734556,472.9203869483063,461.1017207484719,393.086227752737,358.8312976427176,463.483847722437,459.9012222286118,408.39597825362324,380.998800519283,320.0,246.6759513116162,152.55009027797934,71.52308373389886,0.0,182.88937769306142,147.806238970737,128.2915776388578,111.69059976707996,240.69298823994933,254.42747164838147,266.91246040502256,267.7180907096458,298.6627249847016,315.9943638090154,316.1899054625842,304.9459905908149,350.35653772401383,361.4645103507985,353.7916873949704,336.3280469175701,320.0,314.80555206481847,347.88649023560816,372.1185466219025,375.69597976692296,457.79465680163116,544.9782556108323,595.1471305333741,640.0,475.56389480614854,479.6519062440974,407.80829149334414,367.2789626316663,475.5176454424469,459.7792194451249,391.3284686194346,357.38057919273143,467.5300866844197,457.4126101398365,405.364334817456,379.35881517613325
320.0,244.69097461140092,146.78520571743684,64.75821267472523,0.0,177.31068351251156,140.3280612800955,117.6419243997434,100.44338168353255,237.69111938546394,253.85337911880853,257.4721450907224,254.57300272793373,300.4893059683243,317.8172018698085,311.872282165191,299.6091490701113,355.15142878986774,367.9223447108396,357.47914413044197,342.29870196768013,320.0,319.35130174020077,352.09151159384703,373.0356887809697,375.2674419342604,452.11909158114247,538.9133443132486,591.6157859278993,640.0,476.08483257068656,461.29512359470726,393.9719938229308,363.33192992979514,478.27760185618274,439.1469269289978,382.9862058844678,365.02071443250384,472.4431279712326,437.9122563320161,387.1963798600535,368.7926444120233,320.0,245.72794381747389,148.26178687083137,66.56368361830869,0.0,174.70406134301086,137.6503325638377,114.10499387722257,97.95921106572533,235.91655891741084,263.0472512405054,261.82109745514543,252.0330601281688,301.2377348527211,326.85715749037433,317.73721043744246,303.69173785991325,359.15486907058073,373.9506605910583,360.29859991827465,343.47713269020073,320.0,314.0365957662397,345.60869641466456,369.9189166894543,373.23427928580384,447.51404833925164,535.6336292371216,590.5711088175518,640.0,476.11635663562134,453.1303858137657,388.9017100151535,368.7058250415536,479.67897675790164,434.00953898375985,377.9868366440912,365.1501055159956,475.4351097736586,434.07455424444504,383.59693863963935,368.5591250064141,320.0,244.05498096722548,149.41059549696416,68.59719849563075,0.0,182.62314160922782,146.71879653749238,128.31433481691477,111.26981565783063,239.9355892842571,254.992436838506,267.38886037472747,267.1237848736359,297.7574357727364,318.51791222621694,317.49449386632637,303.9739167022437,349.81295281076433,360.56911479869905,355.06578891924386,339.51666064066626,320.0,316.06574396048484,345.05439902046646,366.7630356378596,372.2446370692976,456.5921821541493,542.4749404203628,593.5375012022796,640.0,473.460331386446,479.0539318489357,407.5324742737595,365.98706270734556,472.9203869483063,461.1017207484719,393.086227752737,358.8312976427176,463.483847722437,459.9012222286118,408.39597825362324,380.998800519283,320.0,246.6759513116162,152.55009027797934,71.52308373389886,0.0,182.88937769306142,147.806238970737,128.2915776388578,111.69059976707996,240.69298823994933,254.42747164838147,266.91246040502256,267.7180907096458,298.6627249847016,315.9943638090154,316.1899054625842,304.9459905908149,350.35653772401383,361.4645103507985,353.7916873949704,336.3280469175701,320.0,314.80555206481847,347.88649023560816,372.1185466219025,375.69597976692296,457.79465680163116,544.9782556108323,595.1471305333741,640.0,475.56389480614854,479.6519062440974,407.80829149334414,367.2789626316663,475.5176454424469,459.7792194451249,391.3284686194346,357.38057919273143,467.5300866844197,457.4126101398365,405.364334817456,379.35881517613325,320.0,242.5343547692275,148.61977114032783,66.01125806385184,0.0,166.85890663890905,130.09489684592293,111.91361111861343,96.91955969850318,224.11799432740276,240.17956774308178,255.32140595723087,252.92363724641962,282.5544755289693,294.8803842357304,301.080541919405,291.29316859642387,334.0084694697687,340.6518716373346,339.981863997365,328.3892599184304,320.0,311.50315955018857,336.52717549564096,357.8913064274849,368.8971167199128,450.4322870181436,538.6386443842425,591.0825309621201,640.0,466.4600738192029,482.7491398097016,406.4724576159824,372.6459800492619,470.2538468088596,469.9881733689499,401.3100753435242,376.14649463911957,468.45514763314947,467.40435409248744,413.70850560792564,390.63099544490734
320.0,236.21576970551598,144.03650475306551,70.70769544843645,0.0,202.09017687187986,183.75568732786797,173.97282180304597,162.77014216665688,274.3114434612978,256.7709020522582,252.13439011619445,253.4100527950369,342.0214469204785,323.1672107472775,310.1307116650001,302.2101707474288,401.97453060051754,391.47134267249123,370.22745530946435,354.8933041224739,320.0,327.17525681153836,364.49823792946984,387.2162769751127,391.31731342154166,462.6474745651849,543.7814929107521,595.169768221105,640.0,470.80103097525915,475.18197355710146,412.03067230333255,366.2585065121891,461.7902919672067,447.39805591100014,383.93035228072927,340.17061883829916,443.3867357612806,433.7954974722379,384.9282065478198,354.0656698249743,320.0,235.9387841267958,143.37242950307404,65.66431771114173,0.0,199.12425356693066,177.39100804022667,163.74982009624313,151.9077746042205,265.667799832117,256.89856061844705,257.3386783346465,259.1789536319699,330.6948381285721,321.55730518797566,313.38257170483035,305.88567245897525,389.4640155777133,382.47023852878294,363.46514854893564,347.3674757548004,320.0,334.92981098735044,376.9357934402892,400.4476166807394,401.655389313743,473.1366670821503,552.6998205571252,599.6024973042618,640.0,480.36516151522375,488.8878355339891,424.2377030697759,379.71236415411664,471.7492007484849,467.8507729403933,405.12808883740416,365.3658615241562,455.17122832755706,450.8831911602821,401.6924501157254,373.2709101114307,320.0,234.33689968186644,144.1176037608697,67.5565645512595,0.0,197.75117538625395,173.38445418818247,162.34806406262896,152.38519815207565,261.88192071581716,257.49199572006125,259.4935436320113,259.4254455798826,325.752783511315,319.2614163657633,310.8256098952807,301.5655752258078,383.2462582302222,378.6898062065065,360.64805333645313,344.25746759910754,320.0,336.04126536483784,377.3851128378397,403.5050767565557,407.16039228108446,472.1517771251671,552.7138160276193,599.2985233447482,640.0,479.42611351176004,489.3233793968349,425.16437382181425,382.2600590804353,471.7319295739264,469.3658264719876,407.2436302079907,370.235389480492,455.7449639504688,454.51529428320964,405.85496309441464,377.9954565626201,320.0,235.1055544301746,144.6013809388764,68.48671555321476,0.0,192.89991376366615,169.49774801627493,159.24991752565387,150.2215544533253,256.18109398602854,256.95866096387914,259.9049478820009,258.4227849126929,320.25602815124347,321.46132734502055,313.2969296392543,301.15233503683856,378.6127965459165,379.74875478206513,361.0906291779767,341.43235656698363,320.0,335.2748530998921,380.6532357996562,410.25322780509254,416.0598393092697,474.28720470080344,553.2127353399688,599.3555981932286,640.0,480.4293080705121,491.51105248431065,429.7797897429748,391.6826957668785,472.9390414518127,473.6376464004477,413.54774753167845,380.6597913418875,458.1110844625655,459.2057400967342,411.5353559579486,386.07095175280807,320.0,234.99914807568084,145.17295936040142,68.30774127713752,0.0,195.25603602422837,171.22622803486337,160.78811425147683,153.42441746164,258.18549481824056,256.4740443936827,258.7076588932473,259.78928447718994,322.1055262739077,321.6124399674209,312.6568242882687,303.31861033356114,380.57934598425345,379.6654652349345,360.30362208262727,343.28824063585387,320.0,339.4239513108059,385.2232329553712,414.51872855240407,420.4310330338703,478.7733186221733,556.5744352071277,600.9119337365062,640.0,484.0642347774591,495.15605396860235,430.96995779439374,393.6094246334815,475.8534697279325,478.3608920420336,416.3226647763617,384.7974002374745,460.28613601693365,463.02545683193983,415.11694284694556,390.95018472985544
320.0,235.9387841267958,143.37242950307404,65.66431771114173,0.0,199.12425356693066,177.39100804022667,163.74982009624313,151.9077746042205,265.667799832117,256.89856061844705,257.3386783346465,259.1789536319699,330.6948381285721,321.55730518797566,313.38257170483035,305.88567245897525,389.4640155777133,382.47023852878294,363.46514854893564,347.3674757548004,320.0,334.92981098735044,376.9357934402892,400.4476166807394,401.655389313743,473.1366670821503,552.6998205571252,599.6024973042618,640.0,480.36516151522375,488.8878355339891,424.2377030697759,379.71236415411664,471.7492007484849,467.8507729403933,405.12808883740416,365.3658615241562,455.17122832755706,450.8831911602821,401.6924501157254,373.2709101114307,320.0,234.33689968186644,144.1176037608697,67.5565645512595,0.0,197.75117538625395,173.38445418818247,162.34806406262896,152.38519815207565,261.88192071581716,257.49199572006125,259.4935436320113,259.4254455798826,325.752783511315,319.2614163657633,310.8256098952807,301.5655752258078,383.2462582302222,378.6898062065065,360.64805333645313,344.25746759910754,320.0,336.04126536483784,377.3851128378397,403.5050767565557,407.16039228108446,472.1517771251671,552.7138160276193,599.2985233447482,640.0,479.42611351176004,489.3233793968349,425.16437382181425,382.2600590804353,471.7319295739264,469.3658264719876,407.2436302079907,370.235389480492,455.7449639504688,454.51529428320964,405.85496309441464,377.9954565626201,320.0,235.1055544301746,144.6013809388764,68.48671555321476,0.0,192.89991376366615,169.49774801627493,159.24991752565387,150.2215544533253,256.18109398602854,256.95866096387914,259.9049478820009,258.4227849126929,320.25602815124347,321.46132734502055,313.2969296392543,301.15233503683856,378.6127965459165,379.74875478206513,361.0906291779767,341.43235656698363,320.0,335.2748530998921,380.6532357996562,410.25322780509254,416.0598393092697,474.28720470080344,553.2127353399688,599.3555981932286,640.0,480.4293080705121,491.51105248431065,429.7797897429748,391.6826957668785,472.9390414518127,473.6376464004477,413.54774753167845,380.6597913418875,458.1110844625655,459.2057400967342,411.5353559579486,386.07095175280807,320.0,234.99914807568084,145.17295936040142,68.30774127713752,0.0,195.25603602422837,171.22622803486337,160.78811425147683,153.42441746164,258.18549481824056,256.4740443936827,258.7076588932473,259.78928447718994,322.1055262739077,321.6124399674209,312.6568242882687,303.31861033356114,380.57934598425345,379.6654652349345,360.30362208262727,343.28824063585387,320.0,339.4239513108059,385.2232329553712,414.51872855240407,420.4310330338703,478.7733186221733,556.5744352071277,600.9119337365062,640.0,484.0642347774591,495.15605396860235,430.96995779439374,393.6094246334815,475.8534697279325,478.3608920420336,416.3226647763617,384.7974002374745,460.28613601693365,463.02545683193983,415.11694284694556,390.95018472985544,320.0,233.42995097025295,143.406492435785,67.95722671669662,0.0,193.85622951631558,170.61556774582607,161.4048225694151,154.92097733211753,257.41636364166044,255.59809474423253,259.61252341512727,262.1778110533967,321.63540163315963,319.59335898922393,312.28821450732823,304.2421294583422,380.50460262016367,377.097282825605,358.9846233623977,343.10472322809755,320.0,339.06202192601813,385.43094998625804,415.334500330496,421.7423589432404,477.842073170131,556.0305809734805,600.9342938567155,640.0,483.13875609398104,494.1073210519524,431.2053596495462,390.79347598018404,475.0160224047694,476.1249126968569,414.6426949556761,380.58279588746785,459.9429241849162,460.9994473674101,413.42863700707585,387.9744390188161
320.0,234.33689968186644,144.1176037608697,67.5565645512595,0.0,197.75117538625395,173.38445418818247,162.34806406262896,152.38519815207565,261.88192071581716,257.49199572006125,259.4935436320113,259.4254455798826,325.752783511315,319.2614163657633,310.8256098952807,301.5655752258078,383.2462582302222,378.6898062065065,360.64805333645313,344.25746759910754,320.0,336.04126536483784,377.3851128378397,403.5050767565557,407.16039228108446,472.1517771251671,552.7138160276193,599.2985233447482,640.0,479.42611351176004,489.3233793968349,425.16437382181425,382.2600590804353,471.7319295739264,469.3658264719876,407.2436302079907,370.235389480492,455.7449639504688,454.51529428320964,405.85496309441464,377.9954565626201,320.0,235.1055544301746,144.6013809388764,68.48671555321476,0.0,192.89991376366615,169.49774801627493,159.24991752565387,150.2215544533253,256.18109398602854,256.95866096387914,259.9049478820009,258.4227849126929,320.25602815124347,321.46132734502055,313.2969296392543,301.15233503683856,378.6127965459165,379.74875478206513,361.0906291779767,341.43235656698363,320.0,335.2748530998921,380.6532357996562,410.25322780509254,416.0598393092697,474.28720470080344,553.2127353399688,599.3555981932286,640.0,480.4293080705121,491.51105248431065,429.7797897429748,391.6826957668785,472.9390414518127,473.6376464004477,413.54774753167845,380.6597913418875,458.1110844625655,459.2057400967342,411.5353559579486,386.07095175280807,320.0,234.99914807568084,145.17295936040142,68.30774127713752,0.0,195.25603602422837,171.22622803486337,160.78811425147683,153.42441746164,258.18549481824056,256.4740443936827,258.7076588932473,259.78928447718994,322.1055262739077,321.6124399674209,312.6568242882687,303.31861033356114,380.57934598425345,379.6654652349345,360.30362208262727,343.28824063585387,320.0,339.4239513108059,385.2232329553712,414.51872855240407,420.4310330338703,478.7733186221733,556.5744352071277,600.9119337365062,640.0,484.0642347774591,495.15605396860235,430.96995779439374,393.6094246334815,475.8534697279325,478.3608920420336,416.3226647763617,384.7974002374745,460.28613601693365,463.02545683193983,415.11694284694556,390.95018472985544,320.0,233.42995097025295,143.406492435785,67.95722671669662,0.0,193.85622951631558,170.61556774582607,161.4048225694151,154.92097733211753,257.41636364166044,255.59809474423253,259.61252341512727,262.1778110533967,321.63540163315963,319.59335898922393,312.28821450732823,304.2421294583422,380.50460262016367,377.097282825605,358.9846233623977,343.10472322809755,320.0,339.06202192601813,385.43094998625804,415.334500330496,421.7423589432404,477.842073170131,556.0305809734805,600.9342938567155,640.0,483.13875609398104,494.1073210519524,431.2053596495462,390.79347598018404,475.0160224047694,476.1249126968569,414.6426949556761,380.58279588746785,459.9429241849162,460.9994473674101,413.42863700707585,387.9744390188161,320.0,231.65472085006502,140.72867280877358,66.09249849041475,0.0,193.58268184335475,170.58419501872766,162.52106644468176,155.68552542252752,257.55346433313855,253.35494813905834,257.5254104832734,260.2288454817019,321.7936304882718,314.11558454823967,308.9611250816751,302.9763346598227,380.648383950474,372.3345866307377,355.7723274434609,341.979524302875,320.0,337.78106361949654,383.45665321338515,413.50059761246257,420.14496785164823,477.97263565952255,556.0989192692338,601.080499263735,640.0,484.8505595452395,488.7571664643509,428.54596898787736,389.0389995806818,477.2079705060856,469.3487150554156,410.49431132429254,376.84601761584554,462.43482613852234,456.14895118795005,409.29161359845597,383.7084482600037
320.0,235.1055544301746,144.6013809388764,68.48671555321476,0.0,192.89991376366615,169.49774801627493,159.24991752565387,150.2215544533253,256.18109398602854,256.95866096387914,259.9049478820009,258.4227849126929,320.25602815124347,321.46132734502055,313.2969296392543,301.15233503683856,378.6127965459165,379.74875478206513,361.0906291779767,341.43235656698363,320.0,335.2748530998921,380.6532357996562,410.25322780509254,416.0598393092697,474.28720470080344,553.2127353399688,599.3555981932286,640.0,480.4293080705121,491.51105248431065,429.7797897429748,391.6826957668785,472.9390414518127,473.6376464004477,413.54774753167845,380.6597913418875,458.1110844625655,459.2057400967342,411.5353559579486,386.07095175280807,320.0,234.99914807568084,145.17295936040142,68.30774127713752,0.0,195.25603602422837,171.22622803486337,160.78811425147683,153.42441746164,258.18549481824056,256.4740443936827,258.7076588932473,259.78928447718994,322.1055262739077,321.6124399674209,312.6568242882687,303.31861033356114,380.57934598425345,379.6654652349345,360.30362208262727,343.28824063585387,320.0,339.4239513108059,385.2232329553712,414.51872855240407,420.4310330338703,478.7733186221733,556.5744352071277,600.9119337365062,640.0,484.0642347774591,495.15605396860235,430.96995779439374,393.6094246334815,475.8534697279325,478.3608920420336,416.3226647763617,384.7974002374745,460.28613601693365,463.02545683193983,415.11694284694556,390.95018472985544,320.0,233.42995097025295,143.406492435785,67.95722671669662,0.0,193.85622951631558,170.61556774582607,161.4048225694151,154.92097733211753,257.41636364166044,255.59809474423253,259.61252341512727,262.1778110533967,321.63540163315963,319.59335898922393,312.28821450732823,304.2421294583422,380.50460262016367,377.097282825605,358.9846233623977,343.10472322809755,320.0,339.06202192601813,385.43094998625804,415.334500330496,421.7423589432404,477.842073170131,556.0305809734805,600.9342938567155,640.0,483.13875609398104,494.1073210519524,431.2053596495462,390.79347598018404,475.0160224047694,476.1249126968569,414.6426949556761,380.58279588746785,459.9429241849162,460.9994473674101,413.42863700707585,387.9744390188161,320.0,231.65472085006502,140.72867280877358,66.09249849041475,0.0,193.58268184335475,170.58419501872766,162.52106644468176,155.68552542252752,257.55346433313855,253.35494813905834,257.5254104832734,260.2288454817019,321.7936304882718,314.11558454823967,308.9611250816751,302.9763346598227,380.648383950474,372.3345866307377,355.7723274434609,341.979524302875,320.0,337.78106361949654,383.45665321338515,413.50059761246257,420.14496785164823,477.97263565952255,556.0989192692338,601.080499263735,640.0,484.8505595452395,488.7571664643509,428.54596898787736,389.0389995806818,477.2079705060856,469.3487150554156,410.49431132429254,376.84601761584554,462.43482613852234,456.14895118795005,409.29161359845597,383.7084482600037,320.0,235.01168489833705,143.5770192501853,67.29331626121538,0.0,191.4846757445036,169.5281146207514,159.88480817911747,151.30444750352567,253.8846552634975,250.95609280525088,254.62459157633288,256.8378687345102,317.4225299601024,313.6776794743301,307.9937389933332,301.03905356532687,376.1833114627094,370.1681875774164,354.44812971857414,340.861399288631,320.0,336.52705627369386,382.4614526160249,412.1318187495301,418.58339396929534,476.9937520621923,554.8823554632329,600.1665039696619,640.0,483.5148418815023,490.6326119362642,427.8295515341468,388.5223860100874,476.36410409045743,472.9201090390976,411.3239700223261,377.6593777165791,462.2967431808621,460.45663446488015,412.61551787668293,387.3427455259359
320.0,234.99914807568084,145.17295936040142,68.30774127713752,0.0,195.25603602422837,171.22622803486337,160.78811425147683,153.42441746164,258.18549481824056,256.4740443936827,258.7076588932473,259.78928447718994,322.1055262739077,321.6124399674209,312.6568242882687,303.31861033356114,380.57934598425345,379.6654652349345,360.30362208262727,343.28824063585387,320.0,339.4239513108059,385.2232329553712,414.51872855240407,420.4310330338703,478.7733186221733,556.5744352071277,600.9119337365062,640.0,484.0642347774591,495.15605396860235,430.96995779439374,393.6094246334815,475.8534697279325,478.3608920420336,416.3226647763617,384.7974002374745,460.28613601693365,463.02545683193983,415.11694284694556,390.95018472985544,320.0,233.42995097025295,143.406492435785,67.95722671669662,0.0,193.85622951631558,170.61556774582607,161.4048225694151,154.92097733211753,257.41636364166044,255.59809474423253,259.61252341512727,262.1778110533967,321.63540163315963,319.59335898922393,312.28821450732823,304.2421294583422,380.50460262016367,377.097282825605,358.9846233623977,343.10472322809755,320.0,339.06202192601813,385.43094998625804,415.334500330496,421.7423589432404,477.842073170131,556.0305809734805,600.9342938567155,640.0,483.13875609398104,494.1073210519524,431.2053596495462,390.79347598018404,475.0160224047694,476.1249126968569,414.6426949556761,380.58279588746785,459.9429241849162,460.9994473674101,413.42863700707585,387.9744390188161,320.0,231.65472085006502,140.72867280877358,66.09249849041475,0.0,193.58268184335475,170.58419501872766,162.52106644468176,155.68552542252752,257.55346433313855,253.35494813905834,257.5254104832734,260.2288454817019,321.7936304882718,314.11558454823967,308.9611250816751,302.9763346598227,380.648383950474,372.3345866307377,355.7723274434609,341.979524302875,320.0,337.78106361949654,383.45665321338515,413.50059761246257,420.14496785164823,477.97263565952255,556.0989192692338,601.080499263735,640.0,484.8505595452395,488.7571664643509,428.54596898787736,389.0389995806818,477.2079705060856,469.3487150554156,410.49431132429254,376.84601761584554,462.43482613852234,456.14895118795005,409.29161359845597,383.7084482600037,320.0,235.01168489833705,143.5770192501853,67.29331626121538,0.0,191.4846757445036,169.5281146207514,159.88480817911747,151.30444750352567,253.8846552634975,250.95609280525088,254.62459157633288,256.8378687345102,317.4225299601024,313.6776794743301,307.9937389933332,301.03905356532687,376.1833114627094,370.1681875774164,354.44812971857414,340.861399288631,320.0,336.52705627369386,382.4614526160249,412.1318187495301,418.58339396929534,476.9937520621923,554.8823554632329,600.1665039696619,640.0,483.5148418815023,490.6326119362642,427.8295515341468,388.5223860100874,476.36410409045743,472.9201090390976,411.3239700223261,377.6593777165791,462.2967431808621,460.45663446488015,412.61551787668293,387.3427455259359,320.0,234.89700368583613,143.75455387475967,67.30982010657058,0.0,193.10235919617332,170.1628959161037,160.67995597463863,152.8186499543703,255.6206454411817,251.7432349816124,256.127235096192,259.0411790055531,319.27545038616904,315.42117761257936,309.7318941427766,302.550266888449,378.38455014283755,372.6546278779316,356.2379406997464,341.75681705277026,320.0,336.8706853330248,382.77895842119733,412.6698142197241,419.4848115013828,477.9082531826987,556.0427718870017,600.7607772589913,640.0,483.87460049091874,492.07151539128563,429.29697598528986,390.766985278658,476.35359586165197,474.8423324736657,413.055263815954,379.7053940101941,461.6252968714815,462.1989726287293,414.33924650316806,388.9042708438304
320.0,233.42995097025295,143.406492435785,67.95722671669662,0.0,193.85622951631558,170.61556774582607,161.4048225694151,154.92097733211753,257.41636364166044,255.59809474423253,259.61252341512727,262.1778110533967,321.63540163315963,319.59335898922393,312.28821450732823,304.2421294583422,380.50460262016367,377.097282825605,358.9846233623977,343.10472322809755,320.0,339.06202192601813,385.43094998625804,415.334500330496,421.7423589432404,477.842073170131,556.0305809734805,600.9342938567155,640.0,483.13875609398104,494.1073210519524,431.2053596495462,390.79347598018404,475.0160224047694,476.1249126968569,414.6426949556761,380.58279588746785,459.9429241849162,460.9994473674101,413.42863700707585,387.9744390188161,320.0,231.65472085006502,140.72867280877358,66.09249849041475,0.0,193.58268184335475,170.58419501872766,162.52106644468176,155.68552542252752,257.55346433313855,253.35494813905834,257.5254104832734,260.2288454817019,321.7936304882718,314.11558454823967,308.9611250816751,302.9763346598227,380.648383950474,372.3345866307377,355.7723274434609,341.979524302875,320.0,337.78106361949654,383.45665321338515,413.50059761246257,420.14496785164823,477.97263565952255,556.0989192692338,601.080499263735,640.0,484.8505595452395,488.7571664643509,428.54596898787736,389.0389995806818,477.2079705060856,469.3487150554156,410.49431132429254,376.84601761584554,462.43482613852234,456.14895118795005,409.29161359845597,383.7084482600037,320.0,235.01168489833705,143.5770192501853,67.29331626121538,0.0,191.4846757445036,169.5281146207514,159.88480817911747,151.30444750352567,253.8846552634975,250.95609280525088,254.62459157633288,256.8378687345102,317.4225299601024,313.6776794743301,307.9937389933332,301.03905356532687,376.1833114627094,370.1681875774164,354.44812971857414,340.861399288631,320.0,336.52705627369386,382.4614526160249,412.1318187495301,418.58339396929534,476.9937520621923,554.8823554632329,600.1665039696619,640.0,483.5148418815023,490.6326119362642,427.8295515341468,388.5223860100874,476.36410409045743,472.9201090390976,411.3239700223261,377.6593777165791,462.2967431808621,460.45663446488015,412.61551787668293,387.3427455259359,320.0,234.89700368583613,143.75455387475967,67.30982010657058,0.0,193.10235919617332,170.1628959161037,160.67995597463863,152.8186499543703,255.6206454411817,251.7432349816124,256.127235096192,259.0411790055531,319.27545038616904,315.42117761257936,309.7318941427766,302.550266888449,378.38455014283755,372.6546278779316,356.2379406997464,341.75681705277026,320.0,336.8706853330248,382.77895842119733,412.6698142197241,419.4848115013828,477.9082531826987,556.0427718870017,600.7607772589913,640.0,483.87460049091874,492.07151539128563,429.29697598528986,390.766985278658,476.35359586165197,474.8423324736657,413.055263815954,379.7053940101941,461.6252968714815,462.1989726287293,414.33924650316806,388.9042708438304,320.0,234.04433818227704,142.27106348772864,66.42043363101592,0.0,191.51811038747206,168.21647859645057,158.8470077385706,151.0556903350005,255.6134388091287,249.1468560819351,252.138974082957,255.18843556166638,319.7738407430542,312.35858208914055,305.7674454633924,299.30184757233536,378.01993004063206,370.82770889892936,353.5113536915299,338.8558399069887,320.0,334.648819740943,378.27209861672924,407.8673520444398,414.97367889439477,476.65015418977237,554.9365378309164,600.2122881044177,640.0,485.99706057179037,484.0873070352354,422.35921349942396,384.6671778935581,478.8060247912174,463.4330124638734,404.45132485384397,372.5405726297415,463.9186122743504,450.04649332990493,402.8417742657687,378.60243917423963
320.0,231.65472085006502,140.72867280877358,66.09249849041475,0.0,193.58268184335475,170.58419501872766,162.52106644468176,155.68552542252752,257.55346433313855,253.35494813905834,257.5254104832734,260.2288454817019,321.7936304882718,314.11558454823967,308.9611250816751,302.9763346598227,380.648383950474,372.3345866307377,355.7723274434609,341.979524302875,320.0,337.78106361949654,383.45665321338515,413.50059761246257,420.14496785164823,477.97263565952255,556.0989192692338,601.080499263735,640.0,484.8505595452395,488.7571664643509,428.54596898787736,389.0389995806818,477.2079705060856,469.3487150554156,410.49431132429254,376.84601761584554,462.43482613852234,456.14895118795005,409.29161359845597,383.7084482600037,320.0,235.01168489833705,143.5770192501853,67.29331626121538,0.0,191.4846757445036,169.5281146207514,159.88480817911747,151.30444750352567,253.8846552634975,250.95609280525088,254.62459157633288,256.8378687345102,317.4225299601024,313.6776794743301,307.9937389933332,301.03905356532687,376.1833114627094,370.1681875774164,354.44812971857414,340.861399288631,320.0,336.52705627369386,382.4614526160249,412.1318187495301,418.58339396929534,476.9937520621923,554.8823554632329,600.1665039696619,640.0,483.5148418815023,490.6326119362642,427.8295515341468,388.5223860100874,476.36410409045743,472.9201090390976,411.3239700223261,377.6593777165791,462.2967431808621,460.45663446488015,412.61551787668293,387.3427455259359,320.0,234.89700368583613,143.75455387475967,67.30982010657058,0.0,193.10235919617332,170.1628959161037,160.67995597463863,152.8186499543703,255.6206454411817,251.7432349816124,256.127235096192,259.0411790055531,319.27545038616904,315.42117761257936,309.7318941427766,302.550266888449,378.38455014283755,372.6546278779316,356.2379406997464,341.75681705277026,320.0,336.8706853330248,382.77895842119733,412.6698142197241,419.4848115013828,477.9082531826987,556.0427718870017,600.7607772589913,640.0,483.87460049091874,492.07151539128563,429.29697598528986,390.766985278658,476.35359586165197,474.8423324736657,413.055263815954,379.7053940101941,461.6252968714815,462.1989726287293,414.33924650316806,388.9042708438304,320.0,234.04433818227704,142.27106348772864,66.42043363101592,0.0,191.51811038747206,168.21647859645057,158.8470077385706,151.0556903350005,255.6134388091287,249.1468560819351,252.138974082957,255.18843556166638,319.7738407430542,312.35858208914055,305.7674454633924,299.30184757233536,378.01993004063206,370.82770889892936,353.5113536915299,338.8558399069887,320.0,334.648819740943,378.27209861672924,407.8673520444398,414.97367889439477,476.65015418977237,554.9365378309164,600.2122881044177,640.0,485.99706057179037,484.0873070352354,422.35921349942396,384.6671778935581,478.8060247912174,463.4330124638734,404.45132485384397,372.5405726297415,463.9186122743504,450.04649332990493,402.8417742657687,378.60243917423963,320.0,236.10756218763663,144.95390894701103,68.74557214648547,0.0,193.91359956159366,170.10556048752477,159.52301242534423,151.6927882248175,257.66144971084765,253.1550958990893,257.0460625492207,261.535608332479,321.5091182175398,317.3418305211914,310.22883468779867,303.1576198617935,380.5423531515743,375.54496216584505,356.89948881709824,340.4031076463197,320.0,335.06462902517046,379.77443687262695,409.0175402744284,415.2326585980944,476.0929237739956,554.5165269491858,600.3160546700409,640.0,484.27127904651513,488.3549402818254,425.52529990728686,384.066076453556,476.53018380271845,467.5628828962108,406.30026146486773,370.6754644903629,460.98312043995804,452.499056256633,403.6382670226417,377.15609220664186
320.0,235.01168489833705,143.5770192501853,67.29331626121538,0.0,191.4846757445036,169.5281146207514,159.88480817911747,151.30444750352567,253.8846552634975,250.95609280525088,254.62459157633288,256.8378687345102,317.4225299601024,313.6776794743301,307.9937389933332,301.03905356532687,376.1833114627094,370.1681875774164,354.44812971857414,340.861399288631,320.0,336.52705627369386,382.4614526160249,412.1318187495301,418.58339396929534,476.9937520621923,554.8823554632329,600.1665039696619,640.0,483.5148418815023,490.6326119362642,427.8295515341468,388.5223860100874,476.36410409045743,472.9201090390976,411.3239700223261,377.6593777165791,462.2967431808621,460.45663446488015,412.61551787668293,387.3427455259359,320.0,234.89700368583613,143.75455387475967,67.30982010657058,0.0,193.10235919617332,170.1628959161037,160.67995597463863,152.8186499543703,255.6206454411817,251.7432349816124,256.127235096192,259.0411790055531,319.27545038616904,315.42117761257936,309.7318941427766,302.550266888449,378.38455014283755,372.6546278779316,356.2379406997464,341.75681705277026,320.0,336.8706853330248,382.77895842119733,412.6698142197241,419.4848115013828,477.9082531826987,556.0427718870017,600.7607772589913,640.0,483.87460049091874,492.07151539128563,429.29697598528986,390.766985278658,476.35359586165197,474.8423324736657,413.055263815954,379.7053940101941,461.6252968714815,462.1989726287293,414.33924650316806,388.9042708438304,320.0,234.04433818227704,142.27106348772864,66.42043363101592,0.0,191.51811038747206,168.21647859645057,158.8470077385706,151.0556903350005,255.6134388091287,249.1468560819351,252.138974082957,255.18843556166638,319.7738407430542,312.35858208914055,305.7674454633924,299.30184757233536,378.01993004063206,370.82770889892936,353.5113536915299,338.8558399069887,320.0,334.648819740943,378.27209861672924,407.8673520444398,414.97367889439477,476.65015418977237,554.9365378309164,600.2122881044177,640.0,485.99706057179037,484.0873070352354,422.35921349942396,384.6671778935581,478.8060247912174,463.4330124638734,404.45132485384397,372.5405726297415,463.9186122743504,450.04649332990493,402.8417742657687,378.60243917423963,320.0,236.10756218763663,144.95390894701103,68.74557214648547,0.0,193.91359956159366,170.10556048752477,159.52301242534423,151.6927882248175,257.66144971084765,253.1550958990893,257.0460625492207,261.535608332479,321.5091182175398,317.3418305211914,310.22883468779867,303.1576198617935,380.5423531515743,375.54496216584505,356.89948881709824,340.4031076463197,320.0,335.06462902517046,379.77443687262695,409.0175402744284,415.2326585980944,476.0929237739956,554.5165269491858,600.3160546700409,640.0,484.27127904651513,488.3549402818254,425.52529990728686,384.066076453556,476.53018380271845,467.5628828962108,406.30026146486773,370.6754644903629,460.98312043995804,452.499056256633,403.6382670226417,377.15609220664186,320.0,235.82087093901893,144.79929813043154,68.63621874996056,0.0,193.0827491971317,169.675155925454,159.14012031296005,151.27283137822192,256.6323634682349,253.21717937945013,256.6808859715437,260.4474361149239,320.25090758897045,317.00322156663776,309.5995207393442,302.2154381253779,378.7473729498743,374.74171550860825,356.4006680561372,340.0628805946576,320.0,335.1266213464591,379.62835292042774,408.72657164387294,415.09704029116097,476.2601609722467,554.8117714963685,600.4472431097786,640.0,484.0861939042183,488.8070978499623,425.5530214362444,383.9766478010614,476.1704157380834,467.55767904955826,406.12656523063606,370.7384842314537,460.53225858171265,452.17689310737364,403.5686456846932,377.5361947058729
320.0,234.89700368583613,143.75455387475967,67.30982010657058,0.0,193.10235919617332,170.1628959161037,160.67995597463863,152.8186499543703,255.6206454411817,251.7432349816124,256.127235096192,259.0411790055531,319.27545038616904,315.42117761257936,309.7318941427766,302.550266888449,378.38455014283755,372.6546278779316,356.2379406997464,341.75681705277026,320.0,336.8706853330248,382.77895842119733,412.6698142197241,419.4848115013828,477.9082531826987,556.0427718870017,600.7607772589913,640.0,483.87460049091874,492.07151539128563,429.29697598528986,390.766985278658,476.35359586165197,474.8423324736657,413.055263815954,379.7053940101941,461.6252968714815,462.1989726287293,414.33924650316806,388.9042708438304,320.0,234.04433818227704,142.27106348772864,66.42043363101592,0.0,191.51811038747206,168.21647859645057,158.8470077385706,151.0556903350005,255.6134388091287,249.1468560819351,252.138974082957,255.18843556166638,319.7738407430542,312.35858208914055,305.7674454633924,299.30184757233536,378.01993004063206,370.82770889892936,353.5113536915299,338.8558399069887,320.0,334.648819740943,378.27209861672924,407.8673520444398,414.97367889439477,476.65015418977237,554.9365378309164,600.2122881044177,640.0,485.99706057179037,484.0873070352354,422.35921349942396,384.6671778935581,478.8060247912174,463.4330124638734,404.45132485384397,372.5405726297415,463.9186122743504,450.04649332990493,402.8417742657687,378.60243917423963,320.0,236.10756218763663,144.95390894701103,68.74557214648547,0.0,193.91359956159366,170.10556048752477,159.52301242534423,151.6927882248175,257.66144971084765,253.1550958990893,257.0460625492207,261.535608332479,321.5091182175398,317.3418305211914,310.22883468779867,303.1576198617935,380.5423531515743,375.54496216584505,356.89948881709824,340.4031076463197,320.0,335.06462902517046,379.77443687262695,409.0175402744284,415.2326585980944,476.0929237739956,554.5165269491858,600.3160546700409,640.0,484.27127904651513,488.3549402818254,425.52529990728686,384.066076453556,476.53018380271845,467.5628828962108,406.30026146486773,370.6754644903629,460.98312043995804,452.499056256633,403.6382670226417,377.15609220664186,320.0,235.82087093901893,144.79929813043154,68.63621874996056,0.0,193.0827491971317,169.675155925454,159.14012031296005,151.27283137822192,256.6323634682349,253.21717937945013,256.6808859715437,260.4474361149239,320.25090758897045,317.00322156663776,309.5995207393442,302.2154381253779,378.7473729498743,374.74171550860825,356.4006680561372,340.0628805946576,320.0,335.1266213464591,379.62835292042774,408.72657164387294,415.09704029116097,476.2601609722467,554.8117714963685,600.4472431097786,640.0,484.0861939042183,488.8070978499623,425.5530214362444,383.9766478010614,476.1704157380834,467.55767904955826,406.12656523063606,370.7384842314537,460.53225858171265,452.17689310737364,403.5686456846932,377.5361947058729,320.0,234.90235171987277,143.67061843066026,66.42183818239957,0.0,193.52046161066585,169.00790897175708,159.07180493973692,150.94329082199536,254.57683605313463,251.41001262466563,255.50108456791463,258.13928715071694,316.4873762917362,312.6097601989311,307.05888090431756,300.02887600830354,373.07051262629875,368.2824699382823,352.05322970798153,337.4809438956436,320.0,336.70431469015165,380.9291128690982,408.78431630417214,413.3298761413653,476.6521628994981,554.4012818510623,599.932081620616,640.0,483.4285381233874,490.98677673887664,429.09176229364266,389.492667041777,475.96231860016604,472.4287695161351,411.5605111961461,378.2551791251361,461.20048749395676,458.28700123218505,410.2657081178504,384.8318541881963
320.0,234.04433818227704,142.27106348772864,66.42043363101592,0.0,191.51811038747206,168.21647859645057,158.8470077385706,151.0556903350005,255.6134388091287,249.1468560819351,252.138974082957,255.18843556166638,319.7738407430542,312.35858208914055,305.7674454633924,299.30184757233536,378.01993004063206,370.82770889892936,353.5113536915299,338.8558399069887,320.0,334.648819740943,378.27209861672924,407.8673520444398,414.97367889439477,476.65015418977237,554.9365378309164,600.2122881044177,640.0,485.99706057179037,484.0873070352354,422.35921349942396,384.6671778935581,478.8060247912174,463.4330124638734,404.45132485384397,372.5405726297415,463.9186122743504,450.04649332990493,402.8417742657687,378.60243917423963,320.0,236.10756218763663,144.95390894701103,68.74557214648547,0.0,193.91359956159366,170.10556048752477,159.52301242534423,151.6927882248175,257.66144971084765,253.1550958990893,257.0460625492207,261.535608332479,321.5091182175398,317.3418305211914,310.22883468779867,303.1576198617935,380.5423531515743,375.54496216584505,356.89948881709824,340.4031076463197,320.0,335.06462902517046,379.77443687262695,409.0175402744284,415.2326585980944,476.0929237739956,554.5165269491858,600.3160546700409,640.0,484.27127904651513,488.3549402818254,425.52529990728686,384.066076453556,476.53018380271845,467.5628828962108,406.30026146486773,370.6754644903629,460.98312043995804,452.499056256633,403.6382670226417,377.15609220664186,320.0,235.82087093901893,144.79929813043154,68.63621874996056,0.0,193.0827491971317,169.675155925454,159.14012031296005,151.27283137822192,256.6323634682349,253.21717937945013,256.6808859715437,260.4474361149239,320.25090758897045,317.00322156663776,309.5995207393442,302.2154381253779,378.7473729498743,374.74171550860825,356.4006680561372,340.0628805946576,320.0,335.1266213464591,379.62835292042774,408.72657164387294,415.09704029116097,476.2601609722467,554.8117714963685,600.4472431097786,640.0,484.0861939042183,488.8070978499623,425.5530214362444,383.9766478010614,476.1704157380834,467.55767904955826,406.12656523063606,370.7384842314537,460.53225858171265,452.17689310737364,403.5686456846932,377.5361947058729,320.0,234.90235171987277,143.67061843066026,66.42183818239957,0.0,193.52046161066585,169.00790897175708,159.07180493973692,150.94329082199536,254.57683605313463,251.41001262466563,255.50108456791463,258.13928715071694,316.4873762917362,312.6097601989311,307.05888090431756,300.02887600830354,373.07051262629875,368.2824699382823,352.05322970798153,337.4809438956436,320.0,336.70431469015165,380.9291128690982,408.78431630417214,413.3298761413653,476.6521628994981,554.4012818510623,599.932081620616,640.0,483.4285381233874,490.98677673887664,429.09176229364266,389.492667041777,475.96231860016604,472.4287695161351,411.5605111961461,378.2551791251361,461.20048749395676,458.28700123218505,410.2657081178504,384.8318541881963,320.0,235.8451707702331,146.01902163112385,67.99865780243027,0.0,193.22005714304268,168.925430221457,157.55943070132508,149.20661770131088,255.35643305957564,256.3333128443314,258.78873275075154,260.2050042203985,317.40578333988867,317.69410726227636,309.84254257989676,301.38865946058394,373.0599495880983,372.7065445343012,355.07081189405596,338.9719828013302,320.0,336.17992539776196,378.1530645919378,402.9090072702181,405.4360030800924,476.0426812804384,554.1886656599697,599.6158684760543,640.0,481.6826904807144,491.63466904007123,427.9065971979159,389.17683530505917,472.8206246187386,471.682230466914,410.4247527425823,378.5751172535176,456.69158074742245,456.1793253797614,407.65506965208954,383.1880556416693
320.0,236.10756218763663,144.95390894701103,68.74557214648547,0.0,193.91359956159366,170.10556048752477,159.52301242534423,151.6927882248175,257.66144971084765,253.1550958990893,257.0460625492207,261.535608332479,321.5091182175398,317.3418305211914,310.22883468779867,303.1576198617935,380.5423531515743,375.54496216584505,356.89948881709824,340.4031076463197,320.0,335.06462902517046,379.77443687262695,409.0175402744284,415.2326585980944,476.0929237739956,554.5165269491858,600.3160546700409,640.0,484.27127904651513,488.3549402818254,425.52529990728686,384.066076453556,476.53018380271845,467.5628828962108,406.30026146486773,370.6754644903629,460.98312043995804,452.499056256633,403.6382670226417,377.15609220664186,320.0,235.82087093901893,144.79929813043154,68.63621874996056,0.0,193.0827491971317,169.675155925454,159.14012031296005,151.27283137822192,256.6323634682349,253.21717937945013,256.6808859715437,260.4474361149239,320.25090758897045,317.00322156663776,309.5995207393442,302.2154381253779,378.7473729498743,374.74171550860825,356.4006680561372,340.0628805946576,320.0,335.1266213464591,379.62835292042774,408.72657164387294,415.09704029116097,476.2601609722467,554.8117714963685,600.4472431097786,640.0,484.0861939042183,488.8070978499623,425.5530214362444,383.9766478010614,476.1704157380834,467.55767904955826,406.12656523063606,370.7384842314537,460.53225858171265,452.17689310737364,403.5686456846932,377.5361947058729,320.0,234.90235171987277,143.67061843066026,66.42183818239957,0.0,193.52046161066585,169.00790897175708,159.07180493973692,150.94329082199536,254.57683605313463,251.41001262466563,255.50108456791463,258.13928715071694,316.4873762917362,312.6097601989311,307.05888090431756,300.02887600830354,373.07051262629875,368.2824699382823,352.05322970798153,337.4809438956436,320.0,336.70431469015165,380.9291128690982,408.78431630417214,413.3298761413653,476.6521628994981,554.4012818510623,599.932081620616,640.0,483.4285381233874,490.98677673887664,429.09176229364266,389.492667041777,475.96231860016604,472.4287695161351,411.5605111961461,378.2551791251361,461.20048749395676,458.28700123218505,410.2657081178504,384.8318541881963,320.0,235.8451707702331,146.01902163112385,67.99865780243027,0.0,193.22005714304268,168.925430221457,157.55943070132508,149.20661770131088,255.35643305957564,256.3333128443314,258.78873275075154,260.2050042203985,317.40578333988867,317.69410726227636,309.84254257989676,301.38865946058394,373.0599495880983,372.7065445343012,355.07081189405596,338.9719828013302,320.0,336.17992539776196,378.1530645919378,402.9090072702181,405.4360030800924,476.0426812804384,554.1886656599697,599.6158684760543,640.0,481.6826904807144,491.63466904007123,427.9065971979159,389.17683530505917,472.8206246187386,471.682230466914,410.4247527425823,378.5751172535176,456.69158074742245,456.1793253797614,407.65506965208954,383.1880556416693,320.0,234.9973882185503,145.4705222153544,67.35948783580966,0.0,191.41489652759464,167.39389847586054,155.3839721404013,147.02233425478326,253.14745055455893,254.37411761495025,255.63353540803857,256.8075865372118,314.80521479357753,316.5656830037791,306.68514488060634,297.14303099530235,369.82793114024224,370.9098864932086,352.14543472906485,335.31331198719323,320.0,335.972620716124,377.12115060774767,402.4208838654981,407.0724168138902,475.83936558818203,554.5395960183839,599.3440228604513,640.0,481.81661104703267,491.3197966727069,426.3610133683812,391.05577782675425,472.9204821634718,472.7880238832406,410.7575651359962,381.7468616556377,456.2162140353124,456.6623277132034,407.30590327983526,383.9363974313261
320.0,235.82087093901893,144.79929813043154,68.63621874996056,0.0,193.0827491971317,169.675155925454,159.14012031296005,151.27283137822192,256.6323634682349,253.21717937945013,256.6808859715437,260.4474361149239,320.25090758897045,317.00322156663776,309.5995207393442,302.2154381253779,378.7473729498743,374.74171550860825,356.4006680561372,340.0628805946576,320.0,335.1266213464591,379.62835292042774,408.72657164387294,415.09704029116097,476.2601609722467,554.8117714963685,600.4472431097786,640.0,484.0861939042183,488.8070978499623,425.5530214362444,383.9766478010614,476.1704157380834,467.55767904955826,406.12656523063606,370.7384842314537,460.53225858171265,452.17689310737364,403.5686456846932,377.5361947058729,320.0,234.90235171987277,143.67061843066026,66.42183818239957,0.0,193.52046161066585,169.00790897175708,159.07180493973692,150.94329082199536,254.57683605313463,251.41001262466563,255.50108456791463,258.13928715071694,316.4873762917362,312.6097601989311,307.05888090431756,300.02887600830354,373.07051262629875,368.2824699382823,352.05322970798153,337.4809438956436,320.0,336.70431469015165,380.9291128690982,408.78431630417214,413.3298761413653,476.6521628994981,554.4012818510623,599.932081620616,640.0,483.4285381233874,490.98677673887664,429.09176229364266,389.492667041777,475.96231860016604,472.4287695161351,411.5605111961461,378.2551791251361,461.20048749395676,458.28700123218505,410.2657081178504,384.8318541881963,320.0,235.8451707702331,146.01902163112385,67.99865780243027,0.0,193.22005714304268,168.925430221457,157.55943070132508,149.20661770131088,255.35643305957564,256.3333128443314,258.78873275075154,260.2050042203985,317.40578333988867,317.69410726227636,309.84254257989676,301.38865946058394,373.0599495880983,372.7065445343012,355.07081189405596,338.9719828013302,320.0,336.17992539776196,378.1530645919378,402.9090072702181,405.4360030800924,476.0426812804384,554.1886656599697,599.6158684760543,640.0,481.6826904807144,491.63466904007123,427.9065971979159,389.17683530505917,472.8206246187386,471.682230466914,410.4247527425823,378.5751172535176,456.69158074742245,456.1793253797614,407.65506965208954,383.1880556416693,320.0,234.9973882185503,145.4705222153544,67.35948783580966,0.0,191.41489652759464,167.39389847586054,155.3839721404013,147.02233425478326,253.14745055455893,254.37411761495025,255.63353540803857,256.8075865372118,314.80521479357753,316.5656830037791,306.68514488060634,297.14303099530235,369.82793114024224,370.9098864932086,352.14543472906485,335.31331198719323,320.0,335.972620716124,377.12115060774767,402.4208838654981,407.0724168138902,475.83936558818203,554.5395960183839,599.3440228604513,640.0,481.81661104703267,491.3197966727069,426.3610133683812,391.05577782675425,472.9204821634718,472.7880238832406,410.7575651359962,381.7468616556377,456.2162140353124,456.6623277132034,407.30590327983526,383.9363974313261,320.0,234.89470895700495,143.27612358647224,66.20557395822436,0.0,186.87192244222544,162.91015279488556,151.40700185894138,141.62180181848447,249.90848147498716,242.5903497785783,244.6277970975098,247.00148347622763,312.9626184985581,302.8660800708363,297.5360920062965,293.22836452758344,370.0219674897148,360.15541814295483,344.16493851785566,331.58325609729616,320.0,330.9633159888673,370.46608727669127,393.5666820770748,394.05079642850865,475.50797979892,554.5910088025493,599.9610706200052,640.0,486.6994111982989,482.1207203796959,419.8539837973521,383.65462482896,479.79691357450105,461.16120010880365,403.40468662573085,373.76656231027874,465.23145088475394,449.19879323059035,401.15675280981384,377.79345709235594
320.0,234.90235171987277,143.67061843066026,66.42183818239957,0.0,193.52046161066585,169.00790897175708,159.07180493973692,150.94329082199536,254.57683605313463,251.41001262466563,255.50108456791463,258.13928715071694,316.4873762917362,312.6097601989311,307.05888090431756,300.02887600830354,373.07051262629875,368.2824699382823,352.05322970798153,337.4809438956436,320.0,336.70431469015165,380.9291128690982,408.78431630417214,413.3298761413653,476.6521628994981,554.4012818510623,599.932081620616,640.0,483.4285381233874,490.98677673887664,429.09176229364266,389.492667041777,475.96231860016604,472.4287695161351,411.5605111961461,378.2551791251361,461.20048749395676,458.28700123218505,410.2657081178504,384.8318541881963,320.0,235.8451707702331,146.01902163112385,67.99865780243027,0.0,193.22005714304268,168.925430221457,157.55943070132508,149.20661770131088,255.35643305957564,256.3333128443314,258.78873275075154,260.2050042203985,317.40578333988867,317.69410726227636,309.84254257989676,301.38865946058394,373.0599495880983,372.7065445343012,355.07081189405596,338.9719828013302,320.0,336.17992539776196,378.1530645919378,402.9090072702181,405.4360030800924,476.0426812804384,554.1886656599697,599.6158684760543,640.0,481.6826904807144,491.63466904007123,427.9065971979159,389.17683530505917,472.8206246187386,471.682230466914,410.4247527425823,378.5751172535176,456.69158074742245,456.1793253797614,407.65506965208954,383.1880556416693,320.0,234.9973882185503,145.4705222153544,67.35948783580966,0.0,191.41489652759464,167.39389847586054,155.3839721404013,147.02233425478326,253.14745055455893,254.37411761495025,255.63353540803857,256.8075865372118,314.80521479357753,316.5656830037791,306.68514488060634,297.14303099530235,369.82793114024224,370.9098864932086,352.14543472906485,335.31331198719323,320.0,335.972620716124,377.12115060774767,402.4208838654981,407.0724168138902,475.83936558818203,554.5395960183839,599.3440228604513,640.0,481.81661104703267,491.3197966727069,426.3610133683812,391.05577782675425,472.9204821634718,472.7880238832406,410.7575651359962,381.7468616556377,456.2162140353124,456.6623277132034,407.30590327983526,383.9363974313261,320.0,234.89470895700495,143.27612358647224,66.20557395822436,0.0,186.87192244222544,162.91015279488556,151.40700185894138,141.62180181848447,249.90848147498716,242.5903497785783,244.6277970975098,247.00148347622763,312.9626184985581,302.8660800708363,297.5360920062965,293.22836452758344,370.0219674897148,360.15541814295483,344.16493851785566,331.58325609729616,320.0,330.9633159888673,370.46608727669127,393.5666820770748,394.05079642850865,475.50797979892,554.5910088025493,599.9610706200052,640.0,486.6994111982989,482.1207203796959,419.8539837973521,383.65462482896,479.79691357450105,461.16120010880365,403.40468662573085,373.76656231027874,465.23145088475394,449.19879323059035,401.15675280981384,377.79345709235594,320.0,235.04269964406637,143.59034536711076,66.44259309407374,0.0,187.39973769586524,163.82079070006176,152.77237063114057,144.18486600718947,249.46355087585155,243.6129297177133,245.98807418852977,249.1420601671171,311.541452725963,304.617455437501,298.49113174853494,293.0894011076243,368.1229147971745,361.24633402537734,344.32741644586747,330.3109419054749,320.0,330.670510810753,370.6216443975957,394.14718751313114,396.02244514064563,472.671914727645,552.2494094706904,598.398936673449,640.0,481.3779111748021,485.2873067197505,421.30429189716193,384.48370221597685,474.0484647784681,466.965175591438,406.38084609838194,376.06288186552354,459.3708462195426,452.7211781352962,403.73444986745795,380.05881189859525
320.0,235.8451707702331,146.01902163112385,67.99865780243027,0.0,193.22005714304268,168.925430221457,157.55943070132508,149.20661770131088,255.35643305957564,256.3333128443314,258.78873275075154,260.2050042203985,317.40578333988867,317.69410726227636,309.84254257989676,301.38865946058394,373.0599495880983,372.7065445343012,355.07081189405596,338.9719828013302,320.0,336.17992539776196,378.1530645919378,402.9090072702181,405.4360030800924,476.0426812804384,554.1886656599697,599.6158684760543,640.0,481.6826904807144,491.63466904007123,427.9065971979159,389.17683530505917,472.8206246187386,471.682230466914,410.4247527425823,378.5751172535176,456.69158074742245,456.1793253797614,407.65506965208954,383.1880556416693,320.0,234.9973882185503,145.4705222153544,67.35948783580966,0.0,191.41489652759464,167.39389847586054,155.3839721404013,147.02233425478326,253.14745055455893,254.37411761495025,255.63353540803857,256.8075865372118,314.80521479357753,316.5656830037791,306.68514488060634,297.14303099530235,369.82793114024224,370.9098864932086,352.14543472906485,335.31331198719323,320.0,335.972620716124,377.12115060774767,402.4208838654981,407.0724168138902,475.83936558818203,554.5395960183839,599.3440228604513,640.0,481.81661104703267,491.3197966727069,426.3610133683812,391.05577782675425,472.9204821634718,472.7880238832406,410.7575651359962,381.7468616556377,456.2162140353124,456.6623277132034,407.30590327983526,383.9363974313261,320.0,234.89470895700495,143.27612358647224,66.20557395822436,0.0,186.87192244222544,162.91015279488556,151.40700185894138,141.62180181848447,249.90848147498716,242.5903497785783,244.6277970975098,247.00148347622763,312.9626184985581,302.8660800708363,297.5360920062965,293.22836452758344,370.0219674897148,360.15541814295483,344.16493851785566,331.58325609729616,320.0,330.9633159888673,370.46608727669127,393.5666820770748,394.05079642850865,475.50797979892,554.5910088025493,599.9610706200052,640.0,486.6994111982989,482.1207203796959,419.8539837973521,383.65462482896,479.79691357450105,461.16120010880365,403.40468662573085,373.76656231027874,465.23145088475394,449.19879323059035,401.15675280981384,377.79345709235594,320.0,235.04269964406637,143.59034536711076,66.44259309407374,0.0,187.39973769586524,163.82079070006176,152.77237063114057,144.18486600718947,249.46355087585155,243.6129297177133,245.98807418852977,249.1420601671171,311.541452725963,304.617455437501,298.49113174853494,293.0894011076243,368.1229147971745,361.24633402537734,344.32741644586747,330.3109419054749,320.0,330.670510810753,370.6216443975957,394.14718751313114,396.02244514064563,472.671914727645,552.2494094706904,598.398936673449,640.0,481.3779111748021,485.2873067197505,421.30429189716193,384.48370221597685,474.0484647784681,466.965175591438,406.38084609838194,376.06288186552354,459.3708462195426,452.7211781352962,403.73444986745795,380.05881189859525,320.0,234.732726299709,143.40192121683367,66.94720039459298,0.0,187.8251920177202,164.09570792291515,152.61390608913857,143.6889529198135,250.23471544284246,244.1803639510935,246.59115272454068,249.83873480289418,312.6020754158721,306.1190265802094,299.50196201264214,293.5349084362596,369.4842727099169,363.703378780242,346.1416427356831,331.1236437673089,320.0,330.5171413576746,370.1161013447823,393.58715406512374,396.0981553198438,472.7294936495708,552.6347816051758,598.7060035427846,640.0,481.16948335748043,486.2985939097033,421.95275485943944,384.5360281965024,473.85206037595594,466.73987956289886,405.71492744683655,375.0214015774916,459.2084472680923,452.42350427068766,403.16976741090474,379.2275633656893
320.0,234.9973882185503,145.4705222153544,67.35948783580966,0.0,191.41489652759464,167.39389847586054,155.3839721404013,147.02233425478326,253.14745055455893,254.37411761495025,255.63353540803857,256.8075865372118,314.80521479357753,316.5656830037791,306.68514488060634,297.14303099530235,369.82793114024224,370.9098864932086,352.14543472906485,335.31331198719323,320.0,335.972620716124,377.12115060774767,402.4208838654981,407.0724168138902,475.83936558818203,554.5395960183839,599.3440228604513,640.0,481.81661104703267,491.3197966727069,426.3610133683812,391.05577782675425,472.9204821634718,472.7880238832406,410.7575651359962,381.7468616556377,456.2162140353124,456.6623277132034,407.30590327983526,383.9363974313261,320.0,234.89470895700495,143.27612358647224,66.20557395822436,0.0,186.87192244222544,162.91015279488556,151.40700185894138,141.62180181848447,249.90848147498716,242.5903497785783,244.6277970975098,247.00148347622763,312.9626184985581,302.8660800708363,297.5360920062965,293.22836452758344,370.0219674897148,360.15541814295483,344.16493851785566,331.58325609729616,320.0,330.9633159888673,370.46608727669127,393.5666820770748,394.05079642850865,475.50797979892,554.5910088025493,599.9610706200052,640.0,486.6994111982989,482.1207203796959,419.8539837973521,383.65462482896,479.79691357450105,461.16120010880365,403.40468662573085,373.76656231027874,465.23145088475394,449.19879323059035,401.15675280981384,377.79345709235594,320.0,235.04269964406637,143.59034536711076,66.44259309407374,0.0,187.39973769586524,163.82079070006176,152.77237063114057,144.18486600718947,249.46355087585155,243.6129297177133,245.98807418852977,249.1420601671171,311.541452725963,304.617455437501,298.49113174853494,293.0894011076243,368.1229147971745,361.24633402537734,344.32741644586747,330.3109419054749,320.0,330.670510810753,370.6216443975957,394.14718751313114,396.02244514064563,472.671914727645,552.2494094706904,598.398936673449,640.0,481.3779111748021,485.2873067197505,421.30429189716193,384.48370221597685,474.0484647784681,466.965175591438,406.38084609838194,376.06288186552354,459.3708462195426,452.7211781352962,403.73444986745795,380.05881189859525,320.0,234.732726299709,143.40192121683367,66.94720039459298,0.0,187.8251920177202,164.09570792291515,152.61390608913857,143.6889529198135,250.23471544284246,244.1803639510935,246.59115272454068,249.83873480289418,312.6020754158721,306.1190265802094,299.50196201264214,293.5349084362596,369.4842727099169,363.703378780242,346.1416427356831,331.1236437673089,320.0,330.5171413576746,370.1161013447823,393.58715406512374,396.0981553198438,472.7294936495708,552.6347816051758,598.7060035427846,640.0,481.16948335748043,486.2985939097033,421.95275485943944,384.5360281965024,473.85206037595594,466.73987956289886,405.71492744683655,375.0214015774916,459.2084472680923,452.42350427068766,403.16976741090474,379.2275633656893,320.0,235.39518318538705,144.98075045525258,67.04830140202012,0.0,190.29772268331985,165.08516456526618,153.95519031693826,146.85684597242997,253.3813238817245,254.27691403313523,256.2392884204547,256.6734469382991,316.5318179247716,319.7416793674388,311.59604737920677,301.63579495085713,373.3815772637118,377.0311992696149,359.3969923327762,342.55210253493703,320.0,338.40182781476847,379.075486443915,401.21398543515784,403.46250405176386,473.752646611491,551.1195161834478,597.9193933483496,640.0,478.38065365020174,496.2649959803703,433.7589639905575,396.8910859159735,470.6510323836945,475.04536257416146,416.11660629480247,388.25892956567765,455.91143146540924,460.12726642655366,414.0290306730134,392.1973089034193
320.0,234.89470895700495,143.27612358647224,66.20557395822436,0.0,186.87192244222544,162.91015279488556,151.40700185894138,141.62180181848447,249.90848147498716,242.5903497785783,244.6277970975098,247.00148347622763,312.9626184985581,302.8660800708363,297.5360920062965,293.22836452758344,370.0219674897148,360.15541814295483,344.16493851785566,331.58325609729616,320.0,330.9633159888673,370.46608727669127,393.5666820770748,394.05079642850865,475.50797979892,554.5910088025493,599.9610706200052,640.0,486.6994111982989,482.1207203796959,419.8539837973521,383.65462482896,479.79691357450105,461.16120010880365,403.40468662573085,373.76656231027874,465.23145088475394,449.19879323059035,401.15675280981384,377.79345709235594,320.0,235.04269964406637,143.59034536711076,66.44259309407374,0.0,187.39973769586524,163.82079070006176,152.77237063114057,144.18486600718947,249.46355087585155,243.6129297177133,245.98807418852977,249.1420601671171,311.541452725963,304.617455437501,298.49113174853494,293.0894011076243,368.1229147971745,361.24633402537734,344.32741644586747,330.3109419054749,320.0,330.670510810753,370.6216443975957,394.14718751313114,396.02244514064563,472.671914727645,552.2494094706904,598.398936673449,640.0,481.3779111748021,485.2873067197505,421.30429189716193,384.48370221597685,474.0484647784681,466.965175591438,406.38084609838194,376.06288186552354,459.3708462195426,452.7211781352962,403.73444986745795,380.05881189859525,320.0,234.732726299709,143.40192121683367,66.94720039459298,0.0,187.8251920177202,164.09570792291515,152.61390608913857,143.6889529198135,250.23471544284246,244.1803639510935,246.59115272454068,249.83873480289418,312.6020754158721,306.1190265802094,299.50196201264214,293.5349084362596,369.4842727099169,363.703378780242,346.1416427356831,331.1236437673089,320.0,330.5171413576746,370.1161013447823,393.58715406512374,396.0981553198438,472.7294936495708,552.6347816051758,598.7060035427846,640.0,481.16948335748043,486.2985939097033,421.95275485943944,384.5360281965024,473.85206037595594,466.73987956289886,405.71492744683655,375.0214015774916,459.2084472680923,452.42350427068766,403.16976741090474,379.2275633656893,320.0,235.39518318538705,144.98075045525258,67.04830140202012,0.0,190.29772268331985,165.08516456526618,153.95519031693826,146.85684597242997,253.3813238817245,254.27691403313523,256.2392884204547,256.6734469382991,316.5318179247716,319.7416793674388,311.59604737920677,301.63579495085713,373.3815772637118,377.0311992696149,359.3969923327762,342.55210253493703,320.0,338.40182781476847,379.075486443915,401.21398543515784,403.46250405176386,473.752646611491,551.1195161834478,597.9193933483496,640.0,478.38065365020174,496.2649959803703,433.7589639905575,396.8910859159735,470.6510323836945,475.04536257416146,416.11660629480247,388.25892956567765,455.91143146540924,460.12726642655366,414.0290306730134,392.1973089034193,320.0,235.74179806023628,145.3153602095921,65.15596724721325,0.0,194.26101312676843,169.61127406659875,159.53623012224864,153.06165080588104,253.08144978589837,257.0200076961272,260.66782898150564,260.4375172347216,311.5256790089247,318.3547092298554,309.455250953189,296.5744904220758,362.15289550026836,368.8811162870521,352.4961240032912,334.7710938467184,320.0,341.42415854938713,383.7345172886513,406.2092220859586,405.83207718724975,472.74601227978974,550.8882274189762,598.1018311298089,640.0,475.97781689504774,496.820301194058,431.073207056363,392.46175863127917,467.54879901729566,476.5147716757959,413.4049620948301,383.0874498461514,451.28387831005364,459.6896131605305,412.83725766081847,389.90319479263053
320.0,235.04269964406637,143.59034536711076,66.44259309407374,0.0,187.39973769586524,163.82079070006176,152.77237063114057,144.18486600718947,249.46355087585155,243.6129297177133,245.98807418852977,249.1420601671171,311.541452725963,304.617455437501,298.49113174853494,293.0894011076243,368.1229147971745,361.24633402537734,344.32741644586747,330.3109419054749,320.0,330.670510810753,370.6216443975957,394.14718751313114,396.02244514064563,472.671914727645,552.2494094706904,598.398936673449,640.0,481.3779111748021,485.2873067197505,421.30429189716193,384.48370221597685,474.0484647784681,466.965175591438,406.38084609838194,376.06288186552354,459.3708462195426,452.7211781352962,403.73444986745795,380.05881189859525,320.0,234.732726299709,143.40192121683367,66.94720039459298,0.0,187.8251920177202,164.09570792291515,152.61390608913857,143.6889529198135,250.23471544284246,244.1803639510935,246.59115272454068,249.83873480289418,312.6020754158721,306.1190265802094,299.50196201264214,293.5349084362596,369.4842727099169,363.703378780242,346.1416427356831,331.1236437673089,320.0,330.5171413576746,370.1161013447823,393.58715406512374,396.0981553198438,472.7294936495708,552.6347816051758,598.7060035427846,640.0,481.16948335748043,486.2985939097033,421.95275485943944,384.5360281965024,473.85206037595594,466.73987956289886,405.71492744683655,375.0214015774916,459.2084472680923,452.42350427068766,403.16976741090474,379.2275633656893,320.0,235.39518318538705,144.98075045525258,67.04830140202012,0.0,190.29772268331985,165.08516456526618,153.95519031693826,146.85684597242997,253.3813238817245,254.27691403313523,256.2392884204547,256.6734469382991,316.5318179247716,319.7416793674388,311.59604737920677,301.63579495085713,373.3815772637118,377.0311992696149,359.3969923327762,342.55210253493703,320.0,338.40182781476847,379.075486443915,401.21398543515784,403.46250405176386,473.752646611491,551.1195161834478,597.9193933483496,640.0,478.38065365020174,496.2649959803703,433.7589639905575,396.8910859159735,470.6510323836945,475.04536257416146,416.11660629480247,388.25892956567765,455.91143146540924,460.12726642655366,414.0290306730134,392.1973089034193,320.0,235.74179806023628,145.3153602095921,65.15596724721325,0.0,194.26101312676843,169.61127406659875,159.53623012224864,153.06165080588104,253.08144978589837,257.0200076961272,260.66782898150564,260.4375172347216,311.5256790089247,318.3547092298554,309.455250953189,296.5744904220758,362.15289550026836,368.8811162870521,352.4961240032912,334.7710938467184,320.0,341.42415854938713,383.7345172886513,406.2092220859586,405.83207718724975,472.74601227978974,550.8882274189762,598.1018311298089,640.0,475.97781689504774,496.820301194058,431.073207056363,392.46175863127917,467.54879901729566,476.5147716757959,413.4049620948301,383.0874498461514,451.28387831005364,459.6896131605305,412.83725766081847,389.90319479263053,320.0,236.29510527735687,147.86871670617788,67.84413423213186,0.0,193.21609304987018,167.6020374512139,156.79912540745605,149.68227858181362,250.80322969238156,257.241667293508,262.23933897321405,261.4459762412065,308.9131806752283,314.70834451905023,306.6676872599299,293.6425054446959,359.2607522404706,363.88612208604263,348.07869127002317,330.5237694920997,320.0,341.12925901897415,385.13644892673295,409.22026259444993,407.1841941894398,473.97985567244064,552.6551066774346,598.9896371633727,640.0,475.850390385621,499.06753948431043,437.749712698358,399.9530927940603,466.70064842020304,480.11746779000237,420.2570007456608,389.13295086380276,450.03548506156324,462.73123599388884,417.14410431059844,392.130936630822
320.0,234.732726299709,143.40192121683367,66.94720039459298,0.0,187.8251920177202,164.09570792291515,152.61390608913857,143.6889529198135,250.23471544284246,244.1803639510935,246.59115272454068,249.83873480289418,312.6020754158721,306.1190265802094,299.50196201264214,293.5349084362596,369.4842727099169,363.703378780242,346.1416427356831,331.1236437673089,320.0,330.5171413576746,370.1161013447823,393.58715406512374,396.0981553198438,472.7294936495708,552.6347816051758,598.7060035427846,640.0,481.16948335748043,486.2985939097033,421.95275485943944,384.5360281965024,473.85206037595594,466.73987956289886,405.71492744683655,375.0214015774916,459.2084472680923,452.42350427068766,403.16976741090474,379.2275633656893,320.0,235.39518318538705,144.98075045525258,67.04830140202012,0.0,190.29772268331985,165.08516456526618,153.95519031693826,146.85684597242997,253.3813238817245,254.27691403313523,256.2392884204547,256.6734469382991,316.5318179247716,319.7416793674388,311.59604737920677,301.63579495085713,373.3815772637118,377.0311992696149,359.3969923327762,342.55210253493703,320.0,338.40182781476847,379.075486443915,401.21398543515784,403.46250405176386,473.752646611491,551.1195161834478,597.9193933483496,640.0,478.38065365020174,496.2649959803703,433.7589639905575,396.8910859159735,470.6510323836945,475.04536257416146,416.11660629480247,388.25892956567765,455.91143146540924,460.12726642655366,414.0290306730134,392.1973089034193,320.0,235.74179806023628,145.3153602095921,65.15596724721325,0.0,194.26101312676843,169.61127406659875,159.53623012224864,153.06165080588104,253.08144978589837,257.0200076961272,260.66782898150564,260.4375172347216,311.5256790089247,318.3547092298554,309.455250953189,296.5744904220758,362.15289550026836,368.8811162870521,352.4961240032912,334.7710938467184,320.0,341.42415854938713,383.7345172886513,406.2092220859586,405.83207718724975,472.74601227978974,550.8882274189762,598.1018311298089,640.0,475.97781689504774,496.820301194058,431.073207056363,392.46175863127917,467.54879901729566,476.5147716757959,413.4049620948301,383.0874498461514,451.28387831005364,459.6896131605305,412.83725766081847,389.90319479263053,320.0,236.29510527735687,147.86871670617788,67.84413423213186,0.0,193.21609304987018,167.6020374512139,156.79912540745605,149.68227858181362,250.80322969238156,257.241667293508,262.23933897321405,261.4459762412065,308.9131806752283,314.70834451905023,306.6676872599299,293.6425054446959,359.2607522404706,363.88612208604263,348.07869127002317,330.5237694920997,320.0,341.12925901897415,385.13644892673295,409.22026259444993,407.1841941894398,473.97985567244064,552.6551066774346,598.9896371633727,640.0,475.850390385621,499.06753948431043,437.749712698358,399.9530927940603,466.70064842020304,480.11746779000237,420.2570007456608,389.13295086380276,450.03548506156324,462.73123599388884,417.14410431059844,392.130936630822,320.0,234.02538395367253,144.05207483650145,64.79982162124713,0.0,198.61895676314762,176.38170632074042,164.426300576629,153.9205096980477,253.03255228500223,251.8254218472685,257.3551113067638,260.5593920509698,307.54063753111006,308.17159508585127,302.2623384671986,293.4670986637482,354.7005038680974,356.95559867071944,342.31498311270707,328.03477391325305,320.0,347.03742359028655,390.84328652251463,413.5876296721839,413.48809276743276,477.3367260900384,555.869820005434,600.3361877004548,640.0,480.09179692787086,499.1517105649682,436.1559184254561,396.1755290404534,471.6547809897345,481.3043264666103,419.97174707921147,387.55467862553246,454.6122341764093,467.5756928632801,422.8191762940148,398.62031904345116
320.0,235.39518318538705,144.98075045525258,67.04830140202012,0.0,190.29772268331985,165.08516456526618,153.95519031693826,146.85684597242997,253.3813238817245,254.27691403313523,256.2392884204547,256.6734469382991,316.5318179247716,319.7416793674388,311.59604737920677,301.63579495085713,373.3815772637118,377.0311992696149,359.3969923327762,342.55210253493703,320.0,338.40182781476847,379.075486443915,401.21398543515784,403.46250405176386,473.752646611491,551.1195161834478,597.9193933483496,640.0,478.38065365020174,496.2649959803703,433.7589639905575,396.8910859159735,470.6510323836945,475.04536257416146,416.11660629480247,388.25892956567765,455.91143146540924,460.12726642655366,414.0290306730134,392.1973089034193,320.0,235.74179806023628,145.3153602095921,65.15596724721325,0.0,194.26101312676843,169.61127406659875,159.53623012224864,153.06165080588104,253.08144978589837,257.0200076961272,260.66782898150564,260.4375172347216,311.5256790089247,318.3547092298554,309.455250953189,296.5744904220758,362.15289550026836,368.8811162870521,352.4961240032912,334.7710938467184,320.0,341.42415854938713,383.7345172886513,406.2092220859586,405.83207718724975,472.74601227978974,550.8882274189762,598.1018311298089,640.0,475.97781689504774,496.820301194058,431.073207056363,392.46175863127917,467.54879901729566,476.5147716757959,413.4049620948301,383.0874498461514,451.28387831005364,459.6896131605305,412.83725766081847,389.90319479263053,320.0,236.29510527735687,147.86871670617788,67.84413423213186,0.0,193.21609304987018,167.6020374512139,156.79912540745605,149.68227858181362,250.80322969238156,257.241667293508,262.23933897321405,261.4459762412065,308.9131806752283,314.70834451905023,306.6676872599299,293.6425054446959,359.2607522404706,363.88612208604263,348.07869127002317,330.5237694920997,320.0,341.12925901897415,385.13644892673295,409.22026259444993,407.1841941894398,473.97985567244064,552.6551066774346,598.9896371633727,640.0,475.850390385621,499.06753948431043,437.749712698358,399.9530927940603,466.70064842020304,480.11746779000237,420.2570007456608,389.13295086380276,450.03548506156324,462.73123599388884,417.14410431059844,392.130936630822,320.0,234.02538395367253,144.05207483650145,64.79982162124713,0.0,198.61895676314762,176.38170632074042,164.426300576629,153.9205096980477,253.03255228500223,251.8254218472685,257.3551113067638,260.5593920509698,307.54063753111006,308.17159508585127,302.2623384671986,293.4670986637482,354.7005038680974,356.95559867071944,342.31498311270707,328.03477391325305,320.0,347.03742359028655,390.84328652251463,413.5876296721839,413.48809276743276,477.3367260900384,555.869820005434,600.3361877004548,640.0,480.09179692787086,499.1517105649682,436.1559184254561,396.1755290404534,471.6547809897345,481.3043264666103,419.97174707921147,387.55467862553246,454.6122341764093,467.5756928632801,422.8191762940148,398.62031904345116,320.0,235.81253262457463,145.48629760986555,66.92199077252519,0.0,195.93879939364038,173.63515565000534,161.82511494444225,150.90300750079732,251.66719563077663,254.0614455056441,260.2265764153184,261.11359391901317,307.63453432125885,312.31869046574064,305.8185153214771,293.11310962379895,357.0686601284978,362.10175537753423,346.8941459990474,328.4464079191073,320.0,343.71030293590843,389.6854983156271,414.03464206134083,415.3827432794652,476.39340720625216,555.243783144213,600.1209633457348,640.0,478.45506957301586,499.4736717821695,437.70844899527975,394.2196844281548,470.26469147463644,481.38101996879954,419.80531111284165,383.03506660872057,454.51103948793053,469.49944105448526,424.2431526034301,396.43215406296866
320.0,235.74179806023628,145.3153602095921,65.15596724721325,0.0,194.26101312676843,169.61127406659875,159.53623012224864,153.06165080588104,253.08144978589837,257.0200076961272,260.66782898150564,260.4375172347216,311.5256790089247,318.3547092298554,309.455250953189,296.5744904220758,362.15289550026836,368.8811162870521,352.4961240032912,334.7710938467184,320.0,341.42415854938713,383.7345172886513,406.2092220859586,405.83207718724975,472.74601227978974,550.8882274189762,598.1018311298089,640.0,475.97781689504774,496.820301194058,431.073207056363,392.46175863127917,467.54879901729566,476.5147716757959,413.4049620948301,383.0874498461514,451.28387831005364,459.6896131605305,412.83725766081847,389.90319479263053,320.0,236.29510527735687,147.86871670617788,67.84413423213186,0.0,193.21609304987018,167.6020374512139,156.79912540745605,149.68227858181362,250.80322969238156,257.241667293508,262.23933897321405,261.4459762412065,308.9131806752283,314.70834451905023,306.6676872599299,293.6425054446959,359.2607522404706,363.88612208604263,348.07869127002317,330.5237694920997,320.0,341.12925901897415,385.13644892673295,409.22026259444993,407.1841941894398,473.97985567244064,552.6551066774346,598.9896371633727,640.0,475.850390385621,499.06753948431043,437.749712698358,399.9530927940603,466.70064842020304,480.11746779000237,420.2570007456608,389.13295086380276,450.03548506156324,462.73123599388884,417.14410431059844,392.130936630822,320.0,234.02538395367253,144.05207483650145,64.79982162124713,0.0,198.61895676314762,176.38170632074042,164.426300576629,153.9205096980477,253.03255228500223,251.8254218472685,257.3551113067638,260.5593920509698,307.54063753111006,308.17159508585127,302.2623384671986,293.4670986637482,354.7005038680974,356.95559867071944,342.31498311270707,328.03477391325305,320.0,347.03742359028655,390.84328652251463,413.5876296721839,413.48809276743276,477.3367260900384,555.869820005434,600.3361877004548,640.0,480.09179692787086,499.1517105649682,436.1559184254561,396.1755290404534,471.6547809897345,481.3043264666103,419.97174707921147,387.55467862553246,454.6122341764093,467.5756928632801,422.8191762940148,398.62031904345116,320.0,235.81253262457463,145.48629760986555,66.92199077252519,0.0,195.93879939364038,173.63515565000534,161.82511494444225,150.90300750079732,251.66719563077663,254.0614455056441,260.2265764153184,261.11359391901317,307.63453432125885,312.31869046574064,305.8185153214771,293.11310962379895,357.0686601284978,362.10175537753423,346.8941459990474,328.4464079191073,320.0,343.71030293590843,389.6854983156271,414.03464206134083,415.3827432794652,476.39340720625216,555.243783144213,600.1209633457348,640.0,478.45506957301586,499.4736717821695,437.70844899527975,394.2196844281548,470.26469147463644,481.38101996879954,419.80531111284165,383.03506660872057,454.51103948793053,469.49944105448526,424.2431526034301,396.43215406296866,320.0,234.79797683535025,144.44206931940516,66.55974406094461,0.0,192.40349286992986,168.27126800192883,156.40594753404025,145.0209723540969,248.3755260487696,247.68890943648225,255.08169491132224,256.2821339228062,304.4899518401972,305.0150511121385,299.6004200104837,287.4746355978217,353.77227190652394,354.2101433305108,339.3495758744741,321.4956880433444,320.0,339.34021523710754,385.1777509853635,412.2667565873816,416.4024444013221,475.81135736803765,555.2832445260235,599.9595204087151,640.0,478.521601649112,498.27425775645696,438.46788844317336,397.99460857449156,471.0718502565603,482.3507582288588,422.2356588654084,386.57289972037626,456.3647438691145,471.9958415910877,427.3198100212819,399.2557109727661
320.0,236.29510527735687,147.86871670617788,67.84413423213186,0.0,193.21609304987018,167.6020374512139,156.79912540745605,149.68227858181362,250.80322969238156,257.241667293508,262.23933897321405,261.4459762412065,308.9131806752283,314.70834451905023,306.6676872599299,293.6425054446959,359.2607522404706,363.88612208604263,348.07869127002317,330.5237694920997,320.0,341.12925901897415,385.13644892673295,409.22026259444993,407.1841941894398,473.97985567244064,552.6551066774346,598.9896371633727,640.0,475.850390385621,499.06753948431043,437.749712698358,399.9530927940603,466.70064842020304,480.11746779000237,420.2570007456608,389.13295086380276,450.03548506156324,462.73123599388884,417.14410431059844,392.130936630822,320.0,234.02538395367253,144.05207483650145,64.79982162124713,0.0,198.61895676314762,176.38170632074042,164.426300576629,153.9205096980477,253.03255228500223,251.8254218472685,257.3551113067638,260.5593920509698,307.54063753111006,308.17159508585127,302.2623384671986,293.4670986637482,354.7005038680974,356.95559867071944,342.31498311270707,328.03477391325305,320.0,347.03742359028655,390.84328652251463,413.5876296721839,413.48809276743276,477.3367260900384,555.869820005434,600.3361877004548,640.0,480.09179692787086,499.1517105649682,436.1559184254561,396.1755290404534,471.6547809897345,481.3043264666103,419.97174707921147,387.55467862553246,454.6122341764093,467.5756928632801,422.8191762940148,398.62031904345116,320.0,235.81253262457463,145.48629760986555,66.92199077252519,0.0,195.93879939364038,173.63515565000534,161.82511494444225,150.90300750079732,251.66719563077663,254.0614455056441,260.2265764153184,261.11359391901317,307.63453432125885,312.31869046574064,305.8185153214771,293.11310962379895,357.0686601284978,362.10175537753423,346.8941459990474,328.4464079191073,320.0,343.71030293590843,389.6854983156271,414.03464206134083,415.3827432794652,476.39340720625216,555.243783144213,600.1209633457348,640.0,478.45506957301586,499.4736717821695,437.70844899527975,394.2196844281548,470.26469147463644,481.38101996879954,419.80531111284165,383.03506660872057,454.51103948793053,469.49944105448526,424.2431526034301,396.43215406296866,320.0,234.79797683535025,144.44206931940516,66.55974406094461,0.0,192.40349286992986,168.27126800192883,156.40594753404025,145.0209723540969,248.3755260487696,247.68890943648225,255.08169491132224,256.2821339228062,304.4899518401972,305.0150511121385,299.6004200104837,287.4746355978217,353.77227190652394,354.2101433305108,339.3495758744741,321.4956880433444,320.0,339.34021523710754,385.1777509853635,412.2667565873816,416.4024444013221,475.81135736803765,555.2832445260235,599.9595204087151,640.0,478.521601649112,498.27425775645696,438.46788844317336,397.99460857449156,471.0718502565603,482.3507582288588,422.2356588654084,386.57289972037626,456.3647438691145,471.9958415910877,427.3198100212819,399.2557109727661,320.0,235.69369362504557,145.79980129884132,65.80422982906455,0.0,194.74689358551154,169.995712662795,157.48595745787125,146.63014175106684,252.9208734155286,258.6891147130521,263.16795447399215,260.7738587626068,311.1871531386199,320.5096395611183,312.1436080912116,296.8993520136926,361.5714558815521,371.3491665241663,356.2112310305499,336.88858548576115,320.0,343.48782542322886,386.5205778273796,410.8705017521132,415.3169870342607,475.9846856079382,553.5980002493607,598.3262833203078,640.0,477.1687228782299,496.9125707155332,432.0670881469565,393.448383869408,467.6001674568155,476.329249292718,415.8902732120792,385.8425601835943,450.55209052399186,462.9411377129575,418.268524910215,394.4228365684328
320.0,234.02538395367253,144.05207483650145,64.79982162124713,0.0,198.61895676314762,176.38170632074042,164.426300576629,153.9205096980477,253.03255228500223,251.8254218472685,257.3551113067638,260.5593920509698,307.54063753111006,308.17159508585127,302.2623384671986,293.4670986637482,354.7005038680974,356.95559867071944,342.31498311270707,328.03477391325305,320.0,347.03742359028655,390.84328652251463,413.5876296721839,413.48809276743276,477.3367260900384,555.869820005434,600.3361877004548,640.0,480.09179692787086,499.1517105649682,436.1559184254561,396.1755290404534,471.6547809897345,481.3043264666103,419.97174707921147,387.55467862553246,454.6122341764093,467.5756928632801,422.8191762940148,398.62031904345116,320.0,235.81253262457463,145.48629760986555,66.92199077252519,0.0,195.93879939364038,173.63515565000534,161.82511494444225,150.90300750079732,251.66719563077663,254.0614455056441,260.2265764153184,261.11359391901317,307.63453432125885,312.31869046574064,305.8185153214771,293.11310962379895,357.0686601284978,362.10175537753423,346.8941459990474,328.4464079191073,320.0,343.71030293590843,389.6854983156271,414.03464206134083,415.3827432794652,476.39340720625216,555.243783144213,600.1209633457348,640.0,478.45506957301586,499.4736717821695,437.70844899527975,394.2196844281548,470.26469147463644,481.38101996879954,419.80531111284165,383.03506660872057,454.51103948793053,469.49944105448526,424.2431526034301,396.43215406296866,320.0,234.79797683535025,144.44206931940516,66.55974406094461,0.0,192.40349286992986,168.27126800192883,156.40594753404025,145.0209723540969,248.3755260487696,247.68890943648225,255.08169491132224,256.2821339228062,304.4899518401972,305.0150511121385,299.6004200104837,287.4746355978217,353.77227190652394,354.2101433305108,339.3495758744741,321.4956880433444,320.0,339.34021523710754,385.1777509853635,412.2667565873816,416.4024444013221,475.81135736803765,555.2832445260235,599.9595204087151,640.0,478.521601649112,498.27425775645696,438.46788844317336,397.99460857449156,471.0718502565603,482.3507582288588,422.2356588654084,386.57289972037626,456.3647438691145,471.9958415910877,427.3198100212819,399.2557109727661,320.0,235.69369362504557,145.79980129884132,65.80422982906455,0.0,194.74689358551154,169.995712662795,157.48595745787125,146.63014175106684,252.9208734155286,258.6891147130521,263.16795447399215,260.7738587626068,311.1871531386199,320.5096395611183,312.1436080912116,296.8993520136926,361.5714558815521,371.3491665241663,356.2112310305499,336.88858548576115,320.0,343.48782542322886,386.5205778273796,410.8705017521132,415.3169870342607,475.9846856079382,553.5980002493607,598.3262833203078,640.0,477.1687228782299,496.9125707155332,432.0670881469565,393.448383869408,467.6001674568155,476.329249292718,415.8902732120792,385.8425601835943,450.55209052399186,462.9411377129575,418.268524910215,394.4228365684328,320.0,235.7255345484108,145.08072304999962,66.96414721471785,0.0,191.8331307090557,170.4964249407516,158.4791794157993,146.91480705008286,248.56715564867423,252.12226224349797,255.39919524805669,252.08806142985594,305.5343631999594,312.5871741065675,305.00627265496126,291.0919278693161,355.4093469803935,364.2357193463278,350.7380248398226,332.56707328432947,320.0,339.1104966579915,382.7495153443937,409.8644841657182,417.4781824111399,471.40863631364664,550.5260462034751,596.986170872512,640.0,477.29610183786684,493.63862672518434,429.7426463826102,393.9884362561336,471.26254767434443,476.0055371815806,416.1480004967379,387.3057029849813,457.4308477030248,466.80134403374774,422.4755991457022,400.00096404700844
320.0,235.81253262457463,145.48629760986555,66.92199077252519,0.0,195.93879939364038,173.63515565000534,161.82511494444225,150.90300750079732,251.66719563077663,254.0614455056441,260.2265764153184,261.11359391901317,307.63453432125885,312.31869046574064,305.8185153214771,293.11310962379895,357.0686601284978,362.10175537753423,346.8941459990474,328.4464079191073,320.0,343.71030293590843,389.6854983156271,414.03464206134083,415.3827432794652,476.39340720625216,555.243783144213,600.1209633457348,640.0,478.45506957301586,499.4736717821695,437.70844899527975,394.2196844281548,470.26469147463644,481.38101996879954,419.80531111284165,383.03506660872057,454.51103948793053,469.49944105448526,424.2431526034301,396.43215406296866,320.0,234.79797683535025,144.44206931940516,66.55974406094461,0.0,192.40349286992986,168.27126800192883,156.40594753404025,145.0209723540969,248.3755260487696,247.68890943648225,255.08169491132224,256.2821339228062,304.4899518401972,305.0150511121385,299.6004200104837,287.4746355978217,353.77227190652394,354.2101433305108,339.3495758744741,321.4956880433444,320.0,339.34021523710754,385.1777509853635,412.2667565873816,416.4024444013221,475.81135736803765,555.2832445260235,599.9595204087151,640.0,478.521601649112,498.27425775645696,438.46788844317336,397.99460857449156,471.0718502565603,482.3507582288588,422.2356588654084,386.57289972037626,456.3647438691145,471.9958415910877,427.3198100212819,399.2557109727661,320.0,235.69369362504557,145.79980129884132,65.80422982906455,0.0,194.74689358551154,169.995712662795,157.48595745787125,146.63014175106684,252.9208734155286,258.6891147130521,263.16795447399215,260.7738587626068,311.1871531386199,320.5096395611183,312.1436080912116,296.8993520136926,361.5714558815521,371.3491665241663,356.2112310305499,336.88858548576115,320.0,343.48782542322886,386.5205778273796,410.8705017521132,415.3169870342607,475.9846856079382,553.5980002493607,598.3262833203078,640.0,477.1687228782299,496.9125707155332,432.0670881469565,393.448383869408,467.6001674568155,476.329249292718,415.8902732120792,385.8425601835943,450.55209052399186,462.9411377129575,418.268524910215,394.4228365684328,320.0,235.7255345484108,145.08072304999962,66.96414721471785,0.0,191.8331307090557,170.4964249407516,158.4791794157993,146.91480705008286,248.56715564867423,252.12226224349797,255.39919524805669,252.08806142985594,305.5343631999594,312.5871741065675,305.00627265496126,291.0919278693161,355.4093469803935,364.2357193463278,350.7380248398226,332.56707328432947,320.0,339.1104966579915,382.7495153443937,409.8644841657182,417.4781824111399,471.40863631364664,550.5260462034751,596.986170872512,640.0,477.29610183786684,493.63862672518434,429.7426463826102,393.9884362561336,471.26254767434443,476.0055371815806,416.1480004967379,387.3057029849813,457.4308477030248,466.80134403374774,422.4755991457022,400.00096404700844,320.0,236.7332175583022,147.39425399090624,68.56194299393448,0.0,194.2547911042766,171.75381341664672,159.08563456411983,147.66492967879117,251.43189896021005,257.16911022434573,259.7826440304845,256.2814818406686,309.0572568884712,318.1607099931146,309.0123414240677,294.4881901748944,359.55993021316254,368.7133087178207,354.8706826678733,337.76712779891284,320.0,336.3295003458411,381.03342589568786,411.76715665891146,419.8593917659396,471.3709708499577,551.3919850061156,597.2205330212312,640.0,476.4475122768514,493.6049216938708,429.71511213973196,394.93737335218384,469.79016269743875,476.6315686986436,415.9983853988126,387.03791675878955,456.0696225768305,469.6296762075533,426.5893983987862,404.0498497974649
320.0,234.79797683535025,144.44206931940516,66.55974406094461,0.0,192.40349286992986,168.27126800192883,156.40594753404025,145.0209723540969,248.3755260487696,247.68890943648225,255.08169491132224,256.2821339228062,304.4899518401972,305.0150511121385,299.6004200104837,287.4746355978217,353.77227190652394,354.2101433305108,339.3495758744741,321.4956880433444,320.0,339.34021523710754,385.1777509853635,412.2667565873816,416.4024444013221,475.81135736803765,555.2832445260235,599.9595204087151,640.0,478.521601649112,498.27425775645696,438.46788844317336,397.99460857449156,471.0718502565603,482.3507582288588,422.2356588654084,386.57289972037626,456.3647438691145,471.9958415910877,427.3198100212819,399.2557109727661,320.0,235.69369362504557,145.79980129884132,65.80422982906455,0.0,194.74689358551154,169.995712662795,157.48595745787125,146.63014175106684,252.9208734155286,258.6891147130521,263.16795447399215,260.7738587626068,311.1871531386199,320.5096395611183,312.1436080912116,296.8993520136926,361.5714558815521,371.3491665241663,356.2112310305499,336.88858548576115,320.0,343.48782542322886,386.5205778273796,410.8705017521132,415.3169870342607,475.9846856079382,553.5980002493607,598.3262833203078,640.0,477.1687228782299,496.9125707155332,432.0670881469565,393.448383869408,467.6001674568155,476.329249292718,415.8902732120792,385.8425601835943,450.55209052399186,462.9411377129575,418.268524910215,394.4228365684328,320.0,235.7255345484108,145.08072304999962,66.96414721471785,0.0,191.8331307090557,170.4964249407516,158.4791794157993,146.91480705008286,248.56715564867423,252.12226224349797,255.39919524805669,252.08806142985594,305.5343631999594,312.5871741065675,305.00627265496126,291.0919278693161,355.4093469803935,364.2357193463278,350.7380248398226,332.56707328432947,320.0,339.1104966579915,382.7495153443937,409.8644841657182,417.4781824111399,471.40863631364664,550.5260462034751,596.986170872512,640.0,477.29610183786684,493.63862672518434,429.7426463826102,393.9884362561336,471.26254767434443,476.0055371815806,416.1480004967379,387.3057029849813,457.4308477030248,466.80134403374774,422.4755991457022,400.00096404700844,320.0,236.7332175583022,147.39425399090624,68.56194299393448,0.0,194.2547911042766,171.75381341664672,159.08563456411983,147.66492967879117,251.43189896021005,257.16911022434573,259.7826440304845,256.2814818406686,309.0572568884712,318.1607099931146,309.0123414240677,294.4881901748944,359.55993021316254,368.7133087178207,354.8706826678733,337.76712779891284,320.0,336.3295003458411,381.03342589568786,411.76715665891146,419.8593917659396,471.3709708499577,551.3919850061156,597.2205330212312,640.0,476.4475122768514,493.6049216938708,429.71511213973196,394.93737335218384,469.79016269743875,476.6315686986436,415.9983853988126,387.03791675878955,456.0696225768305,469.6296762075533,426.5893983987862,404.0498497974649,320.0,235.82204281398757,147.62508349367744,67.07156502097237,0.0,180.8862984940008,157.89209525839365,143.8378157757508,130.2733936848638,234.9630266992,245.7602165899837,249.94860094628547,242.34356581772414,290.93356445283655,303.5933790104005,298.72721980081866,283.45980449934154,340.53289911679803,350.4989021054956,340.6694625450355,325.42272589466296,320.0,335.20822226915544,376.6615173891438,403.46258985337414,411.7458511000764,473.0350614057039,549.0110256586319,594.0051319216263,640.0,480.3739813851502,496.91759409526367,428.09048192876946,404.89628409172633,476.79118285749433,481.9072706995912,419.32494891671547,404.40505668381536,467.71420175513674,475.3860633670287,426.74167885104833,410.28270737665736
320.0,235.69369362504557,145.79980129884132,65.80422982906455,0.0,194.74689358551154,169.995712662795,157.48595745787125,146.63014175106684,252.9208734155286,258.6891147130521,263.16795447399215,260.7738587626068,311.1871531386199,320.5096395611183,312.1436080912116,296.8993520136926,361.5714558815521,371.3491665241663,356.2112310305499,336.88858548576115,320.0,343.48782542322886,386.5205778273796,410.8705017521132,415.3169870342607,475.9846856079382,553.5980002493607,598.3262833203078,640.0,477.1687228782299,496.9125707155332,432.0670881469565,393.448383869408,467.6001674568155,476.329249292718,415.8902732120792,385.8425601835943,450.55209052399186,462.9411377129575,418.268524910215,394.4228365684328,320.0,235.7255345484108,145.08072304999962,66.96414721471785,0.0,191.8331307090557,170.4964249407516,158.4791794157993,146.91480705008286,248.56715564867423,252.12226224349797,255.39919524805669,252.08806142985594,305.5343631999594,312.5871741065675,305.00627265496126,291.0919278693161,355.4093469803935,364.2357193463278,350.7380248398226,332.56707328432947,320.0,339.1104966579915,382.7495153443937,409.8644841657182,417.4781824111399,471.40863631364664,550.5260462034751,596.986170872512,640.0,477.29610183786684,493.63862672518434,429.7426463826102,393.9884362561336,471.26254767434443,476.0055371815806,416.1480004967379,387.3057029849813,457.4308477030248,466.80134403374774,422.4755991457022,400.00096404700844,320.0,236.7332175583022,147.39425399090624,68.56194299393448,0.0,194.2547911042766,171.75381341664672,159.08563456411983,147.66492967879117,251.43189896021005,257.16911022434573,259.7826440304845,256.2814818406686,309.0572568884712,318.1607099931146,309.0123414240677,294.4881901748944,359.55993021316254,368.7133087178207,354.8706826678733,337.76712779891284,320.0,336.3295003458411,381.03342589568786,411.76715665891146,419.8593917659396,471.3709708499577,551.3919850061156,597.2205330212312,640.0,476.4475122768514,493.6049216938708,429.71511213973196,394.93737335218384,469.79016269743875,476.6315686986436,415.9983853988126,387.03791675878955,456.0696225768305,469.6296762075533,426.5893983987862,404.0498497974649,320.0,235.82204281398757,147.62508349367744,67.07156502097237,0.0,180.8862984940008,157.89209525839365,143.8378157757508,130.2733936848638,234.9630266992,245.7602165899837,249.94860094628547,242.34356581772414,290.93356445283655,303.5933790104005,298.72721980081866,283.45980449934154,340.53289911679803,350.4989021054956,340.6694625450355,325.42272589466296,320.0,335.20822226915544,376.6615173891438,403.46258985337414,411.7458511000764,473.0350614057039,549.0110256586319,594.0051319216263,640.0,480.3739813851502,496.91759409526367,428.09048192876946,404.89628409172633,476.79118285749433,481.9072706995912,419.32494891671547,404.40505668381536,467.71420175513674,475.3860633670287,426.74167885104833,410.28270737665736,320.0,236.67895733037756,150.88661752725028,69.75338423734809,0.0,185.35319138869147,162.9742808075986,145.64716844537,130.68798249664724,240.77361180310578,255.25823965428503,255.10026695835873,246.72257571015513,298.19232556291,316.60974027432303,305.7468911097101,286.7668346711347,348.67918499099386,362.247684578959,347.0347987595011,327.61392188097955,320.0,335.63931410125775,376.59908041486085,398.85078793792053,402.8588056711832,472.5019229445444,549.4234921108258,594.1874535588827,640.0,479.99377474762287,490.3745354527851,420.6708199185221,398.1013633248289,474.9081353546176,470.61292888057284,406.2466924945713,391.15537473543355,464.0034957186425,463.6856160483088,413.50124464235137,396.888745108293
320.0,235.7255345484108,145.08072304999962,66.96414721471785,0.0,191.8331307090557,170.4964249407516,158.4791794157993,146.91480705008286,248.56715564867423,252.12226224349797,255.39919524805669,252.08806142985594,305.5343631999594,312.5871741065675,305.00627265496126,291.0919278693161,355.4093469803935,364.2357193463278,350.7380248398226,332.56707328432947,320.0,339.1104966579915,382.7495153443937,409.8644841657182,417.4781824111399,471.40863631364664,550.5260462034751,596.986170872512,640.0,477.29610183786684,493.63862672518434,429.7426463826102,393.9884362561336,471.26254767434443,476.0055371815806,416.1480004967379,387.3057029849813,457.4308477030248,466.80134403374774,422.4755991457022,400.00096404700844,320.0,236.7332175583022,147.39425399090624,68.56194299393448,0.0,194.2547911042766,171.75381341664672,159.08563456411983,147.66492967879117,251.43189896021005,257.16911022434573,259.7826440304845,256.2814818406686,309.0572568884712,318.1607099931146,309.0123414240677,294.4881901748944,359.55993021316254,368.7133087178207,354.8706826678733,337.76712779891284,320.0,336.3295003458411,381.03342589568786,411.76715665891146,419.8593917659396,471.3709708499577,551.3919850061156,597.2205330212312,640.0,476.4475122768514,493.6049216938708,429.71511213973196,394.93737335218384,469.79016269743875,476.6315686986436,415.9983853988126,387.03791675878955,456.0696225768305,469.6296762075533,426.5893983987862,404.0498497974649,320.0,235.82204281398757,147.62508349367744,67.07156502097237,0.0,180.8862984940008,157.89209525839365,143.8378157757508,130.2733936848638,234.9630266992,245.7602165899837,249.94860094628547,242.34356581772414,290.93356445283655,303.5933790104005,298.72721980081866,283.45980449934154,340.53289911679803,350.4989021054956,340.6694625450355,325.42272589466296,320.0,335.20822226915544,376.6615173891438,403.46258985337414,411.7458511000764,473.0350614057039,549.0110256586319,594.0051319216263,640.0,480.3739813851502,496.91759409526367,428.09048192876946,404.89628409172633,476.79118285749433,481.9072706995912,419.32494891671547,404.40505668381536,467.71420175513674,475.3860633670287,426.74167885104833,410.28270737665736,320.0,236.67895733037756,150.88661752725028,69.75338423734809,0.0,185.35319138869147,162.9742808075986,145.64716844537,130.68798249664724,240.77361180310578,255.25823965428503,255.10026695835873,246.72257571015513,298.19232556291,316.60974027432303,305.7468911097101,286.7668346711347,348.67918499099386,362.247684578959,347.0347987595011,327.61392188097955,320.0,335.63931410125775,376.59908041486085,398.85078793792053,402.8588056711832,472.5019229445444,549.4234921108258,594.1874535588827,640.0,479.99377474762287,490.3745354527851,420.6708199185221,398.1013633248289,474.9081353546176,470.61292888057284,406.2466924945713,391.15537473543355,464.0034957186425,463.6856160483088,413.50124464235137,396.888745108293,320.0,240.73848357064384,151.774166044698,69.44987635215026,0.0,188.2638663881402,163.77801536900185,147.60720376848042,132.61274013163117,245.91275153639492,254.93921722898887,256.33400077667886,246.73157545983574,303.98348474721126,313.5707945655579,305.46687320356926,286.8475725898775,353.6388951526867,359.15285530530844,346.7612694223848,328.8537092189469,320.0,331.8281047222986,374.1042748288027,400.10919478519446,405.69392708343264,468.52697456401063,547.9948199638957,594.3362156301274,640.0,475.34067609393435,487.1188101339328,416.9578053141665,392.37200851325747,470.98513413659543,470.5835113607987,406.02072650130737,388.35843406585434,461.63066663184196,465.2029070886647,414.7261057982713,395.4510869798043
320.0,236.7332175583022,147.39425399090624,68.56194299393448,0.0,194.2547911042766,171.75381341664672,159.08563456411983,147.66492967879117,251.43189896021005,257.16911022434573,259.7826440304845,256.2814818406686,309.0572568884712,318.1607099931146,309.0123414240677,294.4881901748944,359.55993021316254,368.7133087178207,354.8706826678733,337.76712779891284,320.0,336.3295003458411,381.03342589568786,411.76715665891146,419.8593917659396,471.3709708499577,551.3919850061156,597.2205330212312,640.0,476.4475122768514,493.6049216938708,429.71511213973196,394.93737335218384,469.79016269743875,476.6315686986436,415.9983853988126,387.03791675878955,456.0696225768305,469.6296762075533,426.5893983987862,404.0498497974649,320.0,235.82204281398757,147.62508349367744,67.07156502097237,0.0,180.8862984940008,157.89209525839365,143.8378157757508,130.2733936848638,234.9630266992,245.7602165899837,249.94860094628547,242.34356581772414,290.93356445283655,303.5933790104005,298.72721980081866,283.45980449934154,340.53289911679803,350.4989021054956,340.6694625450355,325.42272589466296,320.0,335.20822226915544,376.6615173891438,403.46258985337414,411.7458511000764,473.0350614057039,549.0110256586319,594.0051319216263,640.0,480.3739813851502,496.91759409526367,428.09048192876946,404.89628409172633,476.79118285749433,481.9072706995912,419.32494891671547,404.40505668381536,467.71420175513674,475.3860633670287,426.74167885104833,410.28270737665736,320.0,236.67895733037756,150.88661752725028,69.75338423734809,0.0,185.35319138869147,162.9742808075986,145.64716844537,130.68798249664724,240.77361180310578,255.25823965428503,255.10026695835873,246.72257571015513,298.19232556291,316.60974027432303,305.7468911097101,286.7668346711347,348.67918499099386,362.247684578959,347.0347987595011,327.61392188097955,320.0,335.63931410125775,376.59908041486085,398.85078793792053,402.8588056711832,472.5019229445444,549.4234921108258,594.1874535588827,640.0,479.99377474762287,490.3745354527851,420.6708199185221,398.1013633248289,474.9081353546176,470.61292888057284,406.2466924945713,391.15537473543355,464.0034957186425,463.6856160483088,413.50124464235137,396.888745108293,320.0,240.73848357064384,151.774166044698,69.44987635215026,0.0,188.2638663881402,163.77801536900185,147.60720376848042,132.61274013163117,245.91275153639492,254.93921722898887,256.33400077667886,246.73157545983574,303.98348474721126,313.5707945655579,305.46687320356926,286.8475725898775,353.6388951526867,359.15285530530844,346.7612694223848,328.8537092189469,320.0,331.8281047222986,374.1042748288027,400.10919478519446,405.69392708343264,468.52697456401063,547.9948199638957,594.3362156301274,640.0,475.34067609393435,487.1188101339328,416.9578053141665,392.37200851325747,470.98513413659543,470.5835113607987,406.02072650130737,388.35843406585434,461.63066663184196,465.2029070886647,414.7261057982713,395.4510869798043,320.0,237.70793072819515,149.27460260382145,68.41027005454305,0.0,189.40310783185478,164.94949845851585,149.06245813710174,134.77118589421477,245.73370985010396,251.85916754628374,254.21422766329363,250.25910527113797,302.5297209875955,313.503493972614,303.9426418023078,288.6676267418306,352.69512075394755,359.743161497694,344.86622404064616,326.9248474926992,320.0,336.21212515371127,376.82605104960396,400.97923409823585,403.96933201113205,468.9941165457442,548.3585002226059,595.1548502677134,640.0,474.81277988327446,489.05459687575353,420.66187074408595,389.76020971187125,469.17052986403314,472.55555206598893,408.25734023225147,384.2294149528888,456.65622627272546,464.20537917743246,415.1448353612733,393.9681633807305
320.0,235.82204281398757,147.62508349367744,67.07156502097237,0.0,180.8862984940008,157.89209525839365,143.8378157757508,130.2733936848638,234.9630266992,245.7602165899837,249.94860094628547,242.34356581772414,290.93356445283655,303.5933790104005,298.72721980081866,283.45980449934154,340.53289911679803,350.4989021054956,340.6694625450355,325.42272589466296,320.0,335.20822226915544,376.6615173891438,403.46258985337414,411.7458511000764,473.0350614057039,549.0110256586319,594.0051319216263,640.0,480.3739813851502,496.91759409526367,428.09048192876946,404.89628409172633,476.79118285749433,481.9072706995912,419.32494891671547,404.40505668381536,467.71420175513674,475.3860633670287,426.74167885104833,410.28270737665736,320.0,236.67895733037756,150.88661752725028,69.75338423734809,0.0,185.35319138869147,162.9742808075986,145.64716844537,130.68798249664724,240.77361180310578,255.25823965428503,255.10026695835873,246.72257571015513,298.19232556291,316.60974027432303,305.7468911097101,286.7668346711347,348.67918499099386,362.247684578959,347.0347987595011,327.61392188097955,320.0,335.63931410125775,376.59908041486085,398.85078793792053,402.8588056711832,472.5019229445444,549.4234921108258,594.1874535588827,640.0,479.99377474762287,490.3745354527851,420.6708199185221,398.1013633248289,474.9081353546176,470.61292888057284,406.2466924945713,391.15537473543355,464.0034957186425,463.6856160483088,413.50124464235137,396.888745108293,320.0,240.73848357064384,151.774166044698,69.44987635215026,0.0,188.2638663881402,163.77801536900185,147.60720376848042,132.61274013163117,245.91275153639492,254.93921722898887,256.33400077667886,246.73157545983574,303.98348474721126,313.5707945655579,305.46687320356926,286.8475725898775,353.6388951526867,359.15285530530844,346.7612694223848,328.8537092189469,320.0,331.8281047222986,374.1042748288027,400.10919478519446,405.69392708343264,468.52697456401063,547.9948199638957,594.3362156301274,640.0,475.34067609393435,487.1188101339328,416.9578053141665,392.37200851325747,470.98513413659543,470.5835113607987,406.02072650130737,388.35843406585434,461.63066663184196,465.2029070886647,414.7261057982713,395.4510869798043,320.0,237.70793072819515,149.27460260382145,68.41027005454305,0.0,189.40310783185478,164.94949845851585,149.06245813710174,134.77118589421477,245.73370985010396,251.85916754628374,254.21422766329363,250.25910527113797,302.5297209875955,313.503493972614,303.9426418023078,288.6676267418306,352.69512075394755,359.743161497694,344.86622404064616,326.9248474926992,320.0,336.21212515371127,376.82605104960396,400.97923409823585,403.96933201113205,468.9941165457442,548.3585002226059,595.1548502677134,640.0,474.81277988327446,489.05459687575353,420.66187074408595,389.76020971187125,469.17052986403314,472.55555206598893,408.25734023225147,384.2294149528888,456.65622627272546,464.20537917743246,415.1448353612733,393.9681633807305,320.0,235.8143108244127,146.85218918186695,66.38831192365359,0.0,195.0435982376262,169.26768907630873,155.46545315577222,142.17010722682102,251.95140613720895,258.42896110971895,265.9962549258012,265.60333193187097,308.6329641885503,318.27344304610534,312.8475996418795,299.6485754424325,357.57590473564693,362.99068635571746,351.2863809557415,335.31628413522697,320.0,336.77199318216356,376.9914719314736,402.9148759399661,408.1454411302527,469.645080631067,551.1240461513181,596.6176345164346,640.0,475.9297727930773,490.51812299609566,424.4437237438832,388.93328871679125,470.1315466373786,472.774517329355,409.4467157050022,383.0161730841432,457.3213924292216,465.748954153754,418.2865419753898,395.89766977532355
320.0,236.67895733037756,150.88661752725028,69.75338423734809,0.0,185.35319138869147,162.9742808075986,145.64716844537,130.68798249664724,240.77361180310578,255.25823965428503,255.10026695835873,246.72257571015513,298.19232556291,316.60974027432303,305.7468911097101,286.7668346711347,348.67918499099386,362.247684578959,347.0347987595011,327.61392188097955,320.0,335.63931410125775,376.59908041486085,398.85078793792053,402.8588056711832,472.5019229445444,549.4234921108258,594.1874535588827,640.0,479.99377474762287,490.3745354527851,420.6708199185221,398.1013633248289,474.9081353546176,470.61292888057284,406.2466924945713,391.15537473543355,464.0034957186425,463.6856160483088,413.50124464235137,396.888745108293,320.0,240.73848357064384,151.774166044698,69.44987635215026,0.0,188.2638663881402,163.77801536900185,147.60720376848042,132.61274013163117,245.91275153639492,254.93921722898887,256.33400077667886,246.73157545983574,303.98348474721126,313.5707945655579,305.46687320356926,286.8475725898775,353.6388951526867,359.15285530530844,346.7612694223848,328.8537092189469,320.0,331.8281047222986,374.1042748288027,400.10919478519446,405.69392708343264,468.52697456401063,547.9948199638957,594.3362156301274,640.0,475.34067609393435,487.1188101339328,416.9578053141665,392.37200851325747,470.98513413659543,470.5835113607987,406.02072650130737,388.35843406585434,461.63066663184196,465.2029070886647,414.7261057982713,395.4510869798043,320.0,237.70793072819515,149.27460260382145,68.41027005454305,0.0,189.40310783185478,164.94949845851585,149.06245813710174,134.77118589421477,245.73370985010396,251.85916754628374,254.21422766329363,250.25910527113797,302.5297209875955,313.503493972614,303.9426418023078,288.6676267418306,352.69512075394755,359.743161497694,344.86622404064616,326.9248474926992,320.0,336.21212515371127,376.82605104960396,400.97923409823585,403.96933201113205,468.9941165457442,548.3585002226059,595.1548502677134,640.0,474.81277988327446,489.05459687575353,420.66187074408595,389.76020971187125,469.17052986403314,472.55555206598893,408.25734023225147,384.2294149528888,456.65622627272546,464.20537917743246,415.1448353612733,393.9681633807305,320.0,235.8143108244127,146.85218918186695,66.38831192365359,0.0,195.0435982376262,169.26768907630873,155.46545315577222,142.17010722682102,251.95140613720895,258.42896110971895,265.9962549258012,265.60333193187097,308.6329641885503,318.27344304610534,312.8475996418795,299.6485754424325,357.57590473564693,362.99068635571746,351.2863809557415,335.31628413522697,320.0,336.77199318216356,376.9914719314736,402.9148759399661,408.1454411302527,469.645080631067,551.1240461513181,596.6176345164346,640.0,475.9297727930773,490.51812299609566,424.4437237438832,388.93328871679125,470.1315466373786,472.774517329355,409.4467157050022,383.0161730841432,457.3213924292216,465.748954153754,418.2865419753898,395.89766977532355,320.0,239.18371459977274,150.42720111187896,69.90573006559754,0.0,193.18061191102032,167.42207593951574,153.80735936800482,140.24639932621557,249.88463101248158,256.6432928856653,262.8104597720085,259.3494743214086,306.8388854129978,316.13895745473224,310.76372776233035,296.081576592052,356.03753866185633,361.8187321255991,350.2823961434404,332.77306324557213,320.0,332.75675617022705,373.4672637295825,399.9776250952836,407.44649182180126,469.03883410664986,551.107914607826,596.7098067090076,640.0,475.7154478030992,488.8901211192655,422.94891200217353,389.4498345635659,470.14581596307,471.82727808880696,409.3414531626985,383.65535190289984,457.9618484503633,464.118736680383,416.6810451350824,394.7560201243376
320.0,240.73848357064384,151.774166044698,69.44987635215026,0.0,188.2638663881402,163.77801536900185,147.60720376848042,132.61274013163117,245.91275153639492,254.93921722898887,256.33400077667886,246.73157545983574,303.98348474721126,313.5707945655579,305.46687320356926,286.8475725898775,353.6388951526867,359.15285530530844,346.7612694223848,328.8537092189469,320.0,331.8281047222986,374.1042748288027,400.10919478519446,405.69392708343264,468.52697456401063,547.9948199638957,594.3362156301274,640.0,475.34067609393435,487.1188101339328,416.9578053141665,392.37200851325747,470.98513413659543,470.5835113607987,406.02072650130737,388.35843406585434,461.63066663184196,465.2029070886647,414.7261057982713,395.4510869798043,320.0,237.70793072819515,149.27460260382145,68.41027005454305,0.0,189.40310783185478,164.94949845851585,149.06245813710174,134.77118589421477,245.73370985010396,251.85916754628374,254.21422766329363,250.25910527113797,302.5297209875955,313.503493972614,303.9426418023078,288.6676267418306,352.69512075394755,359.743161497694,344.86622404064616,326.9248474926992,320.0,336.21212515371127,376.82605104960396,400.97923409823585,403.96933201113205,468.9941165457442,548.3585002226059,595.1548502677134,640.0,474.81277988327446,489.05459687575353,420.66187074408595,389.76020971187125,469.17052986403314,472.55555206598893,408.25734023225147,384.2294149528888,456.65622627272546,464.20537917743246,415.1448353612733,393.9681633807305,320.0,235.8143108244127,146.85218918186695,66.38831192365359,0.0,195.0435982376262,169.26768907630873,155.46545315577222,142.17010722682102,251.95140613720895,258.42896110971895,265.9962549258012,265.60333193187097,308.6329641885503,318.27344304610534,312.8475996418795,299.6485754424325,357.57590473564693,362.99068635571746,351.2863809557415,335.31628413522697,320.0,336.77199318216356,376.9914719314736,402.9148759399661,408.1454411302527,469.645080631067,551.1240461513181,596.6176345164346,640.0,475.9297727930773,490.51812299609566,424.4437237438832,388.93328871679125,470.1315466373786,472.774517329355,409.4467157050022,383.0161730841432,457.3213924292216,465.748954153754,418.2865419753898,395.89766977532355,320.0,239.18371459977274,150.42720111187896,69.90573006559754,0.0,193.18061191102032,167.42207593951574,153.80735936800482,140.24639932621557,249.88463101248158,256.6432928856653,262.8104597720085,259.3494743214086,306.8388854129978,316.13895745473224,310.76372776233035,296.081576592052,356.03753866185633,361.8187321255991,350.2823961434404,332.77306324557213,320.0,332.75675617022705,373.4672637295825,399.9776250952836,407.44649182180126,469.03883410664986,551.107914607826,596.7098067090076,640.0,475.7154478030992,488.8901211192655,422.94891200217353,389.4498345635659,470.14581596307,471.82727808880696,409.3414531626985,383.65535190289984,457.9618484503633,464.118736680383,416.6810451350824,394.7560201243376,320.0,240.59811504788308,153.39157047544325,69.92981561266785,0.0,194.28841208067018,168.73876417072427,155.20156839230054,142.6976113945959,249.51505605990104,259.8254443226574,263.9773229474717,256.78444534865383,305.12589385317153,318.5849620459187,308.8176315640897,288.2468309948272,353.4572576107716,361.98988799700965,348.44922680362197,328.21447414274786,320.0,338.40364520674535,377.2232179572097,403.7157967823904,412.1649791523877,471.59195094324684,551.8765838660498,596.7144193664417,640.0,475.79373620219485,492.0523734964594,424.1193943837196,392.8529388421874,469.220804739545,475.74169133667283,410.85009801340925,386.1405807483837,455.30061249742687,470.58790943886265,424.64167466081665,402.03512735251553
320.0,237.70793072819515,149.27460260382145,68.41027005454305,0.0,189.40310783185478,164.94949845851585,149.06245813710174,134.77118589421477,245.73370985010396,251.85916754628374,254.21422766329363,250.25910527113797,302.5297209875955,313.503493972614,303.9426418023078,288.6676267418306,352.69512075394755,359.743161497694,344.86622404064616,326.9248474926992,320.0,336.21212515371127,376.82605104960396,400.97923409823585,403.96933201113205,468.9941165457442,548.3585002226059,595.1548502677134,640.0,474.81277988327446,489.05459687575353,420.66187074408595,389.76020971187125,469.17052986403314,472.55555206598893,408.25734023225147,384.2294149528888,456.65622627272546,464.20537917743246,415.1448353612733,393.9681633807305,320.0,235.8143108244127,146.85218918186695,66.38831192365359,0.0,195.0435982376262,169.26768907630873,155.46545315577222,142.17010722682102,251.95140613720895,258.42896110971895,265.9962549258012,265.60333193187097,308.6329641885503,318.27344304610534,312.8475996418795,299.6485754424325,357.57590473564693,362.99068635571746,351.2863809557415,335.31628413522697,320.0,336.77199318216356,376.9914719314736,402.9148759399661,408.1454411302527,469.645080631067,551.1240461513181,596.6176345164346,640.0,475.9297727930773,490.51812299609566,424.4437237438832,388.93328871679125,470.1315466373786,472.774517329355,409.4467157050022,383.0161730841432,457.3213924292216,465.748954153754,418.2865419753898,395.89766977532355,320.0,239.18371459977274,150.42720111187896,69.90573006559754,0.0,193.18061191102032,167.42207593951574,153.80735936800482,140.24639932621557,249.88463101248158,256.6432928856653,262.8104597720085,259.3494743214086,306.8388854129978,316.13895745473224,310.76372776233035,296.081576592052,356.03753866185633,361.8187321255991,350.2823961434404,332.77306324557213,320.0,332.75675617022705,373.4672637295825,399.9776250952836,407.44649182180126,469.03883410664986,551.107914607826,596.7098067090076,640.0,475.7154478030992,488.8901211192655,422.94891200217353,389.4498345635659,470.14581596307,471.82727808880696,409.3414531626985,383.65535190289984,457.9618484503633,464.118736680383,416.6810451350824,394.7560201243376,320.0,240.59811504788308,153.39157047544325,69.92981561266785,0.0,194.28841208067018,168.73876417072427,155.20156839230054,142.6976113945959,249.51505605990104,259.8254443226574,263.9773229474717,256.78444534865383,305.12589385317153,318.5849620459187,308.8176315640897,288.2468309948272,353.4572576107716,361.98988799700965,348.44922680362197,328.21447414274786,320.0,338.40364520674535,377.2232179572097,403.7157967823904,412.1649791523877,471.59195094324684,551.8765838660498,596.7144193664417,640.0,475.79373620219485,492.0523734964594,424.1193943837196,392.8529388421874,469.220804739545,475.74169133667283,410.85009801340925,386.1405807483837,455.30061249742687,470.58790943886265,424.64167466081665,402.03512735251553,320.0,242.67331345838733,153.9307924902855,70.77020053189847,0.0,200.08355369296092,175.86119847644525,162.27179435552208,153.1029451715567,257.400415744883,265.65610340098334,266.8968018807169,263.13727017801955,313.9287486726568,322.28680933255697,311.662721525295,296.26170578840515,361.8965211087407,367.2155463696183,351.5469119382727,333.2822041662514,320.0,334.8844636130321,380.5816961818546,408.19684645404163,413.32473993158305,473.65957214867433,553.9098213070008,598.2701235616914,640.0,476.65809381990243,492.4347515635788,427.4516459901227,398.6795647077694,468.4912151179229,473.9087949752841,412.74573007376614,391.5242748360403,455.4040227808784,464.6536190703207,416.84851662816857,396.1229667309045
320.0,235.8143108244127,146.85218918186695,66.38831192365359,0.0,195.0435982376262,169.26768907630873,155.46545315577222,142.17010722682102,251.95140613720895,258.42896110971895,265.9962549258012,265.60333193187097,308.6329641885503,318.27344304610534,312.8475996418795,299.6485754424325,357.57590473564693,362.99068635571746,351.2863809557415,335.31628413522697,320.0,336.77199318216356,376.9914719314736,402.9148759399661,408.1454411302527,469.645080631067,551.1240461513181,596.6176345164346,640.0,475.9297727930773,490.51812299609566,424.4437237438832,388.93328871679125,470.1315466373786,472.774517329355,409.4467157050022,383.0161730841432,457.3213924292216,465.748954153754,418.2865419753898,395.89766977532355,320.0,239.18371459977274,150.42720111187896,69.90573006559754,0.0,193.18061191102032,167.42207593951574,153.80735936800482,140.24639932621557,249.88463101248158,256.6432928856653,262.8104597720085,259.3494743214086,306.8388854129978,316.13895745473224,310.76372776233035,296.081576592052,356.03753866185633,361.8187321255991,350.2823961434404,332.77306324557213,320.0,332.75675617022705,373.4672637295825,399.9776250952836,407.44649182180126,469.03883410664986,551.107914607826,596.7098067090076,640.0,475.7154478030992,488.8901211192655,422.94891200217353,389.4498345635659,470.14581596307,471.82727808880696,409.3414531626985,383.65535190289984,457.9618484503633,464.118736680383,416.6810451350824,394.7560201243376,320.0,240.59811504788308,153.39157047544325,69.92981561266785,0.0,194.28841208067018,168.73876417072427,155.20156839230054,142.6976113945959,249.51505605990104,259.8254443226574,263.9773229474717,256.78444534865383,305.12589385317153,318.5849620459187,308.8176315640897,288.2468309948272,353.4572576107716,361.98988799700965,348.44922680362197,328.21447414274786,320.0,338.40364520674535,377.2232179572097,403.7157967823904,412.1649791523877,471.59195094324684,551.8765838660498,596.7144193664417,640.0,475.79373620219485,492.0523734964594,424.1193943837196,392.8529388421874,469.220804739545,475.74169133667283,410.85009801340925,386.1405807483837,455.30061249742687,470.58790943886265,424.64167466081665,402.03512735251553,320.0,242.67331345838733,153.9307924902855,70.77020053189847,0.0,200.08355369296092,175.86119847644525,162.27179435552208,153.1029451715567,257.400415744883,265.65610340098334,266.8968018807169,263.13727017801955,313.9287486726568,322.28680933255697,311.662721525295,296.26170578840515,361.8965211087407,367.2155463696183,351.5469119382727,333.2822041662514,320.0,334.8844636130321,380.5816961818546,408.19684645404163,413.32473993158305,473.65957214867433,553.9098213070008,598.2701235616914,640.0,476.65809381990243,492.4347515635788,427.4516459901227,398.6795647077694,468.4912151179229,473.9087949752841,412.74573007376614,391.5242748360403,455.4040227808784,464.6536190703207,416.84851662816857,396.1229667309045,320.0,238.93375655064136,149.16032606031774,68.48216022441801,0.0,197.64575741331123,172.95672358808753,159.3900222323234,148.55290740900304,256.33498420416385,266.47410003977984,269.83178453478513,266.3887411262898,314.3539288885541,325.1525125001999,315.2351729905906,299.38875299316004,362.8104463542653,370.435189088258,355.1804615593377,336.05973472901485,320.0,335.60133862641754,379.48291026453774,406.5766404983695,411.8162290982242,472.18616405661135,552.365008881628,598.2722106660829,640.0,475.30047142868347,492.9190655857061,431.3720749636499,397.28729766752974,466.8514653794783,473.10855838092664,414.6460277266527,388.67280738597753,452.5265824878969,462.2917495345257,416.8833508161043,395.07749443249213
320.0,239.18371459977274,150.42720111187896,69.90573006559754,0.0,193.18061191102032,167.42207593951574,153.80735936800482,140.24639932621557,249.88463101248158,256.6432928856653,262.8104597720085,259.3494743214086,306.8388854129978,316.13895745473224,310.76372776233035,296.081576592052,356.03753866185633,361.8187321255991,350.2823961434404,332.77306324557213,320.0,332.75675617022705,373.4672637295825,399.9776250952836,407.44649182180126,469.03883410664986,551.107914607826,596.7098067090076,640.0,475.7154478030992,488.8901211192655,422.94891200217353,389.4498345635659,470.14581596307,471.82727808880696,409.3414531626985,383.65535190289984,457.9618484503633,464.118736680383,416.6810451350824,394.7560201243376,320.0,240.59811504788308,153.39157047544325,69.92981561266785,0.0,194.28841208067018,168.73876417072427,155.20156839230054,142.6976113945959,249.51505605990104,259.8254443226574,263.9773229474717,256.78444534865383,305.12589385317153,318.5849620459187,308.8176315640897,288.2468309948272,353.4572576107716,361.98988799700965,348.44922680362197,328.21447414274786,320.0,338.40364520674535,377.2232179572097,403.7157967823904,412.1649791523877,471.59195094324684,551.8765838660498,596.7144193664417,640.0,475.79373620219485,492.0523734964594,424.1193943837196,392.8529388421874,469.220804739545,475.74169133667283,410.85009801340925,386.1405807483837,455.30061249742687,470.58790943886265,424.64167466081665,402.03512735251553,320.0,242.67331345838733,153.9307924902855,70.77020053189847,0.0,200.08355369296092,175.86119847644525,162.27179435552208,153.1029451715567,257.400415744883,265.65610340098334,266.8968018807169,263.13727017801955,313.9287486726568,322.28680933255697,311.662721525295,296.26170578840515,361.8965211087407,367.2155463696183,351.5469119382727,333.2822041662514,320.0,334.8844636130321,380.5816961818546,408.19684645404163,413.32473993158305,473.65957214867433,553.9098213070008,598.2701235616914,640.0,476.65809381990243,492.4347515635788,427.4516459901227,398.6795647077694,468.4912151179229,473.9087949752841,412.74573007376614,391.5242748360403,455.4040227808784,464.6536190703207,416.84851662816857,396.1229667309045,320.0,238.93375655064136,149.16032606031774,68.48216022441801,0.0,197.64575741331123,172.95672358808753,159.3900222323234,148.55290740900304,256.33498420416385,266.47410003977984,269.83178453478513,266.3887411262898,314.3539288885541,325.1525125001999,315.2351729905906,299.38875299316004,362.8104463542653,370.435189088258,355.1804615593377,336.05973472901485,320.0,335.60133862641754,379.48291026453774,406.5766404983695,411.8162290982242,472.18616405661135,552.365008881628,598.2722106660829,640.0,475.30047142868347,492.9190655857061,431.3720749636499,397.28729766752974,466.8514653794783,473.10855838092664,414.6460277266527,388.67280738597753,452.5265824878969,462.2917495345257,416.8833508161043,395.07749443249213,320.0,239.90895315797303,150.03381984766696,69.84180258224899,0.0,191.72060681086452,168.60648814641317,158.16272555599537,148.34289805890108,246.91451752384458,255.34300647201053,262.7987827476924,258.6266832395854,303.8917280797517,311.70969490534026,307.7130733603778,292.03504516792685,353.56332712269085,357.84857966220494,349.1557240861153,332.7868774755377,320.0,331.91098794678896,375.80285430968354,402.24770191474875,405.33171775557093,467.89966305194355,550.7796476241151,597.3495689505562,640.0,474.2879580971259,488.143932597767,423.6656605262824,390.7555900744409,469.9270252858907,474.12532013807845,411.6702304627255,385.05015842069645,460.3765655220765,472.2704584018446,424.8841067317477,401.2625751954364
320.0,240.59811504788308,153.39157047544325,69.92981561266785,0.0,194.28841208067018,168.73876417072427,155.20156839230054,142.6976113945959,249.51505605990104,259.8254443226574,263.9773229474717,256.78444534865383,305.12589385317153,318.5849620459187,308.8176315640897,288.2468309948272,353.4572576107716,361.98988799700965,348.44922680362197,328.21447414274786,320.0,338.40364520674535,377.2232179572097,403.7157967823904,412.1649791523877,471.59195094324684,551.8765838660498,596.7144193664417,640.0,475.79373620219485,492.0523734964594,424.1193943837196,392.8529388421874,469.220804739545,475.74169133667283,410.85009801340925,386.1405807483837,455.30061249742687,470.58790943886265,424.64167466081665,402.03512735251553,320.0,242.67331345838733,153.9307924902855,70.77020053189847,0.0,200.08355369296092,175.86119847644525,162.27179435552208,153.1029451715567,257.400415744883,265.65610340098334,266.8968018807169,263.13727017801955,313.9287486726568,322.28680933255697,311.662721525295,296.26170578840515,361.8965211087407,367.2155463696183,351.5469119382727,333.2822041662514,320.0,334.8844636130321,380.5816961818546,408.19684645404163,413.32473993158305,473.65957214867433,553.9098213070008,598.2701235616914,640.0,476.65809381990243,492.4347515635788,427.4516459901227,398.6795647077694,468.4912151179229,473.9087949752841,412.74573007376614,391.5242748360403,455.4040227808784,464.6536190703207,416.84851662816857,396.1229667309045,320.0,238.93375655064136,149.16032606031774,68.48216022441801,0.0,197.64575741331123,172.95672358808753,159.3900222323234,148.55290740900304,256.33498420416385,266.47410003977984,269.83178453478513,266.3887411262898,314.3539288885541,325.1525125001999,315.2351729905906,299.38875299316004,362.8104463542653,370.435189088258,355.1804615593377,336.05973472901485,320.0,335.60133862641754,379.48291026453774,406.5766404983695,411.8162290982242,472.18616405661135,552.365008881628,598.2722106660829,640.0,475.30047142868347,492.9190655857061,431.3720749636499,397.28729766752974,466.8514653794783,473.10855838092664,414.6460277266527,388.67280738597753,452.5265824878969,462.2917495345257,416.8833508161043,395.07749443249213,320.0,239.90895315797303,150.03381984766696,69.84180258224899,0.0,191.72060681086452,168.60648814641317,158.16272555599537,148.34289805890108,246.91451752384458,255.34300647201053,262.7987827476924,258.6266832395854,303.8917280797517,311.70969490534026,307.7130733603778,292.03504516792685,353.56332712269085,357.84857966220494,349.1557240861153,332.7868774755377,320.0,331.91098794678896,375.80285430968354,402.24770191474875,405.33171775557093,467.89966305194355,550.7796476241151,597.3495689505562,640.0,474.2879580971259,488.143932597767,423.6656605262824,390.7555900744409,469.9270252858907,474.12532013807845,411.6702304627255,385.05015842069645,460.3765655220765,472.2704584018446,424.8841067317477,401.2625751954364,320.0,238.6130425981405,151.4698326456047,69.3399431350868,0.0,192.15370291273166,167.41863170397818,155.19117905741766,144.4617613109907,247.9820262235177,248.09976957274247,254.70790986788654,253.60169889120175,305.0998814209172,306.32035268957327,301.0304694945989,287.84783844019086,355.41760780525107,355.2898556708151,343.49598359960453,328.02890737344705,320.0,336.47134830693284,376.48893002348336,400.1128502249953,404.29565075498675,469.0849230430723,551.9075963101432,597.1096372718805,640.0,473.6950481832214,491.7551008353382,423.2801478778007,389.84009512969766,468.12654966934605,479.1918612571311,412.83221946282436,384.85939832164456,455.56557831863944,472.74168381189213,424.6138656481301,400.5224543078048
320.0,242.67331345838733,153.9307924902855,70.77020053189847,0.0,200.08355369296092,175.86119847644525,162.27179435552208,153.1029451715567,257.400415744883,265.65610340098334,266.8968018807169,263.13727017801955,313.9287486726568,322.28680933255697,311.662721525295,296.26170578840515,361.8965211087407,367.2155463696183,351.5469119382727,333.2822041662514,320.0,334.8844636130321,380.5816961818546,408.19684645404163,413.32473993158305,473.65957214867433,553.9098213070008,598.2701235616914,640.0,476.65809381990243,492.4347515635788,427.4516459901227,398.6795647077694,468.4912151179229,473.9087949752841,412.74573007376614,391.5242748360403,455.4040227808784,464.6536190703207,416.84851662816857,396.1229667309045,320.0,238.93375655064136,149.16032606031774,68.48216022441801,0.0,197.64575741331123,172.95672358808753,159.3900222323234,148.55290740900304,256.33498420416385,266.47410003977984,269.83178453478513,266.3887411262898,314.3539288885541,325.1525125001999,315.2351729905906,299.38875299316004,362.8104463542653,370.435189088258,355.1804615593377,336.05973472901485,320.0,335.60133862641754,379.48291026453774,406.5766404983695,411.8162290982242,472.18616405661135,552.365008881628,598.2722106660829,640.0,475.30047142868347,492.9190655857061,431.3720749636499,397.28729766752974,466.8514653794783,473.10855838092664,414.6460277266527,388.67280738597753,452.5265824878969,462.2917495345257,416.8833508161043,395.07749443249213,320.0,239.90895315797303,150.03381984766696,69.84180258224899,0.0,191.72060681086452,168.60648814641317,158.16272555599537,148.34289805890108,246.91451752384458,255.34300647201053,262.7987827476924,258.6266832395854,303.8917280797517,311.70969490534026,307.7130733603778,292.03504516792685,353.56332712269085,357.84857966220494,349.1557240861153,332.7868774755377,320.0,331.91098794678896,375.80285430968354,402.24770191474875,405.33171775557093,467.89966305194355,550.7796476241151,597.3495689505562,640.0,474.2879580971259,488.143932597767,423.6656605262824,390.7555900744409,469.9270252858907,474.12532013807845,411.6702304627255,385.05015842069645,460.3765655220765,472.2704584018446,424.8841067317477,401.2625751954364,320.0,238.6130425981405,151.4698326456047,69.3399431350868,0.0,192.15370291273166,167.41863170397818,155.19117905741766,144.4617613109907,247.9820262235177,248.09976957274247,254.70790986788654,253.60169889120175,305.0998814209172,306.32035268957327,301.0304694945989,287.84783844019086,355.41760780525107,355.2898556708151,343.49598359960453,328.02890737344705,320.0,336.47134830693284,376.48893002348336,400.1128502249953,404.29565075498675,469.0849230430723,551.9075963101432,597.1096372718805,640.0,473.6950481832214,491.7551008353382,423.2801478778007,389.84009512969766,468.12654966934605,479.1918612571311,412.83221946282436,384.85939832164456,455.56557831863944,472.74168381189213,424.6138656481301,400.5224543078048,320.0,237.73303474169336,149.31786777474184,68.54137565792485,0.0,190.26827217158944,163.9596311795394,150.74460569034056,138.15629654389167,245.5524800310047,249.78276517515081,256.1874931409002,253.2545489550024,302.37403933407626,308.6892449941898,302.92287267566667,288.18444284041675,351.7847330704874,356.30126483368525,343.8811235691526,326.46531255232514,320.0,334.1449778848784,374.65689886220656,400.375603558603,406.53254442066464,468.56101552029475,550.5496972057944,596.6353336173711,640.0,474.58419515533706,490.62263436832257,425.3382665370643,393.456237887179,470.0135234361777,478.11990770227106,415.0775179910461,388.359883127369,458.73682314573966,470.4638859979871,423.366269543323,400.692394022028
320.0,238.93375655064136,149.16032606031774,68.48216022441801,0.0,197.64575741331123,172.95672358808753,159.3900222323234,148.55290740900304,256.33498420416385,266.47410003977984,269.83178453478513,266.3887411262898,314.3539288885541,325.1525125001999,315.2351729905906,299.38875299316004,362.8104463542653,370.435189088258,355.1804615593377,336.05973472901485,320.0,335.60133862641754,379.48291026453774,406.5766404983695,411.8162290982242,472.18616405661135,552.365008881628,598.2722106660829,640.0,475.30047142868347,492.9190655857061,431.3720749636499,397.28729766752974,466.8514653794783,473.10855838092664,414.6460277266527,388.67280738597753,452.5265824878969,462.2917495345257,416.8833508161043,395.07749443249213,320.0,239.90895315797303,150.03381984766696,69.84180258224899,0.0,191.72060681086452,168.60648814641317,158.16272555599537,148.34289805890108,246.91451752384458,255.34300647201053,262.7987827476924,258.6266832395854,303.8917280797517,311.70969490534026,307.7130733603778,292.03504516792685,353.56332712269085,357.84857966220494,349.1557240861153,332.7868774755377,320.0,331.91098794678896,375.80285430968354,402.24770191474875,405.33171775557093,467.89966305194355,550.7796476241151,597.3495689505562,640.0,474.2879580971259,488.143932597767,423.6656605262824,390.7555900744409,469.9270252858907,474.12532013807845,411.6702304627255,385.05015842069645,460.3765655220765,472.2704584018446,424.8841067317477,401.2625751954364,320.0,238.6130425981405,151.4698326456047,69.3399431350868,0.0,192.15370291273166,167.41863170397818,155.19117905741766,144.4617613109907,247.9820262235177,248.09976957274247,254.70790986788654,253.60169889120175,305.0998814209172,306.32035268957327,301.0304694945989,287.84783844019086,355.41760780525107,355.2898556708151,343.49598359960453,328.02890737344705,320.0,336.47134830693284,376.48893002348336,400.1128502249953,404.29565075498675,469.0849230430723,551.9075963101432,597.1096372718805,640.0,473.6950481832214,491.7551008353382,423.2801478778007,389.84009512969766,468.12654966934605,479.1918612571311,412.83221946282436,384.85939832164456,455.56557831863944,472.74168381189213,424.6138656481301,400.5224543078048,320.0,237.73303474169336,149.31786777474184,68.54137565792485,0.0,190.26827217158944,163.9596311795394,150.74460569034056,138.15629654389167,245.5524800310047,249.78276517515081,256.1874931409002,253.2545489550024,302.37403933407626,308.6892449941898,302.92287267566667,288.18444284041675,351.7847330704874,356.30126483368525,343.8811235691526,326.46531255232514,320.0,334.1449778848784,374.65689886220656,400.375603558603,406.53254442066464,468.56101552029475,550.5496972057944,596.6353336173711,640.0,474.58419515533706,490.62263436832257,425.3382665370643,393.456237887179,470.0135234361777,478.11990770227106,415.0775179910461,388.359883127369,458.73682314573966,470.4638859979871,423.366269543323,400.692394022028,320.0,237.23918718580808,150.72504225155808,69.2927357401305,0.0,194.66473745876993,169.58423263600088,157.4179898636369,146.83008782207568,251.02989520209806,251.91291892463707,257.2018764655187,256.05754734906884,307.89051043291363,311.5305767920501,303.7458820084819,289.8642886472031,357.90344033719026,360.7682137931346,346.40447889076563,329.44238973107906,320.0,336.6689743090221,374.7733811750606,399.8800243257998,405.9124908241216,467.88474430132584,551.462313899113,597.0759440506605,640.0,473.34908337512326,489.6255737933211,421.84309859134066,388.53435278483744,468.04009756986443,476.7997084459562,411.08006106635,382.0365849954852,455.33587899914596,469.4497021126557,422.25103721684405,397.78818332053095
320.0,239.90895315797303,150.03381984766696,69.84180258224899,0.0,191.72060681086452,168.60648814641317,158.16272555599537,148.34289805890108,246.91451752384458,255.34300647201053,262.7987827476924,258.6266832395854,303.8917280797517,311.70969490534026,307.7130733603778,292.03504516792685,353.56332712269085,357.84857966220494,349.1557240861153,332.7868774755377,320.0,331.91098794678896,375.80285430968354,402.24770191474875,405.33171775557093,467.89966305194355,550.7796476241151,597.3495689505562,640.0,474.2879580971259,488.143932597767,423.6656605262824,390.7555900744409,469.9270252858907,474.12532013807845,411.6702304627255,385.05015842069645,460.3765655220765,472.2704584018446,424.8841067317477,401.2625751954364,320.0,238.6130425981405,151.4698326456047,69.3399431350868,0.0,192.15370291273166,167.41863170397818,155.19117905741766,144.4617613109907,247.9820262235177,248.09976957274247,254.70790986788654,253.60169889120175,305.0998814209172,306.32035268957327,301.0304694945989,287.84783844019086,355.41760780525107,355.2898556708151,343.49598359960453,328.02890737344705,320.0,336.47134830693284,376.48893002348336,400.1128502249953,404.29565075498675,469.0849230430723,551.9075963101432,597.1096372718805,640.0,473.6950481832214,491.7551008353382,423.2801478778007,389.84009512969766,468.12654966934605,479.1918612571311,412.83221946282436,384.85939832164456,455.56557831863944,472.74168381189213,424.6138656481301,400.5224543078048,320.0,237.73303474169336,149.31786777474184,68.54137565792485,0.0,190.26827217158944,163.9596311795394,150.74460569034056,138.15629654389167,245.5524800310047,249.78276517515081,256.1874931409002,253.2545489550024,302.37403933407626,308.6892449941898,302.92287267566667,288.18444284041675,351.7847330704874,356.30126483368525,343.8811235691526,326.46531255232514,320.0,334.1449778848784,374.65689886220656,400.375603558603,406.53254442066464,468.56101552029475,550.5496972057944,596.6353336173711,640.0,474.58419515533706,490.62263436832257,425.3382665370643,393.456237887179,470.0135234361777,478.11990770227106,415.0775179910461,388.359883127369,458.73682314573966,470.4638859979871,423.366269543323,400.692394022028,320.0,237.23918718580808,150.72504225155808,69.2927357401305,0.0,194.66473745876993,169.58423263600088,157.4179898636369,146.83008782207568,251.02989520209806,251.91291892463707,257.2018764655187,256.05754734906884,307.89051043291363,311.5305767920501,303.7458820084819,289.8642886472031,357.90344033719026,360.7682137931346,346.40447889076563,329.44238973107906,320.0,336.6689743090221,374.7733811750606,399.8800243257998,405.9124908241216,467.88474430132584,551.462313899113,597.0759440506605,640.0,473.34908337512326,489.6255737933211,421.84309859134066,388.53435278483744,468.04009756986443,476.7997084459562,411.08006106635,382.0365849954852,455.33587899914596,469.4497021126557,422.25103721684405,397.78818332053095,320.0,240.14167533833225,153.07681843516644,71.82370555890995,0.0,197.22932360010114,172.96747682362695,161.2785325669819,150.29646737685715,252.4112588462845,254.40130313355598,260.9919320437616,259.78077263978645,308.2693418910962,313.4009045156643,306.51997594814026,292.06661536468545,357.1379884348395,362.56254644197963,347.78545920806084,328.23781688187955,320.0,336.47998498233886,377.17340578738043,401.82548146720046,406.5497654758833,469.7229298227262,551.5924376287317,597.2197211854223,640.0,475.8973612101155,490.44945096153174,423.2525562031939,385.2176195485062,470.6187368899504,476.5362206318848,412.10405579813187,379.0880740162977,458.04291404105055,468.4219562861312,423.1607789546222,398.3262470485834
320.0,238.6130425981405,151.4698326456047,69.3399431350868,0.0,192.15370291273166,167.41863170397818,155.19117905741766,144.4617613109907,247.9820262235177,248.09976957274247,254.70790986788654,253.60169889120175,305.0998814209172,306.32035268957327,301.0304694945989,287.84783844019086,355.41760780525107,355.2898556708151,343.49598359960453,328.02890737344705,320.0,336.47134830693284,376.48893002348336,400.1128502249953,404.29565075498675,469.0849230430723,551.9075963101432,597.1096372718805,640.0,473.6950481832214,491.7551008353382,423.2801478778007,389.84009512969766,468.12654966934605,479.1918612571311,412.83221946282436,384.85939832164456,455.56557831863944,472.74168381189213,424.6138656481301,400.5224543078048,320.0,237.73303474169336,149.31786777474184,68.54137565792485,0.0,190.26827217158944,163.9596311795394,150.74460569034056,138.15629654389167,245.5524800310047,249.78276517515081,256.1874931409002,253.2545489550024,302.37403933407626,308.6892449941898,302.92287267566667,288.18444284041675,351.7847330704874,356.30126483368525,343.8811235691526,326.46531255232514,320.0,334.1449778848784,374.65689886220656,400.375603558603,406.53254442066464,468.56101552029475,550.5496972057944,596.6353336173711,640.0,474.58419515533706,490.62263436832257,425.3382665370643,393.456237887179,470.0135234361777,478.11990770227106,415.0775179910461,388.359883127369,458.73682314573966,470.4638859979871,423.366269543323,400.692394022028,320.0,237.23918718580808,150.72504225155808,69.2927357401305,0.0,194.66473745876993,169.58423263600088,157.4179898636369,146.83008782207568,251.02989520209806,251.91291892463707,257.2018764655187,256.05754734906884,307.89051043291363,311.5305767920501,303.7458820084819,289.8642886472031,357.90344033719026,360.7682137931346,346.40447889076563,329.44238973107906,320.0,336.6689743090221,374.7733811750606,399.8800243257998,405.9124908241216,467.88474430132584,551.462313899113,597.0759440506605,640.0,473.34908337512326,489.6255737933211,421.84309859134066,388.53435278483744,468.04009756986443,476.7997084459562,411.08006106635,382.0365849954852,455.33587899914596,469.4497021126557,422.25103721684405,397.78818332053095,320.0,240.14167533833225,153.07681843516644,71.82370555890995,0.0,197.22932360010114,172.96747682362695,161.2785325669819,150.29646737685715,252.4112588462845,254.40130313355598,260.9919320437616,259.78077263978645,308.2693418910962,313.4009045156643,306.51997594814026,292.06661536468545,357.1379884348395,362.56254644197963,347.78545920806084,328.23781688187955,320.0,336.47998498233886,377.17340578738043,401.82548146720046,406.5497654758833,469.7229298227262,551.5924376287317,597.2197211854223,640.0,475.8973612101155,490.44945096153174,423.2525562031939,385.2176195485062,470.6187368899504,476.5362206318848,412.10405579813187,379.0880740162977,458.04291404105055,468.4219562861312,423.1607789546222,398.3262470485834,320.0,238.27860084213972,150.80146277853376,70.43332899763465,0.0,196.7799095385625,171.64259339690835,159.9005274085884,148.20097662247042,253.5719843884421,257.48528968425717,263.68293517166956,260.9288182229163,310.5919699310421,316.79626856078386,309.6112805245232,294.30949941442714,359.966561874604,365.7106983492144,351.37374458069354,332.0213356943875,320.0,335.64273998738554,374.5375594442149,399.8683298922373,406.1399692363767,467.49811945915417,549.9532935901118,596.6003661336156,640.0,473.59259873120675,490.02898320300164,423.6813122612763,385.13630115052354,468.42116615281464,474.6322322076087,412.0893510015427,379.45978717452397,455.8156822482194,466.4206636753005,422.56176236113436,398.18283731803
320.0,237.73303474169336,149.31786777474184,68.54137565792485,0.0,190.26827217158944,163.9596311795394,150.74460569034056,138.15629654389167,245.5524800310047,249.78276517515081,256.1874931409002,253.2545489550024,302.37403933407626,308.6892449941898,302.92287267566667,288.18444284041675,351.7847330704874,356.30126483368525,343.8811235691526,326.46531255232514,320.0,334.1449778848784,374.65689886220656,400.375603558603,406.53254442066464,468.56101552029475,550.5496972057944,596.6353336173711,640.0,474.58419515533706,490.62263436832257,425.3382665370643,393.456237887179,470.0135234361777,478.11990770227106,415.0775179910461,388.359883127369,458.73682314573966,470.4638859979871,423.366269543323,400.692394022028,320.0,237.23918718580808,150.72504225155808,69.2927357401305,0.0,194.66473745876993,169.58423263600088,157.4179898636369,146.83008782207568,251.02989520209806,251.91291892463707,257.2018764655187,256.05754734906884,307.89051043291363,311.5305767920501,303.7458820084819,289.8642886472031,357.90344033719026,360.7682137931346,346.40447889076563,329.44238973107906,320.0,336.6689743090221,374.7733811750606,399.8800243257998,405.9124908241216,467.88474430132584,551.462313899113,597.0759440506605,640.0,473.34908337512326,489.6255737933211,421.84309859134066,388.53435278483744,468.04009756986443,476.7997084459562,411.08006106635,382.0365849954852,455.33587899914596,469.4497021126557,422.25103721684405,397.78818332053095,320.0,240.14167533833225,153.07681843516644,71.82370555890995,0.0,197.22932360010114,172.96747682362695,161.2785325669819,150.29646737685715,252.4112588462845,254.40130313355598,260.9919320437616,259.78077263978645,308.2693418910962,313.4009045156643,306.51997594814026,292.06661536468545,357.1379884348395,362.56254644197963,347.78545920806084,328.23781688187955,320.0,336.47998498233886,377.17340578738043,401.82548146720046,406.5497654758833,469.7229298227262,551.5924376287317,597.2197211854223,640.0,475.8973612101155,490.44945096153174,423.2525562031939,385.2176195485062,470.6187368899504,476.5362206318848,412.10405579813187,379.0880740162977,458.04291404105055,468.4219562861312,423.1607789546222,398.3262470485834,320.0,238.27860084213972,150.80146277853376,70.43332899763465,0.0,196.7799095385625,171.64259339690835,159.9005274085884,148.20097662247042,253.5719843884421,257.48528968425717,263.68293517166956,260.9288182229163,310.5919699310421,316.79626856078386,309.6112805245232,294.30949941442714,359.966561874604,365.7106983492144,351.37374458069354,332.0213356943875,320.0,335.64273998738554,374.5375594442149,399.8683298922373,406.1399692363767,467.49811945915417,549.9532935901118,596.6003661336156,640.0,473.59259873120675,490.02898320300164,423.6813122612763,385.13630115052354,468.42116615281464,474.6322322076087,412.0893510015427,379.45978717452397,455.8156822482194,466.4206636753005,422.56176236113436,398.18283731803,320.0,240.7786545352898,154.31091375644144,72.21703083909154,0.0,196.65582784561877,173.02223047219425,160.96757250401023,149.59726263760288,252.11995473241177,257.2654697969017,260.5192743306253,255.14704369900292,307.72546874530116,315.849596618673,306.5101636689279,289.5643954325526,356.1010929455424,363.0694956012526,348.8439940637714,330.06593510199366,320.0,334.2026654508512,372.87647222641596,398.78214748218534,406.108125372549,467.05281639522343,550.4748236576356,596.3201933435307,640.0,472.92770729964457,489.4498214471532,418.99900934297244,384.78081337332856,467.7347637610802,474.50515568713524,407.2986942214079,377.90234539705375,455.6801940172015,467.1568023010671,420.8216739156456,397.8950673460316
320.0,237.23918718580808,150.72504225155808,69.2927357401305,0.0,194.66473745876993,169.58423263600088,157.4179898636369,146.83008782207568,251.02989520209806,251.91291892463707,257.2018764655187,256.05754734906884,307.89051043291363,311.5305767920501,303.7458820084819,289.8642886472031,357.90344033719026,360.7682137931346,346.40447889076563,329.44238973107906,320.0,336.6689743090221,374.7733811750606,399.8800243257998,405.9124908241216,467.88474430132584,551.462313899113,597.0759440506605,640.0,473.34908337512326,489.6255737933211,421.84309859134066,388.53435278483744,468.04009756986443,476.7997084459562,411.08006106635,382.0365849954852,455.33587899914596,469.4497021126557,422.25103721684405,397.78818332053095,320.0,240.14167533833225,153.07681843516644,71.82370555890995,0.0,197.22932360010114,172.96747682362695,161.2785325669819,150.29646737685715,252.4112588462845,254.40130313355598,260.9919320437616,259.78077263978645,308.2693418910962,313.4009045156643,306.51997594814026,292.06661536468545,357.1379884348395,362.56254644197963,347.78545920806084,328.23781688187955,320.0,336.47998498233886,377.17340578738043,401.82548146720046,406.5497654758833,469.7229298227262,551.5924376287317,597.2197211854223,640.0,475.8973612101155,490.44945096153174,423.2525562031939,385.2176195485062,470.6187368899504,476.5362206318848,412.10405579813187,379.0880740162977,458.04291404105055,468.4219562861312,423.1607789546222,398.3262470485834,320.0,238.27860084213972,150.80146277853376,70.43332899763465,0.0,196.7799095385625,171.64259339690835,159.9005274085884,148.20097662247042,253.5719843884421,257.48528968425717,263.68293517166956,260.9288182229163,310.5919699310421,316.79626856078386,309.6112805245232,294.30949941442714,359.966561874604,365.7106983492144,351.37374458069354,332.0213356943875,320.0,335.64273998738554,374.5375594442149,399.8683298922373,406.1399692363767,467.49811945915417,549.9532935901118,596.6003661336156,640.0,473.59259873120675,490.02898320300164,423.6813122612763,385.13630115052354,468.42116615281464,474.6322322076087,412.0893510015427,379.45978717452397,455.8156822482194,466.4206636753005,422.56176236113436,398.18283731803,320.0,240.7786545352898,154.31091375644144,72.21703083909154,0.0,196.65582784561877,173.02223047219425,160.96757250401023,149.59726263760288,252.11995473241177,257.2654697969017,260.5192743306253,255.14704369900292,307.72546874530116,315.849596618673,306.5101636689279,289.5643954325526,356.1010929455424,363.0694956012526,348.8439940637714,330.06593510199366,320.0,334.2026654508512,372.87647222641596,398.78214748218534,406.108125372549,467.05281639522343,550.4748236576356,596.3201933435307,640.0,472.92770729964457,489.4498214471532,418.99900934297244,384.78081337332856,467.7347637610802,474.50515568713524,407.2986942214079,377.90234539705375,455.6801940172015,467.1568023010671,420.8216739156456,397.8950673460316,320.0,239.8992215429817,154.81260588551154,71.9808511400127,0.0,194.57388851449036,171.18798895771315,158.62473952093612,148.0067265067496,250.9692100593595,258.49591451314,258.7770848530754,251.3518360971763,306.9267631103641,317.8972624356629,305.1702712080014,285.73574600808837,354.08871316021344,363.6519762045152,346.7901435618944,325.9012260505213,320.0,335.1802680452453,372.23205113719894,397.1840994278628,404.53455401549,467.748644126002,549.5292735890803,595.6170878565347,640.0,473.14191871166656,490.70914005895565,418.7328566278618,385.48257050726784,466.7892608079004,473.83977737006165,406.46268628666166,379.68928347172675,452.8753026764783,462.16330271154,415.65845621086527,394.18476671449764
320.0,240.14167533833225,153.07681843516644,71.82370555890995,0.0,197.22932360010114,172.96747682362695,161.2785325669819,150.29646737685715,252.4112588462845,254.40130313355598,260.9919320437616,259.78077263978645,308.2693418910962,313.4009045156643,306.51997594814026,292.06661536468545,357.1379884348395,362.56254644197963,347.78545920806084,328.23781688187955,320.0,336.47998498233886,377.17340578738043,401.82548146720046,406.5497654758833,469.7229298227262,551.5924376287317,597.2197211854223,640.0,475.8973612101155,490.44945096153174,423.2525562031939,385.2176195485062,470.6187368899504,476.5362206318848,412.10405579813187,379.0880740162977,458.04291404105055,468.4219562861312,423.1607789546222,398.3262470485834,320.0,238.27860084213972,150.80146277853376,70.43332899763465,0.0,196.7799095385625,171.64259339690835,159.9005274085884,148.20097662247042,253.5719843884421,257.48528968425717,263.68293517166956,260.9288182229163,310.5919699310421,316.79626856078386,309.6112805245232,294.30949941442714,359.966561874604,365.7106983492144,351.37374458069354,332.0213356943875,320.0,335.64273998738554,374.5375594442149,399.8683298922373,406.1399692363767,467.49811945915417,549.9532935901118,596.6003661336156,640.0,473.59259873120675,490.02898320300164,423.6813122612763,385.13630115052354,468.42116615281464,474.6322322076087,412.0893510015427,379.45978717452397,455.8156822482194,466.4206636753005,422.56176236113436,398.18283731803,320.0,240.7786545352898,154.31091375644144,72.21703083909154,0.0,196.65582784561877,173.02223047219425,160.96757250401023,149.59726263760288,252.11995473241177,257.2654697969017,260.5192743306253,255.14704369900292,307.72546874530116,315.849596618673,306.5101636689279,289.5643954325526,356.1010929455424,363.0694956012526,348.8439940637714,330.06593510199366,320.0,334.2026654508512,372.87647222641596,398.78214748218534,406.108125372549,467.05281639522343,550.4748236576356,596.3201933435307,640.0,472.92770729964457,489.4498214471532,418.99900934297244,384.78081337332856,467.7347637610802,474.50515568713524,407.2986942214079,377.90234539705375,455.6801940172015,467.1568023010671,420.8216739156456,397.8950673460316,320.0,239.8992215429817,154.81260588551154,71.9808511400127,0.0,194.57388851449036,171.18798895771315,158.62473952093612,148.0067265067496,250.9692100593595,258.49591451314,258.7770848530754,251.3518360971763,306.9267631103641,317.8972624356629,305.1702712080014,285.73574600808837,354.08871316021344,363.6519762045152,346.7901435618944,325.9012260505213,320.0,335.1802680452453,372.23205113719894,397.1840994278628,404.53455401549,467.748644126002,549.5292735890803,595.6170878565347,640.0,473.14191871166656,490.70914005895565,418.7328566278618,385.48257050726784,466.7892608079004,473.83977737006165,406.46268628666166,379.68928347172675,452.8753026764783,462.16330271154,415.65845621086527,394.18476671449764,320.0,238.7687451066613,153.78004788859724,70.9849101530996,0.0,194.7164101050907,170.73053551144307,158.50466839866516,147.61845859486502,250.91350595323303,257.63493706567897,259.014305157814,252.35015384167983,306.90795647156654,316.165382375482,304.8391450047771,286.4260169808724,354.1157143140075,361.8467620043015,345.822197475407,325.9990558661025,320.0,335.055419793251,371.52486434518084,396.9671898393573,405.020886228543,467.22606953741933,549.5104639498993,595.6230656352038,640.0,472.7367239844864,489.1572941067915,419.0403347987725,386.9253697579793,466.89817628726973,472.797730702488,407.5866449579269,382.03287862056237,453.6226667817587,462.683235951578,416.9452945711284,395.62456580040066
320.0,238.27860084213972,150.80146277853376,70.43332899763465,0.0,196.7799095385625,171.64259339690835,159.9005274085884,148.20097662247042,253.5719843884421,257.48528968425717,263.68293517166956,260.9288182229163,310.5919699310421,316.79626856078386,309.6112805245232,294.30949941442714,359.966561874604,365.7106983492144,351.37374458069354,332.0213356943875,320.0,335.64273998738554,374.5375594442149,399.8683298922373,406.1399692363767,467.49811945915417,549.9532935901118,596.6003661336156,640.0,473.59259873120675,490.02898320300164,423.6813122612763,385.13630115052354,468.42116615281464,474.6322322076087,412.0893510015427,379.45978717452397,455.8156822482194,466.4206636753005,422.56176236113436,398.18283731803,320.0,240.7786545352898,154.31091375644144,72.21703083909154,0.0,196.65582784561877,173.02223047219425,160.96757250401023,149.59726263760288,252.11995473241177,257.2654697969017,260.5192743306253,255.14704369900292,307.72546874530116,315.849596618673,306.5101636689279,289.5643954325526,356.1010929455424,363.0694956012526,348.8439940637714,330.06593510199366,320.0,334.2026654508512,372.87647222641596,398.78214748218534,406.108125372549,467.05281639522343,550.4748236576356,596.3201933435307,640.0,472.92770729964457,489.4498214471532,418.99900934297244,384.78081337332856,467.7347637610802,474.50515568713524,407.2986942214079,377.90234539705375,455.6801940172015,467.1568023010671,420.8216739156456,397.8950673460316,320.0,239.8992215429817,154.81260588551154,71.9808511400127,0.0,194.57388851449036,171.18798895771315,158.62473952093612,148.0067265067496,250.9692100593595,258.49591451314,258.7770848530754,251.3518360971763,306.9267631103641,317.8972624356629,305.1702712080014,285.73574600808837,354.08871316021344,363.6519762045152,346.7901435618944,325.9012260505213,320.0,335.1802680452453,372.23205113719894,397.1840994278628,404.53455401549,467.748644126002,549.5292735890803,595.6170878565347,640.0,473.14191871166656,490.70914005895565,418.7328566278618,385.48257050726784,466.7892608079004,473.83977737006165,406.46268628666166,379.68928347172675,452.8753026764783,462.16330271154,415.65845621086527,394.18476671449764,320.0,238.7687451066613,153.78004788859724,70.9849101530996,0.0,194.7164101050907,170.73053551144307,158.50466839866516,147.61845859486502,250.91350595323303,257.63493706567897,259.014305157814,252.35015384167983,306.90795647156654,316.165382375482,304.8391450047771,286.4260169808724,354.1157143140075,361.8467620043015,345.822197475407,325.9990558661025,320.0,335.055419793251,371.52486434518084,396.9671898393573,405.020886228543,467.22606953741933,549.5104639498993,595.6230656352038,640.0,472.7367239844864,489.1572941067915,419.0403347987725,386.9253697579793,466.89817628726973,472.797730702488,407.5866449579269,382.03287862056237,453.6226667817587,462.683235951578,416.9452945711284,395.62456580040066,320.0,240.7075153095888,154.5674296103766,71.68146776554244,0.0,193.9488064865742,170.68057847154313,159.8442563255672,150.4367985366406,250.19305333493935,259.8894516632304,260.55065272988696,251.57507748915177,305.99084953812905,318.56557833074964,307.0295111884945,287.0735404829726,352.8240858872677,362.75788068425896,347.5675632091543,327.04877571047695,320.0,331.79058296828896,369.60842818552806,396.81753518295733,406.6438833499723,466.8640403252245,548.7978709990373,595.0555317384616,640.0,473.1281450307735,489.4104216021207,418.41443424677243,388.08260262653926,467.7573188116638,471.9606834995009,405.1658772412586,380.90262401742126,455.80970718819674,461.94839783480364,414.4302830805837,393.5454719418975
320.0,240.7786545352898,154.31091375644144,72.21703083909154,0.0,196.65582784561877,173.02223047219425,160.96757250401023,149.59726263760288,252.11995473241177,257.2654697969017,260.5192743306253,255.14704369900292,307.72546874530116,315.849596618673,306.5101636689279,289.5643954325526,356.1010929455424,363.0694956012526,348.8439940637714,330.06593510199366,320.0,334.2026654508512,372.87647222641596,398.78214748218534,406.108125372549,467.05281639522343,550.4748236576356,596.3201933435307,640.0,472.92770729964457,489.4498214471532,418.99900934297244,384.78081337332856,467.7347637610802,474.50515568713524,407.2986942214079,377.90234539705375,455.6801940172015,467.1568023010671,420.8216739156456,397.8950673460316,320.0,239.8992215429817,154.81260588551154,71.9808511400127,0.0,194.57388851449036,171.18798895771315,158.62473952093612,148.0067265067496,250.9692100593595,258.49591451314,258.7770848530754,251.3518360971763,306.9267631103641,317.8972624356629,305.1702712080014,285.73574600808837,354.08871316021344,363.6519762045152,346.7901435618944,325.9012260505213,320.0,335.1802680452453,372.23205113719894,397.1840994278628,404.53455401549,467.748644126002,549.5292735890803,595.6170878565347,640.0,473.14191871166656,490.70914005895565,418.7328566278618,385.48257050726784,466.7892608079004,473.83977737006165,406.46268628666166,379.68928347172675,452.8753026764783,462.16330271154,415.65845621086527,394.18476671449764,320.0,238.7687451066613,153.78004788859724,70.9849101530996,0.0,194.7164101050907,170.73053551144307,158.50466839866516,147.61845859486502,250.91350595323303,257.63493706567897,259.014305157814,252.35015384167983,306.90795647156654,316.165382375482,304.8391450047771,286.4260169808724,354.1157143140075,361.8467620043015,345.822197475407,325.9990558661025,320.0,335.055419793251,371.52486434518084,396.9671898393573,405.020886228543,467.22606953741933,549.5104639498993,595.6230656352038,640.0,472.7367239844864,489.1572941067915,419.0403347987725,386.9253697579793,466.89817628726973,472.797730702488,407.5866449579269,382.03287862056237,453.6226667817587,462.683235951578,416.9452945711284,395.62456580040066,320.0,240.7075153095888,154.5674296103766,71.68146776554244,0.0,193.9488064865742,170.68057847154313,159.8442563255672,150.4367985366406,250.19305333493935,259.8894516632304,260.55065272988696,251.57507748915177,305.99084953812905,318.56557833074964,307.0295111884945,287.0735404829726,352.8240858872677,362.75788068425896,347.5675632091543,327.04877571047695,320.0,331.79058296828896,369.60842818552806,396.81753518295733,406.6438833499723,466.8640403252245,548.7978709990373,595.0555317384616,640.0,473.1281450307735,489.4104216021207,418.41443424677243,388.08260262653926,467.7573188116638,471.9606834995009,405.1658772412586,380.90262401742126,455.80970718819674,461.94839783480364,414.4302830805837,393.5454719418975,320.0,241.27687783583275,155.0368326769183,71.57156307446243,0.0,195.44713983301884,172.37950089218197,160.28935007700562,151.146465420943,251.86284158356625,259.1877739912689,258.837777357875,252.9277172743004,307.78642953053964,318.38306610923524,305.65316734941274,288.1321103880675,355.1383700184731,364.7001432280875,347.62305196071264,327.9072035465095,320.0,333.00627798143336,371.30582221365,397.54277075916775,406.8022618938372,467.7675917869587,548.8133062903901,595.0268400866319,640.0,474.4035398760118,486.9262115175838,416.4175552208709,386.9137258256501,468.3634418584379,469.74755982702675,404.4348489864308,381.673803218557,455.59052267490307,459.5509331579624,412.46520958750517,392.8043394821388
320.0,239.8992215429817,154.81260588551154,71.9808511400127,0.0,194.57388851449036,171.18798895771315,158.62473952093612,148.0067265067496,250.9692100593595,258.49591451314,258.7770848530754,251.3518360971763,306.9267631103641,317.8972624356629,305.1702712080014,285.73574600808837,354.08871316021344,363.6519762045152,346.7901435618944,325.9012260505213,320.0,335.1802680452453,372.23205113719894,397.1840994278628,404.53455401549,467.748644126002,549.5292735890803,595.6170878565347,640.0,473.14191871166656,490.70914005895565,418.7328566278618,385.48257050726784,466.7892608079004,473.83977737006165,406.46268628666166,379.68928347172675,452.8753026764783,462.16330271154,415.65845621086527,394.18476671449764,320.0,238.7687451066613,153.78004788859724,70.9849101530996,0.0,194.7164101050907,170.73053551144307,158.50466839866516,147.61845859486502,250.91350595323303,257.63493706567897,259.014305157814,252.35015384167983,306.90795647156654,316.165382375482,304.8391450047771,286.4260169808724,354.1157143140075,361.8467620043015,345.822197475407,325.9990558661025,320.0,335.055419793251,371.52486434518084,396.9671898393573,405.020886228543,467.22606953741933,549.5104639498993,595.6230656352038,640.0,472.7367239844864,489.1572941067915,419.0403347987725,386.9253697579793,466.89817628726973,472.797730702488,407.5866449579269,382.03287862056237,453.6226667817587,462.683235951578,416.9452945711284,395.62456580040066,320.0,240.7075153095888,154.5674296103766,71.68146776554244,0.0,193.9488064865742,170.68057847154313,159.8442563255672,150.4367985366406,250.19305333493935,259.8894516632304,260.55065272988696,251.57507748915177,305.99084953812905,318.56557833074964,307.0295111884945,287.0735404829726,352.8240858872677,362.75788068425896,347.5675632091543,327.04877571047695,320.0,331.79058296828896,369.60842818552806,396.81753518295733,406.6438833499723,466.8640403252245,548.7978709990373,595.0555317384616,640.0,473.1281450307735,489.4104216021207,418.41443424677243,388.08260262653926,467.7573188116638,471.9606834995009,405.1658772412586,380.90262401742126,455.80970718819674,461.94839783480364,414.4302830805837,393.5454719418975,320.0,241.27687783583275,155.0368326769183,71.57156307446243,0.0,195.44713983301884,172.37950089218197,160.28935007700562,151.146465420943,251.86284158356625,259.1877739912689,258.837777357875,252.9277172743004,307.78642953053964,318.38306610923524,305.65316734941274,288.1321103880675,355.1383700184731,364.7001432280875,347.62305196071264,327.9072035465095,320.0,333.00627798143336,371.30582221365,397.54277075916775,406.8022618938372,467.7675917869587,548.8133062903901,595.0268400866319,640.0,474.4035398760118,486.9262115175838,416.4175552208709,386.9137258256501,468.3634418584379,469.74755982702675,404.4348489864308,381.673803218557,455.59052267490307,459.5509331579624,412.46520958750517,392.8043394821388,320.0,239.5892546932073,153.4603984827085,70.79783735110715,0.0,197.50149370762648,173.49633831849974,161.1721418701106,150.72205605842134,254.3400676676369,260.9113061332802,262.7557382032429,257.83604131327155,310.5815976986997,320.03674489215086,308.9157215771887,292.40432353120434,358.38133197962725,366.0925504399986,349.947975440986,331.10640611610654,320.0,334.98154495982095,372.9777668186261,399.5844163234193,407.5001378126495,468.32823475925466,549.6426058623426,595.717363741818,640.0,474.9698916407292,488.00335255202356,418.83072042525725,387.5127158101635,469.23882961792407,471.81275499044796,407.67663284279934,382.8080468361476,456.0096213975329,462.6627063559194,416.92488706772025,396.10909545704305
320.0,238.7687451066613,153.78004788859724,70.9849101530996,0.0,194.7164101050907,170.73053551144307,158.50466839866516,147.61845859486502,250.91350595323303,257.63493706567897,259.014305157814,252.35015384167983,306.90795647156654,316.165382375482,304.8391450047771,286.4260169808724,354.1157143140075,361.8467620043015,345.822197475407,325.9990558661025,320.0,335.055419793251,371.52486434518084,396.9671898393573,405.020886228543,467.22606953741933,549.5104639498993,595.6230656352038,640.0,472.7367239844864,489.1572941067915,419.0403347987725,386.9253697579793,466.89817628726973,472.797730702488,407.5866449579269,382.03287862056237,453.6226667817587,462.683235951578,416.9452945711284,395.62456580040066,320.0,240.7075153095888,154.5674296103766,71.68146776554244,0.0,193.9488064865742,170.68057847154313,159.8442563255672,150.4367985366406,250.19305333493935,259.8894516632304,260.55065272988696,251.57507748915177,305.99084953812905,318.56557833074964,307.0295111884945,287.0735404829726,352.8240858872677,362.75788068425896,347.5675632091543,327.04877571047695,320.0,331.79058296828896,369.60842818552806,396.81753518295733,406.6438833499723,466.8640403252245,548.7978709990373,595.0555317384616,640.0,473.1281450307735,489.4104216021207,418.41443424677243,388.08260262653926,467.7573188116638,471.9606834995009,405.1658772412586,380.90262401742126,455.80970718819674,461.94839783480364,414.4302830805837,393.5454719418975,320.0,241.27687783583275,155.0368326769183,71.57156307446243,0.0,195.44713983301884,172.37950089218197,160.28935007700562,151.146465420943,251.86284158356625,259.1877739912689,258.837777357875,252.9277172743004,307.78642953053964,318.38306610923524,305.65316734941274,288.1321103880675,355.1383700184731,364.7001432280875,347.62305196071264,327.9072035465095,320.0,333.00627798143336,371.30582221365,397.54277075916775,406.8022618938372,467.7675917869587,548.8133062903901,595.0268400866319,640.0,474.4035398760118,486.9262115175838,416.4175552208709,386.9137258256501,468.3634418584379,469.74755982702675,404.4348489864308,381.673803218557,455.59052267490307,459.5509331579624,412.46520958750517,392.8043394821388,320.0,239.5892546932073,153.4603984827085,70.79783735110715,0.0,197.50149370762648,173.49633831849974,161.1721418701106,150.72205605842134,254.3400676676369,260.9113061332802,262.7557382032429,257.83604131327155,310.5815976986997,320.03674489215086,308.9157215771887,292.40432353120434,358.38133197962725,366.0925504399986,349.947975440986,331.10640611610654,320.0,334.98154495982095,372.9777668186261,399.5844163234193,407.5001378126495,468.32823475925466,549.6426058623426,595.717363741818,640.0,474.9698916407292,488.00335255202356,418.83072042525725,387.5127158101635,469.23882961792407,471.81275499044796,407.67663284279934,382.8080468361476,456.0096213975329,462.6627063559194,416.92488706772025,396.10909545704305,320.0,239.72804674332917,152.96810375478782,70.61308251400203,0.0,195.61565311883027,172.29827991031743,160.4094917397501,149.06923297200711,252.37302330892715,256.6103979038054,259.97810771019124,254.17857753264428,308.53768090517883,316.08851404375037,306.53495693523985,289.41947576458335,356.8941678576436,364.5086584852303,349.41000059603687,329.69521206910093,320.0,334.4935154466581,372.55218032334363,399.5221024066484,409.1524866225613,467.09389077440414,550.7330926409712,596.4153633998692,640.0,472.2808372119109,488.8148835623362,418.0066093328207,385.02620666590946,465.9154071749651,472.43231912721757,405.90790776092655,377.71075365540645,452.2265263394045,462.2842685545969,416.43294931007546,394.28859741691974
320.0,240.7075153095888,154.5674296103766,71.68146776554244,0.0,193.9488064865742,170.68057847154313,159.8442563255672,150.4367985366406,250.19305333493935,259.8894516632304,260.55065272988696,251.57507748915177,305.99084953812905,318.56557833074964,307.0295111884945,287.0735404829726,352.8240858872677,362.75788068425896,347.5675632091543,327.04877571047695,320.0,331.79058296828896,369.60842818552806,396.81753518295733,406.6438833499723,466.8640403252245,548.7978709990373,595.0555317384616,640.0,473.1281450307735,489.4104216021207,418.41443424677243,388.08260262653926,467.7573188116638,471.9606834995009,405.1658772412586,380.90262401742126,455.80970718819674,461.94839783480364,414.4302830805837,393.5454719418975,320.0,241.27687783583275,155.0368326769183,71.57156307446243,0.0,195.44713983301884,172.37950089218197,160.28935007700562,151.146465420943,251.86284158356625,259.1877739912689,258.837777357875,252.9277172743004,307.78642953053964,318.38306610923524,305.65316734941274,288.1321103880675,355.1383700184731,364.7001432280875,347.62305196071264,327.9072035465095,320.0,333.00627798143336,371.30582221365,397.54277075916775,406.8022618938372,467.7675917869587,548.8133062903901,595.0268400866319,640.0,474.4035398760118,486.9262115175838,416.4175552208709,386.9137258256501,468.3634418584379,469.74755982702675,404.4348489864308,381.673803218557,455.59052267490307,459.5509331579624,412.46520958750517,392.8043394821388,320.0,239.5892546932073,153.4603984827085,70.79783735110715,0.0,197.50149370762648,173.49633831849974,161.1721418701106,150.72205605842134,254.3400676676369,260.9113061332802,262.7557382032429,257.83604131327155,310.5815976986997,320.03674489215086,308.9157215771887,292.40432353120434,358.38133197962725,366.0925504399986,349.947975440986,331.10640611610654,320.0,334.98154495982095,372.9777668186261,399.5844163234193,407.5001378126495,468.32823475925466,549.6426058623426,595.717363741818,640.0,474.9698916407292,488.00335255202356,418.83072042525725,387.5127158101635,469.23882961792407,471.81275499044796,407.67663284279934,382.8080468361476,456.0096213975329,462.6627063559194,416.92488706772025,396.10909545704305,320.0,239.72804674332917,152.96810375478782,70.61308251400203,0.0,195.61565311883027,172.29827991031743,160.4094917397501,149.06923297200711,252.37302330892715,256.6103979038054,259.97810771019124,254.17857753264428,308.53768090517883,316.08851404375037,306.53495693523985,289.41947576458335,356.8941678576436,364.5086584852303,349.41000059603687,329.69521206910093,320.0,334.4935154466581,372.55218032334363,399.5221024066484,409.1524866225613,467.09389077440414,550.7330926409712,596.4153633998692,640.0,472.2808372119109,488.8148835623362,418.0066093328207,385.02620666590946,465.9154071749651,472.43231912721757,405.90790776092655,377.71075365540645,452.2265263394045,462.2842685545969,416.43294931007546,394.28859741691974,320.0,239.49709494992976,153.25871489877835,70.37383976514204,0.0,193.26334125513048,170.09684170720595,158.24596727556892,148.30082982752742,250.63486683636677,259.63654942205744,258.82436239255037,249.61710866808207,307.4982575733956,319.08804459002937,306.49095899338533,287.10409201219346,355.5654564051401,365.14483009706294,349.1627401305236,329.2879132417382,320.0,331.3296130458109,368.0013965228131,395.78190531825555,406.06469820897735,466.48356568497985,549.9322859213639,595.592075924608,640.0,473.42104298924994,486.2280627803733,414.5044622895646,386.33302243224347,467.7736095914426,469.9251126557199,402.4694384030071,378.7986626983335,455.24517941951956,460.6070167526138,412.37278698945966,391.1778603471229
320.0,241.27687783583275,155.0368326769183,71.57156307446243,0.0,195.44713983301884,172.37950089218197,160.28935007700562,151.146465420943,251.86284158356625,259.1877739912689,258.837777357875,252.9277172743004,307.78642953053964,318.38306610923524,305.65316734941274,288.1321103880675,355.1383700184731,364.7001432280875,347.62305196071264,327.9072035465095,320.0,333.00627798143336,371.30582221365,397.54277075916775,406.8022618938372,467.7675917869587,548.8133062903901,595.0268400866319,640.0,474.4035398760118,486.9262115175838,416.4175552208709,386.9137258256501,468.3634418584379,469.74755982702675,404.4348489864308,381.673803218557,455.59052267490307,459.5509331579624,412.46520958750517,392.8043394821388,320.0,239.5892546932073,153.4603984827085,70.79783735110715,0.0,197.50149370762648,173.49633831849974,161.1721418701106,150.72205605842134,254.3400676676369,260.9113061332802,262.7557382032429,257.83604131327155,310.5815976986997,320.03674489215086,308.9157215771887,292.40432353120434,358.38133197962725,366.0925504399986,349.947975440986,331.10640611610654,320.0,334.98154495982095,372.9777668186261,399.5844163234193,407.5001378126495,468.32823475925466,549.6426058623426,595.717363741818,640.0,474.9698916407292,488.00335255202356,418.83072042525725,387.5127158101635,469.23882961792407,471.81275499044796,407.67663284279934,382.8080468361476,456.0096213975329,462.6627063559194,416.92488706772025,396.10909545704305,320.0,239.72804674332917,152.96810375478782,70.61308251400203,0.0,195.61565311883027,172.29827991031743,160.4094917397501,149.06923297200711,252.37302330892715,256.6103979038054,259.97810771019124,254.17857753264428,308.53768090517883,316.08851404375037,306.53495693523985,289.41947576458335,356.8941678576436,364.5086584852303,349.41000059603687,329.69521206910093,320.0,334.4935154466581,372.55218032334363,399.5221024066484,409.1524866225613,467.09389077440414,550.7330926409712,596.4153633998692,640.0,472.2808372119109,488.8148835623362,418.0066093328207,385.02620666590946,465.9154071749651,472.43231912721757,405.90790776092655,377.71075365540645,452.2265263394045,462.2842685545969,416.43294931007546,394.28859741691974,320.0,239.49709494992976,153.25871489877835,70.37383976514204,0.0,193.26334125513048,170.09684170720595,158.24596727556892,148.30082982752742,250.63486683636677,259.63654942205744,258.82436239255037,249.61710866808207,307.4982575733956,319.08804459002937,306.49095899338533,287.10409201219346,355.5654564051401,365.14483009706294,349.1627401305236,329.2879132417382,320.0,331.3296130458109,368.0013965228131,395.78190531825555,406.06469820897735,466.48356568497985,549.9322859213639,595.592075924608,640.0,473.42104298924994,486.2280627803733,414.5044622895646,386.33302243224347,467.7736095914426,469.9251126557199,402.4694384030071,378.7986626983335,455.24517941951956,460.6070167526138,412.37278698945966,391.1778603471229,320.0,239.3120570601199,153.85035481107616,71.08799064345672,0.0,192.86169566967385,169.15160912454186,157.29789430600823,147.37426217178708,250.11138193877423,258.14997805723533,258.134197633578,249.52815036237797,306.84345420944123,318.1446126628716,305.6389489639034,286.09042582801465,354.9197426950596,364.38966752104125,347.9750479598953,327.6579940381851,320.0,332.3232300093489,368.8467186943351,396.2971928710244,406.09558206109,467.2380180299448,550.2002899130632,595.6067505565096,640.0,473.68342356239043,487.64394689340077,415.7575023744163,387.99310694132794,467.8949440738512,471.5944549106349,403.9101760377705,380.4006393259856,454.9443475505767,461.611758957146,413.2866398272719,392.00972822695627
320.0,239.5892546932073,153.4603984827085,70.79783735110715,0.0,197.50149370762648,173.49633831849974,161.1721418701106,150.72205605842134,254.3400676676369,260.9113061332802,262.7557382032429,257.83604131327155,310.5815976986997,320.03674489215086,308.9157215771887,292.40432353120434,358.38133197962725,366.0925504399986,349.947975440986,331.10640611610654,320.0,334.98154495982095,372.9777668186261,399.5844163234193,407.5001378126495,468.32823475925466,549.6426058623426,595.717363741818,640.0,474.9698916407292,488.00335255202356,418.83072042525725,387.5127158101635,469.23882961792407,471.81275499044796,407.67663284279934,382.8080468361476,456.0096213975329,462.6627063559194,416.92488706772025,396.10909545704305,320.0,239.72804674332917,152.96810375478782,70.61308251400203,0.0,195.61565311883027,172.29827991031743,160.4094917397501,149.06923297200711,252.37302330892715,256.6103979038054,259.97810771019124,254.17857753264428,308.53768090517883,316.08851404375037,306.53495693523985,289.41947576458335,356.8941678576436,364.5086584852303,349.41000059603687,329.69521206910093,320.0,334.4935154466581,372.55218032334363,399.5221024066484,409.1524866225613,467.09389077440414,550.7330926409712,596.4153633998692,640.0,472.2808372119109,488.8148835623362,418.0066093328207,385.02620666590946,465.9154071749651,472.43231912721757,405.90790776092655,377.71075365540645,452.2265263394045,462.2842685545969,416.43294931007546,394.28859741691974,320.0,239.49709494992976,153.25871489877835,70.37383976514204,0.0,193.26334125513048,170.09684170720595,158.24596727556892,148.30082982752742,250.63486683636677,259.63654942205744,258.82436239255037,249.61710866808207,307.4982575733956,319.08804459002937,306.49095899338533,287.10409201219346,355.5654564051401,365.14483009706294,349.1627401305236,329.2879132417382,320.0,331.3296130458109,368.0013965228131,395.78190531825555,406.06469820897735,466.48356568497985,549.9322859213639,595.592075924608,640.0,473.42104298924994,486.2280627803733,414.5044622895646,386.33302243224347,467.7736095914426,469.9251126557199,402.4694384030071,378.7986626983335,455.24517941951956,460.6070167526138,412.37278698945966,391.1778603471229,320.0,239.3120570601199,153.85035481107616,71.08799064345672,0.0,192.86169566967385,169.15160912454186,157.29789430600823,147.37426217178708,250.11138193877423,258.14997805723533,258.134197633578,249.52815036237797,306.84345420944123,318.1446126628716,305.6389489639034,286.09042582801465,354.9197426950596,364.38966752104125,347.9750479598953,327.6579940381851,320.0,332.3232300093489,368.8467186943351,396.2971928710244,406.09558206109,467.2380180299448,550.2002899130632,595.6067505565096,640.0,473.68342356239043,487.64394689340077,415.7575023744163,387.99310694132794,467.8949440738512,471.5944549106349,403.9101760377705,380.4006393259856,454.9443475505767,461.611758957146,413.2866398272719,392.00972822695627,320.0,239.08669141730763,152.07393187043206,70.2636718252815,0.0,192.61597706734761,169.02733023123793,157.56799339480074,147.40185963561913,250.12433334709834,257.2189690048788,258.95212984174435,252.40493728083993,307.0547548063026,317.23432423264245,306.9972911819446,289.59840391112675,355.3933889301944,363.61211525584935,348.7241892480596,329.6623968071183,320.0,330.8175949401264,367.91130603169046,395.2050293248505,404.0299395543673,465.3223093355187,549.879882894511,595.8093872039267,640.0,472.5179216535221,487.3059935045147,417.41396271293684,386.75663230579886,467.61733109925785,472.05830632599054,405.13852465997746,378.5057042461405,455.745661460006,463.362034927889,415.27464405423535,392.54012915493803
320.0,239.72804674332917,152.96810375478782,70.61308251400203,0.0,195.61565311883027,172.29827991031743,160.4094917397501,149.06923297200711,252.37302330892715,256.6103979038054,259.97810771019124,254.17857753264428,308.53768090517883,316.08851404375037,306.53495693523985,289.41947576458335,356.8941678576436,364.5086584852303,349.41000059603687,329.69521206910093,320.0,334.4935154466581,372.55218032334363,399.5221024066484,409.1524866225613,467.09389077440414,550.7330926409712,596.4153633998692,640.0,472.2808372119109,488.8148835623362,418.0066093328207,385.02620666590946,465.9154071749651,472.43231912721757,405.90790776092655,377.71075365540645,452.2265263394045,462.2842685545969,416.43294931007546,394.28859741691974,320.0,239.49709494992976,153.25871489877835,70.37383976514204,0.0,193.26334125513048,170.09684170720595,158.24596727556892,148.30082982752742,250.63486683636677,259.63654942205744,258.82436239255037,249.61710866808207,307.4982575733956,319.08804459002937,306.49095899338533,287.10409201219346,355.5654564051401,365.14483009706294,349.1627401305236,329.2879132417382,320.0,331.3296130458109,368.0013965228131,395.78190531825555,406.06469820897735,466.48356568497985,549.9322859213639,595.592075924608,640.0,473.42104298924994,486.2280627803733,414.5044622895646,386.33302243224347,467.7736095914426,469.9251126557199,402.4694384030071,378.7986626983335,455.24517941951956,460.6070167526138,412.37278698945966,391.1778603471229,320.0,239.3120570601199,153.85035481107616,71.08799064345672,0.0,192.86169566967385,169.15160912454186,157.29789430600823,147.37426217178708,250.11138193877423,258.14997805723533,258.134197633578,249.52815036237797,306.84345420944123,318.1446126628716,305.6389489639034,286.09042582801465,354.9197426950596,364.38966752104125,347.9750479598953,327.6579940381851,320.0,332.3232300093489,368.8467186943351,396.2971928710244,406.09558206109,467.2380180299448,550.2002899130632,595.6067505565096,640.0,473.68342356239043,487.64394689340077,415.7575023744163,387.99310694132794,467.8949440738512,471.5944549106349,403.9101760377705,380.4006393259856,454.9443475505767,461.611758957146,413.2866398272719,392.00972822695627,320.0,239.08669141730763,152.07393187043206,70.2636718252815,0.0,192.61597706734761,169.02733023123793,157.56799339480074,147.40185963561913,250.12433334709834,257.2189690048788,258.95212984174435,252.40493728083993,307.0547548063026,317.23432423264245,306.9972911819446,289.59840391112675,355.3933889301944,363.61211525584935,348.7241892480596,329.6623968071183,320.0,330.8175949401264,367.91130603169046,395.2050293248505,404.0299395543673,465.3223093355187,549.879882894511,595.8093872039267,640.0,472.5179216535221,487.3059935045147,417.41396271293684,386.75663230579886,467.61733109925785,472.05830632599054,405.13852465997746,378.5057042461405,455.745661460006,463.362034927889,415.27464405423535,392.54012915493803,320.0,240.877878507521,153.12424489475183,70.19327834635729,0.0,190.44189470943593,166.8650125149933,154.81767499263,145.19860052894825,246.77480459738103,253.9604038567391,254.1887037933404,246.60260485433284,303.5972583019769,313.62395438477347,302.34634334785613,284.5579865501278,351.9153205376318,359.51952273058737,343.85682613900985,324.77985585284046,320.0,329.7930932133863,368.56084649291034,395.3501595363406,404.456321561242,466.6099300267683,549.0440136957443,594.9508252427981,640.0,475.05266692416234,487.770831432847,415.4399585419016,388.4305389478141,470.77332163604217,472.1990215661839,403.8293977154151,381.36763649572765,460.2587070143585,463.52843831756684,413.47600803661237,393.5552902298306
320.0,239.49709494992976,153.25871489877835,70.37383976514204,0.0,193.26334125513048,170.09684170720595,158.24596727556892,148.30082982752742,250.63486683636677,259.63654942205744,258.82436239255037,249.61710866808207,307.4982575733956,319.08804459002937,306.49095899338533,287.10409201219346,355.5654564051401,365.14483009706294,349.1627401305236,329.2879132417382,320.0,331.3296130458109,368.0013965228131,395.78190531825555,406.06469820897735,466.48356568497985,549.9322859213639,595.592075924608,640.0,473.42104298924994,486.2280627803733,414.5044622895646,386.33302243224347,467.7736095914426,469.9251126557199,402.4694384030071,378.7986626983335,455.24517941951956,460.6070167526138,412.37278698945966,391.1778603471229,320.0,239.3120570601199,153.85035481107616,71.08799064345672,0.0,192.86169566967385,169.15160912454186,157.29789430600823,147.37426217178708,250.11138193877423,258.14997805723533,258.134197633578,249.52815036237797,306.84345420944123,318.1446126628716,305.6389489639034,286.09042582801465,354.9197426950596,364.38966752104125,347.9750479598953,327.6579940381851,320.0,332.3232300093489,368.8467186943351,396.2971928710244,406.09558206109,467.2380180299448,550.2002899130632,595.6067505565096,640.0,473.68342356239043,487.64394689340077,415.7575023744163,387.99310694132794,467.8949440738512,471.5944549106349,403.9101760377705,380.4006393259856,454.9443475505767,461.611758957146,413.2866398272719,392.00972822695627,320.0,239.08669141730763,152.07393187043206,70.2636718252815,0.0,192.61597706734761,169.02733023123793,157.56799339480074,147.40185963561913,250.12433334709834,257.2189690048788,258.95212984174435,252.40493728083993,307.0547548063026,317.23432423264245,306.9972911819446,289.59840391112675,355.3933889301944,363.61211525584935,348.7241892480596,329.6623968071183,320.0,330.8175949401264,367.91130603169046,395.2050293248505,404.0299395543673,465.3223093355187,549.879882894511,595.8093872039267,640.0,472.5179216535221,487.3059935045147,417.41396271293684,386.75663230579886,467.61733109925785,472.05830632599054,405.13852465997746,378.5057042461405,455.745661460006,463.362034927889,415.27464405423535,392.54012915493803,320.0,240.877878507521,153.12424489475183,70.19327834635729,0.0,190.44189470943593,166.8650125149933,154.81767499263,145.19860052894825,246.77480459738103,253.9604038567391,254.1887037933404,246.60260485433284,303.5972583019769,313.62395438477347,302.34634334785613,284.5579865501278,351.9153205376318,359.51952273058737,343.85682613900985,324.77985585284046,320.0,329.7930932133863,368.56084649291034,395.3501595363406,404.456321561242,466.6099300267683,549.0440136957443,594.9508252427981,640.0,475.05266692416234,487.770831432847,415.4399585419016,388.4305389478141,470.77332163604217,472.1990215661839,403.8293977154151,381.36763649572765,460.2587070143585,463.52843831756684,413.47600803661237,393.5552902298306,320.0,240.75420075999773,154.19204967756207,71.58277863672589,0.0,193.44556830256025,168.72871192548365,156.92869552550655,147.46177653371373,249.580975630179,254.93480018163842,257.6467915624843,253.0900356265968,305.69256087624433,314.4445795969916,304.32582344854853,288.09260091002534,353.5657092829073,360.2445330725852,344.9723789207279,326.63633248946945,320.0,331.3672329020047,369.7582505433742,395.921582809985,402.2222724520302,466.73636449075104,549.2357785864776,595.5187661867209,640.0,475.35797264035233,487.0932367017575,415.8315260516238,386.0282828186695,471.00798138430446,471.53042954813395,404.9487675786153,380.3228005391509,459.3287262024719,462.87360765946414,414.6044224173518,393.8715245764537
320.0,239.3120570601199,153.85035481107616,71.08799064345672,0.0,192.86169566967385,169.15160912454186,157.29789430600823,147.37426217178708,250.11138193877423,258.14997805723533,258.134197633578,249.52815036237797,306.84345420944123,318.1446126628716,305.6389489639034,286.09042582801465,354.9197426950596,364.38966752104125,347.9750479598953,327.6579940381851,320.0,332.3232300093489,368.8467186943351,396.2971928710244,406.09558206109,467.2380180299448,550.2002899130632,595.6067505565096,640.0,473.68342356239043,487.64394689340077,415.7575023744163,387.99310694132794,467.8949440738512,471.5944549106349,403.9101760377705,380.4006393259856,454.9443475505767,461.611758957146,413.2866398272719,392.00972822695627,320.0,239.08669141730763,152.07393187043206,70.2636718252815,0.0,192.61597706734761,169.02733023123793,157.56799339480074,147.40185963561913,250.12433334709834,257.2189690048788,258.95212984174435,252.40493728083993,307.0547548063026,317.23432423264245,306.9972911819446,289.59840391112675,355.3933889301944,363.61211525584935,348.7241892480596,329.6623968071183,320.0,330.8175949401264,367.91130603169046,395.2050293248505,404.0299395543673,465.3223093355187,549.879882894511,595.8093872039267,640.0,472.5179216535221,487.3059935045147,417.41396271293684,386.75663230579886,467.61733109925785,472.05830632599054,405.13852465997746,378.5057042461405,455.745661460006,463.362034927889,415.27464405423535,392.54012915493803,320.0,240.877878507521,153.12424489475183,70.19327834635729,0.0,190.44189470943593,166.8650125149933,154.81767499263,145.19860052894825,246.77480459738103,253.9604038567391,254.1887037933404,246.60260485433284,303.5972583019769,313.62395438477347,302.34634334785613,284.5579865501278,351.9153205376318,359.51952273058737,343.85682613900985,324.77985585284046,320.0,329.7930932133863,368.56084649291034,395.3501595363406,404.456321561242,466.6099300267683,549.0440136957443,594.9508252427981,640.0,475.05266692416234,487.770831432847,415.4399585419016,388.4305389478141,470.77332163604217,472.1990215661839,403.8293977154151,381.36763649572765,460.2587070143585,463.52843831756684,413.47600803661237,393.5552902298306,320.0,240.75420075999773,154.19204967756207,71.58277863672589,0.0,193.44556830256025,168.72871192548365,156.92869552550655,147.46177653371373,249.580975630179,254.93480018163842,257.6467915624843,253.0900356265968,305.69256087624433,314.4445795969916,304.32582344854853,288.09260091002534,353.5657092829073,360.2445330725852,344.9723789207279,326.63633248946945,320.0,331.3672329020047,369.7582505433742,395.921582809985,402.2222724520302,466.73636449075104,549.2357785864776,595.5187661867209,640.0,475.35797264035233,487.0932367017575,415.8315260516238,386.0282828186695,471.00798138430446,471.53042954813395,404.9487675786153,380.3228005391509,459.3287262024719,462.87360765946414,414.6044224173518,393.8715245764537,320.0,238.98729333594244,153.3415799869138,71.16582861118789,0.0,194.53829057608286,171.27376917698837,158.26930385198273,147.7553860359351,251.7986818391474,258.6685337269738,259.30416462648975,254.29532776960323,308.573989509868,318.66460512783084,306.52699255272626,289.88709076521366,356.8137391856091,364.64636442029433,347.8211583089685,328.90509045057695,320.0,331.99051619043956,369.55673062773224,395.8422838636993,403.01799500641783,467.3539340820711,550.5558704824265,596.1995795621037,640.0,474.9728826545337,487.1346939709378,416.04179686649786,385.4043110075645,469.16914895979914,470.0970807579055,403.76412481682263,378.85891648434045,455.7283055107762,459.7811491419458,412.0026454352388,391.0016633140636
320.0,239.08669141730763,152.07393187043206,70.2636718252815,0.0,192.61597706734761,169.02733023123793,157.56799339480074,147.40185963561913,250.12433334709834,257.2189690048788,258.95212984174435,252.40493728083993,307.0547548063026,317.23432423264245,306.9972911819446,289.59840391112675,355.3933889301944,363.61211525584935,348.7241892480596,329.6623968071183,320.0,330.8175949401264,367.91130603169046,395.2050293248505,404.0299395543673,465.3223093355187,549.879882894511,595.8093872039267,640.0,472.5179216535221,487.3059935045147,417.41396271293684,386.75663230579886,467.61733109925785,472.05830632599054,405.13852465997746,378.5057042461405,455.745661460006,463.362034927889,415.27464405423535,392.54012915493803,320.0,240.877878507521,153.12424489475183,70.19327834635729,0.0,190.44189470943593,166.8650125149933,154.81767499263,145.19860052894825,246.77480459738103,253.9604038567391,254.1887037933404,246.60260485433284,303.5972583019769,313.62395438477347,302.34634334785613,284.5579865501278,351.9153205376318,359.51952273058737,343.85682613900985,324.77985585284046,320.0,329.7930932133863,368.56084649291034,395.3501595363406,404.456321561242,466.6099300267683,549.0440136957443,594.9508252427981,640.0,475.05266692416234,487.770831432847,415.4399585419016,388.4305389478141,470.77332163604217,472.1990215661839,403.8293977154151,381.36763649572765,460.2587070143585,463.52843831756684,413.47600803661237,393.5552902298306,320.0,240.75420075999773,154.19204967756207,71.58277863672589,0.0,193.44556830256025,168.72871192548365,156.92869552550655,147.46177653371373,249.580975630179,254.93480018163842,257.6467915624843,253.0900356265968,305.69256087624433,314.4445795969916,304.32582344854853,288.09260091002534,353.5657092829073,360.2445330725852,344.9723789207279,326.63633248946945,320.0,331.3672329020047,369.7582505433742,395.921582809985,402.2222724520302,466.73636449075104,549.2357785864776,595.5187661867209,640.0,475.35797264035233,487.0932367017575,415.8315260516238,386.0282828186695,471.00798138430446,471.53042954813395,404.9487675786153,380.3228005391509,459.3287262024719,462.87360765946414,414.6044224173518,393.8715245764537,320.0,238.98729333594244,153.3415799869138,71.16582861118789,0.0,194.53829057608286,171.27376917698837,158.26930385198273,147.7553860359351,251.7986818391474,258.6685337269738,259.30416462648975,254.29532776960323,308.573989509868,318.66460512783084,306.52699255272626,289.88709076521366,356.8137391856091,364.64636442029433,347.8211583089685,328.90509045057695,320.0,331.99051619043956,369.55673062773224,395.8422838636993,403.01799500641783,467.3539340820711,550.5558704824265,596.1995795621037,640.0,474.9728826545337,487.1346939709378,416.04179686649786,385.4043110075645,469.16914895979914,470.0970807579055,403.76412481682263,378.85891648434045,455.7283055107762,459.7811491419458,412.0026454352388,391.0016633140636,320.0,238.85943396900888,151.11230073025698,69.88564061262767,0.0,194.68136721523635,170.51269003507355,157.94696709622983,146.9158863031257,252.4593696493008,256.3402261700687,259.41533034153036,255.63236821577908,309.83100398072264,317.303669672643,307.487378448859,291.8839189817518,359.03299182093633,365.4177011900526,349.38670129829734,330.0343561061641,320.0,331.70622018501797,370.7900103784219,397.1211496723589,402.3889367980487,467.59824394141776,550.4971949413209,596.5107068439964,640.0,476.3226770723419,486.16313396504665,416.45113274417895,383.5036317750554,471.16939562040614,470.17342584405674,404.30908311085403,376.1811517783856,458.45123034783,460.86641998701555,413.80037901007324,392.0932313661664
320.0,240.877878507521,153.12424489475183,70.19327834635729,0.0,190.44189470943593,166.8650125149933,154.81767499263,145.19860052894825,246.77480459738103,253.9604038567391,254.1887037933404,246.60260485433284,303.5972583019769,313.62395438477347,302.34634334785613,284.5579865501278,351.9153205376318,359.51952273058737,343.85682613900985,324.77985585284046,320.0,329.7930932133863,368.56084649291034,395.3501595363406,404.456321561242,466.6099300267683,549.0440136957443,594.9508252427981,640.0,475.05266692416234,487.770831432847,415.4399585419016,388.4305389478141,470.77332163604217,472.1990215661839,403.8293977154151,381.36763649572765,460.2587070143585,463.52843831756684,413.47600803661237,393.5552902298306,320.0,240.75420075999773,154.19204967756207,71.58277863672589,0.0,193.44556830256025,168.72871192548365,156.92869552550655,147.46177653371373,249.580975630179,254.93480018163842,257.6467915624843,253.0900356265968,305.69256087624433,314.4445795969916,304.32582344854853,288.09260091002534,353.5657092829073,360.2445330725852,344.9723789207279,326.63633248946945,320.0,331.3672329020047,369.7582505433742,395.921582809985,402.2222724520302,466.73636449075104,549.2357785864776,595.5187661867209,640.0,475.35797264035233,487.0932367017575,415.8315260516238,386.0282828186695,471.00798138430446,471.53042954813395,404.9487675786153,380.3228005391509,459.3287262024719,462.87360765946414,414.6044224173518,393.8715245764537,320.0,238.98729333594244,153.3415799869138,71.16582861118789,0.0,194.53829057608286,171.27376917698837,158.26930385198273,147.7553860359351,251.7986818391474,258.6685337269738,259.30416462648975,254.29532776960323,308.573989509868,318.66460512783084,306.52699255272626,289.88709076521366,356.8137391856091,364.64636442029433,347.8211583089685,328.90509045057695,320.0,331.99051619043956,369.55673062773224,395.8422838636993,403.01799500641783,467.3539340820711,550.5558704824265,596.1995795621037,640.0,474.9728826545337,487.1346939709378,416.04179686649786,385.4043110075645,469.16914895979914,470.0970807579055,403.76412481682263,378.85891648434045,455.7283055107762,459.7811491419458,412.0026454352388,391.0016633140636,320.0,238.85943396900888,151.11230073025698,69.88564061262767,0.0,194.68136721523635,170.51269003507355,157.94696709622983,146.9158863031257,252.4593696493008,256.3402261700687,259.41533034153036,255.63236821577908,309.83100398072264,317.303669672643,307.487378448859,291.8839189817518,359.03299182093633,365.4177011900526,349.38670129829734,330.0343561061641,320.0,331.70622018501797,370.7900103784219,397.1211496723589,402.3889367980487,467.59824394141776,550.4971949413209,596.5107068439964,640.0,476.3226770723419,486.16313396504665,416.45113274417895,383.5036317750554,471.16939562040614,470.17342584405674,404.30908311085403,376.1811517783856,458.45123034783,460.86641998701555,413.80037901007324,392.0932313661664,320.0,238.85889337559578,150.96527550770108,69.71210922291101,0.0,193.80003032178874,170.08520825578697,157.64964835287714,146.34217987469344,251.78222105591348,257.9007349256134,259.8539819509804,254.25398074213837,309.47594177612143,318.9171797109961,308.32806563609523,291.2362878273129,358.69632426382776,366.18963407846695,350.57548438050117,330.9592010762724,320.0,331.7171337892674,369.503485252927,395.8974581450635,402.4574752468916,466.4632628214531,549.512372758218,595.9909527260563,640.0,475.3474051917781,485.33989920662447,416.3911208421723,383.54996222324064,470.37382498795193,469.0861494864627,404.20006655531233,376.40999089632834,457.88190299125665,460.28558945844037,413.72744829191527,392.03122429985467
320.0,240.75420075999773,154.19204967756207,71.58277863672589,0.0,193.44556830256025,168.72871192548365,156.92869552550655,147.46177653371373,249.580975630179,254.93480018163842,257.6467915624843,253.0900356265968,305.69256087624433,314.4445795969916,304.32582344854853,288.09260091002534,353.5657092829073,360.2445330725852,344.9723789207279,326.63633248946945,320.0,331.3672329020047,369.7582505433742,395.921582809985,402.2222724520302,466.73636449075104,549.2357785864776,595.5187661867209,640.0,475.35797264035233,487.0932367017575,415.8315260516238,386.0282828186695,471.00798138430446,471.53042954813395,404.9487675786153,380.3228005391509,459.3287262024719,462.87360765946414,414.6044224173518,393.8715245764537,320.0,238.98729333594244,153.3415799869138,71.16582861118789,0.0,194.53829057608286,171.27376917698837,158.26930385198273,147.7553860359351,251.7986818391474,258.6685337269738,259.30416462648975,254.29532776960323,308.573989509868,318.66460512783084,306.52699255272626,289.88709076521366,356.8137391856091,364.64636442029433,347.8211583089685,328.90509045057695,320.0,331.99051619043956,369.55673062773224,395.8422838636993,403.01799500641783,467.3539340820711,550.5558704824265,596.1995795621037,640.0,474.9728826545337,487.1346939709378,416.04179686649786,385.4043110075645,469.16914895979914,470.0970807579055,403.76412481682263,378.85891648434045,455.7283055107762,459.7811491419458,412.0026454352388,391.0016633140636,320.0,238.85943396900888,151.11230073025698,69.88564061262767,0.0,194.68136721523635,170.51269003507355,157.94696709622983,146.9158863031257,252.4593696493008,256.3402261700687,259.41533034153036,255.63236821577908,309.83100398072264,317.303669672643,307.487378448859,291.8839189817518,359.03299182093633,365.4177011900526,349.38670129829734,330.0343561061641,320.0,331.70622018501797,370.7900103784219,397.1211496723589,402.3889367980487,467.59824394141776,550.4971949413209,596.5107068439964,640.0,476.3226770723419,486.16313396504665,416.45113274417895,383.5036317750554,471.16939562040614,470.17342584405674,404.30908311085403,376.1811517783856,458.45123034783,460.86641998701555,413.80037901007324,392.0932313661664,320.0,238.85889337559578,150.96527550770108,69.71210922291101,0.0,193.80003032178874,170.08520825578697,157.64964835287714,146.34217987469344,251.78222105591348,257.9007349256134,259.8539819509804,254.25398074213837,309.47594177612143,318.9171797109961,308.32806563609523,291.2362878273129,358.69632426382776,366.18963407846695,350.57548438050117,330.9592010762724,320.0,331.7171337892674,369.503485252927,395.8974581450635,402.4574752468916,466.4632628214531,549.512372758218,595.9909527260563,640.0,475.3474051917781,485.33989920662447,416.3911208421723,383.54996222324064,470.37382498795193,469.0861494864627,404.20006655531233,376.40999089632834,457.88190299125665,460.28558945844037,413.72744829191527,392.03122429985467,320.0,238.52110438142768,152.20547603531736,70.18963242355045,0.0,195.60996765937546,171.0095540699228,158.19219450840987,146.3863135527205,251.48022074946925,255.5853028865314,259.51839046381315,254.96283317444147,307.51095586026133,315.07980631787734,306.11381710270905,290.664128359857,355.68255015620446,362.2764807594709,347.42754444328034,329.3852358621537,320.0,333.4689492980478,371.3664340804308,398.0918186044856,404.35902924854224,468.48560335443784,550.4810451826286,596.0575910513365,640.0,476.3062928185182,488.4281755737825,417.6822028551811,386.9442208659037,471.2379895122423,473.8953688181899,406.6179327518454,379.59413232582216,458.6287735675493,465.1817198212543,418.1750657961479,396.76963594362337
320.0,238.98729333594244,153.3415799869138,71.16582861118789,0.0,194.53829057608286,171.27376917698837,158.26930385198273,147.7553860359351,251.7986818391474,258.6685337269738,259.30416462648975,254.29532776960323,308.573989509868,318.66460512783084,306.52699255272626,289.88709076521366,356.8137391856091,364.64636442029433,347.8211583089685,328.90509045057695,320.0,331.99051619043956,369.55673062773224,395.8422838636993,403.01799500641783,467.3539340820711,550.5558704824265,596.1995795621037,640.0,474.9728826545337,487.1346939709378,416.04179686649786,385.4043110075645,469.16914895979914,470.0970807579055,403.76412481682263,378.85891648434045,455.7283055107762,459.7811491419458,412.0026454352388,391.0016633140636,320.0,238.85943396900888,151.11230073025698,69.88564061262767,0.0,194.68136721523635,170.51269003507355,157.94696709622983,146.9158863031257,252.4593696493008,256.3402261700687,259.41533034153036,255.63236821577908,309.83100398072264,317.303669672643,307.487378448859,291.8839189817518,359.03299182093633,365.4177011900526,349.38670129829734,330.0343561061641,320.0,331.70622018501797,370.7900103784219,397.1211496723589,402.3889367980487,467.59824394141776,550.4971949413209,596.5107068439964,640.0,476.3226770723419,486.16313396504665,416.45113274417895,383.5036317750554,471.16939562040614,470.17342584405674,404.30908311085403,376.1811517783856,458.45123034783,460.86641998701555,413.80037901007324,392.0932313661664,320.0,238.85889337559578,150.96527550770108,69.71210922291101,0.0,193.80003032178874,170.08520825578697,157.64964835287714,146.34217987469344,251.78222105591348,257.9007349256134,259.8539819509804,254.25398074213837,309.47594177612143,318.9171797109961,308.32806563609523,291.2362878273129,358.69632426382776,366.18963407846695,350.57548438050117,330.9592010762724,320.0,331.7171337892674,369.503485252927,395.8974581450635,402.4574752468916,466.4632628214531,549.512372758218,595.9909527260563,640.0,475.3474051917781,485.33989920662447,416.3911208421723,383.54996222324064,470.37382498795193,469.0861494864627,404.20006655531233,376.40999089632834,457.88190299125665,460.28558945844037,413.72744829191527,392.03122429985467,320.0,238.52110438142768,152.20547603531736,70.18963242355045,0.0,195.60996765937546,171.0095540699228,158.19219450840987,146.3863135527205,251.48022074946925,255.5853028865314,259.51839046381315,254.96283317444147,307.51095586026133,315.07980631787734,306.11381710270905,290.664128359857,355.68255015620446,362.2764807594709,347.42754444328034,329.3852358621537,320.0,333.4689492980478,371.3664340804308,398.0918186044856,404.35902924854224,468.48560335443784,550.4810451826286,596.0575910513365,640.0,476.3062928185182,488.4281755737825,417.6822028551811,386.9442208659037,471.2379895122423,473.8953688181899,406.6179327518454,379.59413232582216,458.6287735675493,465.1817198212543,418.1750657961479,396.76963594362337,320.0,238.40594778510848,151.80958225223944,70.25022296103458,0.0,193.3100063916534,168.9219166496036,156.00818280999985,144.7575982568897,250.0980207034802,255.25874246864697,257.83155535003795,253.2311780744506,306.7656254764956,315.25991499785596,304.948767817434,288.6588867320603,355.0263700823322,361.6067334543619,345.8998010310042,326.9133317940257,320.0,332.448252505532,370.8220904281036,397.9568251030728,404.40752411870034,467.5654964768233,550.023376838079,596.0454311096892,640.0,476.34610089683565,486.820066140217,417.26857911522444,385.96252688693187,471.11016491047997,470.78209230728976,404.9775122072766,378.58155935581976,457.8921596903863,461.9777482949062,414.9338687031653,393.46005153489665
320.0,238.85943396900888,151.11230073025698,69.88564061262767,0.0,194.68136721523635,170.51269003507355,157.94696709622983,146.9158863031257,252.4593696493008,256.3402261700687,259.41533034153036,255.63236821577908,309.83100398072264,317.303669672643,307.487378448859,291.8839189817518,359.03299182093633,365.4177011900526,349.38670129829734,330.0343561061641,320.0,331.70622018501797,370.7900103784219,397.1211496723589,402.3889367980487,467.59824394141776,550.4971949413209,596.5107068439964,640.0,476.3226770723419,486.16313396504665,416.45113274417895,383.5036317750554,471.16939562040614,470.17342584405674,404.30908311085403,376.1811517783856,458.45123034783,460.86641998701555,413.80037901007324,392.0932313661664,320.0,238.85889337559578,150.96527550770108,69.71210922291101,0.0,193.80003032178874,170.08520825578697,157.64964835287714,146.34217987469344,251.78222105591348,257.9007349256134,259.8539819509804,254.25398074213837,309.47594177612143,318.9171797109961,308.32806563609523,291.2362878273129,358.69632426382776,366.18963407846695,350.57548438050117,330.9592010762724,320.0,331.7171337892674,369.503485252927,395.8974581450635,402.4574752468916,466.4632628214531,549.512372758218,595.9909527260563,640.0,475.3474051917781,485.33989920662447,416.3911208421723,383.54996222324064,470.37382498795193,469.0861494864627,404.20006655531233,376.40999089632834,457.88190299125665,460.28558945844037,413.72744829191527,392.03122429985467,320.0,238.52110438142768,152.20547603531736,70.18963242355045,0.0,195.60996765937546,171.0095540699228,158.19219450840987,146.3863135527205,251.48022074946925,255.5853028865314,259.51839046381315,254.96283317444147,307.51095586026133,315.07980631787734,306.11381710270905,290.664128359857,355.68255015620446,362.2764807594709,347.42754444328034,329.3852358621537,320.0,333.4689492980478,371.3664340804308,398.0918186044856,404.35902924854224,468.48560335443784,550.4810451826286,596.0575910513365,640.0,476.3062928185182,488.4281755737825,417.6822028551811,386.9442208659037,471.2379895122423,473.8953688181899,406.6179327518454,379.59413232582216,458.6287735675493,465.1817198212543,418.1750657961479,396.76963594362337,320.0,238.40594778510848,151.80958225223944,70.25022296103458,0.0,193.3100063916534,168.9219166496036,156.00818280999985,144.7575982568897,250.0980207034802,255.25874246864697,257.83155535003795,253.2311780744506,306.7656254764956,315.25991499785596,304.948767817434,288.6588867320603,355.0263700823322,361.6067334543619,345.8998010310042,326.9133317940257,320.0,332.448252505532,370.8220904281036,397.9568251030728,404.40752411870034,467.5654964768233,550.023376838079,596.0454311096892,640.0,476.34610089683565,486.820066140217,417.26857911522444,385.96252688693187,471.11016491047997,470.78209230728976,404.9775122072766,378.58155935581976,457.8921596903863,461.9777482949062,414.9338687031653,393.46005153489665,320.0,238.26023788218367,151.92843059283663,70.52985241595644,0.0,193.99118474133053,168.28977305653999,155.60398072749524,144.17824994567866,250.7892968528864,255.08618138277626,260.0941437560487,256.91067362558937,307.4096494309692,315.3222021840964,306.8538356947864,291.5288910740139,355.91203206243523,362.1491619994572,347.20509095520805,328.53293412059054,320.0,333.84678006967175,371.2865053415963,397.9162966874182,404.64558898293814,467.5507569422473,549.7076243787878,596.0201106229904,640.0,475.91182082398507,487.886864296392,418.44286378576487,384.9526696538451,470.72670289899764,471.2750177181359,405.96886809458965,378.0933606440559,457.0882634384018,462.25131561524694,416.17028194907965,394.1231280040767
320.0,238.85889337559578,150.96527550770108,69.71210922291101,0.0,193.80003032178874,170.08520825578697,157.64964835287714,146.34217987469344,251.78222105591348,257.9007349256134,259.8539819509804,254.25398074213837,309.47594177612143,318.9171797109961,308.32806563609523,291.2362878273129,358.69632426382776,366.18963407846695,350.57548438050117,330.9592010762724,320.0,331.7171337892674,369.503485252927,395.8974581450635,402.4574752468916,466.4632628214531,549.512372758218,595.9909527260563,640.0,475.3474051917781,485.33989920662447,416.3911208421723,383.54996222324064,470.37382498795193,469.0861494864627,404.20006655531233,376.40999089632834,457.88190299125665,460.28558945844037,413.72744829191527,392.03122429985467,320.0,238.52110438142768,152.20547603531736,70.18963242355045,0.0,195.60996765937546,171.0095540699228,158.19219450840987,146.3863135527205,251.48022074946925,255.5853028865314,259.51839046381315,254.96283317444147,307.51095586026133,315.07980631787734,306.11381710270905,290.664128359857,355.68255015620446,362.2764807594709,347.42754444328034,329.3852358621537,320.0,333.4689492980478,371.3664340804308,398.0918186044856,404.35902924854224,468.48560335443784,550.4810451826286,596.0575910513365,640.0,476.3062928185182,488.4281755737825,417.6822028551811,386.9442208659037,471.2379895122423,473.8953688181899,406.6179327518454,379.59413232582216,458.6287735675493,465.1817198212543,418.1750657961479,396.76963594362337,320.0,238.40594778510848,151.80958225223944,70.25022296103458,0.0,193.3100063916534,168.9219166496036,156.00818280999985,144.7575982568897,250.0980207034802,255.25874246864697,257.83155535003795,253.2311780744506,306.7656254764956,315.25991499785596,304.948767817434,288.6588867320603,355.0263700823322,361.6067334543619,345.8998010310042,326.9133317940257,320.0,332.448252505532,370.8220904281036,397.9568251030728,404.40752411870034,467.5654964768233,550.023376838079,596.0454311096892,640.0,476.34610089683565,486.820066140217,417.26857911522444,385.96252688693187,471.11016491047997,470.78209230728976,404.9775122072766,378.58155935581976,457.8921596903863,461.9777482949062,414.9338687031653,393.46005153489665,320.0,238.26023788218367,151.92843059283663,70.52985241595644,0.0,193.99118474133053,168.28977305653999,155.60398072749524,144.17824994567866,250.7892968528864,255.08618138277626,260.0941437560487,256.91067362558937,307.4096494309692,315.3222021840964,306.8538356947864,291.5288910740139,355.91203206243523,362.1491619994572,347.20509095520805,328.53293412059054,320.0,333.84678006967175,371.2865053415963,397.9162966874182,404.64558898293814,467.5507569422473,549.7076243787878,596.0201106229904,640.0,475.91182082398507,487.886864296392,418.44286378576487,384.9526696538451,470.72670289899764,471.2750177181359,405.96886809458965,378.0933606440559,457.0882634384018,462.25131561524694,416.17028194907965,394.1231280040767,320.0,238.95717606665016,153.44827437532697,71.10384470923944,0.0,193.54978554957563,168.9204280952045,156.32821355041872,145.12693023552035,250.59751824617902,257.5491390631885,259.26658533848206,252.3679842891982,307.03733692941387,316.98863487279135,306.1912478702474,288.50903707404797,354.1584682510264,361.9632737095002,346.35943780814506,327.24439242659923,320.0,332.1861337690524,369.67836763974924,396.27140559504613,401.7522323228721,467.52873501136673,549.6067977621947,595.4475544146966,640.0,475.38654703530153,487.0099473636002,416.0047683656584,387.55524040041604,470.0498130254336,470.6041177761458,404.6505178923954,381.4133297306208,457.2436970164124,461.25755285947304,413.873872407449,393.6886750279785
320.0,238.52110438142768,152.20547603531736,70.18963242355045,0.0,195.60996765937546,171.0095540699228,158.19219450840987,146.3863135527205,251.48022074946925,255.5853028865314,259.51839046381315,254.96283317444147,307.51095586026133,315.07980631787734,306.11381710270905,290.664128359857,355.68255015620446,362.2764807594709,347.42754444328034,329.3852358621537,320.0,333.4689492980478,371.3664340804308,398.0918186044856,404.35902924854224,468.48560335443784,550.4810451826286,596.0575910513365,640.0,476.3062928185182,488.4281755737825,417.6822028551811,386.9442208659037,471.2379895122423,473.8953688181899,406.6179327518454,379.59413232582216,458.6287735675493,465.1817198212543,418.1750657961479,396.76963594362337,320.0,238.40594778510848,151.80958225223944,70.25022296103458,0.0,193.3100063916534,168.9219166496036,156.00818280999985,144.7575982568897,250.0980207034802,255.25874246864697,257.83155535003795,253.2311780744506,306.7656254764956,315.25991499785596,304.948767817434,288.6588867320603,355.0263700823322,361.6067334543619,345.8998010310042,326.9133317940257,320.0,332.448252505532,370.8220904281036,397.9568251030728,404.40752411870034,467.5654964768233,550.023376838079,596.0454311096892,640.0,476.34610089683565,486.820066140217,417.26857911522444,385.96252688693187,471.11016491047997,470.78209230728976,404.9775122072766,378.58155935581976,457.8921596903863,461.9777482949062,414.9338687031653,393.46005153489665,320.0,238.26023788218367,151.92843059283663,70.52985241595644,0.0,193.99118474133053,168.28977305653999,155.60398072749524,144.17824994567866,250.7892968528864,255.08618138277626,260.0941437560487,256.91067362558937,307.4096494309692,315.3222021840964,306.8538356947864,291.5288910740139,355.91203206243523,362.1491619994572,347.20509095520805,328.53293412059054,320.0,333.84678006967175,371.2865053415963,397.9162966874182,404.64558898293814,467.5507569422473,549.7076243787878,596.0201106229904,640.0,475.91182082398507,487.886864296392,418.44286378576487,384.9526696538451,470.72670289899764,471.2750177181359,405.96886809458965,378.0933606440559,457.0882634384018,462.25131561524694,416.17028194907965,394.1231280040767,320.0,238.95717606665016,153.44827437532697,71.10384470923944,0.0,193.54978554957563,168.9204280952045,156.32821355041872,145.12693023552035,250.59751824617902,257.5491390631885,259.26658533848206,252.3679842891982,307.03733692941387,316.98863487279135,306.1912478702474,288.50903707404797,354.1584682510264,361.9632737095002,346.35943780814506,327.24439242659923,320.0,332.1861337690524,369.67836763974924,396.27140559504613,401.7522323228721,467.52873501136673,549.6067977621947,595.4475544146966,640.0,475.38654703530153,487.0099473636002,416.0047683656584,387.55524040041604,470.0498130254336,470.6041177761458,404.6505178923954,381.4133297306208,457.2436970164124,461.25755285947304,413.873872407449,393.6886750279785,320.0,237.3130814150216,152.31566463749255,70.07371162826013,0.0,193.88827613987598,167.8250085585333,154.92217798064763,143.0606903137128,250.76907703126608,255.27105599244032,259.10704552606273,254.2953354303058,307.31354849786965,314.68830159682165,305.86479520898297,289.5661768003485,355.5903979924246,361.09138094439686,346.2919533286848,328.6265797929787,320.0,334.64324025873344,370.95276828298256,397.1639816640047,404.3618358291452,467.3672381950767,549.3285225875928,595.1359423850555,640.0,474.2679685428174,488.25254871329105,416.396941744449,387.3449776596764,469.01664352066786,472.7461055752948,405.6124159635471,382.9076911441264,455.9607712245321,463.6225755614621,416.1680305252564,396.01985308432586
320.0,238.40594778510848,151.80958225223944,70.25022296103458,0.0,193.3100063916534,168.9219166496036,156.00818280999985,144.7575982568897,250.0980207034802,255.25874246864697,257.83155535003795,253.2311780744506,306.7656254764956,315.25991499785596,304.948767817434,288.6588867320603,355.0263700823322,361.6067334543619,345.8998010310042,326.9133317940257,320.0,332.448252505532,370.8220904281036,397.9568251030728,404.40752411870034,467.5654964768233,550.023376838079,596.0454311096892,640.0,476.34610089683565,486.820066140217,417.26857911522444,385.96252688693187,471.11016491047997,470.78209230728976,404.9775122072766,378.58155935581976,457.8921596903863,461.9777482949062,414.9338687031653,393.46005153489665,320.0,238.26023788218367,151.92843059283663,70.52985241595644,0.0,193.99118474133053,168.28977305653999,155.60398072749524,144.17824994567866,250.7892968528864,255.08618138277626,260.0941437560487,256.91067362558937,307.4096494309692,315.3222021840964,306.8538356947864,291.5288910740139,355.91203206243523,362.1491619994572,347.20509095520805,328.53293412059054,320.0,333.84678006967175,371.2865053415963,397.9162966874182,404.64558898293814,467.5507569422473,549.7076243787878,596.0201106229904,640.0,475.91182082398507,487.886864296392,418.44286378576487,384.9526696538451,470.72670289899764,471.2750177181359,405.96886809458965,378.0933606440559,457.0882634384018,462.25131561524694,416.17028194907965,394.1231280040767,320.0,238.95717606665016,153.44827437532697,71.10384470923944,0.0,193.54978554957563,168.9204280952045,156.32821355041872,145.12693023552035,250.59751824617902,257.5491390631885,259.26658533848206,252.3679842891982,307.03733692941387,316.98863487279135,306.1912478702474,288.50903707404797,354.1584682510264,361.9632737095002,346.35943780814506,327.24439242659923,320.0,332.1861337690524,369.67836763974924,396.27140559504613,401.7522323228721,467.52873501136673,549.6067977621947,595.4475544146966,640.0,475.38654703530153,487.0099473636002,416.0047683656584,387.55524040041604,470.0498130254336,470.6041177761458,404.6505178923954,381.4133297306208,457.2436970164124,461.25755285947304,413.873872407449,393.6886750279785,320.0,237.3130814150216,152.31566463749255,70.07371162826013,0.0,193.88827613987598,167.8250085585333,154.92217798064763,143.0606903137128,250.76907703126608,255.27105599244032,259.10704552606273,254.2953354303058,307.31354849786965,314.68830159682165,305.86479520898297,289.5661768003485,355.5903979924246,361.09138094439686,346.2919533286848,328.6265797929787,320.0,334.64324025873344,370.95276828298256,397.1639816640047,404.3618358291452,467.3672381950767,549.3285225875928,595.1359423850555,640.0,474.2679685428174,488.25254871329105,416.396941744449,387.3449776596764,469.01664352066786,472.7461055752948,405.6124159635471,382.9076911441264,455.9607712245321,463.6225755614621,416.1680305252564,396.01985308432586,320.0,237.50215248318938,152.13747950837245,70.33727643477437,0.0,194.06280813572147,168.04969921168217,155.31868248514454,143.56898181920783,251.3462183601751,255.8827368673045,259.73744117571385,254.99978310476885,308.1098158578132,315.35949110536893,306.6566948721617,290.65736904965956,356.72362165566506,361.9198397486054,347.3715666386049,329.867293678256,320.0,334.00902480635386,370.5394630175509,396.848894109033,403.71550029495336,467.41593866755466,549.0981196101097,595.0893432324998,640.0,475.1210260791421,487.7763135688433,416.0655090234303,386.76703088750276,470.2068139541682,472.11074804646864,405.0288701721053,381.96016378148414,457.4600332820137,463.4342239156699,416.02038127266775,395.97604343605514
320.0,238.26023788218367,151.92843059283663,70.52985241595644,0.0,193.99118474133053,168.28977305653999,155.60398072749524,144.17824994567866,250.7892968528864,255.08618138277626,260.0941437560487,256.91067362558937,307.4096494309692,315.3222021840964,306.8538356947864,291.5288910740139,355.91203206243523,362.1491619994572,347.20509095520805,328.53293412059054,320.0,333.84678006967175,371.2865053415963,397.9162966874182,404.64558898293814,467.5507569422473,549.7076243787878,596.0201106229904,640.0,475.91182082398507,487.886864296392,418.44286378576487,384.9526696538451,470.72670289899764,471.2750177181359,405.96886809458965,378.0933606440559,457.0882634384018,462.25131561524694,416.17028194907965,394.1231280040767,320.0,238.95717606665016,153.44827437532697,71.10384470923944,0.0,193.54978554957563,168.9204280952045,156.32821355041872,145.12693023552035,250.59751824617902,257.5491390631885,259.26658533848206,252.3679842891982,307.03733692941387,316.98863487279135,306.1912478702474,288.50903707404797,354.1584682510264,361.9632737095002,346.35943780814506,327.24439242659923,320.0,332.1861337690524,369.67836763974924,396.27140559504613,401.7522323228721,467.52873501136673,549.6067977621947,595.4475544146966,640.0,475.38654703530153,487.0099473636002,416.0047683656584,387.55524040041604,470.0498130254336,470.6041177761458,404.6505178923954,381.4133297306208,457.2436970164124,461.25755285947304,413.873872407449,393.6886750279785,320.0,237.3130814150216,152.31566463749255,70.07371162826013,0.0,193.88827613987598,167.8250085585333,154.92217798064763,143.0606903137128,250.76907703126608,255.27105599244032,259.10704552606273,254.2953354303058,307.31354849786965,314.68830159682165,305.86479520898297,289.5661768003485,355.5903979924246,361.09138094439686,346.2919533286848,328.6265797929787,320.0,334.64324025873344,370.95276828298256,397.1639816640047,404.3618358291452,467.3672381950767,549.3285225875928,595.1359423850555,640.0,474.2679685428174,488.25254871329105,416.396941744449,387.3449776596764,469.01664352066786,472.7461055752948,405.6124159635471,382.9076911441264,455.9607712245321,463.6225755614621,416.1680305252564,396.01985308432586,320.0,237.50215248318938,152.13747950837245,70.33727643477437,0.0,194.06280813572147,168.04969921168217,155.31868248514454,143.56898181920783,251.3462183601751,255.8827368673045,259.73744117571385,254.99978310476885,308.1098158578132,315.35949110536893,306.6566948721617,290.65736904965956,356.72362165566506,361.9198397486054,347.3715666386049,329.867293678256,320.0,334.00902480635386,370.5394630175509,396.848894109033,403.71550029495336,467.41593866755466,549.0981196101097,595.0893432324998,640.0,475.1210260791421,487.7763135688433,416.0655090234303,386.76703088750276,470.2068139541682,472.11074804646864,405.0288701721053,381.96016378148414,457.4600332820137,463.4342239156699,416.02038127266775,395.97604343605514,320.0,237.31851917411277,151.602822179409,69.87415200005734,0.0,194.49698254049054,169.60480439974793,156.24971229621855,143.93362207132384,251.25594598115828,255.84330521026294,259.5094190077081,255.6295082348177,307.5331443408944,315.4697785564699,306.2642266584161,291.2683960455471,355.60328794432775,361.955391884071,346.96017438001223,329.6189256800872,320.0,333.7093232288036,370.61153541002284,397.04961168694206,402.79074364116667,467.7790311172996,549.7920646688307,595.5186908108251,640.0,476.6554997429487,487.16173868501414,416.2973503120013,385.9372803784967,472.00990796912873,472.62446878742276,406.07353663349284,380.67798898488246,459.0989157495937,464.282947963202,417.52082631397997,396.8519666312494
320.0,238.95717606665016,153.44827437532697,71.10384470923944,0.0,193.54978554957563,168.9204280952045,156.32821355041872,145.12693023552035,250.59751824617902,257.5491390631885,259.26658533848206,252.3679842891982,307.03733692941387,316.98863487279135,306.1912478702474,288.50903707404797,354.1584682510264,361.9632737095002,346.35943780814506,327.24439242659923,320.0,332.1861337690524,369.67836763974924,396.27140559504613,401.7522323228721,467.52873501136673,549.6067977621947,595.4475544146966,640.0,475.38654703530153,487.0099473636002,416.0047683656584,387.55524040041604,470.0498130254336,470.6041177761458,404.6505178923954,381.4133297306208,457.2436970164124,461.25755285947304,413.873872407449,393.6886750279785,320.0,237.3130814150216,152.31566463749255,70.07371162826013,0.0,193.88827613987598,167.8250085585333,154.92217798064763,143.0606903137128,250.76907703126608,255.27105599244032,259.10704552606273,254.2953354303058,307.31354849786965,314.68830159682165,305.86479520898297,289.5661768003485,355.5903979924246,361.09138094439686,346.2919533286848,328.6265797929787,320.0,334.64324025873344,370.95276828298256,397.1639816640047,404.3618358291452,467.3672381950767,549.3285225875928,595.1359423850555,640.0,474.2679685428174,488.25254871329105,416.396941744449,387.3449776596764,469.01664352066786,472.7461055752948,405.6124159635471,382.9076911441264,455.9607712245321,463.6225755614621,416.1680305252564,396.01985308432586,320.0,237.50215248318938,152.13747950837245,70.33727643477437,0.0,194.06280813572147,168.04969921168217,155.31868248514454,143.56898181920783,251.3462183601751,255.8827368673045,259.73744117571385,254.99978310476885,308.1098158578132,315.35949110536893,306.6566948721617,290.65736904965956,356.72362165566506,361.9198397486054,347.3715666386049,329.867293678256,320.0,334.00902480635386,370.5394630175509,396.848894109033,403.71550029495336,467.41593866755466,549.0981196101097,595.0893432324998,640.0,475.1210260791421,487.7763135688433,416.0655090234303,386.76703088750276,470.2068139541682,472.11074804646864,405.0288701721053,381.96016378148414,457.4600332820137,463.4342239156699,416.02038127266775,395.97604343605514,320.0,237.31851917411277,151.602822179409,69.87415200005734,0.0,194.49698254049054,169.60480439974793,156.24971229621855,143.93362207132384,251.25594598115828,255.84330521026294,259.5094190077081,255.6295082348177,307.5331443408944,315.4697785564699,306.2642266584161,291.2683960455471,355.60328794432775,361.955391884071,346.96017438001223,329.6189256800872,320.0,333.7093232288036,370.61153541002284,397.04961168694206,402.79074364116667,467.7790311172996,549.7920646688307,595.5186908108251,640.0,476.6554997429487,487.16173868501414,416.2973503120013,385.9372803784967,472.00990796912873,472.62446878742276,406.07353663349284,380.67798898488246,459.0989157495937,464.282947963202,417.52082631397997,396.8519666312494,320.0,235.87984264501807,148.42918963382976,69.00165291154912,0.0,193.37296092421207,168.31147556130693,155.0302076515396,142.3885083815526,251.4596739776184,258.6402473848462,262.8287087686721,259.34650185331367,309.6125334596595,319.1545603402615,311.40537936679925,296.89473882673997,358.9693763111979,365.43602378254786,351.8848960243969,334.7908888338945,320.0,330.43736669997236,368.6212704476376,395.1187135167454,399.5383504924697,466.8821711132832,548.240656189641,595.1815460924388,640.0,477.05089520122164,485.36302503026104,417.01813280285717,382.85237498715384,472.8709745523239,468.5141158249628,405.1686418423967,378.4396919097098,461.20667942453474,461.49256190938837,415.30496269598774,394.23378166962675
320.0,237.3130814150216,152.31566463749255,70.07371162826013,0.0,193.88827613987598,167.8250085585333,154.92217798064763,143.0606903137128,250.76907703126608,255.27105599244032,259.10704552606273,254.2953354303058,307.31354849786965,314.68830159682165,305.86479520898297,289.5661768003485,355.5903979924246,361.09138094439686,346.2919533286848,328.6265797929787,320.0,334.64324025873344,370.95276828298256,397.1639816640047,404.3618358291452,467.3672381950767,549.3285225875928,595.1359423850555,640.0,474.2679685428174,488.25254871329105,416.396941744449,387.3449776596764,469.01664352066786,472.7461055752948,405.6124159635471,382.9076911441264,455.9607712245321,463.6225755614621,416.1680305252564,396.01985308432586,320.0,237.50215248318938,152.13747950837245,70.33727643477437,0.0,194.06280813572147,168.04969921168217,155.31868248514454,143.56898181920783,251.3462183601751,255.8827368673045,259.73744117571385,254.99978310476885,308.1098158578132,315.35949110536893,306.6566948721617,290.65736904965956,356.72362165566506,361.9198397486054,347.3715666386049,329.867293678256,320.0,334.00902480635386,370.5394630175509,396.848894109033,403.71550029495336,467.41593866755466,549.0981196101097,595.0893432324998,640.0,475.1210260791421,487.7763135688433,416.0655090234303,386.76703088750276,470.2068139541682,472.11074804646864,405.0288701721053,381.96016378148414,457.4600332820137,463.4342239156699,416.02038127266775,395.97604343605514,320.0,237.31851917411277,151.602822179409,69.87415200005734,0.0,194.49698254049054,169.60480439974793,156.24971229621855,143.93362207132384,251.25594598115828,255.84330521026294,259.5094190077081,255.6295082348177,307.5331443408944,315.4697785564699,306.2642266584161,291.2683960455471,355.60328794432775,361.955391884071,346.96017438001223,329.6189256800872,320.0,333.7093232288036,370.61153541002284,397.04961168694206,402.79074364116667,467.7790311172996,549.7920646688307,595.5186908108251,640.0,476.6554997429487,487.16173868501414,416.2973503120013,385.9372803784967,472.00990796912873,472.62446878742276,406.07353663349284,380.67798898488246,459.0989157495937,464.282947963202,417.52082631397997,396.8519666312494,320.0,235.87984264501807,148.42918963382976,69.00165291154912,0.0,193.37296092421207,168.31147556130693,155.0302076515396,142.3885083815526,251.4596739776184,258.6402473848462,262.8287087686721,259.34650185331367,309.6125334596595,319.1545603402615,311.40537936679925,296.89473882673997,358.9693763111979,365.43602378254786,351.8848960243969,334.7908888338945,320.0,330.43736669997236,368.6212704476376,395.1187135167454,399.5383504924697,466.8821711132832,548.240656189641,595.1815460924388,640.0,477.05089520122164,485.36302503026104,417.01813280285717,382.85237498715384,472.8709745523239,468.5141158249628,405.1686418423967,378.4396919097098,461.20667942453474,461.49256190938837,415.30496269598774,394.23378166962675,320.0,235.6701240483447,147.76194706901964,68.80786552332725,0.0,194.21517797837294,169.1906247313157,154.8997221275668,140.9831373892263,252.40453650830165,258.51131128542863,262.5955575509299,259.62077085391013,310.68168702112644,319.5764935753757,311.8711007240541,297.78507301458325,360.7926680765872,366.3022917247698,352.8591291933215,336.1343726394447,320.0,330.1820467489272,368.0364170742522,393.8915583316515,397.9931471863062,466.4713992152093,548.8870368680468,595.6859883095497,640.0,476.74204408322885,484.42163017297884,416.00871198681995,380.8626911663528,472.33777729983694,467.392034484443,403.5212239190385,375.49378085763544,460.44255893408416,460.5146297235209,414.4381309971113,392.976012122869
320.0,237.50215248318938,152.13747950837245,70.33727643477437,0.0,194.06280813572147,168.04969921168217,155.31868248514454,143.56898181920783,251.3462183601751,255.8827368673045,259.73744117571385,254.99978310476885,308.1098158578132,315.35949110536893,306.6566948721617,290.65736904965956,356.72362165566506,361.9198397486054,347.3715666386049,329.867293678256,320.0,334.00902480635386,370.5394630175509,396.848894109033,403.71550029495336,467.41593866755466,549.0981196101097,595.0893432324998,640.0,475.1210260791421,487.7763135688433,416.0655090234303,386.76703088750276,470.2068139541682,472.11074804646864,405.0288701721053,381.96016378148414,457.4600332820137,463.4342239156699,416.02038127266775,395.97604343605514,320.0,237.31851917411277,151.602822179409,69.87415200005734,0.0,194.49698254049054,169.60480439974793,156.24971229621855,143.93362207132384,251.25594598115828,255.84330521026294,259.5094190077081,255.6295082348177,307.5331443408944,315.4697785564699,306.2642266584161,291.2683960455471,355.60328794432775,361.955391884071,346.96017438001223,329.6189256800872,320.0,333.7093232288036,370.61153541002284,397.04961168694206,402.79074364116667,467.7790311172996,549.7920646688307,595.5186908108251,640.0,476.6554997429487,487.16173868501414,416.2973503120013,385.9372803784967,472.00990796912873,472.62446878742276,406.07353663349284,380.67798898488246,459.0989157495937,464.282947963202,417.52082631397997,396.8519666312494,320.0,235.87984264501807,148.42918963382976,69.00165291154912,0.0,193.37296092421207,168.31147556130693,155.0302076515396,142.3885083815526,251.4596739776184,258.6402473848462,262.8287087686721,259.34650185331367,309.6125334596595,319.1545603402615,311.40537936679925,296.89473882673997,358.9693763111979,365.43602378254786,351.8848960243969,334.7908888338945,320.0,330.43736669997236,368.6212704476376,395.1187135167454,399.5383504924697,466.8821711132832,548.240656189641,595.1815460924388,640.0,477.05089520122164,485.36302503026104,417.01813280285717,382.85237498715384,472.8709745523239,468.5141158249628,405.1686418423967,378.4396919097098,461.20667942453474,461.49256190938837,415.30496269598774,394.23378166962675,320.0,235.6701240483447,147.76194706901964,68.80786552332725,0.0,194.21517797837294,169.1906247313157,154.8997221275668,140.9831373892263,252.40453650830165,258.51131128542863,262.5955575509299,259.62077085391013,310.68168702112644,319.5764935753757,311.8711007240541,297.78507301458325,360.7926680765872,366.3022917247698,352.8591291933215,336.1343726394447,320.0,330.1820467489272,368.0364170742522,393.8915583316515,397.9931471863062,466.4713992152093,548.8870368680468,595.6859883095497,640.0,476.74204408322885,484.42163017297884,416.00871198681995,380.8626911663528,472.33777729983694,467.392034484443,403.5212239190385,375.49378085763544,460.44255893408416,460.5146297235209,414.4381309971113,392.976012122869,320.0,236.8020684820474,148.7600516971857,69.85590518201974,0.0,190.5270964879931,166.45147975327762,152.87037685107748,139.5929261620439,246.6697347366512,252.3087069720218,257.60077835655426,253.87069237089918,303.95251569144364,311.7586173022052,304.83062952955834,290.5582619676718,354.2385510715348,359.8231552898874,346.67556943771194,329.42970938109676,320.0,330.19212568416566,370.3134174407705,398.0043122071765,404.8768283236815,467.1578598885435,549.4616675777318,595.9216807658133,640.0,475.3870780318944,489.3759239420967,420.2450981131154,386.6031041740851,470.8803843418216,473.511150320913,408.6395863754515,380.7854416122867,459.3088830201491,466.69850218489785,419.16593072910433,396.8959585796551
320.0,237.31851917411277,151.602822179409,69.87415200005734,0.0,194.49698254049054,169.60480439974793,156.24971229621855,143.93362207132384,251.25594598115828,255.84330521026294,259.5094190077081,255.6295082348177,307.5331443408944,315.4697785564699,306.2642266584161,291.2683960455471,355.60328794432775,361.955391884071,346.96017438001223,329.6189256800872,320.0,333.7093232288036,370.61153541002284,397.04961168694206,402.79074364116667,467.7790311172996,549.7920646688307,595.5186908108251,640.0,476.6554997429487,487.16173868501414,416.2973503120013,385.9372803784967,472.00990796912873,472.62446878742276,406.07353663349284,380.67798898488246,459.0989157495937,464.282947963202,417.52082631397997,396.8519666312494,320.0,235.87984264501807,148.42918963382976,69.00165291154912,0.0,193.37296092421207,168.31147556130693,155.0302076515396,142.3885083815526,251.4596739776184,258.6402473848462,262.8287087686721,259.34650185331367,309.6125334596595,319.1545603402615,311.40537936679925,296.89473882673997,358.9693763111979,365.43602378254786,351.8848960243969,334.7908888338945,320.0,330.43736669997236,368.6212704476376,395.1187135167454,399.5383504924697,466.8821711132832,548.240656189641,595.1815460924388,640.0,477.05089520122164,485.36302503026104,417.01813280285717,382.85237498715384,472.8709745523239,468.5141158249628,405.1686418423967,378.4396919097098,461.20667942453474,461.49256190938837,415.30496269598774,394.23378166962675,320.0,235.6701240483447,147.76194706901964,68.80786552332725,0.0,194.21517797837294,169.1906247313157,154.8997221275668,140.9831373892263,252.40453650830165,258.51131128542863,262.5955575509299,259.62077085391013,310.68168702112644,319.5764935753757,311.8711007240541,297.78507301458325,360.7926680765872,366.3022917247698,352.8591291933215,336.1343726394447,320.0,330.1820467489272,368.0364170742522,393.8915583316515,397.9931471863062,466.4713992152093,548.8870368680468,595.6859883095497,640.0,476.74204408322885,484.42163017297884,416.00871198681995,380.8626911663528,472.33777729983694,467.392034484443,403.5212239190385,375.49378085763544,460.44255893408416,460.5146297235209,414.4381309971113,392.976012122869,320.0,236.8020684820474,148.7600516971857,69.85590518201974,0.0,190.5270964879931,166.45147975327762,152.87037685107748,139.5929261620439,246.6697347366512,252.3087069720218,257.60077835655426,253.87069237089918,303.95251569144364,311.7586173022052,304.83062952955834,290.5582619676718,354.2385510715348,359.8231552898874,346.67556943771194,329.42970938109676,320.0,330.19212568416566,370.3134174407705,398.0043122071765,404.8768283236815,467.1578598885435,549.4616675777318,595.9216807658133,640.0,475.3870780318944,489.3759239420967,420.2450981131154,386.6031041740851,470.8803843418216,473.511150320913,408.6395863754515,380.7854416122867,459.3088830201491,466.69850218489785,419.16593072910433,396.8959585796551,320.0,224.4676571131954,136.89521329557044,63.3551177992839,0.0,174.76238077373927,149.80938356247856,135.1887933984577,122.44591436689825,241.05558803467167,237.29046924399705,241.830719871521,247.7895722165553,307.68973357280413,296.9928214749061,298.6102862879466,305.58061274533213,366.55607664866466,353.0460548742992,347.8470939571607,348.83095405052273,320.0,325.73298367443664,362.9725531503543,398.89405323308216,411.3422816758172,461.56176798754416,545.7378927980732,597.1117625632655,640.0,477.58718391455943,486.7282387943192,440.8912301839588,406.99127085089657,474.72345573212914,469.6634947263285,432.3730158201055,406.48018865580315,466.7326145810669,462.820588500893,429.406886955004,408.77072513816756
