320.0,218.54559771865456,201.46900206403265,224.97190285516106,244.48825180084407,340.8946963317931,362.3490514367472,359.20903275882756,362.66280589057527,423.7932190620665,456.4454253348099,457.3206627156002,463.2482609766522,502.90230339386306,543.5016139240071,541.5473581188047,531.6710329945785,577.7209989522255,627.1864517790774,639.2107284880078,640.0,320.0,260.56683607079214,183.03815662167136,122.97144451661379,72.84501832147566,143.97255345217076,82.7757514853106,36.15276977787664,0.0,151.08341652706773,87.46811063965379,40.17000117209682,0.0438420767670209,163.77157498701425,99.94324286191474,51.19844541626878,14.233290000317368,180.82569035087803,124.52632991351308,83.59567876503104,49.72284781187125,320.0,251.33447052659608,250.57412455873637,269.0717720116468,282.17626953656224,443.5339019299647,486.9738508536107,488.68679143726683,487.40591558086464,503.49521445483725,558.5543513675236,569.0215316607545,578.1342311777623,544.6395034370607,604.075668587756,614.0124610270814,612.6854652843986,569.8392663786465,623.0209556202599,636.6566655500872,640.0,320.0,252.5887871919061,168.251095250964,104.2600872890981,51.64167747451086,146.24702718777547,84.7975674365625,36.75063990657128,0.0,160.53329988238661,96.70470994735945,45.09607741864164,1.9668097544151806,176.71605590831484,114.54855702247298,61.88794076269812,21.228465056641312,193.31166193008102,136.935236837833,92.05448113328544,54.00454996864801,320.0,256.19257190426134,244.15616621588794,248.62028445386585,236.94923435658157,376.3080090385105,407.88038025377057,395.79762936634256,385.720392353922,425.66195756200955,448.1731384556663,424.01867393356196,412.50625618832737,469.11621292711834,501.3753434073488,487.7469829470749,483.46970963068054,511.1039214890929,568.4566684443237,604.0582845078907,640.0,320.0,261.46153448485137,152.6182844469271,64.69261309665413,0.0,130.56151804816818,86.73732517358914,104.44487053877819,107.7515918299843,149.72864993066165,114.4691432098908,143.75531717651495,156.0214765118892,175.26614700503384,126.64809875765599,134.77748995671146,135.64637850547905,201.46706616969738,135.13408792754464,86.31060942085523,36.154422468912,320.0,260.8243922944708,254.6600208722524,260.0205606293487,241.14799335853368,407.0235421478294,438.73835511719136,419.25786320721795,404.8654486316989,443.2865455123846,444.0066025134347,399.6934408216461,387.1031423614211,475.73637338933895,479.5178671998883,439.33350321117814,423.6550202960743,505.51254039332673,569.9548243955405,603.4351377714731,640.0,320.0,242.58294237983174,139.9974990189736,56.550040535811945,0.0,154.44886677893783,122.06781111263336,153.74044730377645,176.27721670469413,171.52877002417097,120.59137356312556,174.23014824177716,207.04213400521928,189.08783467497318,124.3571338934498,168.69973111134078,206.35712194185905,205.6849290662023,122.11062436659336,65.1379755820148,16.13574528238621,320.0,255.958546426824,254.25602280104462,270.25950271111185,279.98440358006934,451.3945601398282,538.418082107583,591.1579617914035,640.0,485.6632772421581,484.2227734712136,414.6576865507859,390.6363832889296,496.01735216880724,483.5043905238258,425.3054216643486,414.8830646899356,497.16430104512466,513.7388073476906,476.2576489087935,466.199682214718,320.0,278.8157020090034,196.12017231223658,98.00056799907384,0.0,247.78597015724898,158.60354572204392,87.21951172001673,21.522870595599898,223.7865704742748,112.15345803192972,137.8166744251887,165.408909528107,197.04582929082238,108.94503801011729,148.05082241440334,183.59412371090662,178.4226493061712,109.81533832136574,123.91007374912368,141.95999524527664
320.0,251.33447052659608,250.57412455873637,269.0717720116468,282.17626953656224,443.5339019299647,486.9738508536107,488.68679143726683,487.40591558086464,503.49521445483725,558.5543513675236,569.0215316607545,578.1342311777623,544.6395034370607,604.075668587756,614.0124610270814,612.6854652843986,569.8392663786465,623.0209556202599,636.6566655500872,640.0,320.0,252.5887871919061,168.251095250964,104.2600872890981,51.64167747451086,146.24702718777547,84.7975674365625,36.75063990657128,0.0,160.53329988238661,96.70470994735945,45.09607741864164,1.9668097544151806,176.71605590831484,114.54855702247298,61.88794076269812,21.228465056641312,193.31166193008102,136.935236837833,92.05448113328544,54.00454996864801,320.0,256.19257190426134,244.15616621588794,248.62028445386585,236.94923435658157,376.3080090385105,407.88038025377057,395.79762936634256,385.720392353922,425.66195756200955,448.1731384556663,424.01867393356196,412.50625618832737,469.11621292711834,501.3753434073488,487.7469829470749,483.46970963068054,511.1039214890929,568.4566684443237,604.0582845078907,640.0,320.0,261.46153448485137,152.6182844469271,64.69261309665413,0.0,130.56151804816818,86.73732517358914,104.44487053877819,107.7515918299843,149.72864993066165,114.4691432098908,143.75531717651495,156.0214765118892,175.26614700503384,126.64809875765599,134.77748995671146,135.64637850547905,201.46706616969738,135.13408792754464,86.31060942085523,36.154422468912,320.0,260.8243922944708,254.6600208722524,260.0205606293487,241.14799335853368,407.0235421478294,438.73835511719136,419.25786320721795,404.8654486316989,443.2865455123846,444.0066025134347,399.6934408216461,387.1031423614211,475.73637338933895,479.5178671998883,439.33350321117814,423.6550202960743,505.51254039332673,569.9548243955405,603.4351377714731,640.0,320.0,242.58294237983174,139.9974990189736,56.550040535811945,0.0,154.44886677893783,122.06781111263336,153.74044730377645,176.27721670469413,171.52877002417097,120.59137356312556,174.23014824177716,207.04213400521928,189.08783467497318,124.3571338934498,168.69973111134078,206.35712194185905,205.6849290662023,122.11062436659336,65.1379755820148,16.13574528238621,320.0,255.958546426824,254.25602280104462,270.25950271111185,279.98440358006934,451.3945601398282,538.418082107583,591.1579617914035,640.0,485.6632772421581,484.2227734712136,414.6576865507859,390.6363832889296,496.01735216880724,483.5043905238258,425.3054216643486,414.8830646899356,497.16430104512466,513.7388073476906,476.2576489087935,466.199682214718,320.0,278.8157020090034,196.12017231223658,98.00056799907384,0.0,247.78597015724898,158.60354572204392,87.21951172001673,21.522870595599898,223.7865704742748,112.15345803192972,137.8166744251887,165.408909528107,197.04582929082238,108.94503801011729,148.05082241440334,183.59412371090662,178.4226493061712,109.81533832136574,123.91007374912368,141.95999524527664,320.0,360.70393645970347,413.2926067498013,470.32058506944577,535.8932154400632,376.7503509116676,514.2610451533534,592.9814654894406,640.0,384.23416430320475,531.1571263615787,604.0586946663184,638.9985496738586,398.83638619582644,538.5260580617328,579.4777872224233,590.6124371678009,421.3093491200292,541.5381588361854,583.0882284663962,594.8340682840351,320.0,271.65872222133993,252.45460776110193,242.6267634203926,265.3585952325903,542.9494926328168,428.7240507864248,309.1629446952342,229.19424534919432,618.6814331392993,463.2873647947256,316.49855077724663,216.5180909983601,640.0,466.72565170679934,343.5719499445288,266.7999103220589,625.202265213642,494.47086817858286,393.8853834237297,331.2725914470592
320.0,256.19257190426134,244.15616621588794,248.62028445386585,236.94923435658157,376.3080090385105,407.88038025377057,395.79762936634256,385.720392353922,425.66195756200955,448.1731384556663,424.01867393356196,412.50625618832737,469.11621292711834,501.3753434073488,487.7469829470749,483.46970963068054,511.1039214890929,568.4566684443237,604.0582845078907,640.0,320.0,261.46153448485137,152.6182844469271,64.69261309665413,0.0,130.56151804816818,86.73732517358914,104.44487053877819,107.7515918299843,149.72864993066165,114.4691432098908,143.75531717651495,156.0214765118892,175.26614700503384,126.64809875765599,134.77748995671146,135.64637850547905,201.46706616969738,135.13408792754464,86.31060942085523,36.154422468912,320.0,260.8243922944708,254.6600208722524,260.0205606293487,241.14799335853368,407.0235421478294,438.73835511719136,419.25786320721795,404.8654486316989,443.2865455123846,444.0066025134347,399.6934408216461,387.1031423614211,475.73637338933895,479.5178671998883,439.33350321117814,423.6550202960743,505.51254039332673,569.9548243955405,603.4351377714731,640.0,320.0,242.58294237983174,139.9974990189736,56.550040535811945,0.0,154.44886677893783,122.06781111263336,153.74044730377645,176.27721670469413,171.52877002417097,120.59137356312556,174.23014824177716,207.04213400521928,189.08783467497318,124.3571338934498,168.69973111134078,206.35712194185905,205.6849290662023,122.11062436659336,65.1379755820148,16.13574528238621,320.0,255.958546426824,254.25602280104462,270.25950271111185,279.98440358006934,451.3945601398282,538.418082107583,591.1579617914035,640.0,485.6632772421581,484.2227734712136,414.6576865507859,390.6363832889296,496.01735216880724,483.5043905238258,425.3054216643486,414.8830646899356,497.16430104512466,513.7388073476906,476.2576489087935,466.199682214718,320.0,278.8157020090034,196.12017231223658,98.00056799907384,0.0,247.78597015724898,158.60354572204392,87.21951172001673,21.522870595599898,223.7865704742748,112.15345803192972,137.8166744251887,165.408909528107,197.04582929082238,108.94503801011729,148.05082241440334,183.59412371090662,178.4226493061712,109.81533832136574,123.91007374912368,141.95999524527664,320.0,360.70393645970347,413.2926067498013,470.32058506944577,535.8932154400632,376.7503509116676,514.2610451533534,592.9814654894406,640.0,384.23416430320475,531.1571263615787,604.0586946663184,638.9985496738586,398.83638619582644,538.5260580617328,579.4777872224233,590.6124371678009,421.3093491200292,541.5381588361854,583.0882284663962,594.8340682840351,320.0,271.65872222133993,252.45460776110193,242.6267634203926,265.3585952325903,542.9494926328168,428.7240507864248,309.1629446952342,229.19424534919432,618.6814331392993,463.2873647947256,316.49855077724663,216.5180909983601,640.0,466.72565170679934,343.5719499445288,266.7999103220589,625.202265213642,494.47086817858286,393.8853834237297,331.2725914470592,320.0,245.47290208228208,233.58177537289367,238.16464417576228,258.52688688998734,449.98962390263455,547.4601195880534,604.1015690081952,640.0,529.2508770840052,510.43316675190033,413.22744960223827,372.0431415562104,564.9691856967446,514.1685754181625,434.62495351858956,409.18532914795003,581.3393011067894,532.1217527895228,466.86424535036986,447.46796505448856,320.0,266.3313440478371,175.0492393687848,74.88190800009858,0.0,306.6835579179883,161.44409486438687,76.11425804578676,0.30913303788639723,303.0424520166556,102.17261684775912,120.01656559553766,170.0891589832255,280.97032568792105,107.89260643534394,132.21477427447854,181.1861026394187,252.28289632255348,133.20432222354341,136.94788971838275,170.96596147192128
320.0,260.8243922944708,254.6600208722524,260.0205606293487,241.14799335853368,407.0235421478294,438.73835511719136,419.25786320721795,404.8654486316989,443.2865455123846,444.0066025134347,399.6934408216461,387.1031423614211,475.73637338933895,479.5178671998883,439.33350321117814,423.6550202960743,505.51254039332673,569.9548243955405,603.4351377714731,640.0,320.0,242.58294237983174,139.9974990189736,56.550040535811945,0.0,154.44886677893783,122.06781111263336,153.74044730377645,176.27721670469413,171.52877002417097,120.59137356312556,174.23014824177716,207.04213400521928,189.08783467497318,124.3571338934498,168.69973111134078,206.35712194185905,205.6849290662023,122.11062436659336,65.1379755820148,16.13574528238621,320.0,255.958546426824,254.25602280104462,270.25950271111185,279.98440358006934,451.3945601398282,538.418082107583,591.1579617914035,640.0,485.6632772421581,484.2227734712136,414.6576865507859,390.6363832889296,496.01735216880724,483.5043905238258,425.3054216643486,414.8830646899356,497.16430104512466,513.7388073476906,476.2576489087935,466.199682214718,320.0,278.8157020090034,196.12017231223658,98.00056799907384,0.0,247.78597015724898,158.60354572204392,87.21951172001673,21.522870595599898,223.7865704742748,112.15345803192972,137.8166744251887,165.408909528107,197.04582929082238,108.94503801011729,148.05082241440334,183.59412371090662,178.4226493061712,109.81533832136574,123.91007374912368,141.95999524527664,320.0,360.70393645970347,413.2926067498013,470.32058506944577,535.8932154400632,376.7503509116676,514.2610451533534,592.9814654894406,640.0,384.23416430320475,531.1571263615787,604.0586946663184,638.9985496738586,398.83638619582644,538.5260580617328,579.4777872224233,590.6124371678009,421.3093491200292,541.5381588361854,583.0882284663962,594.8340682840351,320.0,271.65872222133993,252.45460776110193,242.6267634203926,265.3585952325903,542.9494926328168,428.7240507864248,309.1629446952342,229.19424534919432,618.6814331392993,463.2873647947256,316.49855077724663,216.5180909983601,640.0,466.72565170679934,343.5719499445288,266.7999103220589,625.202265213642,494.47086817858286,393.8853834237297,331.2725914470592,320.0,245.47290208228208,233.58177537289367,238.16464417576228,258.52688688998734,449.98962390263455,547.4601195880534,604.1015690081952,640.0,529.2508770840052,510.43316675190033,413.22744960223827,372.0431415562104,564.9691856967446,514.1685754181625,434.62495351858956,409.18532914795003,581.3393011067894,532.1217527895228,466.86424535036986,447.46796505448856,320.0,266.3313440478371,175.0492393687848,74.88190800009858,0.0,306.6835579179883,161.44409486438687,76.11425804578676,0.30913303788639723,303.0424520166556,102.17261684775912,120.01656559553766,170.0891589832255,280.97032568792105,107.89260643534394,132.21477427447854,181.1861026394187,252.28289632255348,133.20432222354341,136.94788971838275,170.96596147192128,320.0,295.4268919398254,320.894689889328,409.29052299099294,498.99556626512583,278.8028711593455,406.2182581279277,490.08367066134747,553.6291652927316,344.19075885016554,492.77344107253856,581.4422925702205,640.0,406.97663852681177,530.2899594979442,557.8280349933041,570.5791088186095,470.08713377206965,568.2576354669742,581.5174552354359,577.7208691908644,320.0,263.9710121430354,240.66855758601184,202.54284118858908,185.80893864716995,536.0071772209283,410.9842638253664,278.02880036520133,183.76786889344083,625.9826447841739,429.9863275933983,266.6336487935086,152.8025625685828,640.0,431.90095362658434,300.44238092801174,226.31469541419602,614.4336593908691,455.5425961812366,342.19148887028064,277.49215727388787
320.0,255.958546426824,254.25602280104462,270.25950271111185,279.98440358006934,451.3945601398282,538.418082107583,591.1579617914035,640.0,485.6632772421581,484.2227734712136,414.6576865507859,390.6363832889296,496.01735216880724,483.5043905238258,425.3054216643486,414.8830646899356,497.16430104512466,513.7388073476906,476.2576489087935,466.199682214718,320.0,278.8157020090034,196.12017231223658,98.00056799907384,0.0,247.78597015724898,158.60354572204392,87.21951172001673,21.522870595599898,223.7865704742748,112.15345803192972,137.8166744251887,165.408909528107,197.04582929082238,108.94503801011729,148.05082241440334,183.59412371090662,178.4226493061712,109.81533832136574,123.91007374912368,141.95999524527664,320.0,360.70393645970347,413.2926067498013,470.32058506944577,535.8932154400632,376.7503509116676,514.2610451533534,592.9814654894406,640.0,384.23416430320475,531.1571263615787,604.0586946663184,638.9985496738586,398.83638619582644,538.5260580617328,579.4777872224233,590.6124371678009,421.3093491200292,541.5381588361854,583.0882284663962,594.8340682840351,320.0,271.65872222133993,252.45460776110193,242.6267634203926,265.3585952325903,542.9494926328168,428.7240507864248,309.1629446952342,229.19424534919432,618.6814331392993,463.2873647947256,316.49855077724663,216.5180909983601,640.0,466.72565170679934,343.5719499445288,266.7999103220589,625.202265213642,494.47086817858286,393.8853834237297,331.2725914470592,320.0,245.47290208228208,233.58177537289367,238.16464417576228,258.52688688998734,449.98962390263455,547.4601195880534,604.1015690081952,640.0,529.2508770840052,510.43316675190033,413.22744960223827,372.0431415562104,564.9691856967446,514.1685754181625,434.62495351858956,409.18532914795003,581.3393011067894,532.1217527895228,466.86424535036986,447.46796505448856,320.0,266.3313440478371,175.0492393687848,74.88190800009858,0.0,306.6835579179883,161.44409486438687,76.11425804578676,0.30913303788639723,303.0424520166556,102.17261684775912,120.01656559553766,170.0891589832255,280.97032568792105,107.89260643534394,132.21477427447854,181.1861026394187,252.28289632255348,133.20432222354341,136.94788971838275,170.96596147192128,320.0,295.4268919398254,320.894689889328,409.29052299099294,498.99556626512583,278.8028711593455,406.2182581279277,490.08367066134747,553.6291652927316,344.19075885016554,492.77344107253856,581.4422925702205,640.0,406.97663852681177,530.2899594979442,557.8280349933041,570.5791088186095,470.08713377206965,568.2576354669742,581.5174552354359,577.7208691908644,320.0,263.9710121430354,240.66855758601184,202.54284118858908,185.80893864716995,536.0071772209283,410.9842638253664,278.02880036520133,183.76786889344083,625.9826447841739,429.9863275933983,266.6336487935086,152.8025625685828,640.0,431.90095362658434,300.44238092801174,226.31469541419602,614.4336593908691,455.5425961812366,342.19148887028064,277.49215727388787,320.0,255.25677454737774,248.2755485891665,247.86207592888,262.66941654401074,435.241972005573,533.5448287322068,597.5184859455026,640.0,511.2872007938902,508.8535481670351,418.75552463982376,384.1602146946058,549.7200091579782,526.3419931121422,455.26725890495095,434.4206004586068,576.6116486279706,540.4742215765024,471.43576272490463,447.22048838700914,320.0,261.48818712914425,169.71101090820235,72.2901964477602,0.0,304.98242631034816,170.16934800656878,92.78704506203712,20.34073231272305,316.8432605059271,119.65072371359955,119.48744642517002,146.8518850831298,302.8822208562046,130.35049382386094,151.17460971985184,194.0393947608557,276.42705783981705,143.5901404070987,149.18908187069752,185.4426809241576
320.0,360.70393645970347,413.2926067498013,470.32058506944577,535.8932154400632,376.7503509116676,514.2610451533534,592.9814654894406,640.0,384.23416430320475,531.1571263615787,604.0586946663184,638.9985496738586,398.83638619582644,538.5260580617328,579.4777872224233,590.6124371678009,421.3093491200292,541.5381588361854,583.0882284663962,594.8340682840351,320.0,271.65872222133993,252.45460776110193,242.6267634203926,265.3585952325903,542.9494926328168,428.7240507864248,309.1629446952342,229.19424534919432,618.6814331392993,463.2873647947256,316.49855077724663,216.5180909983601,640.0,466.72565170679934,343.5719499445288,266.7999103220589,625.202265213642,494.47086817858286,393.8853834237297,331.2725914470592,320.0,245.47290208228208,233.58177537289367,238.16464417576228,258.52688688998734,449.98962390263455,547.4601195880534,604.1015690081952,640.0,529.2508770840052,510.43316675190033,413.22744960223827,372.0431415562104,564.9691856967446,514.1685754181625,434.62495351858956,409.18532914795003,581.3393011067894,532.1217527895228,466.86424535036986,447.46796505448856,320.0,266.3313440478371,175.0492393687848,74.88190800009858,0.0,306.6835579179883,161.44409486438687,76.11425804578676,0.30913303788639723,303.0424520166556,102.17261684775912,120.01656559553766,170.0891589832255,280.97032568792105,107.89260643534394,132.21477427447854,181.1861026394187,252.28289632255348,133.20432222354341,136.94788971838275,170.96596147192128,320.0,295.4268919398254,320.894689889328,409.29052299099294,498.99556626512583,278.8028711593455,406.2182581279277,490.08367066134747,553.6291652927316,344.19075885016554,492.77344107253856,581.4422925702205,640.0,406.97663852681177,530.2899594979442,557.8280349933041,570.5791088186095,470.08713377206965,568.2576354669742,581.5174552354359,577.7208691908644,320.0,263.9710121430354,240.66855758601184,202.54284118858908,185.80893864716995,536.0071772209283,410.9842638253664,278.02880036520133,183.76786889344083,625.9826447841739,429.9863275933983,266.6336487935086,152.8025625685828,640.0,431.90095362658434,300.44238092801174,226.31469541419602,614.4336593908691,455.5425961812366,342.19148887028064,277.49215727388787,320.0,255.25677454737774,248.2755485891665,247.86207592888,262.66941654401074,435.241972005573,533.5448287322068,597.5184859455026,640.0,511.2872007938902,508.8535481670351,418.75552463982376,384.1602146946058,549.7200091579782,526.3419931121422,455.26725890495095,434.4206004586068,576.6116486279706,540.4742215765024,471.43576272490463,447.22048838700914,320.0,261.48818712914425,169.71101090820235,72.2901964477602,0.0,304.98242631034816,170.16934800656878,92.78704506203712,20.34073231272305,316.8432605059271,119.65072371359955,119.48744642517002,146.8518850831298,302.8822208562046,130.35049382386094,151.17460971985184,194.0393947608557,276.42705783981705,143.5901404070987,149.18908187069752,185.4426809241576,320.0,262.0103942225023,261.6914926108488,260.75417544741157,269.57687366334426,452.84881684922266,544.6122012629348,601.5948420834001,640.0,519.3726084111438,507.3015086742596,409.5079898634033,370.07352284047863,551.2797693236648,517.52725458525,444.39078879502034,422.6111846183559,569.6511231861591,529.7647414796496,463.67162913118466,442.4704712010815,320.0,259.35501306884214,166.16243629127152,71.25847394189137,0.0,294.16613580528133,158.7061996459208,80.44164235428767,10.503325229921984,304.04699549615054,113.07471911534259,127.04134541509501,169.65892316859257,291.12484701540075,125.66905908197657,150.41849894278153,195.38471899951827,268.8415553573673,141.89159960654055,145.4810204721599,177.24865804676472
320.0,245.47290208228208,233.58177537289367,238.16464417576228,258.52688688998734,449.98962390263455,547.4601195880534,604.1015690081952,640.0,529.2508770840052,510.43316675190033,413.22744960223827,372.0431415562104,564.9691856967446,514.1685754181625,434.62495351858956,409.18532914795003,581.3393011067894,532.1217527895228,466.86424535036986,447.46796505448856,320.0,266.3313440478371,175.0492393687848,74.88190800009858,0.0,306.6835579179883,161.44409486438687,76.11425804578676,0.30913303788639723,303.0424520166556,102.17261684775912,120.01656559553766,170.0891589832255,280.97032568792105,107.89260643534394,132.21477427447854,181.1861026394187,252.28289632255348,133.20432222354341,136.94788971838275,170.96596147192128,320.0,295.4268919398254,320.894689889328,409.29052299099294,498.99556626512583,278.8028711593455,406.2182581279277,490.08367066134747,553.6291652927316,344.19075885016554,492.77344107253856,581.4422925702205,640.0,406.97663852681177,530.2899594979442,557.8280349933041,570.5791088186095,470.08713377206965,568.2576354669742,581.5174552354359,577.7208691908644,320.0,263.9710121430354,240.66855758601184,202.54284118858908,185.80893864716995,536.0071772209283,410.9842638253664,278.02880036520133,183.76786889344083,625.9826447841739,429.9863275933983,266.6336487935086,152.8025625685828,640.0,431.90095362658434,300.44238092801174,226.31469541419602,614.4336593908691,455.5425961812366,342.19148887028064,277.49215727388787,320.0,255.25677454737774,248.2755485891665,247.86207592888,262.66941654401074,435.241972005573,533.5448287322068,597.5184859455026,640.0,511.2872007938902,508.8535481670351,418.75552463982376,384.1602146946058,549.7200091579782,526.3419931121422,455.26725890495095,434.4206004586068,576.6116486279706,540.4742215765024,471.43576272490463,447.22048838700914,320.0,261.48818712914425,169.71101090820235,72.2901964477602,0.0,304.98242631034816,170.16934800656878,92.78704506203712,20.34073231272305,316.8432605059271,119.65072371359955,119.48744642517002,146.8518850831298,302.8822208562046,130.35049382386094,151.17460971985184,194.0393947608557,276.42705783981705,143.5901404070987,149.18908187069752,185.4426809241576,320.0,262.0103942225023,261.6914926108488,260.75417544741157,269.57687366334426,452.84881684922266,544.6122012629348,601.5948420834001,640.0,519.3726084111438,507.3015086742596,409.5079898634033,370.07352284047863,551.2797693236648,517.52725458525,444.39078879502034,422.6111846183559,569.6511231861591,529.7647414796496,463.67162913118466,442.4704712010815,320.0,259.35501306884214,166.16243629127152,71.25847394189137,0.0,294.16613580528133,158.7061996459208,80.44164235428767,10.503325229921984,304.04699549615054,113.07471911534259,127.04134541509501,169.65892316859257,291.12484701540075,125.66905908197657,150.41849894278153,195.38471899951827,268.8415553573673,141.89159960654055,145.4810204721599,177.24865804676472,320.0,244.5763313583044,239.01608280385142,241.25506750847904,248.4133404881926,435.9866002683816,539.7393438120763,602.4160897999343,640.0,522.6179044647662,514.0916144503349,419.3715880140726,378.5298252691073,565.2893959477794,526.4435710091254,448.89493892940584,425.55136204059363,588.8927805633931,539.7169563466753,470.76662927979794,448.25183516930895,320.0,266.76674456936007,173.66962797583466,72.9035638489552,0.0,304.10385683355963,169.88576369180737,93.62257592366291,25.768751077611967,307.88006928599265,113.79891204714602,130.06878677776925,176.0306878719728,289.8561799657094,118.75790301219553,146.08722500705824,196.91465061460065,261.9622669054508,139.71579989956973,148.38894964767593,186.80134561485863
320.0,295.4268919398254,320.894689889328,409.29052299099294,498.99556626512583,278.8028711593455,406.2182581279277,490.08367066134747,553.6291652927316,344.19075885016554,492.77344107253856,581.4422925702205,640.0,406.97663852681177,530.2899594979442,557.8280349933041,570.5791088186095,470.08713377206965,568.2576354669742,581.5174552354359,577.7208691908644,320.0,263.9710121430354,240.66855758601184,202.54284118858908,185.80893864716995,536.0071772209283,410.9842638253664,278.02880036520133,183.76786889344083,625.9826447841739,429.9863275933983,266.6336487935086,152.8025625685828,640.0,431.90095362658434,300.44238092801174,226.31469541419602,614.4336593908691,455.5425961812366,342.19148887028064,277.49215727388787,320.0,255.25677454737774,248.2755485891665,247.86207592888,262.66941654401074,435.241972005573,533.5448287322068,597.5184859455026,640.0,511.2872007938902,508.8535481670351,418.75552463982376,384.1602146946058,549.7200091579782,526.3419931121422,455.26725890495095,434.4206004586068,576.6116486279706,540.4742215765024,471.43576272490463,447.22048838700914,320.0,261.48818712914425,169.71101090820235,72.2901964477602,0.0,304.98242631034816,170.16934800656878,92.78704506203712,20.34073231272305,316.8432605059271,119.65072371359955,119.48744642517002,146.8518850831298,302.8822208562046,130.35049382386094,151.17460971985184,194.0393947608557,276.42705783981705,143.5901404070987,149.18908187069752,185.4426809241576,320.0,262.0103942225023,261.6914926108488,260.75417544741157,269.57687366334426,452.84881684922266,544.6122012629348,601.5948420834001,640.0,519.3726084111438,507.3015086742596,409.5079898634033,370.07352284047863,551.2797693236648,517.52725458525,444.39078879502034,422.6111846183559,569.6511231861591,529.7647414796496,463.67162913118466,442.4704712010815,320.0,259.35501306884214,166.16243629127152,71.25847394189137,0.0,294.16613580528133,158.7061996459208,80.44164235428767,10.503325229921984,304.04699549615054,113.07471911534259,127.04134541509501,169.65892316859257,291.12484701540075,125.66905908197657,150.41849894278153,195.38471899951827,268.8415553573673,141.89159960654055,145.4810204721599,177.24865804676472,320.0,244.5763313583044,239.01608280385142,241.25506750847904,248.4133404881926,435.9866002683816,539.7393438120763,602.4160897999343,640.0,522.6179044647662,514.0916144503349,419.3715880140726,378.5298252691073,565.2893959477794,526.4435710091254,448.89493892940584,425.55136204059363,588.8927805633931,539.7169563466753,470.76662927979794,448.25183516930895,320.0,266.76674456936007,173.66962797583466,72.9035638489552,0.0,304.10385683355963,169.88576369180737,93.62257592366291,25.768751077611967,307.88006928599265,113.79891204714602,130.06878677776925,176.0306878719728,289.8561799657094,118.75790301219553,146.08722500705824,196.91465061460065,261.9622669054508,139.71579989956973,148.38894964767593,186.80134561485863,320.0,256.7948188782645,254.25318838963705,257.2623043415475,267.5596192760249,435.82291619063983,536.524444168222,599.3525133302746,640.0,512.3923789399028,513.5646022487356,413.80828167870976,371.9416593701274,554.7304350687216,532.2551881593163,453.3431506060545,426.7406423026233,583.8646298506753,542.248128643319,467.0677563644407,437.642728534008,320.0,260.51189215942145,167.88222563905063,70.0640888835888,0.0,313.8738808013451,171.03517845325848,84.48592860783575,6.9731972293062086,320.7167128850815,115.17185419635075,131.17114346128628,181.04618594084803,301.52061028508797,117.78690742165324,143.64581239222628,198.78922632513155,272.64645090253254,137.15591500677337,146.421154620826,190.70377216336175
320.0,255.25677454737774,248.2755485891665,247.86207592888,262.66941654401074,435.241972005573,533.5448287322068,597.5184859455026,640.0,511.2872007938902,508.8535481670351,418.75552463982376,384.1602146946058,549.7200091579782,526.3419931121422,455.26725890495095,434.4206004586068,576.6116486279706,540.4742215765024,471.43576272490463,447.22048838700914,320.0,261.48818712914425,169.71101090820235,72.2901964477602,0.0,304.98242631034816,170.16934800656878,92.78704506203712,20.34073231272305,316.8432605059271,119.65072371359955,119.48744642517002,146.8518850831298,302.8822208562046,130.35049382386094,151.17460971985184,194.0393947608557,276.42705783981705,143.5901404070987,149.18908187069752,185.4426809241576,320.0,262.0103942225023,261.6914926108488,260.75417544741157,269.57687366334426,452.84881684922266,544.6122012629348,601.5948420834001,640.0,519.3726084111438,507.3015086742596,409.5079898634033,370.07352284047863,551.2797693236648,517.52725458525,444.39078879502034,422.6111846183559,569.6511231861591,529.7647414796496,463.67162913118466,442.4704712010815,320.0,259.35501306884214,166.16243629127152,71.25847394189137,0.0,294.16613580528133,158.7061996459208,80.44164235428767,10.503325229921984,304.04699549615054,113.07471911534259,127.04134541509501,169.65892316859257,291.12484701540075,125.66905908197657,150.41849894278153,195.38471899951827,268.8415553573673,141.89159960654055,145.4810204721599,177.24865804676472,320.0,244.5763313583044,239.01608280385142,241.25506750847904,248.4133404881926,435.9866002683816,539.7393438120763,602.4160897999343,640.0,522.6179044647662,514.0916144503349,419.3715880140726,378.5298252691073,565.2893959477794,526.4435710091254,448.89493892940584,425.55136204059363,588.8927805633931,539.7169563466753,470.76662927979794,448.25183516930895,320.0,266.76674456936007,173.66962797583466,72.9035638489552,0.0,304.10385683355963,169.88576369180737,93.62257592366291,25.768751077611967,307.88006928599265,113.79891204714602,130.06878677776925,176.0306878719728,289.8561799657094,118.75790301219553,146.08722500705824,196.91465061460065,261.9622669054508,139.71579989956973,148.38894964767593,186.80134561485863,320.0,256.7948188782645,254.25318838963705,257.2623043415475,267.5596192760249,435.82291619063983,536.524444168222,599.3525133302746,640.0,512.3923789399028,513.5646022487356,413.80828167870976,371.9416593701274,554.7304350687216,532.2551881593163,453.3431506060545,426.7406423026233,583.8646298506753,542.248128643319,467.0677563644407,437.642728534008,320.0,260.51189215942145,167.88222563905063,70.0640888835888,0.0,313.8738808013451,171.03517845325848,84.48592860783575,6.9731972293062086,320.7167128850815,115.17185419635075,131.17114346128628,181.04618594084803,301.52061028508797,117.78690742165324,143.64581239222628,198.78922632513155,272.64645090253254,137.15591500677337,146.421154620826,190.70377216336175,320.0,250.73019065971198,245.11611920336375,247.51719998289764,254.97382359816737,440.8683180303722,544.373621886711,605.1655531323116,640.0,529.3968812647297,513.2936067759354,405.73236639670006,359.75864959566087,572.5195256430641,527.0162640735756,448.0918758850789,423.0584809598489,595.0900344212512,547.9601396839805,484.1241682271325,464.90480155816454,320.0,264.73090833918485,173.44868883911562,74.97520164149245,0.0,298.9601944915696,168.6650914626333,91.06961820949527,19.6946291009549,305.4810266503338,109.45194175503698,125.12587110320663,174.0324027328594,287.9635618745953,118.22097618229998,149.4727850188187,203.48683884569323,262.3474982103837,140.20976523992817,140.13363607319744,169.6934844299111
320.0,262.0103942225023,261.6914926108488,260.75417544741157,269.57687366334426,452.84881684922266,544.6122012629348,601.5948420834001,640.0,519.3726084111438,507.3015086742596,409.5079898634033,370.07352284047863,551.2797693236648,517.52725458525,444.39078879502034,422.6111846183559,569.6511231861591,529.7647414796496,463.67162913118466,442.4704712010815,320.0,259.35501306884214,166.16243629127152,71.25847394189137,0.0,294.16613580528133,158.7061996459208,80.44164235428767,10.503325229921984,304.04699549615054,113.07471911534259,127.04134541509501,169.65892316859257,291.12484701540075,125.66905908197657,150.41849894278153,195.38471899951827,268.8415553573673,141.89159960654055,145.4810204721599,177.24865804676472,320.0,244.5763313583044,239.01608280385142,241.25506750847904,248.4133404881926,435.9866002683816,539.7393438120763,602.4160897999343,640.0,522.6179044647662,514.0916144503349,419.3715880140726,378.5298252691073,565.2893959477794,526.4435710091254,448.89493892940584,425.55136204059363,588.8927805633931,539.7169563466753,470.76662927979794,448.25183516930895,320.0,266.76674456936007,173.66962797583466,72.9035638489552,0.0,304.10385683355963,169.88576369180737,93.62257592366291,25.768751077611967,307.88006928599265,113.79891204714602,130.06878677776925,176.0306878719728,289.8561799657094,118.75790301219553,146.08722500705824,196.91465061460065,261.9622669054508,139.71579989956973,148.38894964767593,186.80134561485863,320.0,256.7948188782645,254.25318838963705,257.2623043415475,267.5596192760249,435.82291619063983,536.524444168222,599.3525133302746,640.0,512.3923789399028,513.5646022487356,413.80828167870976,371.9416593701274,554.7304350687216,532.2551881593163,453.3431506060545,426.7406423026233,583.8646298506753,542.248128643319,467.0677563644407,437.642728534008,320.0,260.51189215942145,167.88222563905063,70.0640888835888,0.0,313.8738808013451,171.03517845325848,84.48592860783575,6.9731972293062086,320.7167128850815,115.17185419635075,131.17114346128628,181.04618594084803,301.52061028508797,117.78690742165324,143.64581239222628,198.78922632513155,272.64645090253254,137.15591500677337,146.421154620826,190.70377216336175,320.0,250.73019065971198,245.11611920336375,247.51719998289764,254.97382359816737,440.8683180303722,544.373621886711,605.1655531323116,640.0,529.3968812647297,513.2936067759354,405.73236639670006,359.75864959566087,572.5195256430641,527.0162640735756,448.0918758850789,423.0584809598489,595.0900344212512,547.9601396839805,484.1241682271325,464.90480155816454,320.0,264.73090833918485,173.44868883911562,74.97520164149245,0.0,298.9601944915696,168.6650914626333,91.06961820949527,19.6946291009549,305.4810266503338,109.45194175503698,125.12587110320663,174.0324027328594,287.9635618745953,118.22097618229998,149.4727850188187,203.48683884569323,262.3474982103837,140.20976523992817,140.13363607319744,169.6934844299111,320.0,252.5112231980341,246.97874506425308,245.6399056257853,250.9377716487115,439.887693553389,543.8024287315378,605.3226830856937,640.0,522.4829806868429,513.7893622576664,410.1968039830971,363.9387642181089,564.1710612763142,528.3642098139003,450.97466921423006,426.8174643198166,588.8492510484191,537.5558888209162,462.699664336218,435.80940028259477,320.0,262.51638673334037,169.24371965373365,70.67348421991514,0.0,304.85451036074807,168.2163490709324,87.03574701450799,14.433002520776256,308.6910261904026,109.54333354813528,129.1199726459756,180.10649043205038,290.0114168458646,113.69098664012824,142.83873307076874,196.69447033376107,263.3599234222314,134.30947488520667,145.38699416121938,188.3531972389057
320.0,244.5763313583044,239.01608280385142,241.25506750847904,248.4133404881926,435.9866002683816,539.7393438120763,602.4160897999343,640.0,522.6179044647662,514.0916144503349,419.3715880140726,378.5298252691073,565.2893959477794,526.4435710091254,448.89493892940584,425.55136204059363,588.8927805633931,539.7169563466753,470.76662927979794,448.25183516930895,320.0,266.76674456936007,173.66962797583466,72.9035638489552,0.0,304.10385683355963,169.88576369180737,93.62257592366291,25.768751077611967,307.88006928599265,113.79891204714602,130.06878677776925,176.0306878719728,289.8561799657094,118.75790301219553,146.08722500705824,196.91465061460065,261.9622669054508,139.71579989956973,148.38894964767593,186.80134561485863,320.0,256.7948188782645,254.25318838963705,257.2623043415475,267.5596192760249,435.82291619063983,536.524444168222,599.3525133302746,640.0,512.3923789399028,513.5646022487356,413.80828167870976,371.9416593701274,554.7304350687216,532.2551881593163,453.3431506060545,426.7406423026233,583.8646298506753,542.248128643319,467.0677563644407,437.642728534008,320.0,260.51189215942145,167.88222563905063,70.0640888835888,0.0,313.8738808013451,171.03517845325848,84.48592860783575,6.9731972293062086,320.7167128850815,115.17185419635075,131.17114346128628,181.04618594084803,301.52061028508797,117.78690742165324,143.64581239222628,198.78922632513155,272.64645090253254,137.15591500677337,146.421154620826,190.70377216336175,320.0,250.73019065971198,245.11611920336375,247.51719998289764,254.97382359816737,440.8683180303722,544.373621886711,605.1655531323116,640.0,529.3968812647297,513.2936067759354,405.73236639670006,359.75864959566087,572.5195256430641,527.0162640735756,448.0918758850789,423.0584809598489,595.0900344212512,547.9601396839805,484.1241682271325,464.90480155816454,320.0,264.73090833918485,173.44868883911562,74.97520164149245,0.0,298.9601944915696,168.6650914626333,91.06961820949527,19.6946291009549,305.4810266503338,109.45194175503698,125.12587110320663,174.0324027328594,287.9635618745953,118.22097618229998,149.4727850188187,203.48683884569323,262.3474982103837,140.20976523992817,140.13363607319744,169.6934844299111,320.0,252.5112231980341,246.97874506425308,245.6399056257853,250.9377716487115,439.887693553389,543.8024287315378,605.3226830856937,640.0,522.4829806868429,513.7893622576664,410.1968039830971,363.9387642181089,564.1710612763142,528.3642098139003,450.97466921423006,426.8174643198166,588.8492510484191,537.5558888209162,462.699664336218,435.80940028259477,320.0,262.51638673334037,169.24371965373365,70.67348421991514,0.0,304.85451036074807,168.2163490709324,87.03574701450799,14.433002520776256,308.6910261904026,109.54333354813528,129.1199726459756,180.10649043205038,290.0114168458646,113.69098664012824,142.83873307076874,196.69447033376107,263.3599234222314,134.30947488520667,145.38699416121938,188.3531972389057,320.0,252.9105051674537,246.49305411267807,243.55662215188747,247.36781289813445,441.98990771945904,544.8346393755203,604.3498567888885,640.0,525.7278546521637,523.6316507184684,418.414867375806,370.4167455794329,569.2811294346182,539.8302531342811,459.7705826356934,433.1731970690985,596.3825353872292,549.0393336973054,472.0039999915741,441.9856794633332,320.0,260.2583753420405,168.21286774007683,71.09806331178149,0.0,305.8063907096796,167.58639194283273,85.01265682837271,14.092847924582031,311.58288808710313,112.0358890077157,128.98383506364559,180.29892481805678,293.64045932827173,114.36180286984495,140.52927781876477,195.19476802901738,266.9522365782978,134.70246779450565,143.72870631608265,186.79133135887093
320.0,256.7948188782645,254.25318838963705,257.2623043415475,267.5596192760249,435.82291619063983,536.524444168222,599.3525133302746,640.0,512.3923789399028,513.5646022487356,413.80828167870976,371.9416593701274,554.7304350687216,532.2551881593163,453.3431506060545,426.7406423026233,583.8646298506753,542.248128643319,467.0677563644407,437.642728534008,320.0,260.51189215942145,167.88222563905063,70.0640888835888,0.0,313.8738808013451,171.03517845325848,84.48592860783575,6.9731972293062086,320.7167128850815,115.17185419635075,131.17114346128628,181.04618594084803,301.52061028508797,117.78690742165324,143.64581239222628,198.78922632513155,272.64645090253254,137.15591500677337,146.421154620826,190.70377216336175,320.0,250.73019065971198,245.11611920336375,247.51719998289764,254.97382359816737,440.8683180303722,544.373621886711,605.1655531323116,640.0,529.3968812647297,513.2936067759354,405.73236639670006,359.75864959566087,572.5195256430641,527.0162640735756,448.0918758850789,423.0584809598489,595.0900344212512,547.9601396839805,484.1241682271325,464.90480155816454,320.0,264.73090833918485,173.44868883911562,74.97520164149245,0.0,298.9601944915696,168.6650914626333,91.06961820949527,19.6946291009549,305.4810266503338,109.45194175503698,125.12587110320663,174.0324027328594,287.9635618745953,118.22097618229998,149.4727850188187,203.48683884569323,262.3474982103837,140.20976523992817,140.13363607319744,169.6934844299111,320.0,252.5112231980341,246.97874506425308,245.6399056257853,250.9377716487115,439.887693553389,543.8024287315378,605.3226830856937,640.0,522.4829806868429,513.7893622576664,410.1968039830971,363.9387642181089,564.1710612763142,528.3642098139003,450.97466921423006,426.8174643198166,588.8492510484191,537.5558888209162,462.699664336218,435.80940028259477,320.0,262.51638673334037,169.24371965373365,70.67348421991514,0.0,304.85451036074807,168.2163490709324,87.03574701450799,14.433002520776256,308.6910261904026,109.54333354813528,129.1199726459756,180.10649043205038,290.0114168458646,113.69098664012824,142.83873307076874,196.69447033376107,263.3599234222314,134.30947488520667,145.38699416121938,188.3531972389057,320.0,252.9105051674537,246.49305411267807,243.55662215188747,247.36781289813445,441.98990771945904,544.8346393755203,604.3498567888885,640.0,525.7278546521637,523.6316507184684,418.414867375806,370.4167455794329,569.2811294346182,539.8302531342811,459.7705826356934,433.1731970690985,596.3825353872292,549.0393336973054,472.0039999915741,441.9856794633332,320.0,260.2583753420405,168.21286774007683,71.09806331178149,0.0,305.8063907096796,167.58639194283273,85.01265682837271,14.092847924582031,311.58288808710313,112.0358890077157,128.98383506364559,180.29892481805678,293.64045932827173,114.36180286984495,140.52927781876477,195.19476802901738,266.9522365782978,134.70246779450565,143.72870631608265,186.79133135887093,320.0,246.83278496527168,238.2843069801883,235.17760679686597,243.4831180083072,440.7000604079259,546.3407536650723,606.8136742758668,640.0,535.3309499933296,519.8283395614953,407.6554279944019,357.82242468120955,583.17720907388,542.1495608308812,458.37472600333865,430.0945191673999,613.7368522823854,557.7432118529445,477.69208746108336,448.14524283836306,320.0,264.6402353305413,173.44052194246703,73.77773563993287,0.0,298.31260584861167,159.0892520108352,76.45248941671201,1.6736928260179411,304.59551514424356,107.84152944715197,124.50536159794538,170.41471889838994,288.5322255927837,117.44104885197913,146.61834425398044,197.66302206937,263.57265624901675,137.2034445450812,146.2708860260325,184.35016660996237
320.0,250.73019065971198,245.11611920336375,247.51719998289764,254.97382359816737,440.8683180303722,544.373621886711,605.1655531323116,640.0,529.3968812647297,513.2936067759354,405.73236639670006,359.75864959566087,572.5195256430641,527.0162640735756,448.0918758850789,423.0584809598489,595.0900344212512,547.9601396839805,484.1241682271325,464.90480155816454,320.0,264.73090833918485,173.44868883911562,74.97520164149245,0.0,298.9601944915696,168.6650914626333,91.06961820949527,19.6946291009549,305.4810266503338,109.45194175503698,125.12587110320663,174.0324027328594,287.9635618745953,118.22097618229998,149.4727850188187,203.48683884569323,262.3474982103837,140.20976523992817,140.13363607319744,169.6934844299111,320.0,252.5112231980341,246.97874506425308,245.6399056257853,250.9377716487115,439.887693553389,543.8024287315378,605.3226830856937,640.0,522.4829806868429,513.7893622576664,410.1968039830971,363.9387642181089,564.1710612763142,528.3642098139003,450.97466921423006,426.8174643198166,588.8492510484191,537.5558888209162,462.699664336218,435.80940028259477,320.0,262.51638673334037,169.24371965373365,70.67348421991514,0.0,304.85451036074807,168.2163490709324,87.03574701450799,14.433002520776256,308.6910261904026,109.54333354813528,129.1199726459756,180.10649043205038,290.0114168458646,113.69098664012824,142.83873307076874,196.69447033376107,263.3599234222314,134.30947488520667,145.38699416121938,188.3531972389057,320.0,252.9105051674537,246.49305411267807,243.55662215188747,247.36781289813445,441.98990771945904,544.8346393755203,604.3498567888885,640.0,525.7278546521637,523.6316507184684,418.414867375806,370.4167455794329,569.2811294346182,539.8302531342811,459.7705826356934,433.1731970690985,596.3825353872292,549.0393336973054,472.0039999915741,441.9856794633332,320.0,260.2583753420405,168.21286774007683,71.09806331178149,0.0,305.8063907096796,167.58639194283273,85.01265682837271,14.092847924582031,311.58288808710313,112.0358890077157,128.98383506364559,180.29892481805678,293.64045932827173,114.36180286984495,140.52927781876477,195.19476802901738,266.9522365782978,134.70246779450565,143.72870631608265,186.79133135887093,320.0,246.83278496527168,238.2843069801883,235.17760679686597,243.4831180083072,440.7000604079259,546.3407536650723,606.8136742758668,640.0,535.3309499933296,519.8283395614953,407.6554279944019,357.82242468120955,583.17720907388,542.1495608308812,458.37472600333865,430.0945191673999,613.7368522823854,557.7432118529445,477.69208746108336,448.14524283836306,320.0,264.6402353305413,173.44052194246703,73.77773563993287,0.0,298.31260584861167,159.0892520108352,76.45248941671201,1.6736928260179411,304.59551514424356,107.84152944715197,124.50536159794538,170.41471889838994,288.5322255927837,117.44104885197913,146.61834425398044,197.66302206937,263.57265624901675,137.2034445450812,146.2708860260325,184.35016660996237,320.0,250.274977960565,240.12211070307575,237.62351357131976,244.4943557737006,420.47513628144816,532.9407985654834,603.1763620449753,640.0,511.6032159817276,512.1825157235683,412.025631251248,357.0321858620872,562.5155815056585,536.9346835594891,461.5153186898355,427.2543007481175,597.0071828432568,551.6661023624222,476.8493986410922,441.436252956678,320.0,258.6094673237584,165.2883919957764,69.65105607794342,0.0,295.32682319258913,170.51467820507472,90.16580316339196,14.808599674155346,302.94855811092737,115.73341998754478,122.23695902063454,158.30995114760782,286.7043942031898,118.95877185483099,138.64899655476577,182.2871282435059,259.8566072688243,132.47086461481487,137.85215597595993,173.88521369325625
320.0,252.5112231980341,246.97874506425308,245.6399056257853,250.9377716487115,439.887693553389,543.8024287315378,605.3226830856937,640.0,522.4829806868429,513.7893622576664,410.1968039830971,363.9387642181089,564.1710612763142,528.3642098139003,450.97466921423006,426.8174643198166,588.8492510484191,537.5558888209162,462.699664336218,435.80940028259477,320.0,262.51638673334037,169.24371965373365,70.67348421991514,0.0,304.85451036074807,168.2163490709324,87.03574701450799,14.433002520776256,308.6910261904026,109.54333354813528,129.1199726459756,180.10649043205038,290.0114168458646,113.69098664012824,142.83873307076874,196.69447033376107,263.3599234222314,134.30947488520667,145.38699416121938,188.3531972389057,320.0,252.9105051674537,246.49305411267807,243.55662215188747,247.36781289813445,441.98990771945904,544.8346393755203,604.3498567888885,640.0,525.7278546521637,523.6316507184684,418.414867375806,370.4167455794329,569.2811294346182,539.8302531342811,459.7705826356934,433.1731970690985,596.3825353872292,549.0393336973054,472.0039999915741,441.9856794633332,320.0,260.2583753420405,168.21286774007683,71.09806331178149,0.0,305.8063907096796,167.58639194283273,85.01265682837271,14.092847924582031,311.58288808710313,112.0358890077157,128.98383506364559,180.29892481805678,293.64045932827173,114.36180286984495,140.52927781876477,195.19476802901738,266.9522365782978,134.70246779450565,143.72870631608265,186.79133135887093,320.0,246.83278496527168,238.2843069801883,235.17760679686597,243.4831180083072,440.7000604079259,546.3407536650723,606.8136742758668,640.0,535.3309499933296,519.8283395614953,407.6554279944019,357.82242468120955,583.17720907388,542.1495608308812,458.37472600333865,430.0945191673999,613.7368522823854,557.7432118529445,477.69208746108336,448.14524283836306,320.0,264.6402353305413,173.44052194246703,73.77773563993287,0.0,298.31260584861167,159.0892520108352,76.45248941671201,1.6736928260179411,304.59551514424356,107.84152944715197,124.50536159794538,170.41471889838994,288.5322255927837,117.44104885197913,146.61834425398044,197.66302206937,263.57265624901675,137.2034445450812,146.2708860260325,184.35016660996237,320.0,250.274977960565,240.12211070307575,237.62351357131976,244.4943557737006,420.47513628144816,532.9407985654834,603.1763620449753,640.0,511.6032159817276,512.1825157235683,412.025631251248,357.0321858620872,562.5155815056585,536.9346835594891,461.5153186898355,427.2543007481175,597.0071828432568,551.6661023624222,476.8493986410922,441.436252956678,320.0,258.6094673237584,165.2883919957764,69.65105607794342,0.0,295.32682319258913,170.51467820507472,90.16580316339196,14.808599674155346,302.94855811092737,115.73341998754478,122.23695902063454,158.30995114760782,286.7043942031898,118.95877185483099,138.64899655476577,182.2871282435059,259.8566072688243,132.47086461481487,137.85215597595993,173.88521369325625,320.0,251.91029198344057,243.30435586609244,249.62105333767232,262.24406374668115,433.6988140637195,539.2994319144943,602.9459516542647,640.0,514.9298889844713,521.6207487633467,423.40861093258667,372.900905474089,560.6488158313383,536.7989057079585,457.28325140344407,424.6946687708885,590.0188890470178,547.0925606814487,471.39032196950814,437.49700094001065,320.0,252.34818945478565,161.63017495643723,69.49201119820873,0.0,297.22288683647787,166.09077735350982,88.68614771290191,20.806048367081985,303.74136808092516,109.91716693598448,127.19792176808068,176.1167391758252,288.19310017196017,113.56171725427254,134.37644702644792,182.07411227106562,262.54453189039805,134.73296339561904,142.72352156374612,182.96685009484233
320.0,252.9105051674537,246.49305411267807,243.55662215188747,247.36781289813445,441.98990771945904,544.8346393755203,604.3498567888885,640.0,525.7278546521637,523.6316507184684,418.414867375806,370.4167455794329,569.2811294346182,539.8302531342811,459.7705826356934,433.1731970690985,596.3825353872292,549.0393336973054,472.0039999915741,441.9856794633332,320.0,260.2583753420405,168.21286774007683,71.09806331178149,0.0,305.8063907096796,167.58639194283273,85.01265682837271,14.092847924582031,311.58288808710313,112.0358890077157,128.98383506364559,180.29892481805678,293.64045932827173,114.36180286984495,140.52927781876477,195.19476802901738,266.9522365782978,134.70246779450565,143.72870631608265,186.79133135887093,320.0,246.83278496527168,238.2843069801883,235.17760679686597,243.4831180083072,440.7000604079259,546.3407536650723,606.8136742758668,640.0,535.3309499933296,519.8283395614953,407.6554279944019,357.82242468120955,583.17720907388,542.1495608308812,458.37472600333865,430.0945191673999,613.7368522823854,557.7432118529445,477.69208746108336,448.14524283836306,320.0,264.6402353305413,173.44052194246703,73.77773563993287,0.0,298.31260584861167,159.0892520108352,76.45248941671201,1.6736928260179411,304.59551514424356,107.84152944715197,124.50536159794538,170.41471889838994,288.5322255927837,117.44104885197913,146.61834425398044,197.66302206937,263.57265624901675,137.2034445450812,146.2708860260325,184.35016660996237,320.0,250.274977960565,240.12211070307575,237.62351357131976,244.4943557737006,420.47513628144816,532.9407985654834,603.1763620449753,640.0,511.6032159817276,512.1825157235683,412.025631251248,357.0321858620872,562.5155815056585,536.9346835594891,461.5153186898355,427.2543007481175,597.0071828432568,551.6661023624222,476.8493986410922,441.436252956678,320.0,258.6094673237584,165.2883919957764,69.65105607794342,0.0,295.32682319258913,170.51467820507472,90.16580316339196,14.808599674155346,302.94855811092737,115.73341998754478,122.23695902063454,158.30995114760782,286.7043942031898,118.95877185483099,138.64899655476577,182.2871282435059,259.8566072688243,132.47086461481487,137.85215597595993,173.88521369325625,320.0,251.91029198344057,243.30435586609244,249.62105333767232,262.24406374668115,433.6988140637195,539.2994319144943,602.9459516542647,640.0,514.9298889844713,521.6207487633467,423.40861093258667,372.900905474089,560.6488158313383,536.7989057079585,457.28325140344407,424.6946687708885,590.0188890470178,547.0925606814487,471.39032196950814,437.49700094001065,320.0,252.34818945478565,161.63017495643723,69.49201119820873,0.0,297.22288683647787,166.09077735350982,88.68614771290191,20.806048367081985,303.74136808092516,109.91716693598448,127.19792176808068,176.1167391758252,288.19310017196017,113.56171725427254,134.37644702644792,182.07411227106562,262.54453189039805,134.73296339561904,142.72352156374612,182.96685009484233,320.0,248.649626624576,240.02150471465814,241.65379951938658,250.87149551177518,438.5103452748493,544.9498687000095,605.7927938202319,640.0,522.8709973216755,517.5076713721434,415.3529955061558,364.06747896464157,566.0685892063357,529.6494779413621,450.3780588531273,418.31749190763514,592.4859004279386,540.9450983087146,466.41739228803937,435.96138068669535,320.0,259.98154154698807,169.9052651376944,72.52386492152408,0.0,293.3354416735376,164.7842770201885,87.99770963539302,20.100522649024697,295.68184360600816,109.94428972915847,126.50547227229805,172.89564059740016,279.61531696063116,114.24590089065916,137.62276850277235,184.684724731469,255.98041993618997,138.73264069119512,146.65725508837596,183.28284873428382
320.0,246.83278496527168,238.2843069801883,235.17760679686597,243.4831180083072,440.7000604079259,546.3407536650723,606.8136742758668,640.0,535.3309499933296,519.8283395614953,407.6554279944019,357.82242468120955,583.17720907388,542.1495608308812,458.37472600333865,430.0945191673999,613.7368522823854,557.7432118529445,477.69208746108336,448.14524283836306,320.0,264.6402353305413,173.44052194246703,73.77773563993287,0.0,298.31260584861167,159.0892520108352,76.45248941671201,1.6736928260179411,304.59551514424356,107.84152944715197,124.50536159794538,170.41471889838994,288.5322255927837,117.44104885197913,146.61834425398044,197.66302206937,263.57265624901675,137.2034445450812,146.2708860260325,184.35016660996237,320.0,250.274977960565,240.12211070307575,237.62351357131976,244.4943557737006,420.47513628144816,532.9407985654834,603.1763620449753,640.0,511.6032159817276,512.1825157235683,412.025631251248,357.0321858620872,562.5155815056585,536.9346835594891,461.5153186898355,427.2543007481175,597.0071828432568,551.6661023624222,476.8493986410922,441.436252956678,320.0,258.6094673237584,165.2883919957764,69.65105607794342,0.0,295.32682319258913,170.51467820507472,90.16580316339196,14.808599674155346,302.94855811092737,115.73341998754478,122.23695902063454,158.30995114760782,286.7043942031898,118.95877185483099,138.64899655476577,182.2871282435059,259.8566072688243,132.47086461481487,137.85215597595993,173.88521369325625,320.0,251.91029198344057,243.30435586609244,249.62105333767232,262.24406374668115,433.6988140637195,539.2994319144943,602.9459516542647,640.0,514.9298889844713,521.6207487633467,423.40861093258667,372.900905474089,560.6488158313383,536.7989057079585,457.28325140344407,424.6946687708885,590.0188890470178,547.0925606814487,471.39032196950814,437.49700094001065,320.0,252.34818945478565,161.63017495643723,69.49201119820873,0.0,297.22288683647787,166.09077735350982,88.68614771290191,20.806048367081985,303.74136808092516,109.91716693598448,127.19792176808068,176.1167391758252,288.19310017196017,113.56171725427254,134.37644702644792,182.07411227106562,262.54453189039805,134.73296339561904,142.72352156374612,182.96685009484233,320.0,248.649626624576,240.02150471465814,241.65379951938658,250.87149551177518,438.5103452748493,544.9498687000095,605.7927938202319,640.0,522.8709973216755,517.5076713721434,415.3529955061558,364.06747896464157,566.0685892063357,529.6494779413621,450.3780588531273,418.31749190763514,592.4859004279386,540.9450983087146,466.41739228803937,435.96138068669535,320.0,259.98154154698807,169.9052651376944,72.52386492152408,0.0,293.3354416735376,164.7842770201885,87.99770963539302,20.100522649024697,295.68184360600816,109.94428972915847,126.50547227229805,172.89564059740016,279.61531696063116,114.24590089065916,137.62276850277235,184.684724731469,255.98041993618997,138.73264069119512,146.65725508837596,183.28284873428382,320.0,253.62576371885578,242.6889452048934,245.39174681205517,256.81642645737105,427.03400001139624,535.3011981175191,602.7268133413277,640.0,509.9195975927124,511.47322227650017,414.42700384876946,361.44261066195884,557.7738369237122,532.1387836267613,455.082484033255,420.5378870849738,590.3489000485788,544.8952986909408,471.90153705669576,438.33671437387375,320.0,254.4521278153416,163.0057959016335,69.0967083742587,0.0,293.58977869834007,164.1123912625378,82.66160339823614,8.81616552392245,304.297989915147,114.68787372010141,127.77497686942166,169.9738578955408,292.40068097689,119.64219429052639,135.6769364587777,178.1009419230553,268.5631340133077,138.92264137354084,144.10072506151664,180.97909027376
320.0,250.274977960565,240.12211070307575,237.62351357131976,244.4943557737006,420.47513628144816,532.9407985654834,603.1763620449753,640.0,511.6032159817276,512.1825157235683,412.025631251248,357.0321858620872,562.5155815056585,536.9346835594891,461.5153186898355,427.2543007481175,597.0071828432568,551.6661023624222,476.8493986410922,441.436252956678,320.0,258.6094673237584,165.2883919957764,69.65105607794342,0.0,295.32682319258913,170.51467820507472,90.16580316339196,14.808599674155346,302.94855811092737,115.73341998754478,122.23695902063454,158.30995114760782,286.7043942031898,118.95877185483099,138.64899655476577,182.2871282435059,259.8566072688243,132.47086461481487,137.85215597595993,173.88521369325625,320.0,251.91029198344057,243.30435586609244,249.62105333767232,262.24406374668115,433.6988140637195,539.2994319144943,602.9459516542647,640.0,514.9298889844713,521.6207487633467,423.40861093258667,372.900905474089,560.6488158313383,536.7989057079585,457.28325140344407,424.6946687708885,590.0188890470178,547.0925606814487,471.39032196950814,437.49700094001065,320.0,252.34818945478565,161.63017495643723,69.49201119820873,0.0,297.22288683647787,166.09077735350982,88.68614771290191,20.806048367081985,303.74136808092516,109.91716693598448,127.19792176808068,176.1167391758252,288.19310017196017,113.56171725427254,134.37644702644792,182.07411227106562,262.54453189039805,134.73296339561904,142.72352156374612,182.96685009484233,320.0,248.649626624576,240.02150471465814,241.65379951938658,250.87149551177518,438.5103452748493,544.9498687000095,605.7927938202319,640.0,522.8709973216755,517.5076713721434,415.3529955061558,364.06747896464157,566.0685892063357,529.6494779413621,450.3780588531273,418.31749190763514,592.4859004279386,540.9450983087146,466.41739228803937,435.96138068669535,320.0,259.98154154698807,169.9052651376944,72.52386492152408,0.0,293.3354416735376,164.7842770201885,87.99770963539302,20.100522649024697,295.68184360600816,109.94428972915847,126.50547227229805,172.89564059740016,279.61531696063116,114.24590089065916,137.62276850277235,184.684724731469,255.98041993618997,138.73264069119512,146.65725508837596,183.28284873428382,320.0,253.62576371885578,242.6889452048934,245.39174681205517,256.81642645737105,427.03400001139624,535.3011981175191,602.7268133413277,640.0,509.9195975927124,511.47322227650017,414.42700384876946,361.44261066195884,557.7738369237122,532.1387836267613,455.082484033255,420.5378870849738,590.3489000485788,544.8952986909408,471.90153705669576,438.33671437387375,320.0,254.4521278153416,163.0057959016335,69.0967083742587,0.0,293.58977869834007,164.1123912625378,82.66160339823614,8.81616552392245,304.297989915147,114.68787372010141,127.77497686942166,169.9738578955408,292.40068097689,119.64219429052639,135.6769364587777,178.1009419230553,268.5631340133077,138.92264137354084,144.10072506151664,180.97909027376,320.0,246.7777275265122,237.6679704181369,238.04280406512342,245.69962834460648,443.0445888194828,547.874558748458,607.246351174016,640.0,530.7381280457876,521.5129895812994,416.6899917836399,364.5685928848287,575.4545597831519,534.0898837526903,452.27349520174585,419.3175062243888,602.9401255243238,546.9109211947043,471.56315740383786,441.58773972959625,320.0,257.9368999567272,167.36949830453779,70.30200497270391,0.0,291.1317883887119,158.58715360374347,78.79457354296596,10.264208511293702,295.7301850950901,110.2295257350874,129.39014309358902,179.66135739659148,282.2439226174905,116.7032058538064,139.94228142961572,188.9221143526317,260.40553598364926,141.30933005405433,149.60675348932728,188.49677556578564
320.0,251.91029198344057,243.30435586609244,249.62105333767232,262.24406374668115,433.6988140637195,539.2994319144943,602.9459516542647,640.0,514.9298889844713,521.6207487633467,423.40861093258667,372.900905474089,560.6488158313383,536.7989057079585,457.28325140344407,424.6946687708885,590.0188890470178,547.0925606814487,471.39032196950814,437.49700094001065,320.0,252.34818945478565,161.63017495643723,69.49201119820873,0.0,297.22288683647787,166.09077735350982,88.68614771290191,20.806048367081985,303.74136808092516,109.91716693598448,127.19792176808068,176.1167391758252,288.19310017196017,113.56171725427254,134.37644702644792,182.07411227106562,262.54453189039805,134.73296339561904,142.72352156374612,182.96685009484233,320.0,248.649626624576,240.02150471465814,241.65379951938658,250.87149551177518,438.5103452748493,544.9498687000095,605.7927938202319,640.0,522.8709973216755,517.5076713721434,415.3529955061558,364.06747896464157,566.0685892063357,529.6494779413621,450.3780588531273,418.31749190763514,592.4859004279386,540.9450983087146,466.41739228803937,435.96138068669535,320.0,259.98154154698807,169.9052651376944,72.52386492152408,0.0,293.3354416735376,164.7842770201885,87.99770963539302,20.100522649024697,295.68184360600816,109.94428972915847,126.50547227229805,172.89564059740016,279.61531696063116,114.24590089065916,137.62276850277235,184.684724731469,255.98041993618997,138.73264069119512,146.65725508837596,183.28284873428382,320.0,253.62576371885578,242.6889452048934,245.39174681205517,256.81642645737105,427.03400001139624,535.3011981175191,602.7268133413277,640.0,509.9195975927124,511.47322227650017,414.42700384876946,361.44261066195884,557.7738369237122,532.1387836267613,455.082484033255,420.5378870849738,590.3489000485788,544.8952986909408,471.90153705669576,438.33671437387375,320.0,254.4521278153416,163.0057959016335,69.0967083742587,0.0,293.58977869834007,164.1123912625378,82.66160339823614,8.81616552392245,304.297989915147,114.68787372010141,127.77497686942166,169.9738578955408,292.40068097689,119.64219429052639,135.6769364587777,178.1009419230553,268.5631340133077,138.92264137354084,144.10072506151664,180.97909027376,320.0,246.7777275265122,237.6679704181369,238.04280406512342,245.69962834460648,443.0445888194828,547.874558748458,607.246351174016,640.0,530.7381280457876,521.5129895812994,416.6899917836399,364.5685928848287,575.4545597831519,534.0898837526903,452.27349520174585,419.3175062243888,602.9401255243238,546.9109211947043,471.56315740383786,441.58773972959625,320.0,257.9368999567272,167.36949830453779,70.30200497270391,0.0,291.1317883887119,158.58715360374347,78.79457354296596,10.264208511293702,295.7301850950901,110.2295257350874,129.39014309358902,179.66135739659148,282.2439226174905,116.7032058538064,139.94228142961572,188.9221143526317,260.40553598364926,141.30933005405433,149.60675348932728,188.49677556578564,320.0,246.06034700093858,236.37078004125044,241.61482348000058,252.5248284383281,416.60504936992345,540.994680372346,608.3499427677455,640.0,508.2581960072886,514.2866576642867,418.6752861938809,359.45029458353497,560.6479775669686,537.2641100379766,460.02224446212955,419.4368972236161,594.5371938847667,558.8482071667863,486.34215739233343,447.5650475364044,320.0,256.2902817514695,162.08021306772991,65.85550983492365,0.0,294.0919570874472,160.76808059287663,78.47319156012273,5.837362541276889,302.86183484401386,112.04246052944114,122.08171981226587,165.23010545845534,291.3732902987316,120.40821847171213,138.12606650481524,183.8138709887074,269.0388706910668,141.86038840829417,145.9107363159979,183.54415590980534
320.0,248.649626624576,240.02150471465814,241.65379951938658,250.87149551177518,438.5103452748493,544.9498687000095,605.7927938202319,640.0,522.8709973216755,517.5076713721434,415.3529955061558,364.06747896464157,566.0685892063357,529.6494779413621,450.3780588531273,418.31749190763514,592.4859004279386,540.9450983087146,466.41739228803937,435.96138068669535,320.0,259.98154154698807,169.9052651376944,72.52386492152408,0.0,293.3354416735376,164.7842770201885,87.99770963539302,20.100522649024697,295.68184360600816,109.94428972915847,126.50547227229805,172.89564059740016,279.61531696063116,114.24590089065916,137.62276850277235,184.684724731469,255.98041993618997,138.73264069119512,146.65725508837596,183.28284873428382,320.0,253.62576371885578,242.6889452048934,245.39174681205517,256.81642645737105,427.03400001139624,535.3011981175191,602.7268133413277,640.0,509.9195975927124,511.47322227650017,414.42700384876946,361.44261066195884,557.7738369237122,532.1387836267613,455.082484033255,420.5378870849738,590.3489000485788,544.8952986909408,471.90153705669576,438.33671437387375,320.0,254.4521278153416,163.0057959016335,69.0967083742587,0.0,293.58977869834007,164.1123912625378,82.66160339823614,8.81616552392245,304.297989915147,114.68787372010141,127.77497686942166,169.9738578955408,292.40068097689,119.64219429052639,135.6769364587777,178.1009419230553,268.5631340133077,138.92264137354084,144.10072506151664,180.97909027376,320.0,246.7777275265122,237.6679704181369,238.04280406512342,245.69962834460648,443.0445888194828,547.874558748458,607.246351174016,640.0,530.7381280457876,521.5129895812994,416.6899917836399,364.5685928848287,575.4545597831519,534.0898837526903,452.27349520174585,419.3175062243888,602.9401255243238,546.9109211947043,471.56315740383786,441.58773972959625,320.0,257.9368999567272,167.36949830453779,70.30200497270391,0.0,291.1317883887119,158.58715360374347,78.79457354296596,10.264208511293702,295.7301850950901,110.2295257350874,129.39014309358902,179.66135739659148,282.2439226174905,116.7032058538064,139.94228142961572,188.9221143526317,260.40553598364926,141.30933005405433,149.60675348932728,188.49677556578564,320.0,246.06034700093858,236.37078004125044,241.61482348000058,252.5248284383281,416.60504936992345,540.994680372346,608.3499427677455,640.0,508.2581960072886,514.2866576642867,418.6752861938809,359.45029458353497,560.6479775669686,537.2641100379766,460.02224446212955,419.4368972236161,594.5371938847667,558.8482071667863,486.34215739233343,447.5650475364044,320.0,256.2902817514695,162.08021306772991,65.85550983492365,0.0,294.0919570874472,160.76808059287663,78.47319156012273,5.837362541276889,302.86183484401386,112.04246052944114,122.08171981226587,165.23010545845534,291.3732902987316,120.40821847171213,138.12606650481524,183.8138709887074,269.0388706910668,141.86038840829417,145.9107363159979,183.54415590980534,320.0,251.8020590210117,241.9576315771606,247.72428503768157,257.5042366404299,417.3155948922127,536.9996383143134,606.7105007942955,640.0,513.1019731596557,529.3361443645205,441.8389047181173,382.9230772900842,569.7578871243383,551.9466121832107,473.26183419601455,425.6717930856927,607.320437553434,575.9264576107495,507.0736875406346,465.0675889804593,320.0,252.08300410176523,159.7732176301285,66.18927660720718,1.32122815609398,287.6264324423615,155.3361267113694,73.7103096647898,0.0,306.02308287281346,123.52840499834895,123.41513025537762,153.01262822807448,299.3353085124995,124.44584347308341,130.75488646277745,165.65251214319878,277.20366563185337,144.51466261474508,137.6022949934904,163.21831616574465
320.0,253.62576371885578,242.6889452048934,245.39174681205517,256.81642645737105,427.03400001139624,535.3011981175191,602.7268133413277,640.0,509.9195975927124,511.47322227650017,414.42700384876946,361.44261066195884,557.7738369237122,532.1387836267613,455.082484033255,420.5378870849738,590.3489000485788,544.8952986909408,471.90153705669576,438.33671437387375,320.0,254.4521278153416,163.0057959016335,69.0967083742587,0.0,293.58977869834007,164.1123912625378,82.66160339823614,8.81616552392245,304.297989915147,114.68787372010141,127.77497686942166,169.9738578955408,292.40068097689,119.64219429052639,135.6769364587777,178.1009419230553,268.5631340133077,138.92264137354084,144.10072506151664,180.97909027376,320.0,246.7777275265122,237.6679704181369,238.04280406512342,245.69962834460648,443.0445888194828,547.874558748458,607.246351174016,640.0,530.7381280457876,521.5129895812994,416.6899917836399,364.5685928848287,575.4545597831519,534.0898837526903,452.27349520174585,419.3175062243888,602.9401255243238,546.9109211947043,471.56315740383786,441.58773972959625,320.0,257.9368999567272,167.36949830453779,70.30200497270391,0.0,291.1317883887119,158.58715360374347,78.79457354296596,10.264208511293702,295.7301850950901,110.2295257350874,129.39014309358902,179.66135739659148,282.2439226174905,116.7032058538064,139.94228142961572,188.9221143526317,260.40553598364926,141.30933005405433,149.60675348932728,188.49677556578564,320.0,246.06034700093858,236.37078004125044,241.61482348000058,252.5248284383281,416.60504936992345,540.994680372346,608.3499427677455,640.0,508.2581960072886,514.2866576642867,418.6752861938809,359.45029458353497,560.6479775669686,537.2641100379766,460.02224446212955,419.4368972236161,594.5371938847667,558.8482071667863,486.34215739233343,447.5650475364044,320.0,256.2902817514695,162.08021306772991,65.85550983492365,0.0,294.0919570874472,160.76808059287663,78.47319156012273,5.837362541276889,302.86183484401386,112.04246052944114,122.08171981226587,165.23010545845534,291.3732902987316,120.40821847171213,138.12606650481524,183.8138709887074,269.0388706910668,141.86038840829417,145.9107363159979,183.54415590980534,320.0,251.8020590210117,241.9576315771606,247.72428503768157,257.5042366404299,417.3155948922127,536.9996383143134,606.7105007942955,640.0,513.1019731596557,529.3361443645205,441.8389047181173,382.9230772900842,569.7578871243383,551.9466121832107,473.26183419601455,425.6717930856927,607.320437553434,575.9264576107495,507.0736875406346,465.0675889804593,320.0,252.08300410176523,159.7732176301285,66.18927660720718,1.32122815609398,287.6264324423615,155.3361267113694,73.7103096647898,0.0,306.02308287281346,123.52840499834895,123.41513025537762,153.01262822807448,299.3353085124995,124.44584347308341,130.75488646277745,165.65251214319878,277.20366563185337,144.51466261474508,137.6022949934904,163.21831616574465,320.0,253.40473997264434,241.66329314264627,247.6632498138186,254.69642900073393,400.27111048585965,525.1407697850716,601.018739352329,640.0,501.6404129621204,533.0173583145049,452.32496730456023,394.3922551457325,563.9026439634579,560.380262567211,482.28268696137764,431.57984127206123,607.1933276530519,586.3344716748759,517.5338803552123,472.06366522209817,320.0,251.3200977085285,158.82226229296845,64.91225767087775,0.0,287.6901478931868,158.69959173164995,78.03095409631072,2.834056755511824,311.1028888360737,132.63512267741902,124.38506502374429,144.13170234989911,308.16431287498153,134.1563567658375,136.09306566876012,167.08128590129104,287.3209762780355,152.6269757282438,143.6764763798234,168.1476702135351
320.0,246.7777275265122,237.6679704181369,238.04280406512342,245.69962834460648,443.0445888194828,547.874558748458,607.246351174016,640.0,530.7381280457876,521.5129895812994,416.6899917836399,364.5685928848287,575.4545597831519,534.0898837526903,452.27349520174585,419.3175062243888,602.9401255243238,546.9109211947043,471.56315740383786,441.58773972959625,320.0,257.9368999567272,167.36949830453779,70.30200497270391,0.0,291.1317883887119,158.58715360374347,78.79457354296596,10.264208511293702,295.7301850950901,110.2295257350874,129.39014309358902,179.66135739659148,282.2439226174905,116.7032058538064,139.94228142961572,188.9221143526317,260.40553598364926,141.30933005405433,149.60675348932728,188.49677556578564,320.0,246.06034700093858,236.37078004125044,241.61482348000058,252.5248284383281,416.60504936992345,540.994680372346,608.3499427677455,640.0,508.2581960072886,514.2866576642867,418.6752861938809,359.45029458353497,560.6479775669686,537.2641100379766,460.02224446212955,419.4368972236161,594.5371938847667,558.8482071667863,486.34215739233343,447.5650475364044,320.0,256.2902817514695,162.08021306772991,65.85550983492365,0.0,294.0919570874472,160.76808059287663,78.47319156012273,5.837362541276889,302.86183484401386,112.04246052944114,122.08171981226587,165.23010545845534,291.3732902987316,120.40821847171213,138.12606650481524,183.8138709887074,269.0388706910668,141.86038840829417,145.9107363159979,183.54415590980534,320.0,251.8020590210117,241.9576315771606,247.72428503768157,257.5042366404299,417.3155948922127,536.9996383143134,606.7105007942955,640.0,513.1019731596557,529.3361443645205,441.8389047181173,382.9230772900842,569.7578871243383,551.9466121832107,473.26183419601455,425.6717930856927,607.320437553434,575.9264576107495,507.0736875406346,465.0675889804593,320.0,252.08300410176523,159.7732176301285,66.18927660720718,1.32122815609398,287.6264324423615,155.3361267113694,73.7103096647898,0.0,306.02308287281346,123.52840499834895,123.41513025537762,153.01262822807448,299.3353085124995,124.44584347308341,130.75488646277745,165.65251214319878,277.20366563185337,144.51466261474508,137.6022949934904,163.21831616574465,320.0,253.40473997264434,241.66329314264627,247.6632498138186,254.69642900073393,400.27111048585965,525.1407697850716,601.018739352329,640.0,501.6404129621204,533.0173583145049,452.32496730456023,394.3922551457325,563.9026439634579,560.380262567211,482.28268696137764,431.57984127206123,607.1933276530519,586.3344716748759,517.5338803552123,472.06366522209817,320.0,251.3200977085285,158.82226229296845,64.91225767087775,0.0,287.6901478931868,158.69959173164995,78.03095409631072,2.834056755511824,311.1028888360737,132.63512267741902,124.38506502374429,144.13170234989911,308.16431287498153,134.1563567658375,136.09306566876012,167.08128590129104,287.3209762780355,152.6269757282438,143.6764763798234,168.1476702135351,320.0,255.12444195027769,239.33944101638335,236.7974104535748,235.46186073444514,383.6127797587872,516.5573974854203,601.3214072830142,640.0,495.7031075493124,572.1276750541297,506.10948985543996,446.7237157676675,572.6622285058585,605.7700969165319,516.6325515141639,446.634878804343,632.9966520207644,637.937348667637,563.3195411962272,502.0080131962033,320.0,245.7939540807462,152.67330512166222,62.44968557734967,0.0,289.1959250703655,160.68607238846897,82.61044476439832,7.502012133738049,319.7457343822314,145.7039647923179,120.72527664006148,122.81873774678289,317.87192344474477,142.88796260065078,133.24752795357614,155.532044822413,295.6440353869637,158.86950263961933,142.25199236743862,159.78526496661385
320.0,246.06034700093858,236.37078004125044,241.61482348000058,252.5248284383281,416.60504936992345,540.994680372346,608.3499427677455,640.0,508.2581960072886,514.2866576642867,418.6752861938809,359.45029458353497,560.6479775669686,537.2641100379766,460.02224446212955,419.4368972236161,594.5371938847667,558.8482071667863,486.34215739233343,447.5650475364044,320.0,256.2902817514695,162.08021306772991,65.85550983492365,0.0,294.0919570874472,160.76808059287663,78.47319156012273,5.837362541276889,302.86183484401386,112.04246052944114,122.08171981226587,165.23010545845534,291.3732902987316,120.40821847171213,138.12606650481524,183.8138709887074,269.0388706910668,141.86038840829417,145.9107363159979,183.54415590980534,320.0,251.8020590210117,241.9576315771606,247.72428503768157,257.5042366404299,417.3155948922127,536.9996383143134,606.7105007942955,640.0,513.1019731596557,529.3361443645205,441.8389047181173,382.9230772900842,569.7578871243383,551.9466121832107,473.26183419601455,425.6717930856927,607.320437553434,575.9264576107495,507.0736875406346,465.0675889804593,320.0,252.08300410176523,159.7732176301285,66.18927660720718,1.32122815609398,287.6264324423615,155.3361267113694,73.7103096647898,0.0,306.02308287281346,123.52840499834895,123.41513025537762,153.01262822807448,299.3353085124995,124.44584347308341,130.75488646277745,165.65251214319878,277.20366563185337,144.51466261474508,137.6022949934904,163.21831616574465,320.0,253.40473997264434,241.66329314264627,247.6632498138186,254.69642900073393,400.27111048585965,525.1407697850716,601.018739352329,640.0,501.6404129621204,533.0173583145049,452.32496730456023,394.3922551457325,563.9026439634579,560.380262567211,482.28268696137764,431.57984127206123,607.1933276530519,586.3344716748759,517.5338803552123,472.06366522209817,320.0,251.3200977085285,158.82226229296845,64.91225767087775,0.0,287.6901478931868,158.69959173164995,78.03095409631072,2.834056755511824,311.1028888360737,132.63512267741902,124.38506502374429,144.13170234989911,308.16431287498153,134.1563567658375,136.09306566876012,167.08128590129104,287.3209762780355,152.6269757282438,143.6764763798234,168.1476702135351,320.0,255.12444195027769,239.33944101638335,236.7974104535748,235.46186073444514,383.6127797587872,516.5573974854203,601.3214072830142,640.0,495.7031075493124,572.1276750541297,506.10948985543996,446.7237157676675,572.6622285058585,605.7700969165319,516.6325515141639,446.634878804343,632.9966520207644,637.937348667637,563.3195411962272,502.0080131962033,320.0,245.7939540807462,152.67330512166222,62.44968557734967,0.0,289.1959250703655,160.68607238846897,82.61044476439832,7.502012133738049,319.7457343822314,145.7039647923179,120.72527664006148,122.81873774678289,317.87192344474477,142.88796260065078,133.24752795357614,155.532044822413,295.6440353869637,158.86950263961933,142.25199236743862,159.78526496661385,320.0,255.59039013974473,240.8317668243618,237.52362516081706,240.76759709691126,409.24962264245096,531.0864367337683,604.3318632083274,640.0,510.3533160797102,534.6512277358122,448.2058517542529,386.65679231574904,567.8977113844526,557.073668214786,476.3263866030169,423.69319329596385,604.8985085158884,584.0550277591366,517.4436865360564,474.13059907208947,320.0,253.98237958596633,162.37803354932834,66.07191461206264,0.0,291.1991132563236,161.0209248307947,82.99631488518799,8.425142191876262,310.85558280033524,134.05572984712154,129.55494397207727,149.94847879964883,304.5367723249638,136.92233423115107,144.64365248519937,176.6271518505263,283.1182652249644,153.12610521943952,143.76007904822796,163.6950987578644
320.0,251.8020590210117,241.9576315771606,247.72428503768157,257.5042366404299,417.3155948922127,536.9996383143134,606.7105007942955,640.0,513.1019731596557,529.3361443645205,441.8389047181173,382.9230772900842,569.7578871243383,551.9466121832107,473.26183419601455,425.6717930856927,607.320437553434,575.9264576107495,507.0736875406346,465.0675889804593,320.0,252.08300410176523,159.7732176301285,66.18927660720718,1.32122815609398,287.6264324423615,155.3361267113694,73.7103096647898,0.0,306.02308287281346,123.52840499834895,123.41513025537762,153.01262822807448,299.3353085124995,124.44584347308341,130.75488646277745,165.65251214319878,277.20366563185337,144.51466261474508,137.6022949934904,163.21831616574465,320.0,253.40473997264434,241.66329314264627,247.6632498138186,254.69642900073393,400.27111048585965,525.1407697850716,601.018739352329,640.0,501.6404129621204,533.0173583145049,452.32496730456023,394.3922551457325,563.9026439634579,560.380262567211,482.28268696137764,431.57984127206123,607.1933276530519,586.3344716748759,517.5338803552123,472.06366522209817,320.0,251.3200977085285,158.82226229296845,64.91225767087775,0.0,287.6901478931868,158.69959173164995,78.03095409631072,2.834056755511824,311.1028888360737,132.63512267741902,124.38506502374429,144.13170234989911,308.16431287498153,134.1563567658375,136.09306566876012,167.08128590129104,287.3209762780355,152.6269757282438,143.6764763798234,168.1476702135351,320.0,255.12444195027769,239.33944101638335,236.7974104535748,235.46186073444514,383.6127797587872,516.5573974854203,601.3214072830142,640.0,495.7031075493124,572.1276750541297,506.10948985543996,446.7237157676675,572.6622285058585,605.7700969165319,516.6325515141639,446.634878804343,632.9966520207644,637.937348667637,563.3195411962272,502.0080131962033,320.0,245.7939540807462,152.67330512166222,62.44968557734967,0.0,289.1959250703655,160.68607238846897,82.61044476439832,7.502012133738049,319.7457343822314,145.7039647923179,120.72527664006148,122.81873774678289,317.87192344474477,142.88796260065078,133.24752795357614,155.532044822413,295.6440353869637,158.86950263961933,142.25199236743862,159.78526496661385,320.0,255.59039013974473,240.8317668243618,237.52362516081706,240.76759709691126,409.24962264245096,531.0864367337683,604.3318632083274,640.0,510.3533160797102,534.6512277358122,448.2058517542529,386.65679231574904,567.8977113844526,557.073668214786,476.3263866030169,423.69319329596385,604.8985085158884,584.0550277591366,517.4436865360564,474.13059907208947,320.0,253.98237958596633,162.37803354932834,66.07191461206264,0.0,291.1991132563236,161.0209248307947,82.99631488518799,8.425142191876262,310.85558280033524,134.05572984712154,129.55494397207727,149.94847879964883,304.5367723249638,136.92233423115107,144.64365248519937,176.6271518505263,283.1182652249644,153.12610521943952,143.76007904822796,163.6950987578644,320.0,249.88688332991896,239.37533069124234,243.82064633465143,244.0296947839582,411.9452972204987,540.1761230237744,609.2123395180272,640.0,515.1505004399392,516.4223592231722,421.0802899913486,359.43805701669703,574.4407025466357,547.5865250411567,467.2927312038414,416.28661921907496,615.2857688175292,580.3941323767176,510.0476195388967,465.95342983008186,320.0,251.03517343045186,161.102002123133,68.22767324721394,0.0,281.56613238855374,154.30086260164853,73.621638676163,0.09468765335560647,299.5165566996398,125.23976792127613,127.21398064133763,157.5338184405797,294.6140475292489,130.58415280732643,138.53014931342813,171.55175391461742,275.27154696011917,150.0407569692301,143.16375548925012,166.02597755614482
320.0,253.40473997264434,241.66329314264627,247.6632498138186,254.69642900073393,400.27111048585965,525.1407697850716,601.018739352329,640.0,501.6404129621204,533.0173583145049,452.32496730456023,394.3922551457325,563.9026439634579,560.380262567211,482.28268696137764,431.57984127206123,607.1933276530519,586.3344716748759,517.5338803552123,472.06366522209817,320.0,251.3200977085285,158.82226229296845,64.91225767087775,0.0,287.6901478931868,158.69959173164995,78.03095409631072,2.834056755511824,311.1028888360737,132.63512267741902,124.38506502374429,144.13170234989911,308.16431287498153,134.1563567658375,136.09306566876012,167.08128590129104,287.3209762780355,152.6269757282438,143.6764763798234,168.1476702135351,320.0,255.12444195027769,239.33944101638335,236.7974104535748,235.46186073444514,383.6127797587872,516.5573974854203,601.3214072830142,640.0,495.7031075493124,572.1276750541297,506.10948985543996,446.7237157676675,572.6622285058585,605.7700969165319,516.6325515141639,446.634878804343,632.9966520207644,637.937348667637,563.3195411962272,502.0080131962033,320.0,245.7939540807462,152.67330512166222,62.44968557734967,0.0,289.1959250703655,160.68607238846897,82.61044476439832,7.502012133738049,319.7457343822314,145.7039647923179,120.72527664006148,122.81873774678289,317.87192344474477,142.88796260065078,133.24752795357614,155.532044822413,295.6440353869637,158.86950263961933,142.25199236743862,159.78526496661385,320.0,255.59039013974473,240.8317668243618,237.52362516081706,240.76759709691126,409.24962264245096,531.0864367337683,604.3318632083274,640.0,510.3533160797102,534.6512277358122,448.2058517542529,386.65679231574904,567.8977113844526,557.073668214786,476.3263866030169,423.69319329596385,604.8985085158884,584.0550277591366,517.4436865360564,474.13059907208947,320.0,253.98237958596633,162.37803354932834,66.07191461206264,0.0,291.1991132563236,161.0209248307947,82.99631488518799,8.425142191876262,310.85558280033524,134.05572984712154,129.55494397207727,149.94847879964883,304.5367723249638,136.92233423115107,144.64365248519937,176.6271518505263,283.1182652249644,153.12610521943952,143.76007904822796,163.6950987578644,320.0,249.88688332991896,239.37533069124234,243.82064633465143,244.0296947839582,411.9452972204987,540.1761230237744,609.2123395180272,640.0,515.1505004399392,516.4223592231722,421.0802899913486,359.43805701669703,574.4407025466357,547.5865250411567,467.2927312038414,416.28661921907496,615.2857688175292,580.3941323767176,510.0476195388967,465.95342983008186,320.0,251.03517343045186,161.102002123133,68.22767324721394,0.0,281.56613238855374,154.30086260164853,73.621638676163,0.09468765335560647,299.5165566996398,125.23976792127613,127.21398064133763,157.5338184405797,294.6140475292489,130.58415280732643,138.53014931342813,171.55175391461742,275.27154696011917,150.0407569692301,143.16375548925012,166.02597755614482,320.0,247.32481952624624,236.04457268399412,243.7217262191348,248.8926952924832,409.59627576638803,536.1217958521529,607.8689992972503,640.0,513.8659352934046,526.3720857694506,433.99888753323523,372.7556662735649,574.9391976116328,554.7834145026243,473.4419291215931,424.0310040635624,616.5611937908797,583.3569685318422,511.0819437883307,466.39047583443505,320.0,253.51385680506706,163.54496956990934,69.06587958891069,0.40696266458348873,289.50158861194814,158.1917772462276,74.8225595039649,0.0,308.2330861917867,127.6507172324043,130.08718583536466,161.33782420730074,301.8189540167848,130.55069741856357,137.89817107489245,173.19436331278334,278.27798670448834,148.5204589505496,145.80724815369456,175.06922849327046
320.0,255.12444195027769,239.33944101638335,236.7974104535748,235.46186073444514,383.6127797587872,516.5573974854203,601.3214072830142,640.0,495.7031075493124,572.1276750541297,506.10948985543996,446.7237157676675,572.6622285058585,605.7700969165319,516.6325515141639,446.634878804343,632.9966520207644,637.937348667637,563.3195411962272,502.0080131962033,320.0,245.7939540807462,152.67330512166222,62.44968557734967,0.0,289.1959250703655,160.68607238846897,82.61044476439832,7.502012133738049,319.7457343822314,145.7039647923179,120.72527664006148,122.81873774678289,317.87192344474477,142.88796260065078,133.24752795357614,155.532044822413,295.6440353869637,158.86950263961933,142.25199236743862,159.78526496661385,320.0,255.59039013974473,240.8317668243618,237.52362516081706,240.76759709691126,409.24962264245096,531.0864367337683,604.3318632083274,640.0,510.3533160797102,534.6512277358122,448.2058517542529,386.65679231574904,567.8977113844526,557.073668214786,476.3263866030169,423.69319329596385,604.8985085158884,584.0550277591366,517.4436865360564,474.13059907208947,320.0,253.98237958596633,162.37803354932834,66.07191461206264,0.0,291.1991132563236,161.0209248307947,82.99631488518799,8.425142191876262,310.85558280033524,134.05572984712154,129.55494397207727,149.94847879964883,304.5367723249638,136.92233423115107,144.64365248519937,176.6271518505263,283.1182652249644,153.12610521943952,143.76007904822796,163.6950987578644,320.0,249.88688332991896,239.37533069124234,243.82064633465143,244.0296947839582,411.9452972204987,540.1761230237744,609.2123395180272,640.0,515.1505004399392,516.4223592231722,421.0802899913486,359.43805701669703,574.4407025466357,547.5865250411567,467.2927312038414,416.28661921907496,615.2857688175292,580.3941323767176,510.0476195388967,465.95342983008186,320.0,251.03517343045186,161.102002123133,68.22767324721394,0.0,281.56613238855374,154.30086260164853,73.621638676163,0.09468765335560647,299.5165566996398,125.23976792127613,127.21398064133763,157.5338184405797,294.6140475292489,130.58415280732643,138.53014931342813,171.55175391461742,275.27154696011917,150.0407569692301,143.16375548925012,166.02597755614482,320.0,247.32481952624624,236.04457268399412,243.7217262191348,248.8926952924832,409.59627576638803,536.1217958521529,607.8689992972503,640.0,513.8659352934046,526.3720857694506,433.99888753323523,372.7556662735649,574.9391976116328,554.7834145026243,473.4419291215931,424.0310040635624,616.5611937908797,583.3569685318422,511.0819437883307,466.39047583443505,320.0,253.51385680506706,163.54496956990934,69.06587958891069,0.40696266458348873,289.50158861194814,158.1917772462276,74.8225595039649,0.0,308.2330861917867,127.6507172324043,130.08718583536466,161.33782420730074,301.8189540167848,130.55069741856357,137.89817107489245,173.19436331278334,278.27798670448834,148.5204589505496,145.80724815369456,175.06922849327046,320.0,247.31958733135028,238.7970789280835,239.3147251630102,238.71168700041423,423.2613121120746,546.765374789257,612.1952001286728,640.0,521.8355493536444,528.6500652887316,429.4485636960021,365.85786622918954,577.5017897404631,551.2132968529619,467.58772614171585,419.095823695221,615.7964061280405,577.569912428254,502.4322500746006,459.1544883189253,320.0,255.6535540118449,163.3954081358028,66.97877850691361,0.0,290.82968210052644,159.2740185501594,77.268626669968,4.531824550125577,303.63261395460427,127.54890909007025,134.61780858363952,170.59782817649565,295.0948346525959,131.39430699883275,145.285580488345,184.38572397448928,274.3154572871122,151.83116309899316,152.4583498016877,182.55826721641495
320.0,255.59039013974473,240.8317668243618,237.52362516081706,240.76759709691126,409.24962264245096,531.0864367337683,604.3318632083274,640.0,510.3533160797102,534.6512277358122,448.2058517542529,386.65679231574904,567.8977113844526,557.073668214786,476.3263866030169,423.69319329596385,604.8985085158884,584.0550277591366,517.4436865360564,474.13059907208947,320.0,253.98237958596633,162.37803354932834,66.07191461206264,0.0,291.1991132563236,161.0209248307947,82.99631488518799,8.425142191876262,310.85558280033524,134.05572984712154,129.55494397207727,149.94847879964883,304.5367723249638,136.92233423115107,144.64365248519937,176.6271518505263,283.1182652249644,153.12610521943952,143.76007904822796,163.6950987578644,320.0,249.88688332991896,239.37533069124234,243.82064633465143,244.0296947839582,411.9452972204987,540.1761230237744,609.2123395180272,640.0,515.1505004399392,516.4223592231722,421.0802899913486,359.43805701669703,574.4407025466357,547.5865250411567,467.2927312038414,416.28661921907496,615.2857688175292,580.3941323767176,510.0476195388967,465.95342983008186,320.0,251.03517343045186,161.102002123133,68.22767324721394,0.0,281.56613238855374,154.30086260164853,73.621638676163,0.09468765335560647,299.5165566996398,125.23976792127613,127.21398064133763,157.5338184405797,294.6140475292489,130.58415280732643,138.53014931342813,171.55175391461742,275.27154696011917,150.0407569692301,143.16375548925012,166.02597755614482,320.0,247.32481952624624,236.04457268399412,243.7217262191348,248.8926952924832,409.59627576638803,536.1217958521529,607.8689992972503,640.0,513.8659352934046,526.3720857694506,433.99888753323523,372.7556662735649,574.9391976116328,554.7834145026243,473.4419291215931,424.0310040635624,616.5611937908797,583.3569685318422,511.0819437883307,466.39047583443505,320.0,253.51385680506706,163.54496956990934,69.06587958891069,0.40696266458348873,289.50158861194814,158.1917772462276,74.8225595039649,0.0,308.2330861917867,127.6507172324043,130.08718583536466,161.33782420730074,301.8189540167848,130.55069741856357,137.89817107489245,173.19436331278334,278.27798670448834,148.5204589505496,145.80724815369456,175.06922849327046,320.0,247.31958733135028,238.7970789280835,239.3147251630102,238.71168700041423,423.2613121120746,546.765374789257,612.1952001286728,640.0,521.8355493536444,528.6500652887316,429.4485636960021,365.85786622918954,577.5017897404631,551.2132968529619,467.58772614171585,419.095823695221,615.7964061280405,577.569912428254,502.4322500746006,459.1544883189253,320.0,255.6535540118449,163.3954081358028,66.97877850691361,0.0,290.82968210052644,159.2740185501594,77.268626669968,4.531824550125577,303.63261395460427,127.54890909007025,134.61780858363952,170.59782817649565,295.0948346525959,131.39430699883275,145.285580488345,184.38572397448928,274.3154572871122,151.83116309899316,152.4583498016877,182.55826721641495,320.0,245.3684795367928,234.0839191638321,236.60493797055736,238.2362772355378,426.45392069069914,547.7610239237932,611.9529454840938,640.0,521.5795233248637,520.6709361420684,420.9856508261401,356.74150816198596,573.0513443745454,541.78029696251,462.06913368865196,412.7354967326171,607.6412530213772,565.9068971248006,494.5552221291429,451.4147079688579,320.0,254.5596716182605,166.9168143504965,71.6725244734823,0.0,288.6671344103874,158.86143587736825,75.81411986298775,2.500090835027436,300.5569906734286,120.98453123199693,125.86586376922037,161.53011652336752,290.6386994522502,125.33864366885689,136.63941486309753,174.16549228796046,268.12100119435917,145.6766121468679,144.9628334155544,173.91271637923614
320.0,249.88688332991896,239.37533069124234,243.82064633465143,244.0296947839582,411.9452972204987,540.1761230237744,609.2123395180272,640.0,515.1505004399392,516.4223592231722,421.0802899913486,359.43805701669703,574.4407025466357,547.5865250411567,467.2927312038414,416.28661921907496,615.2857688175292,580.3941323767176,510.0476195388967,465.95342983008186,320.0,251.03517343045186,161.102002123133,68.22767324721394,0.0,281.56613238855374,154.30086260164853,73.621638676163,0.09468765335560647,299.5165566996398,125.23976792127613,127.21398064133763,157.5338184405797,294.6140475292489,130.58415280732643,138.53014931342813,171.55175391461742,275.27154696011917,150.0407569692301,143.16375548925012,166.02597755614482,320.0,247.32481952624624,236.04457268399412,243.7217262191348,248.8926952924832,409.59627576638803,536.1217958521529,607.8689992972503,640.0,513.8659352934046,526.3720857694506,433.99888753323523,372.7556662735649,574.9391976116328,554.7834145026243,473.4419291215931,424.0310040635624,616.5611937908797,583.3569685318422,511.0819437883307,466.39047583443505,320.0,253.51385680506706,163.54496956990934,69.06587958891069,0.40696266458348873,289.50158861194814,158.1917772462276,74.8225595039649,0.0,308.2330861917867,127.6507172324043,130.08718583536466,161.33782420730074,301.8189540167848,130.55069741856357,137.89817107489245,173.19436331278334,278.27798670448834,148.5204589505496,145.80724815369456,175.06922849327046,320.0,247.31958733135028,238.7970789280835,239.3147251630102,238.71168700041423,423.2613121120746,546.765374789257,612.1952001286728,640.0,521.8355493536444,528.6500652887316,429.4485636960021,365.85786622918954,577.5017897404631,551.2132968529619,467.58772614171585,419.095823695221,615.7964061280405,577.569912428254,502.4322500746006,459.1544883189253,320.0,255.6535540118449,163.3954081358028,66.97877850691361,0.0,290.82968210052644,159.2740185501594,77.268626669968,4.531824550125577,303.63261395460427,127.54890909007025,134.61780858363952,170.59782817649565,295.0948346525959,131.39430699883275,145.285580488345,184.38572397448928,274.3154572871122,151.83116309899316,152.4583498016877,182.55826721641495,320.0,245.3684795367928,234.0839191638321,236.60493797055736,238.2362772355378,426.45392069069914,547.7610239237932,611.9529454840938,640.0,521.5795233248637,520.6709361420684,420.9856508261401,356.74150816198596,573.0513443745454,541.78029696251,462.06913368865196,412.7354967326171,607.6412530213772,565.9068971248006,494.5552221291429,451.4147079688579,320.0,254.5596716182605,166.9168143504965,71.6725244734823,0.0,288.6671344103874,158.86143587736825,75.81411986298775,2.500090835027436,300.5569906734286,120.98453123199693,125.86586376922037,161.53011652336752,290.6386994522502,125.33864366885689,136.63941486309753,174.16549228796046,268.12100119435917,145.6766121468679,144.9628334155544,173.91271637923614,320.0,245.80158244945213,234.44116146083053,237.0187344614269,235.17551530176698,410.31654134459086,535.9472098979103,606.4755945879574,640.0,511.19343819068445,518.3901058318618,423.6202907160315,360.6684737993054,569.3569567200309,545.3247258311602,466.83412533766796,418.947908271257,607.8105438939109,570.499201758797,498.59054319226317,455.82540385672354,320.0,254.82133205639545,163.95329525431845,68.96324765138982,0.0,288.16111535967735,161.4045599969126,81.49888648737698,10.238870969816787,301.9637182470341,126.52707518567024,132.96695865612782,168.05131354937214,294.0055177387294,130.0761535497331,141.29862509655277,178.6238677432318,272.3980390504144,148.02884553537982,147.8467052448854,177.57145383333847
320.0,247.32481952624624,236.04457268399412,243.7217262191348,248.8926952924832,409.59627576638803,536.1217958521529,607.8689992972503,640.0,513.8659352934046,526.3720857694506,433.99888753323523,372.7556662735649,574.9391976116328,554.7834145026243,473.4419291215931,424.0310040635624,616.5611937908797,583.3569685318422,511.0819437883307,466.39047583443505,320.0,253.51385680506706,163.54496956990934,69.06587958891069,0.40696266458348873,289.50158861194814,158.1917772462276,74.8225595039649,0.0,308.2330861917867,127.6507172324043,130.08718583536466,161.33782420730074,301.8189540167848,130.55069741856357,137.89817107489245,173.19436331278334,278.27798670448834,148.5204589505496,145.80724815369456,175.06922849327046,320.0,247.31958733135028,238.7970789280835,239.3147251630102,238.71168700041423,423.2613121120746,546.765374789257,612.1952001286728,640.0,521.8355493536444,528.6500652887316,429.4485636960021,365.85786622918954,577.5017897404631,551.2132968529619,467.58772614171585,419.095823695221,615.7964061280405,577.569912428254,502.4322500746006,459.1544883189253,320.0,255.6535540118449,163.3954081358028,66.97877850691361,0.0,290.82968210052644,159.2740185501594,77.268626669968,4.531824550125577,303.63261395460427,127.54890909007025,134.61780858363952,170.59782817649565,295.0948346525959,131.39430699883275,145.285580488345,184.38572397448928,274.3154572871122,151.83116309899316,152.4583498016877,182.55826721641495,320.0,245.3684795367928,234.0839191638321,236.60493797055736,238.2362772355378,426.45392069069914,547.7610239237932,611.9529454840938,640.0,521.5795233248637,520.6709361420684,420.9856508261401,356.74150816198596,573.0513443745454,541.78029696251,462.06913368865196,412.7354967326171,607.6412530213772,565.9068971248006,494.5552221291429,451.4147079688579,320.0,254.5596716182605,166.9168143504965,71.6725244734823,0.0,288.6671344103874,158.86143587736825,75.81411986298775,2.500090835027436,300.5569906734286,120.98453123199693,125.86586376922037,161.53011652336752,290.6386994522502,125.33864366885689,136.63941486309753,174.16549228796046,268.12100119435917,145.6766121468679,144.9628334155544,173.91271637923614,320.0,245.80158244945213,234.44116146083053,237.0187344614269,235.17551530176698,410.31654134459086,535.9472098979103,606.4755945879574,640.0,511.19343819068445,518.3901058318618,423.6202907160315,360.6684737993054,569.3569567200309,545.3247258311602,466.83412533766796,418.947908271257,607.8105438939109,570.499201758797,498.59054319226317,455.82540385672354,320.0,254.82133205639545,163.95329525431845,68.96324765138982,0.0,288.16111535967735,161.4045599969126,81.49888648737698,10.238870969816787,301.9637182470341,126.52707518567024,132.96695865612782,168.05131354937214,294.0055177387294,130.0761535497331,141.29862509655277,178.6238677432318,272.3980390504144,148.02884553537982,147.8467052448854,177.57145383333847,320.0,248.37041366957925,236.13112698510088,245.3969530961941,248.82778658850188,377.7127605742334,510.6450272038642,595.0014490183271,640.0,489.84879508552956,548.9397979738995,475.15756027531546,420.829738077854,564.8646455113279,579.3675020206358,496.8740936237473,442.9800970575952,622.1049452263181,611.5370109267227,536.1885629545691,483.18971052973706,320.0,248.2312114739821,155.70307868959415,64.47093047035787,0.0,288.0935348615882,163.58522636015113,82.11422306508237,5.971099563351004,317.5942067443663,137.6341545899021,128.7335623155066,148.965152877025,317.0189833071796,138.3963200576213,139.57010276265032,173.76086160611408,295.4163568291123,158.2140906837243,150.73305753052404,179.29289001373692
320.0,247.31958733135028,238.7970789280835,239.3147251630102,238.71168700041423,423.2613121120746,546.765374789257,612.1952001286728,640.0,521.8355493536444,528.6500652887316,429.4485636960021,365.85786622918954,577.5017897404631,551.2132968529619,467.58772614171585,419.095823695221,615.7964061280405,577.569912428254,502.4322500746006,459.1544883189253,320.0,255.6535540118449,163.3954081358028,66.97877850691361,0.0,290.82968210052644,159.2740185501594,77.268626669968,4.531824550125577,303.63261395460427,127.54890909007025,134.61780858363952,170.59782817649565,295.0948346525959,131.39430699883275,145.285580488345,184.38572397448928,274.3154572871122,151.83116309899316,152.4583498016877,182.55826721641495,320.0,245.3684795367928,234.0839191638321,236.60493797055736,238.2362772355378,426.45392069069914,547.7610239237932,611.9529454840938,640.0,521.5795233248637,520.6709361420684,420.9856508261401,356.74150816198596,573.0513443745454,541.78029696251,462.06913368865196,412.7354967326171,607.6412530213772,565.9068971248006,494.5552221291429,451.4147079688579,320.0,254.5596716182605,166.9168143504965,71.6725244734823,0.0,288.6671344103874,158.86143587736825,75.81411986298775,2.500090835027436,300.5569906734286,120.98453123199693,125.86586376922037,161.53011652336752,290.6386994522502,125.33864366885689,136.63941486309753,174.16549228796046,268.12100119435917,145.6766121468679,144.9628334155544,173.91271637923614,320.0,245.80158244945213,234.44116146083053,237.0187344614269,235.17551530176698,410.31654134459086,535.9472098979103,606.4755945879574,640.0,511.19343819068445,518.3901058318618,423.6202907160315,360.6684737993054,569.3569567200309,545.3247258311602,466.83412533766796,418.947908271257,607.8105438939109,570.499201758797,498.59054319226317,455.82540385672354,320.0,254.82133205639545,163.95329525431845,68.96324765138982,0.0,288.16111535967735,161.4045599969126,81.49888648737698,10.238870969816787,301.9637182470341,126.52707518567024,132.96695865612782,168.05131354937214,294.0055177387294,130.0761535497331,141.29862509655277,178.6238677432318,272.3980390504144,148.02884553537982,147.8467052448854,177.57145383333847,320.0,248.37041366957925,236.13112698510088,245.3969530961941,248.82778658850188,377.7127605742334,510.6450272038642,595.0014490183271,640.0,489.84879508552956,548.9397979738995,475.15756027531546,420.829738077854,564.8646455113279,579.3675020206358,496.8740936237473,442.9800970575952,622.1049452263181,611.5370109267227,536.1885629545691,483.18971052973706,320.0,248.2312114739821,155.70307868959415,64.47093047035787,0.0,288.0935348615882,163.58522636015113,82.11422306508237,5.971099563351004,317.5942067443663,137.6341545899021,128.7335623155066,148.965152877025,317.0189833071796,138.3963200576213,139.57010276265032,173.76086160611408,295.4163568291123,158.2140906837243,150.73305753052404,179.29289001373692,320.0,254.8089888269878,242.98755161927915,247.27709201046065,248.87998558441473,403.3287154910589,531.6299340001475,605.7096099855937,640.0,507.7153594139654,530.5363213928592,435.9060858231495,369.59971168829475,571.9203146780349,566.0509456493222,483.79355462750556,428.04930802389777,618.0219538906674,597.383347198064,522.2447755174065,471.917502518526,320.0,253.14996529665552,162.25950070489324,69.20335844913254,4.697639975733239,289.99813786932094,161.45320205771344,78.43486538527404,0.0,309.38287886977724,133.6886367904268,129.59141388472347,153.10902991652694,303.48733377137364,138.27787162793922,142.23302144284816,172.0838029668899,282.0667682111853,150.49011043261663,142.2652721289429,165.06874332949752
320.0,245.3684795367928,234.0839191638321,236.60493797055736,238.2362772355378,426.45392069069914,547.7610239237932,611.9529454840938,640.0,521.5795233248637,520.6709361420684,420.9856508261401,356.74150816198596,573.0513443745454,541.78029696251,462.06913368865196,412.7354967326171,607.6412530213772,565.9068971248006,494.5552221291429,451.4147079688579,320.0,254.5596716182605,166.9168143504965,71.6725244734823,0.0,288.6671344103874,158.86143587736825,75.81411986298775,2.500090835027436,300.5569906734286,120.98453123199693,125.86586376922037,161.53011652336752,290.6386994522502,125.33864366885689,136.63941486309753,174.16549228796046,268.12100119435917,145.6766121468679,144.9628334155544,173.91271637923614,320.0,245.80158244945213,234.44116146083053,237.0187344614269,235.17551530176698,410.31654134459086,535.9472098979103,606.4755945879574,640.0,511.19343819068445,518.3901058318618,423.6202907160315,360.6684737993054,569.3569567200309,545.3247258311602,466.83412533766796,418.947908271257,607.8105438939109,570.499201758797,498.59054319226317,455.82540385672354,320.0,254.82133205639545,163.95329525431845,68.96324765138982,0.0,288.16111535967735,161.4045599969126,81.49888648737698,10.238870969816787,301.9637182470341,126.52707518567024,132.96695865612782,168.05131354937214,294.0055177387294,130.0761535497331,141.29862509655277,178.6238677432318,272.3980390504144,148.02884553537982,147.8467052448854,177.57145383333847,320.0,248.37041366957925,236.13112698510088,245.3969530961941,248.82778658850188,377.7127605742334,510.6450272038642,595.0014490183271,640.0,489.84879508552956,548.9397979738995,475.15756027531546,420.829738077854,564.8646455113279,579.3675020206358,496.8740936237473,442.9800970575952,622.1049452263181,611.5370109267227,536.1885629545691,483.18971052973706,320.0,248.2312114739821,155.70307868959415,64.47093047035787,0.0,288.0935348615882,163.58522636015113,82.11422306508237,5.971099563351004,317.5942067443663,137.6341545899021,128.7335623155066,148.965152877025,317.0189833071796,138.3963200576213,139.57010276265032,173.76086160611408,295.4163568291123,158.2140906837243,150.73305753052404,179.29289001373692,320.0,254.8089888269878,242.98755161927915,247.27709201046065,248.87998558441473,403.3287154910589,531.6299340001475,605.7096099855937,640.0,507.7153594139654,530.5363213928592,435.9060858231495,369.59971168829475,571.9203146780349,566.0509456493222,483.79355462750556,428.04930802389777,618.0219538906674,597.383347198064,522.2447755174065,471.917502518526,320.0,253.14996529665552,162.25950070489324,69.20335844913254,4.697639975733239,289.99813786932094,161.45320205771344,78.43486538527404,0.0,309.38287886977724,133.6886367904268,129.59141388472347,153.10902991652694,303.48733377137364,138.27787162793922,142.23302144284816,172.0838029668899,282.0667682111853,150.49011043261663,142.2652721289429,165.06874332949752,320.0,241.39089147095854,232.69856261308348,239.90030842837967,248.01437765914307,419.9287332606163,547.2188007146382,613.533252126746,640.0,523.5870470692482,519.5701558969399,412.38776928738565,347.40226595182634,580.8946621197042,546.9356439058297,463.05837550946774,415.46298745744804,619.0419997741174,572.4041419907539,494.8216019629052,452.06986596365107,320.0,255.75071864928753,163.8820293185696,67.82390287498404,1.3077521269310637,289.9114871687733,159.61230466860886,75.62225549481371,0.0,301.4643190145123,119.46745282836372,124.80375748149697,159.75984926742262,290.8164397553304,127.14122667533303,140.7820606567081,179.19132127008447,266.9473016315177,142.66528933613444,143.3228485981019,174.0241342355622
320.0,245.80158244945213,234.44116146083053,237.0187344614269,235.17551530176698,410.31654134459086,535.9472098979103,606.4755945879574,640.0,511.19343819068445,518.3901058318618,423.6202907160315,360.6684737993054,569.3569567200309,545.3247258311602,466.83412533766796,418.947908271257,607.8105438939109,570.499201758797,498.59054319226317,455.82540385672354,320.0,254.82133205639545,163.95329525431845,68.96324765138982,0.0,288.16111535967735,161.4045599969126,81.49888648737698,10.238870969816787,301.9637182470341,126.52707518567024,132.96695865612782,168.05131354937214,294.0055177387294,130.0761535497331,141.29862509655277,178.6238677432318,272.3980390504144,148.02884553537982,147.8467052448854,177.57145383333847,320.0,248.37041366957925,236.13112698510088,245.3969530961941,248.82778658850188,377.7127605742334,510.6450272038642,595.0014490183271,640.0,489.84879508552956,548.9397979738995,475.15756027531546,420.829738077854,564.8646455113279,579.3675020206358,496.8740936237473,442.9800970575952,622.1049452263181,611.5370109267227,536.1885629545691,483.18971052973706,320.0,248.2312114739821,155.70307868959415,64.47093047035787,0.0,288.0935348615882,163.58522636015113,82.11422306508237,5.971099563351004,317.5942067443663,137.6341545899021,128.7335623155066,148.965152877025,317.0189833071796,138.3963200576213,139.57010276265032,173.76086160611408,295.4163568291123,158.2140906837243,150.73305753052404,179.29289001373692,320.0,254.8089888269878,242.98755161927915,247.27709201046065,248.87998558441473,403.3287154910589,531.6299340001475,605.7096099855937,640.0,507.7153594139654,530.5363213928592,435.9060858231495,369.59971168829475,571.9203146780349,566.0509456493222,483.79355462750556,428.04930802389777,618.0219538906674,597.383347198064,522.2447755174065,471.917502518526,320.0,253.14996529665552,162.25950070489324,69.20335844913254,4.697639975733239,289.99813786932094,161.45320205771344,78.43486538527404,0.0,309.38287886977724,133.6886367904268,129.59141388472347,153.10902991652694,303.48733377137364,138.27787162793922,142.23302144284816,172.0838029668899,282.0667682111853,150.49011043261663,142.2652721289429,165.06874332949752,320.0,241.39089147095854,232.69856261308348,239.90030842837967,248.01437765914307,419.9287332606163,547.2188007146382,613.533252126746,640.0,523.5870470692482,519.5701558969399,412.38776928738565,347.40226595182634,580.8946621197042,546.9356439058297,463.05837550946774,415.46298745744804,619.0419997741174,572.4041419907539,494.8216019629052,452.06986596365107,320.0,255.75071864928753,163.8820293185696,67.82390287498404,1.3077521269310637,289.9114871687733,159.61230466860886,75.62225549481371,0.0,301.4643190145123,119.46745282836372,124.80375748149697,159.75984926742262,290.8164397553304,127.14122667533303,140.7820606567081,179.19132127008447,266.9473016315177,142.66528933613444,143.3228485981019,174.0241342355622,320.0,249.85914543270195,243.93794143590924,255.00968873500602,261.06417861592814,399.44523675101385,530.6268022001447,603.6605027296671,640.0,498.90870041803464,519.3598638600284,431.38481571960017,370.4828705698096,560.7468433346801,550.2204550664067,473.12807093120847,423.4363534038115,604.7889803683379,578.3297345074336,508.686204679098,463.62395970742034,320.0,249.3511490388322,156.82816679825774,64.6405377894068,0.0,285.09022201965763,159.529980802995,78.09751532002977,3.364338074190016,307.1458962620006,126.93466479413726,127.95449714484812,157.29821722577415,303.9408962571208,130.271894784407,137.492576409838,171.88926831791488,283.443468382523,150.16744824274696,145.86503929676695,173.38939470389084
320.0,248.37041366957925,236.13112698510088,245.3969530961941,248.82778658850188,377.7127605742334,510.6450272038642,595.0014490183271,640.0,489.84879508552956,548.9397979738995,475.15756027531546,420.829738077854,564.8646455113279,579.3675020206358,496.8740936237473,442.9800970575952,622.1049452263181,611.5370109267227,536.1885629545691,483.18971052973706,320.0,248.2312114739821,155.70307868959415,64.47093047035787,0.0,288.0935348615882,163.58522636015113,82.11422306508237,5.971099563351004,317.5942067443663,137.6341545899021,128.7335623155066,148.965152877025,317.0189833071796,138.3963200576213,139.57010276265032,173.76086160611408,295.4163568291123,158.2140906837243,150.73305753052404,179.29289001373692,320.0,254.8089888269878,242.98755161927915,247.27709201046065,248.87998558441473,403.3287154910589,531.6299340001475,605.7096099855937,640.0,507.7153594139654,530.5363213928592,435.9060858231495,369.59971168829475,571.9203146780349,566.0509456493222,483.79355462750556,428.04930802389777,618.0219538906674,597.383347198064,522.2447755174065,471.917502518526,320.0,253.14996529665552,162.25950070489324,69.20335844913254,4.697639975733239,289.99813786932094,161.45320205771344,78.43486538527404,0.0,309.38287886977724,133.6886367904268,129.59141388472347,153.10902991652694,303.48733377137364,138.27787162793922,142.23302144284816,172.0838029668899,282.0667682111853,150.49011043261663,142.2652721289429,165.06874332949752,320.0,241.39089147095854,232.69856261308348,239.90030842837967,248.01437765914307,419.9287332606163,547.2188007146382,613.533252126746,640.0,523.5870470692482,519.5701558969399,412.38776928738565,347.40226595182634,580.8946621197042,546.9356439058297,463.05837550946774,415.46298745744804,619.0419997741174,572.4041419907539,494.8216019629052,452.06986596365107,320.0,255.75071864928753,163.8820293185696,67.82390287498404,1.3077521269310637,289.9114871687733,159.61230466860886,75.62225549481371,0.0,301.4643190145123,119.46745282836372,124.80375748149697,159.75984926742262,290.8164397553304,127.14122667533303,140.7820606567081,179.19132127008447,266.9473016315177,142.66528933613444,143.3228485981019,174.0241342355622,320.0,249.85914543270195,243.93794143590924,255.00968873500602,261.06417861592814,399.44523675101385,530.6268022001447,603.6605027296671,640.0,498.90870041803464,519.3598638600284,431.38481571960017,370.4828705698096,560.7468433346801,550.2204550664067,473.12807093120847,423.4363534038115,604.7889803683379,578.3297345074336,508.686204679098,463.62395970742034,320.0,249.3511490388322,156.82816679825774,64.6405377894068,0.0,285.09022201965763,159.529980802995,78.09751532002977,3.364338074190016,307.1458962620006,126.93466479413726,127.95449714484812,157.29821722577415,303.9408962571208,130.271894784407,137.492576409838,171.88926831791488,283.443468382523,150.16744824274696,145.86503929676695,173.38939470389084,320.0,268.48362858334264,257.3423192691464,264.43798279302297,269.41886801437033,373.63215806358664,506.6963101247231,591.8809649435765,640.0,462.5467348372837,558.1093822595108,506.18577975307466,451.2919307589507,525.1394893926021,571.560920632442,495.4577235854906,437.239979314935,571.4005658632706,594.3485517478495,530.6350784110313,476.49236196622957,320.0,243.0548777009425,146.57388333576304,58.95334317895151,0.0,279.94577515227957,158.13638927799505,79.61944361693361,6.623798084541363,316.04608636677676,146.3864574155886,118.1725180485393,122.4312761062059,320.6438527213838,147.09220442545745,133.39607273925805,157.14627081365794,303.90659762057186,165.480227421103,146.6532715552485,167.65020377894263
320.0,254.8089888269878,242.98755161927915,247.27709201046065,248.87998558441473,403.3287154910589,531.6299340001475,605.7096099855937,640.0,507.7153594139654,530.5363213928592,435.9060858231495,369.59971168829475,571.9203146780349,566.0509456493222,483.79355462750556,428.04930802389777,618.0219538906674,597.383347198064,522.2447755174065,471.917502518526,320.0,253.14996529665552,162.25950070489324,69.20335844913254,4.697639975733239,289.99813786932094,161.45320205771344,78.43486538527404,0.0,309.38287886977724,133.6886367904268,129.59141388472347,153.10902991652694,303.48733377137364,138.27787162793922,142.23302144284816,172.0838029668899,282.0667682111853,150.49011043261663,142.2652721289429,165.06874332949752,320.0,241.39089147095854,232.69856261308348,239.90030842837967,248.01437765914307,419.9287332606163,547.2188007146382,613.533252126746,640.0,523.5870470692482,519.5701558969399,412.38776928738565,347.40226595182634,580.8946621197042,546.9356439058297,463.05837550946774,415.46298745744804,619.0419997741174,572.4041419907539,494.8216019629052,452.06986596365107,320.0,255.75071864928753,163.8820293185696,67.82390287498404,1.3077521269310637,289.9114871687733,159.61230466860886,75.62225549481371,0.0,301.4643190145123,119.46745282836372,124.80375748149697,159.75984926742262,290.8164397553304,127.14122667533303,140.7820606567081,179.19132127008447,266.9473016315177,142.66528933613444,143.3228485981019,174.0241342355622,320.0,249.85914543270195,243.93794143590924,255.00968873500602,261.06417861592814,399.44523675101385,530.6268022001447,603.6605027296671,640.0,498.90870041803464,519.3598638600284,431.38481571960017,370.4828705698096,560.7468433346801,550.2204550664067,473.12807093120847,423.4363534038115,604.7889803683379,578.3297345074336,508.686204679098,463.62395970742034,320.0,249.3511490388322,156.82816679825774,64.6405377894068,0.0,285.09022201965763,159.529980802995,78.09751532002977,3.364338074190016,307.1458962620006,126.93466479413726,127.95449714484812,157.29821722577415,303.9408962571208,130.271894784407,137.492576409838,171.88926831791488,283.443468382523,150.16744824274696,145.86503929676695,173.38939470389084,320.0,268.48362858334264,257.3423192691464,264.43798279302297,269.41886801437033,373.63215806358664,506.6963101247231,591.8809649435765,640.0,462.5467348372837,558.1093822595108,506.18577975307466,451.2919307589507,525.1394893926021,571.560920632442,495.4577235854906,437.239979314935,571.4005658632706,594.3485517478495,530.6350784110313,476.49236196622957,320.0,243.0548777009425,146.57388333576304,58.95334317895151,0.0,279.94577515227957,158.13638927799505,79.61944361693361,6.623798084541363,316.04608636677676,146.3864574155886,118.1725180485393,122.4312761062059,320.6438527213838,147.09220442545745,133.39607273925805,157.14627081365794,303.90659762057186,165.480227421103,146.6532715552485,167.65020377894263,320.0,263.1660709438848,247.14969970110315,247.82759758866518,252.78401113408722,378.4621976736663,512.6585327277322,593.8997180740331,640.0,476.1291672874976,559.9159152092489,502.95337381059335,450.5821698824334,543.39266002822,578.9240628935174,498.3545588783221,438.97914319650863,595.2574491922051,606.5950992935448,539.211585960479,487.0935894144066,320.0,249.2526463619097,157.09014643924348,67.67151085456919,4.90061062751721,282.9013777786027,158.10290960609265,77.42899212432798,0.0,313.64010096698155,148.70815469230436,125.31239753274315,128.25559741890777,315.9411520877027,146.60071642012656,139.18316969505747,162.44616022321622,298.47995817789246,163.30069847868992,148.0424036575784,167.17985362262354
320.0,241.39089147095854,232.69856261308348,239.90030842837967,248.01437765914307,419.9287332606163,547.2188007146382,613.533252126746,640.0,523.5870470692482,519.5701558969399,412.38776928738565,347.40226595182634,580.8946621197042,546.9356439058297,463.05837550946774,415.46298745744804,619.0419997741174,572.4041419907539,494.8216019629052,452.06986596365107,320.0,255.75071864928753,163.8820293185696,67.82390287498404,1.3077521269310637,289.9114871687733,159.61230466860886,75.62225549481371,0.0,301.4643190145123,119.46745282836372,124.80375748149697,159.75984926742262,290.8164397553304,127.14122667533303,140.7820606567081,179.19132127008447,266.9473016315177,142.66528933613444,143.3228485981019,174.0241342355622,320.0,249.85914543270195,243.93794143590924,255.00968873500602,261.06417861592814,399.44523675101385,530.6268022001447,603.6605027296671,640.0,498.90870041803464,519.3598638600284,431.38481571960017,370.4828705698096,560.7468433346801,550.2204550664067,473.12807093120847,423.4363534038115,604.7889803683379,578.3297345074336,508.686204679098,463.62395970742034,320.0,249.3511490388322,156.82816679825774,64.6405377894068,0.0,285.09022201965763,159.529980802995,78.09751532002977,3.364338074190016,307.1458962620006,126.93466479413726,127.95449714484812,157.29821722577415,303.9408962571208,130.271894784407,137.492576409838,171.88926831791488,283.443468382523,150.16744824274696,145.86503929676695,173.38939470389084,320.0,268.48362858334264,257.3423192691464,264.43798279302297,269.41886801437033,373.63215806358664,506.6963101247231,591.8809649435765,640.0,462.5467348372837,558.1093822595108,506.18577975307466,451.2919307589507,525.1394893926021,571.560920632442,495.4577235854906,437.239979314935,571.4005658632706,594.3485517478495,530.6350784110313,476.49236196622957,320.0,243.0548777009425,146.57388333576304,58.95334317895151,0.0,279.94577515227957,158.13638927799505,79.61944361693361,6.623798084541363,316.04608636677676,146.3864574155886,118.1725180485393,122.4312761062059,320.6438527213838,147.09220442545745,133.39607273925805,157.14627081365794,303.90659762057186,165.480227421103,146.6532715552485,167.65020377894263,320.0,263.1660709438848,247.14969970110315,247.82759758866518,252.78401113408722,378.4621976736663,512.6585327277322,593.8997180740331,640.0,476.1291672874976,559.9159152092489,502.95337381059335,450.5821698824334,543.39266002822,578.9240628935174,498.3545588783221,438.97914319650863,595.2574491922051,606.5950992935448,539.211585960479,487.0935894144066,320.0,249.2526463619097,157.09014643924348,67.67151085456919,4.90061062751721,282.9013777786027,158.10290960609265,77.42899212432798,0.0,313.64010096698155,148.70815469230436,125.31239753274315,128.25559741890777,315.9411520877027,146.60071642012656,139.18316969505747,162.44616022321622,298.47995817789246,163.30069847868992,148.0424036575784,167.17985362262354,320.0,280.5151053489913,275.1396177803152,278.07708595394416,290.27710944577063,433.2820765380437,552.8398307054903,611.9111925308539,640.0,513.7992592058159,549.7083493227627,492.1757648698208,442.9859714759036,559.5043712572972,551.104251776613,477.6723433933421,425.4767394320764,588.5846592796374,578.1327065128476,514.3613900329826,468.73234409739973,320.0,252.32039892689355,166.3196726135367,85.28532201088322,20.605710889963518,245.84492779210788,140.98454215703583,65.90888930037079,0.0,263.206773948604,138.52753603217596,119.03684533114003,121.37373702576116,266.8039197954839,145.31026929574878,144.35589928646175,163.0457505644718,262.46963766150066,163.24377860935394,149.62101083871968,158.7394874754008
320.0,249.85914543270195,243.93794143590924,255.00968873500602,261.06417861592814,399.44523675101385,530.6268022001447,603.6605027296671,640.0,498.90870041803464,519.3598638600284,431.38481571960017,370.4828705698096,560.7468433346801,550.2204550664067,473.12807093120847,423.4363534038115,604.7889803683379,578.3297345074336,508.686204679098,463.62395970742034,320.0,249.3511490388322,156.82816679825774,64.6405377894068,0.0,285.09022201965763,159.529980802995,78.09751532002977,3.364338074190016,307.1458962620006,126.93466479413726,127.95449714484812,157.29821722577415,303.9408962571208,130.271894784407,137.492576409838,171.88926831791488,283.443468382523,150.16744824274696,145.86503929676695,173.38939470389084,320.0,268.48362858334264,257.3423192691464,264.43798279302297,269.41886801437033,373.63215806358664,506.6963101247231,591.8809649435765,640.0,462.5467348372837,558.1093822595108,506.18577975307466,451.2919307589507,525.1394893926021,571.560920632442,495.4577235854906,437.239979314935,571.4005658632706,594.3485517478495,530.6350784110313,476.49236196622957,320.0,243.0548777009425,146.57388333576304,58.95334317895151,0.0,279.94577515227957,158.13638927799505,79.61944361693361,6.623798084541363,316.04608636677676,146.3864574155886,118.1725180485393,122.4312761062059,320.6438527213838,147.09220442545745,133.39607273925805,157.14627081365794,303.90659762057186,165.480227421103,146.6532715552485,167.65020377894263,320.0,263.1660709438848,247.14969970110315,247.82759758866518,252.78401113408722,378.4621976736663,512.6585327277322,593.8997180740331,640.0,476.1291672874976,559.9159152092489,502.95337381059335,450.5821698824334,543.39266002822,578.9240628935174,498.3545588783221,438.97914319650863,595.2574491922051,606.5950992935448,539.211585960479,487.0935894144066,320.0,249.2526463619097,157.09014643924348,67.67151085456919,4.90061062751721,282.9013777786027,158.10290960609265,77.42899212432798,0.0,313.64010096698155,148.70815469230436,125.31239753274315,128.25559741890777,315.9411520877027,146.60071642012656,139.18316969505747,162.44616022321622,298.47995817789246,163.30069847868992,148.0424036575784,167.17985362262354,320.0,280.5151053489913,275.1396177803152,278.07708595394416,290.27710944577063,433.2820765380437,552.8398307054903,611.9111925308539,640.0,513.7992592058159,549.7083493227627,492.1757648698208,442.9859714759036,559.5043712572972,551.104251776613,477.6723433933421,425.4767394320764,588.5846592796374,578.1327065128476,514.3613900329826,468.73234409739973,320.0,252.32039892689355,166.3196726135367,85.28532201088322,20.605710889963518,245.84492779210788,140.98454215703583,65.90888930037079,0.0,263.206773948604,138.52753603217596,119.03684533114003,121.37373702576116,266.8039197954839,145.31026929574878,144.35589928646175,163.0457505644718,262.46963766150066,163.24377860935394,149.62101083871968,158.7394874754008,320.0,211.3813489231048,103.33806917961095,32.497785028834244,0.0,104.74078605984388,79.78663766244065,116.41825000283245,132.18132173164292,181.34022183700984,201.60438688918344,233.47821850605578,238.53039212353988,270.42815222686744,295.9446200559691,317.4334885512616,314.39022013754345,359.12053748456316,383.11827152940646,390.60788778990064,384.6152521441601,320.0,339.6441397947991,379.5209062172051,398.3492754693516,409.56612043082515,549.5323305789043,640.0,560.0445668635158,499.1713371609048,581.9813836698186,634.1661902716955,550.4578041702111,499.0301236621051,595.3027182322054,620.2659970696011,542.03109286374,499.30934126200447,596.6970556511385,612.1859007147292,546.2400720655666,506.0721257427431
320.0,268.48362858334264,257.3423192691464,264.43798279302297,269.41886801437033,373.63215806358664,506.6963101247231,591.8809649435765,640.0,462.5467348372837,558.1093822595108,506.18577975307466,451.2919307589507,525.1394893926021,571.560920632442,495.4577235854906,437.239979314935,571.4005658632706,594.3485517478495,530.6350784110313,476.49236196622957,320.0,243.0548777009425,146.57388333576304,58.95334317895151,0.0,279.94577515227957,158.13638927799505,79.61944361693361,6.623798084541363,316.04608636677676,146.3864574155886,118.1725180485393,122.4312761062059,320.6438527213838,147.09220442545745,133.39607273925805,157.14627081365794,303.90659762057186,165.480227421103,146.6532715552485,167.65020377894263,320.0,263.1660709438848,247.14969970110315,247.82759758866518,252.78401113408722,378.4621976736663,512.6585327277322,593.8997180740331,640.0,476.1291672874976,559.9159152092489,502.95337381059335,450.5821698824334,543.39266002822,578.9240628935174,498.3545588783221,438.97914319650863,595.2574491922051,606.5950992935448,539.211585960479,487.0935894144066,320.0,249.2526463619097,157.09014643924348,67.67151085456919,4.90061062751721,282.9013777786027,158.10290960609265,77.42899212432798,0.0,313.64010096698155,148.70815469230436,125.31239753274315,128.25559741890777,315.9411520877027,146.60071642012656,139.18316969505747,162.44616022321622,298.47995817789246,163.30069847868992,148.0424036575784,167.17985362262354,320.0,280.5151053489913,275.1396177803152,278.07708595394416,290.27710944577063,433.2820765380437,552.8398307054903,611.9111925308539,640.0,513.7992592058159,549.7083493227627,492.1757648698208,442.9859714759036,559.5043712572972,551.104251776613,477.6723433933421,425.4767394320764,588.5846592796374,578.1327065128476,514.3613900329826,468.73234409739973,320.0,252.32039892689355,166.3196726135367,85.28532201088322,20.605710889963518,245.84492779210788,140.98454215703583,65.90888930037079,0.0,263.206773948604,138.52753603217596,119.03684533114003,121.37373702576116,266.8039197954839,145.31026929574878,144.35589928646175,163.0457505644718,262.46963766150066,163.24377860935394,149.62101083871968,158.7394874754008,320.0,211.3813489231048,103.33806917961095,32.497785028834244,0.0,104.74078605984388,79.78663766244065,116.41825000283245,132.18132173164292,181.34022183700984,201.60438688918344,233.47821850605578,238.53039212353988,270.42815222686744,295.9446200559691,317.4334885512616,314.39022013754345,359.12053748456316,383.11827152940646,390.60788778990064,384.6152521441601,320.0,339.6441397947991,379.5209062172051,398.3492754693516,409.56612043082515,549.5323305789043,640.0,560.0445668635158,499.1713371609048,581.9813836698186,634.1661902716955,550.4578041702111,499.0301236621051,595.3027182322054,620.2659970696011,542.03109286374,499.30934126200447,596.6970556511385,612.1859007147292,546.2400720655666,506.0721257427431,320.0,185.89438383328488,71.30170151449167,16.16174990457489,0.0,105.97076527292609,2.192304549267817,13.844984157885335,54.71956405479523,184.6494408452438,85.80672723530014,99.82185249817167,139.89537894359006,256.75252682504987,164.45792866031465,174.5608015499722,207.40829624082085,324.93674015518343,249.62679225882798,247.45170042835258,270.3922824127184,320.0,292.2384520095126,337.6974900137125,407.8369336963506,459.0480732923945,540.2099935743291,600.2633862623131,500.84381645104236,437.99307087448744,596.7540425419159,640.0,539.6013434289234,494.1605887769365,623.7039686798228,638.978782037269,549.5469570804931,521.0127387269222,632.9402412607564,638.2662612532046,567.122028127215,536.2557549500851
