320.0,188.68848488476456,66.99300131971063,53.86618504383085,86.46161201610116,0.0,42.06287588221926,143.0746225277086,210.3883556704827,89.04737843874017,170.84999840500507,239.70778117299471,269.98776382890156,178.27673595508494,254.57839557686242,296.0955862748519,303.1480316777811,262.81742270083447,326.194156962468,348.5038592970286,341.189094330364,320.0,334.3384226479195,412.2069484641487,502.44493731944874,562.4745366550067,551.7461058625738,614.1335619700867,547.265684226345,491.1803372392112,586.6485260040763,640.0,560.2136089855318,499.384425060413,593.4725280328249,623.7641069816057,541.6242601843317,485.4038779691582,581.5208369393267,593.6634880254185,527.7559919869796,479.9787464426456,320.0,166.11506050327367,21.04941808270746,0.0,89.79877197966303,100.51948415957304,94.09617376746621,134.27781961017337,163.64927243232674,205.4819875127139,203.86246871294955,232.67635459882752,245.50123829203577,306.1806971532226,297.48686318971033,311.1198179650528,314.50980172323824,405.7181607426884,387.6133270922733,378.29001440840705,369.9625981561394,320.0,347.348738109683,443.7894913012203,530.0947234430141,570.1936341443397,558.2083812754563,639.9196664354716,578.1097859863632,507.9099916480128,564.0774691064983,640.0,551.9486457389578,469.22546664113327,555.3756962000872,616.0237267242669,525.2654403138673,445.8406749821776,535.4118784890467,596.1160395166469,542.3542433405373,486.89977776311576,320.0,160.64327682377817,18.775436249732195,0.0,102.19325973518403,107.48882046183357,108.56155900307269,154.0085197679876,170.84768911513788,227.07509660370323,242.5443003406272,266.4167621938157,262.17321783951115,339.27475679414704,357.1714370281218,356.8394636961403,346.18853052807845,443.4188308131064,488.85747131323797,526.2301645574381,551.0190067683915,320.0,349.076199364904,418.94062460306503,482.1024658290764,499.86341571172164,498.9724522987712,556.8591312991855,505.6940516360624,453.5326113488886,502.58182962860695,549.5647394725943,477.3986116250172,424.0156664365594,496.33094794974454,542.5727549358,480.5536711307469,424.69512853789865,484.2877437525887,556.041118873395,602.5292414745271,640.0,320.0,175.19759849795895,32.80810396710797,0.0,81.95690964605771,118.42042305530143,108.63880248233596,144.46693194886888,162.25993981547822,226.98839739420862,224.528224630093,244.01395928175396,243.17916542660097,327.4819163515981,322.6684714674662,324.9614503073526,318.11576444998036,420.7456502169656,441.08193398808805,467.8308454859772,480.826869192359,320.0,343.0548942471919,403.5496547507823,460.0765762848981,486.70446986522205,492.4381549370512,538.2724504495261,494.2165815492024,449.23486785839526,495.76183143966944,530.4546391050346,464.6876358648806,416.3928751931016,491.9078898128986,524.5054034803275,463.3491907183421,412.68263393491605,486.6773578574786,555.974909619633,600.8854795184086,640.0,320.0,175.98197438133803,32.31341883609889,0.0,87.58667993341282,113.92125489186895,104.18587676401543,146.86960596740388,164.69777333603346,221.79030011748526,219.083532980317,239.61921611661091,235.25479390363284,323.0981605183681,322.2643733034271,323.6720793723786,310.0706797842716,416.5385694577766,439.4040374870872,463.1938302319512,469.93566895325523,320.0,342.06179369339804,406.57985091520004,465.59487761549144,485.1953481640601,491.2521628216798,538.833016223747,490.02435125952326,443.9086067022953,495.79358631062036,535.3249928829264,466.89516086706897,419.2415643460324,492.4433992521904,524.819855071465,459.69773138971397,409.4847577994909,486.29993071124613,555.6780697118022,599.528056113818,640.0
320.0,166.11506050327367,21.04941808270746,0.0,89.79877197966303,100.51948415957304,94.09617376746621,134.27781961017337,163.64927243232674,205.4819875127139,203.86246871294955,232.67635459882752,245.50123829203577,306.1806971532226,297.48686318971033,311.1198179650528,314.50980172323824,405.7181607426884,387.6133270922733,378.29001440840705,369.9625981561394,320.0,347.348738109683,443.7894913012203,530.0947234430141,570.1936341443397,558.2083812754563,639.9196664354716,578.1097859863632,507.9099916480128,564.0774691064983,640.0,551.9486457389578,469.22546664113327,555.3756962000872,616.0237267242669,525.2654403138673,445.8406749821776,535.4118784890467,596.1160395166469,542.3542433405373,486.89977776311576,320.0,160.64327682377817,18.775436249732195,0.0,102.19325973518403,107.48882046183357,108.56155900307269,154.0085197679876,170.84768911513788,227.07509660370323,242.5443003406272,266.4167621938157,262.17321783951115,339.27475679414704,357.1714370281218,356.8394636961403,346.18853052807845,443.4188308131064,488.85747131323797,526.2301645574381,551.0190067683915,320.0,349.076199364904,418.94062460306503,482.1024658290764,499.86341571172164,498.9724522987712,556.8591312991855,505.6940516360624,453.5326113488886,502.58182962860695,549.5647394725943,477.3986116250172,424.0156664365594,496.33094794974454,542.5727549358,480.5536711307469,424.69512853789865,484.2877437525887,556.041118873395,602.5292414745271,640.0,320.0,175.19759849795895,32.80810396710797,0.0,81.95690964605771,118.42042305530143,108.63880248233596,144.46693194886888,162.25993981547822,226.98839739420862,224.528224630093,244.01395928175396,243.17916542660097,327.4819163515981,322.6684714674662,324.9614503073526,318.11576444998036,420.7456502169656,441.08193398808805,467.8308454859772,480.826869192359,320.0,343.0548942471919,403.5496547507823,460.0765762848981,486.70446986522205,492.4381549370512,538.2724504495261,494.2165815492024,449.23486785839526,495.76183143966944,530.4546391050346,464.6876358648806,416.3928751931016,491.9078898128986,524.5054034803275,463.3491907183421,412.68263393491605,486.6773578574786,555.974909619633,600.8854795184086,640.0,320.0,175.98197438133803,32.31341883609889,0.0,87.58667993341282,113.92125489186895,104.18587676401543,146.86960596740388,164.69777333603346,221.79030011748526,219.083532980317,239.61921611661091,235.25479390363284,323.0981605183681,322.2643733034271,323.6720793723786,310.0706797842716,416.5385694577766,439.4040374870872,463.1938302319512,469.93566895325523,320.0,342.06179369339804,406.57985091520004,465.59487761549144,485.1953481640601,491.2521628216798,538.833016223747,490.02435125952326,443.9086067022953,495.79358631062036,535.3249928829264,466.89516086706897,419.2415643460324,492.4433992521904,524.819855071465,459.69773138971397,409.4847577994909,486.29993071124613,555.6780697118022,599.528056113818,640.0,320.0,174.19205299468135,31.097180593319592,0.0,87.27233955612706,116.94233108348084,104.52852323313837,141.82290631538018,157.9413505412754,222.6790814977764,219.71316028240201,236.7079207159496,232.3559595216946,323.41054694336657,320.10212284824445,318.7008980126262,307.1193984055022,418.13752635344485,439.30052996145935,461.43930121538904,469.8539614564164,320.0,340.9823777075053,404.514375911521,463.5489893301814,485.3734822271491,492.79361503997563,541.3376225496762,491.83552812762207,444.6303733525648,497.5280183198974,536.0485987357384,467.10412958519834,418.7285588297383,494.3812137467812,526.3771331332318,460.8372673176931,409.214968393462,488.0402146179836,556.685324472001,600.3745677475077,640.0
320.0,160.64327682377817,18.775436249732195,0.0,102.19325973518403,107.48882046183357,108.56155900307269,154.0085197679876,170.84768911513788,227.07509660370323,242.5443003406272,266.4167621938157,262.17321783951115,339.27475679414704,357.1714370281218,356.8394636961403,346.18853052807845,443.4188308131064,488.85747131323797,526.2301645574381,551.0190067683915,320.0,349.076199364904,418.94062460306503,482.1024658290764,499.86341571172164,498.9724522987712,556.8591312991855,505.6940516360624,453.5326113488886,502.58182962860695,549.5647394725943,477.3986116250172,424.0156664365594,496.33094794974454,542.5727549358,480.5536711307469,424.69512853789865,484.2877437525887,556.041118873395,602.5292414745271,640.0,320.0,175.19759849795895,32.80810396710797,0.0,81.95690964605771,118.42042305530143,108.63880248233596,144.46693194886888,162.25993981547822,226.98839739420862,224.528224630093,244.01395928175396,243.17916542660097,327.4819163515981,322.6684714674662,324.9614503073526,318.11576444998036,420.7456502169656,441.08193398808805,467.8308454859772,480.826869192359,320.0,343.0548942471919,403.5496547507823,460.0765762848981,486.70446986522205,492.4381549370512,538.2724504495261,494.2165815492024,449.23486785839526,495.76183143966944,530.4546391050346,464.6876358648806,416.3928751931016,491.9078898128986,524.5054034803275,463.3491907183421,412.68263393491605,486.6773578574786,555.974909619633,600.8854795184086,640.0,320.0,175.98197438133803,32.31341883609889,0.0,87.58667993341282,113.92125489186895,104.18587676401543,146.86960596740388,164.69777333603346,221.79030011748526,219.083532980317,239.61921611661091,235.25479390363284,323.0981605183681,322.2643733034271,323.6720793723786,310.0706797842716,416.5385694577766,439.4040374870872,463.1938302319512,469.93566895325523,320.0,342.06179369339804,406.57985091520004,465.59487761549144,485.1953481640601,491.2521628216798,538.833016223747,490.02435125952326,443.9086067022953,495.79358631062036,535.3249928829264,466.89516086706897,419.2415643460324,492.4433992521904,524.819855071465,459.69773138971397,409.4847577994909,486.29993071124613,555.6780697118022,599.528056113818,640.0,320.0,174.19205299468135,31.097180593319592,0.0,87.27233955612706,116.94233108348084,104.52852323313837,141.82290631538018,157.9413505412754,222.6790814977764,219.71316028240201,236.7079207159496,232.3559595216946,323.41054694336657,320.10212284824445,318.7008980126262,307.1193984055022,418.13752635344485,439.30052996145935,461.43930121538904,469.8539614564164,320.0,340.9823777075053,404.514375911521,463.5489893301814,485.3734822271491,492.79361503997563,541.3376225496762,491.83552812762207,444.6303733525648,497.5280183198974,536.0485987357384,467.10412958519834,418.7285588297383,494.3812137467812,526.3771331332318,460.8372673176931,409.214968393462,488.0402146179836,556.685324472001,600.3745677475077,640.0,320.0,176.51975567001907,37.34442101348043,0.0,77.43584386483099,122.2608673691364,104.90696427689966,140.29729645960302,160.37414032787788,226.5734683171147,219.6459029039727,234.54989398668604,230.94615304258784,325.36217293429013,321.6552541162668,318.2554811810583,304.52648725716523,416.8684573943569,437.0086222631403,458.0069496979166,463.5696008687696,320.0,340.10752337600996,400.50419451515415,457.55655594149835,480.92539322273353,487.15081445070035,534.9746573538816,489.47650277335407,443.55587880003844,492.3492545174113,528.3411455394352,461.72995431385084,414.63488281690843,489.7846773755334,519.9419163103314,456.4951994014404,406.585894558207,484.2462286982583,553.6677074581698,599.1050029050205,640.0
320.0,175.19759849795895,32.80810396710797,0.0,81.95690964605771,118.42042305530143,108.63880248233596,144.46693194886888,162.25993981547822,226.98839739420862,224.528224630093,244.01395928175396,243.17916542660097,327.4819163515981,322.6684714674662,324.9614503073526,318.11576444998036,420.7456502169656,441.08193398808805,467.8308454859772,480.826869192359,320.0,343.0548942471919,403.5496547507823,460.0765762848981,486.70446986522205,492.4381549370512,538.2724504495261,494.2165815492024,449.23486785839526,495.76183143966944,530.4546391050346,464.6876358648806,416.3928751931016,491.9078898128986,524.5054034803275,463.3491907183421,412.68263393491605,486.6773578574786,555.974909619633,600.8854795184086,640.0,320.0,175.98197438133803,32.31341883609889,0.0,87.58667993341282,113.92125489186895,104.18587676401543,146.86960596740388,164.69777333603346,221.79030011748526,219.083532980317,239.61921611661091,235.25479390363284,323.0981605183681,322.2643733034271,323.6720793723786,310.0706797842716,416.5385694577766,439.4040374870872,463.1938302319512,469.93566895325523,320.0,342.06179369339804,406.57985091520004,465.59487761549144,485.1953481640601,491.2521628216798,538.833016223747,490.02435125952326,443.9086067022953,495.79358631062036,535.3249928829264,466.89516086706897,419.2415643460324,492.4433992521904,524.819855071465,459.69773138971397,409.4847577994909,486.29993071124613,555.6780697118022,599.528056113818,640.0,320.0,174.19205299468135,31.097180593319592,0.0,87.27233955612706,116.94233108348084,104.52852323313837,141.82290631538018,157.9413505412754,222.6790814977764,219.71316028240201,236.7079207159496,232.3559595216946,323.41054694336657,320.10212284824445,318.7008980126262,307.1193984055022,418.13752635344485,439.30052996145935,461.43930121538904,469.8539614564164,320.0,340.9823777075053,404.514375911521,463.5489893301814,485.3734822271491,492.79361503997563,541.3376225496762,491.83552812762207,444.6303733525648,497.5280183198974,536.0485987357384,467.10412958519834,418.7285588297383,494.3812137467812,526.3771331332318,460.8372673176931,409.214968393462,488.0402146179836,556.685324472001,600.3745677475077,640.0,320.0,176.51975567001907,37.34442101348043,0.0,77.43584386483099,122.2608673691364,104.90696427689966,140.29729645960302,160.37414032787788,226.5734683171147,219.6459029039727,234.54989398668604,230.94615304258784,325.36217293429013,321.6552541162668,318.2554811810583,304.52648725716523,416.8684573943569,437.0086222631403,458.0069496979166,463.5696008687696,320.0,340.10752337600996,400.50419451515415,457.55655594149835,480.92539322273353,487.15081445070035,534.9746573538816,489.47650277335407,443.55587880003844,492.3492545174113,528.3411455394352,461.72995431385084,414.63488281690843,489.7846773755334,519.9419163103314,456.4951994014404,406.585894558207,484.2462286982583,553.6677074581698,599.1050029050205,640.0,320.0,177.25152346187275,35.773695815278586,0.0,80.51507267508217,117.69246384909607,104.87635861099443,142.3147891588492,158.79270438135086,225.00748702225548,220.48914446378132,235.5844055160762,229.65970299420593,326.2733063178408,324.1962010432731,319.79574427031037,304.1491857019841,420.3752900413559,441.79990599228813,460.06774642496487,463.2419796978947,320.0,339.2604251897156,400.87034943872067,459.7559302214896,484.31530265807294,489.94635375189273,536.1227038158465,485.616286854032,438.00226269881193,494.2246875525037,530.5383922770709,461.57650912907945,414.02240748032625,490.0579427750466,521.2583268616679,455.52147301172494,403.64829025796325,482.1471066324124,553.4439701157305,599.2074541101274,640.0
320.0,175.98197438133803,32.31341883609889,0.0,87.58667993341282,113.92125489186895,104.18587676401543,146.86960596740388,164.69777333603346,221.79030011748526,219.083532980317,239.61921611661091,235.25479390363284,323.0981605183681,322.2643733034271,323.6720793723786,310.0706797842716,416.5385694577766,439.4040374870872,463.1938302319512,469.93566895325523,320.0,342.06179369339804,406.57985091520004,465.59487761549144,485.1953481640601,491.2521628216798,538.833016223747,490.02435125952326,443.9086067022953,495.79358631062036,535.3249928829264,466.89516086706897,419.2415643460324,492.4433992521904,524.819855071465,459.69773138971397,409.4847577994909,486.29993071124613,555.6780697118022,599.528056113818,640.0,320.0,174.19205299468135,31.097180593319592,0.0,87.27233955612706,116.94233108348084,104.52852323313837,141.82290631538018,157.9413505412754,222.6790814977764,219.71316028240201,236.7079207159496,232.3559595216946,323.41054694336657,320.10212284824445,318.7008980126262,307.1193984055022,418.13752635344485,439.30052996145935,461.43930121538904,469.8539614564164,320.0,340.9823777075053,404.514375911521,463.5489893301814,485.3734822271491,492.79361503997563,541.3376225496762,491.83552812762207,444.6303733525648,497.5280183198974,536.0485987357384,467.10412958519834,418.7285588297383,494.3812137467812,526.3771331332318,460.8372673176931,409.214968393462,488.0402146179836,556.685324472001,600.3745677475077,640.0,320.0,176.51975567001907,37.34442101348043,0.0,77.43584386483099,122.2608673691364,104.90696427689966,140.29729645960302,160.37414032787788,226.5734683171147,219.6459029039727,234.54989398668604,230.94615304258784,325.36217293429013,321.6552541162668,318.2554811810583,304.52648725716523,416.8684573943569,437.0086222631403,458.0069496979166,463.5696008687696,320.0,340.10752337600996,400.50419451515415,457.55655594149835,480.92539322273353,487.15081445070035,534.9746573538816,489.47650277335407,443.55587880003844,492.3492545174113,528.3411455394352,461.72995431385084,414.63488281690843,489.7846773755334,519.9419163103314,456.4951994014404,406.585894558207,484.2462286982583,553.6677074581698,599.1050029050205,640.0,320.0,177.25152346187275,35.773695815278586,0.0,80.51507267508217,117.69246384909607,104.87635861099443,142.3147891588492,158.79270438135086,225.00748702225548,220.48914446378132,235.5844055160762,229.65970299420593,326.2733063178408,324.1962010432731,319.79574427031037,304.1491857019841,420.3752900413559,441.79990599228813,460.06774642496487,463.2419796978947,320.0,339.2604251897156,400.87034943872067,459.7559302214896,484.31530265807294,489.94635375189273,536.1227038158465,485.616286854032,438.00226269881193,494.2246875525037,530.5383922770709,461.57650912907945,414.02240748032625,490.0579427750466,521.2583268616679,455.52147301172494,403.64829025796325,482.1471066324124,553.4439701157305,599.2074541101274,640.0,320.0,177.27823801905342,34.150618113437815,0.0,84.5657617979702,116.79449858790602,105.26330388326573,145.1337869088559,163.4516570871151,224.7254815294378,220.89887437477,236.67484135977088,231.508893730058,326.5250542154931,325.7789301534292,321.86966895552246,307.27761741445636,421.0312583676001,444.8955738072227,465.52985501452883,472.0733234133719,320.0,340.34161684960173,402.83927568673846,461.7933260220292,484.4962270663555,491.292690935276,538.857508317213,487.42529069898865,438.7104474373059,495.20268472266514,533.1041490757466,462.5604136722019,413.502332331262,491.50612970951704,523.8709034381109,456.7304129541086,403.82397399135493,484.30936720630905,555.3857575079912,600.0585198719964,640.0
320.0,174.19205299468135,31.097180593319592,0.0,87.27233955612706,116.94233108348084,104.52852323313837,141.82290631538018,157.9413505412754,222.6790814977764,219.71316028240201,236.7079207159496,232.3559595216946,323.41054694336657,320.10212284824445,318.7008980126262,307.1193984055022,418.13752635344485,439.30052996145935,461.43930121538904,469.8539614564164,320.0,340.9823777075053,404.514375911521,463.5489893301814,485.3734822271491,492.79361503997563,541.3376225496762,491.83552812762207,444.6303733525648,497.5280183198974,536.0485987357384,467.10412958519834,418.7285588297383,494.3812137467812,526.3771331332318,460.8372673176931,409.214968393462,488.0402146179836,556.685324472001,600.3745677475077,640.0,320.0,176.51975567001907,37.34442101348043,0.0,77.43584386483099,122.2608673691364,104.90696427689966,140.29729645960302,160.37414032787788,226.5734683171147,219.6459029039727,234.54989398668604,230.94615304258784,325.36217293429013,321.6552541162668,318.2554811810583,304.52648725716523,416.8684573943569,437.0086222631403,458.0069496979166,463.5696008687696,320.0,340.10752337600996,400.50419451515415,457.55655594149835,480.92539322273353,487.15081445070035,534.9746573538816,489.47650277335407,443.55587880003844,492.3492545174113,528.3411455394352,461.72995431385084,414.63488281690843,489.7846773755334,519.9419163103314,456.4951994014404,406.585894558207,484.2462286982583,553.6677074581698,599.1050029050205,640.0,320.0,177.25152346187275,35.773695815278586,0.0,80.51507267508217,117.69246384909607,104.87635861099443,142.3147891588492,158.79270438135086,225.00748702225548,220.48914446378132,235.5844055160762,229.65970299420593,326.2733063178408,324.1962010432731,319.79574427031037,304.1491857019841,420.3752900413559,441.79990599228813,460.06774642496487,463.2419796978947,320.0,339.2604251897156,400.87034943872067,459.7559302214896,484.31530265807294,489.94635375189273,536.1227038158465,485.616286854032,438.00226269881193,494.2246875525037,530.5383922770709,461.57650912907945,414.02240748032625,490.0579427750466,521.2583268616679,455.52147301172494,403.64829025796325,482.1471066324124,553.4439701157305,599.2074541101274,640.0,320.0,177.27823801905342,34.150618113437815,0.0,84.5657617979702,116.79449858790602,105.26330388326573,145.1337869088559,163.4516570871151,224.7254815294378,220.89887437477,236.67484135977088,231.508893730058,326.5250542154931,325.7789301534292,321.86966895552246,307.27761741445636,421.0312583676001,444.8955738072227,465.52985501452883,472.0733234133719,320.0,340.34161684960173,402.83927568673846,461.7933260220292,484.4962270663555,491.292690935276,538.857508317213,487.42529069898865,438.7104474373059,495.20268472266514,533.1041490757466,462.5604136722019,413.502332331262,491.50612970951704,523.8709034381109,456.7304129541086,403.82397399135493,484.30936720630905,555.3857575079912,600.0585198719964,640.0,320.0,177.2277722711708,36.165238470107454,0.0,78.18320806613548,120.67829306926686,108.37256238873334,143.6027130013578,159.89902090328263,225.76966151862615,220.88319392256702,235.05208123393447,230.5249542826597,324.8557021298961,321.67268421143336,318.5550713951099,304.02356178923407,416.1804588298953,436.11351830310224,456.8194062863248,461.39776343606957,320.0,340.48311708364173,404.03169312515627,460.9743236008385,481.7769229607327,490.7993602298608,539.0094975320515,488.5478124124134,440.5101378056824,495.2876196422188,533.2486795929773,465.48554223540253,416.94692693831723,491.36884292568965,522.3618460691563,458.1657796820953,408.7410189665329,484.47926369371595,554.0663165720941,598.6008972222362,640.0
320.0,176.51975567001907,37.34442101348043,0.0,77.43584386483099,122.2608673691364,104.90696427689966,140.29729645960302,160.37414032787788,226.5734683171147,219.6459029039727,234.54989398668604,230.94615304258784,325.36217293429013,321.6552541162668,318.2554811810583,304.52648725716523,416.8684573943569,437.0086222631403,458.0069496979166,463.5696008687696,320.0,340.10752337600996,400.50419451515415,457.55655594149835,480.92539322273353,487.15081445070035,534.9746573538816,489.47650277335407,443.55587880003844,492.3492545174113,528.3411455394352,461.72995431385084,414.63488281690843,489.7846773755334,519.9419163103314,456.4951994014404,406.585894558207,484.2462286982583,553.6677074581698,599.1050029050205,640.0,320.0,177.25152346187275,35.773695815278586,0.0,80.51507267508217,117.69246384909607,104.87635861099443,142.3147891588492,158.79270438135086,225.00748702225548,220.48914446378132,235.5844055160762,229.65970299420593,326.2733063178408,324.1962010432731,319.79574427031037,304.1491857019841,420.3752900413559,441.79990599228813,460.06774642496487,463.2419796978947,320.0,339.2604251897156,400.87034943872067,459.7559302214896,484.31530265807294,489.94635375189273,536.1227038158465,485.616286854032,438.00226269881193,494.2246875525037,530.5383922770709,461.57650912907945,414.02240748032625,490.0579427750466,521.2583268616679,455.52147301172494,403.64829025796325,482.1471066324124,553.4439701157305,599.2074541101274,640.0,320.0,177.27823801905342,34.150618113437815,0.0,84.5657617979702,116.79449858790602,105.26330388326573,145.1337869088559,163.4516570871151,224.7254815294378,220.89887437477,236.67484135977088,231.508893730058,326.5250542154931,325.7789301534292,321.86966895552246,307.27761741445636,421.0312583676001,444.8955738072227,465.52985501452883,472.0733234133719,320.0,340.34161684960173,402.83927568673846,461.7933260220292,484.4962270663555,491.292690935276,538.857508317213,487.42529069898865,438.7104474373059,495.20268472266514,533.1041490757466,462.5604136722019,413.502332331262,491.50612970951704,523.8709034381109,456.7304129541086,403.82397399135493,484.30936720630905,555.3857575079912,600.0585198719964,640.0,320.0,177.2277722711708,36.165238470107454,0.0,78.18320806613548,120.67829306926686,108.37256238873334,143.6027130013578,159.89902090328263,225.76966151862615,220.88319392256702,235.05208123393447,230.5249542826597,324.8557021298961,321.67268421143336,318.5550713951099,304.02356178923407,416.1804588298953,436.11351830310224,456.8194062863248,461.39776343606957,320.0,340.48311708364173,404.03169312515627,460.9743236008385,481.7769229607327,490.7993602298608,539.0094975320515,488.5478124124134,440.5101378056824,495.2876196422188,533.2486795929773,465.48554223540253,416.94692693831723,491.36884292568965,522.3618460691563,458.1657796820953,408.7410189665329,484.47926369371595,554.0663165720941,598.6008972222362,640.0,320.0,175.56188998066068,32.29834308294858,0.0,79.33945246843655,122.00179279699438,101.8795170367959,141.24341700455145,161.42229935118172,230.47348118880308,211.7204066714653,228.75804731412313,227.29211568146962,333.4204703509317,319.7867598807294,317.8469717816225,308.36536855429364,431.383065912442,451.37894227332015,470.63017358872423,474.2815809755718,320.0,341.2113623152993,403.4679950448367,461.00656591558544,487.13715892327394,488.60070402815694,538.2634983272715,492.01575418072287,445.3547603803254,492.94708889388414,532.0470131731486,462.4448728673013,412.3601930476043,490.06431607774334,521.8173938866306,456.2414419303338,403.28791379279505,484.2027047961382,556.1813151266056,601.1892433669043,640.0
320.0,177.25152346187275,35.773695815278586,0.0,80.51507267508217,117.69246384909607,104.87635861099443,142.3147891588492,158.79270438135086,225.00748702225548,220.48914446378132,235.5844055160762,229.65970299420593,326.2733063178408,324.1962010432731,319.79574427031037,304.1491857019841,420.3752900413559,441.79990599228813,460.06774642496487,463.2419796978947,320.0,339.2604251897156,400.87034943872067,459.7559302214896,484.31530265807294,489.94635375189273,536.1227038158465,485.616286854032,438.00226269881193,494.2246875525037,530.5383922770709,461.57650912907945,414.02240748032625,490.0579427750466,521.2583268616679,455.52147301172494,403.64829025796325,482.1471066324124,553.4439701157305,599.2074541101274,640.0,320.0,177.27823801905342,34.150618113437815,0.0,84.5657617979702,116.79449858790602,105.26330388326573,145.1337869088559,163.4516570871151,224.7254815294378,220.89887437477,236.67484135977088,231.508893730058,326.5250542154931,325.7789301534292,321.86966895552246,307.27761741445636,421.0312583676001,444.8955738072227,465.52985501452883,472.0733234133719,320.0,340.34161684960173,402.83927568673846,461.7933260220292,484.4962270663555,491.292690935276,538.857508317213,487.42529069898865,438.7104474373059,495.20268472266514,533.1041490757466,462.5604136722019,413.502332331262,491.50612970951704,523.8709034381109,456.7304129541086,403.82397399135493,484.30936720630905,555.3857575079912,600.0585198719964,640.0,320.0,177.2277722711708,36.165238470107454,0.0,78.18320806613548,120.67829306926686,108.37256238873334,143.6027130013578,159.89902090328263,225.76966151862615,220.88319392256702,235.05208123393447,230.5249542826597,324.8557021298961,321.67268421143336,318.5550713951099,304.02356178923407,416.1804588298953,436.11351830310224,456.8194062863248,461.39776343606957,320.0,340.48311708364173,404.03169312515627,460.9743236008385,481.7769229607327,490.7993602298608,539.0094975320515,488.5478124124134,440.5101378056824,495.2876196422188,533.2486795929773,465.48554223540253,416.94692693831723,491.36884292568965,522.3618460691563,458.1657796820953,408.7410189665329,484.47926369371595,554.0663165720941,598.6008972222362,640.0,320.0,175.56188998066068,32.29834308294858,0.0,79.33945246843655,122.00179279699438,101.8795170367959,141.24341700455145,161.42229935118172,230.47348118880308,211.7204066714653,228.75804731412313,227.29211568146962,333.4204703509317,319.7867598807294,317.8469717816225,308.36536855429364,431.383065912442,451.37894227332015,470.63017358872423,474.2815809755718,320.0,341.2113623152993,403.4679950448367,461.00656591558544,487.13715892327394,488.60070402815694,538.2634983272715,492.01575418072287,445.3547603803254,492.94708889388414,532.0470131731486,462.4448728673013,412.3601930476043,490.06431607774334,521.8173938866306,456.2414419303338,403.28791379279505,484.2027047961382,556.1813151266056,601.1892433669043,640.0,320.0,176.90575776388653,35.85373887014947,0.0,79.77673920874224,120.49288385777257,103.85297260396595,140.14094050957854,159.70735435356957,225.52289667067723,221.94011505812512,238.14533601766738,233.75535150299018,324.2998545449199,321.5570713352592,321.2956298467309,308.6451459646269,415.82453253943004,435.32217269616,457.18487123023635,462.6887957498461,320.0,339.4716389068858,400.140388340349,457.09414348199675,480.0442452184294,488.3084098915132,537.5307475445198,491.09171484056975,443.1203405611941,492.8164094955118,528.9535245585608,462.6485224511483,413.44777272193727,489.7619522033008,519.1696502530774,455.73049515629316,404.9589733371597,484.95746953441846,554.8736701266662,600.1804396200225,640.0
320.0,177.27823801905342,34.150618113437815,0.0,84.5657617979702,116.79449858790602,105.26330388326573,145.1337869088559,163.4516570871151,224.7254815294378,220.89887437477,236.67484135977088,231.508893730058,326.5250542154931,325.7789301534292,321.86966895552246,307.27761741445636,421.0312583676001,444.8955738072227,465.52985501452883,472.0733234133719,320.0,340.34161684960173,402.83927568673846,461.7933260220292,484.4962270663555,491.292690935276,538.857508317213,487.42529069898865,438.7104474373059,495.20268472266514,533.1041490757466,462.5604136722019,413.502332331262,491.50612970951704,523.8709034381109,456.7304129541086,403.82397399135493,484.30936720630905,555.3857575079912,600.0585198719964,640.0,320.0,177.2277722711708,36.165238470107454,0.0,78.18320806613548,120.67829306926686,108.37256238873334,143.6027130013578,159.89902090328263,225.76966151862615,220.88319392256702,235.05208123393447,230.5249542826597,324.8557021298961,321.67268421143336,318.5550713951099,304.02356178923407,416.1804588298953,436.11351830310224,456.8194062863248,461.39776343606957,320.0,340.48311708364173,404.03169312515627,460.9743236008385,481.7769229607327,490.7993602298608,539.0094975320515,488.5478124124134,440.5101378056824,495.2876196422188,533.2486795929773,465.48554223540253,416.94692693831723,491.36884292568965,522.3618460691563,458.1657796820953,408.7410189665329,484.47926369371595,554.0663165720941,598.6008972222362,640.0,320.0,175.56188998066068,32.29834308294858,0.0,79.33945246843655,122.00179279699438,101.8795170367959,141.24341700455145,161.42229935118172,230.47348118880308,211.7204066714653,228.75804731412313,227.29211568146962,333.4204703509317,319.7867598807294,317.8469717816225,308.36536855429364,431.383065912442,451.37894227332015,470.63017358872423,474.2815809755718,320.0,341.2113623152993,403.4679950448367,461.00656591558544,487.13715892327394,488.60070402815694,538.2634983272715,492.01575418072287,445.3547603803254,492.94708889388414,532.0470131731486,462.4448728673013,412.3601930476043,490.06431607774334,521.8173938866306,456.2414419303338,403.28791379279505,484.2027047961382,556.1813151266056,601.1892433669043,640.0,320.0,176.90575776388653,35.85373887014947,0.0,79.77673920874224,120.49288385777257,103.85297260396595,140.14094050957854,159.70735435356957,225.52289667067723,221.94011505812512,238.14533601766738,233.75535150299018,324.2998545449199,321.5570713352592,321.2956298467309,308.6451459646269,415.82453253943004,435.32217269616,457.18487123023635,462.6887957498461,320.0,339.4716389068858,400.140388340349,457.09414348199675,480.0442452184294,488.3084098915132,537.5307475445198,491.09171484056975,443.1203405611941,492.8164094955118,528.9535245585608,462.6485224511483,413.44777272193727,489.7619522033008,519.1696502530774,455.73049515629316,404.9589733371597,484.95746953441846,554.8736701266662,600.1804396200225,640.0,320.0,175.59810976594144,32.731315164898774,0.0,81.29382123715513,121.11860130276835,108.45260133637123,146.85135773826437,163.50734405167242,230.2565841521596,223.69478081802515,238.72324317295758,233.62243385532216,332.88334912424364,329.3086590923867,325.1342368607329,310.1239609593179,427.76810810771326,445.56521256367193,462.59488608264405,464.75795200780755,320.0,340.9402422692957,402.9662366562705,460.855403471331,484.40103633828824,490.1661487888694,538.9653613520544,488.0427062527702,438.90300961644675,494.0727519756212,531.939136871274,461.94748659111235,411.85299227779916,490.49039045075955,521.4423606592457,456.06820549051207,404.2949467714575,484.11898450810526,555.538956039657,600.4020460130746,640.0
320.0,177.2277722711708,36.165238470107454,0.0,78.18320806613548,120.67829306926686,108.37256238873334,143.6027130013578,159.89902090328263,225.76966151862615,220.88319392256702,235.05208123393447,230.5249542826597,324.8557021298961,321.67268421143336,318.5550713951099,304.02356178923407,416.1804588298953,436.11351830310224,456.8194062863248,461.39776343606957,320.0,340.48311708364173,404.03169312515627,460.9743236008385,481.7769229607327,490.7993602298608,539.0094975320515,488.5478124124134,440.5101378056824,495.2876196422188,533.2486795929773,465.48554223540253,416.94692693831723,491.36884292568965,522.3618460691563,458.1657796820953,408.7410189665329,484.47926369371595,554.0663165720941,598.6008972222362,640.0,320.0,175.56188998066068,32.29834308294858,0.0,79.33945246843655,122.00179279699438,101.8795170367959,141.24341700455145,161.42229935118172,230.47348118880308,211.7204066714653,228.75804731412313,227.29211568146962,333.4204703509317,319.7867598807294,317.8469717816225,308.36536855429364,431.383065912442,451.37894227332015,470.63017358872423,474.2815809755718,320.0,341.2113623152993,403.4679950448367,461.00656591558544,487.13715892327394,488.60070402815694,538.2634983272715,492.01575418072287,445.3547603803254,492.94708889388414,532.0470131731486,462.4448728673013,412.3601930476043,490.06431607774334,521.8173938866306,456.2414419303338,403.28791379279505,484.2027047961382,556.1813151266056,601.1892433669043,640.0,320.0,176.90575776388653,35.85373887014947,0.0,79.77673920874224,120.49288385777257,103.85297260396595,140.14094050957854,159.70735435356957,225.52289667067723,221.94011505812512,238.14533601766738,233.75535150299018,324.2998545449199,321.5570713352592,321.2956298467309,308.6451459646269,415.82453253943004,435.32217269616,457.18487123023635,462.6887957498461,320.0,339.4716389068858,400.140388340349,457.09414348199675,480.0442452184294,488.3084098915132,537.5307475445198,491.09171484056975,443.1203405611941,492.8164094955118,528.9535245585608,462.6485224511483,413.44777272193727,489.7619522033008,519.1696502530774,455.73049515629316,404.9589733371597,484.95746953441846,554.8736701266662,600.1804396200225,640.0,320.0,175.59810976594144,32.731315164898774,0.0,81.29382123715513,121.11860130276835,108.45260133637123,146.85135773826437,163.50734405167242,230.2565841521596,223.69478081802515,238.72324317295758,233.62243385532216,332.88334912424364,329.3086590923867,325.1342368607329,310.1239609593179,427.76810810771326,445.56521256367193,462.59488608264405,464.75795200780755,320.0,340.9402422692957,402.9662366562705,460.855403471331,484.40103633828824,490.1661487888694,538.9653613520544,488.0427062527702,438.90300961644675,494.0727519756212,531.939136871274,461.94748659111235,411.85299227779916,490.49039045075955,521.4423606592457,456.06820549051207,404.2949467714575,484.11898450810526,555.538956039657,600.4020460130746,640.0,320.0,177.97427883336303,35.133198072416235,0.0,79.09534043877284,122.8785127159914,109.24328688655433,146.48544479943368,162.49725275360842,230.36106336364753,221.9645530027692,237.22318745358598,231.42007768634429,331.3784352147248,325.3121912962607,321.88515469021473,307.04664650862577,425.1914743979771,445.8378118269246,463.4892226969978,465.3069165831889,320.0,339.4672628429917,402.2243434331358,460.3614853817876,483.93046818844323,488.54893023222644,538.7096255922909,488.14944343382797,439.87208133368654,492.59151916944734,532.4609996776235,462.4186544629222,413.17942319143526,489.40864568933097,523.5898691134562,457.5173568397621,405.27875291255754,483.52695430538347,555.0604618520772,599.9901084733008,640.0
320.0,175.56188998066068,32.29834308294858,0.0,79.33945246843655,122.00179279699438,101.8795170367959,141.24341700455145,161.42229935118172,230.47348118880308,211.7204066714653,228.75804731412313,227.29211568146962,333.4204703509317,319.7867598807294,317.8469717816225,308.36536855429364,431.383065912442,451.37894227332015,470.63017358872423,474.2815809755718,320.0,341.2113623152993,403.4679950448367,461.00656591558544,487.13715892327394,488.60070402815694,538.2634983272715,492.01575418072287,445.3547603803254,492.94708889388414,532.0470131731486,462.4448728673013,412.3601930476043,490.06431607774334,521.8173938866306,456.2414419303338,403.28791379279505,484.2027047961382,556.1813151266056,601.1892433669043,640.0,320.0,176.90575776388653,35.85373887014947,0.0,79.77673920874224,120.49288385777257,103.85297260396595,140.14094050957854,159.70735435356957,225.52289667067723,221.94011505812512,238.14533601766738,233.75535150299018,324.2998545449199,321.5570713352592,321.2956298467309,308.6451459646269,415.82453253943004,435.32217269616,457.18487123023635,462.6887957498461,320.0,339.4716389068858,400.140388340349,457.09414348199675,480.0442452184294,488.3084098915132,537.5307475445198,491.09171484056975,443.1203405611941,492.8164094955118,528.9535245585608,462.6485224511483,413.44777272193727,489.7619522033008,519.1696502530774,455.73049515629316,404.9589733371597,484.95746953441846,554.8736701266662,600.1804396200225,640.0,320.0,175.59810976594144,32.731315164898774,0.0,81.29382123715513,121.11860130276835,108.45260133637123,146.85135773826437,163.50734405167242,230.2565841521596,223.69478081802515,238.72324317295758,233.62243385532216,332.88334912424364,329.3086590923867,325.1342368607329,310.1239609593179,427.76810810771326,445.56521256367193,462.59488608264405,464.75795200780755,320.0,340.9402422692957,402.9662366562705,460.855403471331,484.40103633828824,490.1661487888694,538.9653613520544,488.0427062527702,438.90300961644675,494.0727519756212,531.939136871274,461.94748659111235,411.85299227779916,490.49039045075955,521.4423606592457,456.06820549051207,404.2949467714575,484.11898450810526,555.538956039657,600.4020460130746,640.0,320.0,177.97427883336303,35.133198072416235,0.0,79.09534043877284,122.8785127159914,109.24328688655433,146.48544479943368,162.49725275360842,230.36106336364753,221.9645530027692,237.22318745358598,231.42007768634429,331.3784352147248,325.3121912962607,321.88515469021473,307.04664650862577,425.1914743979771,445.8378118269246,463.4892226969978,465.3069165831889,320.0,339.4672628429917,402.2243434331358,460.3614853817876,483.93046818844323,488.54893023222644,538.7096255922909,488.14944343382797,439.87208133368654,492.59151916944734,532.4609996776235,462.4186544629222,413.17942319143526,489.40864568933097,523.5898691134562,457.5173568397621,405.27875291255754,483.52695430538347,555.0604618520772,599.9901084733008,640.0,320.0,175.52943931543768,32.11403566321093,0.0,81.9430921982644,118.65395223468016,109.56113085993638,146.04378776944446,161.83941699467238,226.74823783044633,225.29871491584333,239.64416222403906,233.81895732282618,327.48278429703123,326.99644050428986,323.7070769505957,309.28320835332653,420.5800103969401,442.71143019119603,464.09681216400804,470.3370003092016,320.0,340.55250161318315,404.76203547743495,462.99709466946234,485.78584911278665,492.4322447077668,542.9757662859988,491.86414810163086,442.21481345028656,495.6378204834021,535.908199153994,465.4039745673115,413.7474836371041,491.3386058042147,524.4899833227922,457.9132550396097,405.31537810173546,484.2655742344931,554.8881722032165,599.5051695501893,640.0
320.0,176.90575776388653,35.85373887014947,0.0,79.77673920874224,120.49288385777257,103.85297260396595,140.14094050957854,159.70735435356957,225.52289667067723,221.94011505812512,238.14533601766738,233.75535150299018,324.2998545449199,321.5570713352592,321.2956298467309,308.6451459646269,415.82453253943004,435.32217269616,457.18487123023635,462.6887957498461,320.0,339.4716389068858,400.140388340349,457.09414348199675,480.0442452184294,488.3084098915132,537.5307475445198,491.09171484056975,443.1203405611941,492.8164094955118,528.9535245585608,462.6485224511483,413.44777272193727,489.7619522033008,519.1696502530774,455.73049515629316,404.9589733371597,484.95746953441846,554.8736701266662,600.1804396200225,640.0,320.0,175.59810976594144,32.731315164898774,0.0,81.29382123715513,121.11860130276835,108.45260133637123,146.85135773826437,163.50734405167242,230.2565841521596,223.69478081802515,238.72324317295758,233.62243385532216,332.88334912424364,329.3086590923867,325.1342368607329,310.1239609593179,427.76810810771326,445.56521256367193,462.59488608264405,464.75795200780755,320.0,340.9402422692957,402.9662366562705,460.855403471331,484.40103633828824,490.1661487888694,538.9653613520544,488.0427062527702,438.90300961644675,494.0727519756212,531.939136871274,461.94748659111235,411.85299227779916,490.49039045075955,521.4423606592457,456.06820549051207,404.2949467714575,484.11898450810526,555.538956039657,600.4020460130746,640.0,320.0,177.97427883336303,35.133198072416235,0.0,79.09534043877284,122.8785127159914,109.24328688655433,146.48544479943368,162.49725275360842,230.36106336364753,221.9645530027692,237.22318745358598,231.42007768634429,331.3784352147248,325.3121912962607,321.88515469021473,307.04664650862577,425.1914743979771,445.8378118269246,463.4892226969978,465.3069165831889,320.0,339.4672628429917,402.2243434331358,460.3614853817876,483.93046818844323,488.54893023222644,538.7096255922909,488.14944343382797,439.87208133368654,492.59151916944734,532.4609996776235,462.4186544629222,413.17942319143526,489.40864568933097,523.5898691134562,457.5173568397621,405.27875291255754,483.52695430538347,555.0604618520772,599.9901084733008,640.0,320.0,175.52943931543768,32.11403566321093,0.0,81.9430921982644,118.65395223468016,109.56113085993638,146.04378776944446,161.83941699467238,226.74823783044633,225.29871491584333,239.64416222403906,233.81895732282618,327.48278429703123,326.99644050428986,323.7070769505957,309.28320835332653,420.5800103969401,442.71143019119603,464.09681216400804,470.3370003092016,320.0,340.55250161318315,404.76203547743495,462.99709466946234,485.78584911278665,492.4322447077668,542.9757662859988,491.86414810163086,442.21481345028656,495.6378204834021,535.908199153994,465.4039745673115,413.7474836371041,491.3386058042147,524.4899833227922,457.9132550396097,405.31537810173546,484.2655742344931,554.8881722032165,599.5051695501893,640.0,320.0,175.07804098735295,30.772847339471525,0.0,82.96288485778291,115.83988574774264,106.50915976058224,144.66341524565277,157.8626908005815,227.01998521176048,218.70796946692775,233.39796048824917,226.63805088132665,331.17474242498133,324.6219677555456,319.8225762730034,303.8069216517664,427.74522109794697,447.5996672133541,463.8803795736014,464.74059878457604,320.0,340.58098415035386,404.94383875696144,463.8148452889254,487.33984527322707,491.7069070280935,538.4571068676357,487.0364952320033,439.72313196861256,495.03471525246135,532.1989466221728,461.2827532248001,413.5512371004334,490.79223532066317,521.6924792306068,454.4913693807099,402.5485857597869,483.11819595808174,554.4129573468425,599.3882680845105,640.0
320.0,175.59810976594144,32.731315164898774,0.0,81.29382123715513,121.11860130276835,108.45260133637123,146.85135773826437,163.50734405167242,230.2565841521596,223.69478081802515,238.72324317295758,233.62243385532216,332.88334912424364,329.3086590923867,325.1342368607329,310.1239609593179,427.76810810771326,445.56521256367193,462.59488608264405,464.75795200780755,320.0,340.9402422692957,402.9662366562705,460.855403471331,484.40103633828824,490.1661487888694,538.9653613520544,488.0427062527702,438.90300961644675,494.0727519756212,531.939136871274,461.94748659111235,411.85299227779916,490.49039045075955,521.4423606592457,456.06820549051207,404.2949467714575,484.11898450810526,555.538956039657,600.4020460130746,640.0,320.0,177.97427883336303,35.133198072416235,0.0,79.09534043877284,122.8785127159914,109.24328688655433,146.48544479943368,162.49725275360842,230.36106336364753,221.9645530027692,237.22318745358598,231.42007768634429,331.3784352147248,325.3121912962607,321.88515469021473,307.04664650862577,425.1914743979771,445.8378118269246,463.4892226969978,465.3069165831889,320.0,339.4672628429917,402.2243434331358,460.3614853817876,483.93046818844323,488.54893023222644,538.7096255922909,488.14944343382797,439.87208133368654,492.59151916944734,532.4609996776235,462.4186544629222,413.17942319143526,489.40864568933097,523.5898691134562,457.5173568397621,405.27875291255754,483.52695430538347,555.0604618520772,599.9901084733008,640.0,320.0,175.52943931543768,32.11403566321093,0.0,81.9430921982644,118.65395223468016,109.56113085993638,146.04378776944446,161.83941699467238,226.74823783044633,225.29871491584333,239.64416222403906,233.81895732282618,327.48278429703123,326.99644050428986,323.7070769505957,309.28320835332653,420.5800103969401,442.71143019119603,464.09681216400804,470.3370003092016,320.0,340.55250161318315,404.76203547743495,462.99709466946234,485.78584911278665,492.4322447077668,542.9757662859988,491.86414810163086,442.21481345028656,495.6378204834021,535.908199153994,465.4039745673115,413.7474836371041,491.3386058042147,524.4899833227922,457.9132550396097,405.31537810173546,484.2655742344931,554.8881722032165,599.5051695501893,640.0,320.0,175.07804098735295,30.772847339471525,0.0,82.96288485778291,115.83988574774264,106.50915976058224,144.66341524565277,157.8626908005815,227.01998521176048,218.70796946692775,233.39796048824917,226.63805088132665,331.17474242498133,324.6219677555456,319.8225762730034,303.8069216517664,427.74522109794697,447.5996672133541,463.8803795736014,464.74059878457604,320.0,340.58098415035386,404.94383875696144,463.8148452889254,487.33984527322707,491.7069070280935,538.4571068676357,487.0364952320033,439.72313196861256,495.03471525246135,532.1989466221728,461.2827532248001,413.5512371004334,490.79223532066317,521.6924792306068,454.4913693807099,402.5485857597869,483.11819595808174,554.4129573468425,599.3882680845105,640.0,320.0,176.83511372771136,34.72402861061221,0.0,84.43317906962153,122.76469184489667,111.292490681733,149.52184112655314,165.31309787449115,231.9800694333286,228.28524538835933,241.9416940629872,233.7169228640398,334.7674288384605,332.88657249016575,327.56165418074596,310.3307904153628,428.97713953683365,449.67289174393045,467.68315371080155,470.16051986460445,320.0,340.95572895386783,403.4717758948181,461.3555641902652,483.21015530803953,490.12455661414134,537.719158104685,486.7661807696862,439.0956012453994,493.61514357613726,530.1875937009607,460.42695118961655,412.676057747308,489.7066440755978,520.9907162047004,455.263379955207,404.1022801748362,482.93579389207315,554.1987202470787,599.4483421079401,640.0
320.0,177.97427883336303,35.133198072416235,0.0,79.09534043877284,122.8785127159914,109.24328688655433,146.48544479943368,162.49725275360842,230.36106336364753,221.9645530027692,237.22318745358598,231.42007768634429,331.3784352147248,325.3121912962607,321.88515469021473,307.04664650862577,425.1914743979771,445.8378118269246,463.4892226969978,465.3069165831889,320.0,339.4672628429917,402.2243434331358,460.3614853817876,483.93046818844323,488.54893023222644,538.7096255922909,488.14944343382797,439.87208133368654,492.59151916944734,532.4609996776235,462.4186544629222,413.17942319143526,489.40864568933097,523.5898691134562,457.5173568397621,405.27875291255754,483.52695430538347,555.0604618520772,599.9901084733008,640.0,320.0,175.52943931543768,32.11403566321093,0.0,81.9430921982644,118.65395223468016,109.56113085993638,146.04378776944446,161.83941699467238,226.74823783044633,225.29871491584333,239.64416222403906,233.81895732282618,327.48278429703123,326.99644050428986,323.7070769505957,309.28320835332653,420.5800103969401,442.71143019119603,464.09681216400804,470.3370003092016,320.0,340.55250161318315,404.76203547743495,462.99709466946234,485.78584911278665,492.4322447077668,542.9757662859988,491.86414810163086,442.21481345028656,495.6378204834021,535.908199153994,465.4039745673115,413.7474836371041,491.3386058042147,524.4899833227922,457.9132550396097,405.31537810173546,484.2655742344931,554.8881722032165,599.5051695501893,640.0,320.0,175.07804098735295,30.772847339471525,0.0,82.96288485778291,115.83988574774264,106.50915976058224,144.66341524565277,157.8626908005815,227.01998521176048,218.70796946692775,233.39796048824917,226.63805088132665,331.17474242498133,324.6219677555456,319.8225762730034,303.8069216517664,427.74522109794697,447.5996672133541,463.8803795736014,464.74059878457604,320.0,340.58098415035386,404.94383875696144,463.8148452889254,487.33984527322707,491.7069070280935,538.4571068676357,487.0364952320033,439.72313196861256,495.03471525246135,532.1989466221728,461.2827532248001,413.5512371004334,490.79223532066317,521.6924792306068,454.4913693807099,402.5485857597869,483.11819595808174,554.4129573468425,599.3882680845105,640.0,320.0,176.83511372771136,34.72402861061221,0.0,84.43317906962153,122.76469184489667,111.292490681733,149.52184112655314,165.31309787449115,231.9800694333286,228.28524538835933,241.9416940629872,233.7169228640398,334.7674288384605,332.88657249016575,327.56165418074596,310.3307904153628,428.97713953683365,449.67289174393045,467.68315371080155,470.16051986460445,320.0,340.95572895386783,403.4717758948181,461.3555641902652,483.21015530803953,490.12455661414134,537.719158104685,486.7661807696862,439.0956012453994,493.61514357613726,530.1875937009607,460.42695118961655,412.676057747308,489.7066440755978,520.9907162047004,455.263379955207,404.1022801748362,482.93579389207315,554.1987202470787,599.4483421079401,640.0,320.0,173.53999973837216,31.945454414507026,0.0,81.66880941836749,122.22585332936873,111.0924770675104,144.70877513042075,160.37747313647847,231.84474826917744,227.73894302641986,238.42728149407728,232.46654066394976,334.5662158779591,331.1842202541994,324.570409272679,309.4122677299536,429.45234676508187,450.52593518361056,470.7166442494713,476.4862850417803,320.0,341.5651932363482,406.2625398767417,463.98472114074957,486.352441003978,493.6449064752831,542.3303891910523,491.9142651779562,442.08360707142066,496.12071708954977,533.7762667777512,464.14564781129343,412.223622576668,490.96902486520514,522.447450516631,457.59203147941105,405.4685081121156,483.4652072210152,554.4537129290848,599.6425064643247,640.0
320.0,175.52943931543768,32.11403566321093,0.0,81.9430921982644,118.65395223468016,109.56113085993638,146.04378776944446,161.83941699467238,226.74823783044633,225.29871491584333,239.64416222403906,233.81895732282618,327.48278429703123,326.99644050428986,323.7070769505957,309.28320835332653,420.5800103969401,442.71143019119603,464.09681216400804,470.3370003092016,320.0,340.55250161318315,404.76203547743495,462.99709466946234,485.78584911278665,492.4322447077668,542.9757662859988,491.86414810163086,442.21481345028656,495.6378204834021,535.908199153994,465.4039745673115,413.7474836371041,491.3386058042147,524.4899833227922,457.9132550396097,405.31537810173546,484.2655742344931,554.8881722032165,599.5051695501893,640.0,320.0,175.07804098735295,30.772847339471525,0.0,82.96288485778291,115.83988574774264,106.50915976058224,144.66341524565277,157.8626908005815,227.01998521176048,218.70796946692775,233.39796048824917,226.63805088132665,331.17474242498133,324.6219677555456,319.8225762730034,303.8069216517664,427.74522109794697,447.5996672133541,463.8803795736014,464.74059878457604,320.0,340.58098415035386,404.94383875696144,463.8148452889254,487.33984527322707,491.7069070280935,538.4571068676357,487.0364952320033,439.72313196861256,495.03471525246135,532.1989466221728,461.2827532248001,413.5512371004334,490.79223532066317,521.6924792306068,454.4913693807099,402.5485857597869,483.11819595808174,554.4129573468425,599.3882680845105,640.0,320.0,176.83511372771136,34.72402861061221,0.0,84.43317906962153,122.76469184489667,111.292490681733,149.52184112655314,165.31309787449115,231.9800694333286,228.28524538835933,241.9416940629872,233.7169228640398,334.7674288384605,332.88657249016575,327.56165418074596,310.3307904153628,428.97713953683365,449.67289174393045,467.68315371080155,470.16051986460445,320.0,340.95572895386783,403.4717758948181,461.3555641902652,483.21015530803953,490.12455661414134,537.719158104685,486.7661807696862,439.0956012453994,493.61514357613726,530.1875937009607,460.42695118961655,412.676057747308,489.7066440755978,520.9907162047004,455.263379955207,404.1022801748362,482.93579389207315,554.1987202470787,599.4483421079401,640.0,320.0,173.53999973837216,31.945454414507026,0.0,81.66880941836749,122.22585332936873,111.0924770675104,144.70877513042075,160.37747313647847,231.84474826917744,227.73894302641986,238.42728149407728,232.46654066394976,334.5662158779591,331.1842202541994,324.570409272679,309.4122677299536,429.45234676508187,450.52593518361056,470.7166442494713,476.4862850417803,320.0,341.5651932363482,406.2625398767417,463.98472114074957,486.352441003978,493.6449064752831,542.3303891910523,491.9142651779562,442.08360707142066,496.12071708954977,533.7762667777512,464.14564781129343,412.223622576668,490.96902486520514,522.447450516631,457.59203147941105,405.4685081121156,483.4652072210152,554.4537129290848,599.6425064643247,640.0,320.0,177.1566689402076,35.51277309411,0.0,79.51626911497976,117.38341887657594,105.37306378648199,143.58367577369407,161.42114086660212,226.1912899244557,224.22977188131395,238.1988699359694,230.49737935743343,328.3910976057287,329.0905561618813,324.76291361859694,306.73452311936757,422.42597658556355,444.39733748554465,465.3812329240526,469.82117364721785,320.0,340.95497899119454,404.5441933891959,462.40010518966176,483.80933042286415,489.8765769087055,540.2565662399439,490.8601002464134,441.25165711166164,492.9873947167161,532.4080859559319,462.77306245885825,411.6855062127644,489.09104980780415,523.2405406282586,459.4070598574114,408.11238649877373,483.04910210137984,554.5580328201731,599.822542377536,640.0
320.0,175.07804098735295,30.772847339471525,0.0,82.96288485778291,115.83988574774264,106.50915976058224,144.66341524565277,157.8626908005815,227.01998521176048,218.70796946692775,233.39796048824917,226.63805088132665,331.17474242498133,324.6219677555456,319.8225762730034,303.8069216517664,427.74522109794697,447.5996672133541,463.8803795736014,464.74059878457604,320.0,340.58098415035386,404.94383875696144,463.8148452889254,487.33984527322707,491.7069070280935,538.4571068676357,487.0364952320033,439.72313196861256,495.03471525246135,532.1989466221728,461.2827532248001,413.5512371004334,490.79223532066317,521.6924792306068,454.4913693807099,402.5485857597869,483.11819595808174,554.4129573468425,599.3882680845105,640.0,320.0,176.83511372771136,34.72402861061221,0.0,84.43317906962153,122.76469184489667,111.292490681733,149.52184112655314,165.31309787449115,231.9800694333286,228.28524538835933,241.9416940629872,233.7169228640398,334.7674288384605,332.88657249016575,327.56165418074596,310.3307904153628,428.97713953683365,449.67289174393045,467.68315371080155,470.16051986460445,320.0,340.95572895386783,403.4717758948181,461.3555641902652,483.21015530803953,490.12455661414134,537.719158104685,486.7661807696862,439.0956012453994,493.61514357613726,530.1875937009607,460.42695118961655,412.676057747308,489.7066440755978,520.9907162047004,455.263379955207,404.1022801748362,482.93579389207315,554.1987202470787,599.4483421079401,640.0,320.0,173.53999973837216,31.945454414507026,0.0,81.66880941836749,122.22585332936873,111.0924770675104,144.70877513042075,160.37747313647847,231.84474826917744,227.73894302641986,238.42728149407728,232.46654066394976,334.5662158779591,331.1842202541994,324.570409272679,309.4122677299536,429.45234676508187,450.52593518361056,470.7166442494713,476.4862850417803,320.0,341.5651932363482,406.2625398767417,463.98472114074957,486.352441003978,493.6449064752831,542.3303891910523,491.9142651779562,442.08360707142066,496.12071708954977,533.7762667777512,464.14564781129343,412.223622576668,490.96902486520514,522.447450516631,457.59203147941105,405.4685081121156,483.4652072210152,554.4537129290848,599.6425064643247,640.0,320.0,177.1566689402076,35.51277309411,0.0,79.51626911497976,117.38341887657594,105.37306378648199,143.58367577369407,161.42114086660212,226.1912899244557,224.22977188131395,238.1988699359694,230.49737935743343,328.3910976057287,329.0905561618813,324.76291361859694,306.73452311936757,422.42597658556355,444.39733748554465,465.3812329240526,469.82117364721785,320.0,340.95497899119454,404.5441933891959,462.40010518966176,483.80933042286415,489.8765769087055,540.2565662399439,490.8601002464134,441.25165711166164,492.9873947167161,532.4080859559319,462.77306245885825,411.6855062127644,489.09104980780415,523.2405406282586,459.4070598574114,408.11238649877373,483.04910210137984,554.5580328201731,599.822542377536,640.0,320.0,174.18476129766412,32.03773627432315,0.0,84.39304881829969,120.40922959826321,110.04567062420949,145.8838501101961,161.45965684471324,227.94281650638362,226.0163339304275,239.67693920995742,234.13439502243654,329.50919899706673,329.95526561636274,326.06203056131955,310.4204789332868,423.0292294884572,439.85636220258107,457.4441383682656,460.5106152054138,320.0,342.552457505932,407.32981318891774,464.6516768373513,485.1178821409404,492.59533262370394,541.9308421168859,491.4841020627009,441.9798452220517,494.9880715304768,533.2971795246619,464.1240086727553,412.8248150427015,490.14503596631624,521.2356035443763,456.6309876539873,405.03329220976224,483.3576796241612,554.4369103215728,599.622206562041,640.0
320.0,176.83511372771136,34.72402861061221,0.0,84.43317906962153,122.76469184489667,111.292490681733,149.52184112655314,165.31309787449115,231.9800694333286,228.28524538835933,241.9416940629872,233.7169228640398,334.7674288384605,332.88657249016575,327.56165418074596,310.3307904153628,428.97713953683365,449.67289174393045,467.68315371080155,470.16051986460445,320.0,340.95572895386783,403.4717758948181,461.3555641902652,483.21015530803953,490.12455661414134,537.719158104685,486.7661807696862,439.0956012453994,493.61514357613726,530.1875937009607,460.42695118961655,412.676057747308,489.7066440755978,520.9907162047004,455.263379955207,404.1022801748362,482.93579389207315,554.1987202470787,599.4483421079401,640.0,320.0,173.53999973837216,31.945454414507026,0.0,81.66880941836749,122.22585332936873,111.0924770675104,144.70877513042075,160.37747313647847,231.84474826917744,227.73894302641986,238.42728149407728,232.46654066394976,334.5662158779591,331.1842202541994,324.570409272679,309.4122677299536,429.45234676508187,450.52593518361056,470.7166442494713,476.4862850417803,320.0,341.5651932363482,406.2625398767417,463.98472114074957,486.352441003978,493.6449064752831,542.3303891910523,491.9142651779562,442.08360707142066,496.12071708954977,533.7762667777512,464.14564781129343,412.223622576668,490.96902486520514,522.447450516631,457.59203147941105,405.4685081121156,483.4652072210152,554.4537129290848,599.6425064643247,640.0,320.0,177.1566689402076,35.51277309411,0.0,79.51626911497976,117.38341887657594,105.37306378648199,143.58367577369407,161.42114086660212,226.1912899244557,224.22977188131395,238.1988699359694,230.49737935743343,328.3910976057287,329.0905561618813,324.76291361859694,306.73452311936757,422.42597658556355,444.39733748554465,465.3812329240526,469.82117364721785,320.0,340.95497899119454,404.5441933891959,462.40010518966176,483.80933042286415,489.8765769087055,540.2565662399439,490.8601002464134,441.25165711166164,492.9873947167161,532.4080859559319,462.77306245885825,411.6855062127644,489.09104980780415,523.2405406282586,459.4070598574114,408.11238649877373,483.04910210137984,554.5580328201731,599.822542377536,640.0,320.0,174.18476129766412,32.03773627432315,0.0,84.39304881829969,120.40922959826321,110.04567062420949,145.8838501101961,161.45965684471324,227.94281650638362,226.0163339304275,239.67693920995742,234.13439502243654,329.50919899706673,329.95526561636274,326.06203056131955,310.4204789332868,423.0292294884572,439.85636220258107,457.4441383682656,460.5106152054138,320.0,342.552457505932,407.32981318891774,464.6516768373513,485.1178821409404,492.59533262370394,541.9308421168859,491.4841020627009,441.9798452220517,494.9880715304768,533.2971795246619,464.1240086727553,412.8248150427015,490.14503596631624,521.2356035443763,456.6309876539873,405.03329220976224,483.3576796241612,554.4369103215728,599.622206562041,640.0,320.0,176.822778357931,34.06927273125598,0.0,82.48132790991477,125.94432768353329,113.66282597106701,151.5289980063825,166.69864828351723,235.6740632553656,227.79741340908595,239.74998137829806,231.39633554116128,339.50832280537765,334.9401724880785,326.86905073135824,307.90871714730133,435.32941425619083,456.14529309098344,471.63588511505293,471.2741888605709,320.0,340.9404208699456,404.66551967965654,462.7288060919799,486.2839783573314,492.3867346894639,538.6132140236155,484.6762137235149,435.96647524355626,494.7299990793071,530.804288080899,459.47550987746956,411.24250495207144,489.6604620477817,520.3203681782988,452.97919954916944,400.78244479601506,481.58756294233683,553.985481887993,599.310959191059,640.0
320.0,173.53999973837216,31.945454414507026,0.0,81.66880941836749,122.22585332936873,111.0924770675104,144.70877513042075,160.37747313647847,231.84474826917744,227.73894302641986,238.42728149407728,232.46654066394976,334.5662158779591,331.1842202541994,324.570409272679,309.4122677299536,429.45234676508187,450.52593518361056,470.7166442494713,476.4862850417803,320.0,341.5651932363482,406.2625398767417,463.98472114074957,486.352441003978,493.6449064752831,542.3303891910523,491.9142651779562,442.08360707142066,496.12071708954977,533.7762667777512,464.14564781129343,412.223622576668,490.96902486520514,522.447450516631,457.59203147941105,405.4685081121156,483.4652072210152,554.4537129290848,599.6425064643247,640.0,320.0,177.1566689402076,35.51277309411,0.0,79.51626911497976,117.38341887657594,105.37306378648199,143.58367577369407,161.42114086660212,226.1912899244557,224.22977188131395,238.1988699359694,230.49737935743343,328.3910976057287,329.0905561618813,324.76291361859694,306.73452311936757,422.42597658556355,444.39733748554465,465.3812329240526,469.82117364721785,320.0,340.95497899119454,404.5441933891959,462.40010518966176,483.80933042286415,489.8765769087055,540.2565662399439,490.8601002464134,441.25165711166164,492.9873947167161,532.4080859559319,462.77306245885825,411.6855062127644,489.09104980780415,523.2405406282586,459.4070598574114,408.11238649877373,483.04910210137984,554.5580328201731,599.822542377536,640.0,320.0,174.18476129766412,32.03773627432315,0.0,84.39304881829969,120.40922959826321,110.04567062420949,145.8838501101961,161.45965684471324,227.94281650638362,226.0163339304275,239.67693920995742,234.13439502243654,329.50919899706673,329.95526561636274,326.06203056131955,310.4204789332868,423.0292294884572,439.85636220258107,457.4441383682656,460.5106152054138,320.0,342.552457505932,407.32981318891774,464.6516768373513,485.1178821409404,492.59533262370394,541.9308421168859,491.4841020627009,441.9798452220517,494.9880715304768,533.2971795246619,464.1240086727553,412.8248150427015,490.14503596631624,521.2356035443763,456.6309876539873,405.03329220976224,483.3576796241612,554.4369103215728,599.622206562041,640.0,320.0,176.822778357931,34.06927273125598,0.0,82.48132790991477,125.94432768353329,113.66282597106701,151.5289980063825,166.69864828351723,235.6740632553656,227.79741340908595,239.74998137829806,231.39633554116128,339.50832280537765,334.9401724880785,326.86905073135824,307.90871714730133,435.32941425619083,456.14529309098344,471.63588511505293,471.2741888605709,320.0,340.9404208699456,404.66551967965654,462.7288060919799,486.2839783573314,492.3867346894639,538.6132140236155,484.6762137235149,435.96647524355626,494.7299990793071,530.804288080899,459.47550987746956,411.24250495207144,489.6604620477817,520.3203681782988,452.97919954916944,400.78244479601506,481.58756294233683,553.985481887993,599.310959191059,640.0,320.0,179.50418001120906,39.96447593305845,0.0,73.97171139691508,123.99586419658365,113.34816084621752,147.527398966926,165.96170655232558,231.3739708900819,232.26980636986798,244.94394232673284,239.0588139012683,331.73429435959713,334.2193539524324,328.49509804996137,311.38298489554904,423.4496370942108,444.3864477175261,465.3710992103246,470.5123792780173,320.0,340.9398182336336,402.1848575178844,458.2332342472963,483.41116683689495,491.49492331406395,538.9095099713559,490.27483790176126,442.5361421347251,494.37875550988394,529.1096859548143,461.54461887932234,412.04532302117417,489.7483686166993,520.5342741306397,457.37040773661556,407.1526001243949,482.98394722992464,553.9671039904146,599.4656593035132,640.0
320.0,177.1566689402076,35.51277309411,0.0,79.51626911497976,117.38341887657594,105.37306378648199,143.58367577369407,161.42114086660212,226.1912899244557,224.22977188131395,238.1988699359694,230.49737935743343,328.3910976057287,329.0905561618813,324.76291361859694,306.73452311936757,422.42597658556355,444.39733748554465,465.3812329240526,469.82117364721785,320.0,340.95497899119454,404.5441933891959,462.40010518966176,483.80933042286415,489.8765769087055,540.2565662399439,490.8601002464134,441.25165711166164,492.9873947167161,532.4080859559319,462.77306245885825,411.6855062127644,489.09104980780415,523.2405406282586,459.4070598574114,408.11238649877373,483.04910210137984,554.5580328201731,599.822542377536,640.0,320.0,174.18476129766412,32.03773627432315,0.0,84.39304881829969,120.40922959826321,110.04567062420949,145.8838501101961,161.45965684471324,227.94281650638362,226.0163339304275,239.67693920995742,234.13439502243654,329.50919899706673,329.95526561636274,326.06203056131955,310.4204789332868,423.0292294884572,439.85636220258107,457.4441383682656,460.5106152054138,320.0,342.552457505932,407.32981318891774,464.6516768373513,485.1178821409404,492.59533262370394,541.9308421168859,491.4841020627009,441.9798452220517,494.9880715304768,533.2971795246619,464.1240086727553,412.8248150427015,490.14503596631624,521.2356035443763,456.6309876539873,405.03329220976224,483.3576796241612,554.4369103215728,599.622206562041,640.0,320.0,176.822778357931,34.06927273125598,0.0,82.48132790991477,125.94432768353329,113.66282597106701,151.5289980063825,166.69864828351723,235.6740632553656,227.79741340908595,239.74998137829806,231.39633554116128,339.50832280537765,334.9401724880785,326.86905073135824,307.90871714730133,435.32941425619083,456.14529309098344,471.63588511505293,471.2741888605709,320.0,340.9404208699456,404.66551967965654,462.7288060919799,486.2839783573314,492.3867346894639,538.6132140236155,484.6762137235149,435.96647524355626,494.7299990793071,530.804288080899,459.47550987746956,411.24250495207144,489.6604620477817,520.3203681782988,452.97919954916944,400.78244479601506,481.58756294233683,553.985481887993,599.310959191059,640.0,320.0,179.50418001120906,39.96447593305845,0.0,73.97171139691508,123.99586419658365,113.34816084621752,147.527398966926,165.96170655232558,231.3739708900819,232.26980636986798,244.94394232673284,239.0588139012683,331.73429435959713,334.2193539524324,328.49509804996137,311.38298489554904,423.4496370942108,444.3864477175261,465.3710992103246,470.5123792780173,320.0,340.9398182336336,402.1848575178844,458.2332342472963,483.41116683689495,491.49492331406395,538.9095099713559,490.27483790176126,442.5361421347251,494.37875550988394,529.1096859548143,461.54461887932234,412.04532302117417,489.7483686166993,520.5342741306397,457.37040773661556,407.1526001243949,482.98394722992464,553.9671039904146,599.4656593035132,640.0,320.0,180.72368961954385,40.40304894415783,0.0,69.53783566146865,120.37741016241182,108.19147016322074,140.52433897258084,156.99170843092628,229.8175207656924,226.65944411555984,235.61303853833058,230.47916370976935,332.3473737236315,331.4668304144314,323.08903196390685,307.0606869316782,426.87114938429124,442.531444350886,460.94571393902845,464.9576008501157,320.0,338.8678870830625,399.95834012585516,454.47380435285646,480.060104958534,489.92292172805094,535.1494681403277,485.66881150532987,439.3012715183965,494.2117874262395,526.1669455248782,457.9843742117374,408.3897116121062,489.40185643270235,516.9268588196396,452.99339454177266,403.37698475403704,481.65265287760405,552.075584820496,597.9878347497217,640.0
320.0,174.18476129766412,32.03773627432315,0.0,84.39304881829969,120.40922959826321,110.04567062420949,145.8838501101961,161.45965684471324,227.94281650638362,226.0163339304275,239.67693920995742,234.13439502243654,329.50919899706673,329.95526561636274,326.06203056131955,310.4204789332868,423.0292294884572,439.85636220258107,457.4441383682656,460.5106152054138,320.0,342.552457505932,407.32981318891774,464.6516768373513,485.1178821409404,492.59533262370394,541.9308421168859,491.4841020627009,441.9798452220517,494.9880715304768,533.2971795246619,464.1240086727553,412.8248150427015,490.14503596631624,521.2356035443763,456.6309876539873,405.03329220976224,483.3576796241612,554.4369103215728,599.622206562041,640.0,320.0,176.822778357931,34.06927273125598,0.0,82.48132790991477,125.94432768353329,113.66282597106701,151.5289980063825,166.69864828351723,235.6740632553656,227.79741340908595,239.74998137829806,231.39633554116128,339.50832280537765,334.9401724880785,326.86905073135824,307.90871714730133,435.32941425619083,456.14529309098344,471.63588511505293,471.2741888605709,320.0,340.9404208699456,404.66551967965654,462.7288060919799,486.2839783573314,492.3867346894639,538.6132140236155,484.6762137235149,435.96647524355626,494.7299990793071,530.804288080899,459.47550987746956,411.24250495207144,489.6604620477817,520.3203681782988,452.97919954916944,400.78244479601506,481.58756294233683,553.985481887993,599.310959191059,640.0,320.0,179.50418001120906,39.96447593305845,0.0,73.97171139691508,123.99586419658365,113.34816084621752,147.527398966926,165.96170655232558,231.3739708900819,232.26980636986798,244.94394232673284,239.0588139012683,331.73429435959713,334.2193539524324,328.49509804996137,311.38298489554904,423.4496370942108,444.3864477175261,465.3710992103246,470.5123792780173,320.0,340.9398182336336,402.1848575178844,458.2332342472963,483.41116683689495,491.49492331406395,538.9095099713559,490.27483790176126,442.5361421347251,494.37875550988394,529.1096859548143,461.54461887932234,412.04532302117417,489.7483686166993,520.5342741306397,457.37040773661556,407.1526001243949,482.98394722992464,553.9671039904146,599.4656593035132,640.0,320.0,180.72368961954385,40.40304894415783,0.0,69.53783566146865,120.37741016241182,108.19147016322074,140.52433897258084,156.99170843092628,229.8175207656924,226.65944411555984,235.61303853833058,230.47916370976935,332.3473737236315,331.4668304144314,323.08903196390685,307.0606869316782,426.87114938429124,442.531444350886,460.94571393902845,464.9576008501157,320.0,338.8678870830625,399.95834012585516,454.47380435285646,480.060104958534,489.92292172805094,535.1494681403277,485.66881150532987,439.3012715183965,494.2117874262395,526.1669455248782,457.9843742117374,408.3897116121062,489.40185643270235,516.9268588196396,452.99339454177266,403.37698475403704,481.65265287760405,552.075584820496,597.9878347497217,640.0,320.0,180.70788310883373,36.88303114988412,0.0,82.37724537122705,130.23987634600581,129.19719257956007,156.55438518579274,168.0667960952704,260.7072162948011,274.9890925894623,266.96022487636435,250.6097314173099,377.94037815690604,389.57702985693174,362.13917942531964,337.7299449845082,481.32701326993265,527.4286684023837,555.2031799027585,572.2818876304997,320.0,338.98416590058997,409.48327735375193,468.9127561013878,501.02695926164284,514.5228751848267,553.3046830499488,492.313515124553,444.1402146823694,513.9134508769599,540.6086584135353,464.8368327774764,413.66381746681105,501.1410293751112,528.1245282911518,458.61325421717834,409.1283925562949,483.5969899039809,555.103965778966,596.7742193840853,640.0
320.0,176.822778357931,34.06927273125598,0.0,82.48132790991477,125.94432768353329,113.66282597106701,151.5289980063825,166.69864828351723,235.6740632553656,227.79741340908595,239.74998137829806,231.39633554116128,339.50832280537765,334.9401724880785,326.86905073135824,307.90871714730133,435.32941425619083,456.14529309098344,471.63588511505293,471.2741888605709,320.0,340.9404208699456,404.66551967965654,462.7288060919799,486.2839783573314,492.3867346894639,538.6132140236155,484.6762137235149,435.96647524355626,494.7299990793071,530.804288080899,459.47550987746956,411.24250495207144,489.6604620477817,520.3203681782988,452.97919954916944,400.78244479601506,481.58756294233683,553.985481887993,599.310959191059,640.0,320.0,179.50418001120906,39.96447593305845,0.0,73.97171139691508,123.99586419658365,113.34816084621752,147.527398966926,165.96170655232558,231.3739708900819,232.26980636986798,244.94394232673284,239.0588139012683,331.73429435959713,334.2193539524324,328.49509804996137,311.38298489554904,423.4496370942108,444.3864477175261,465.3710992103246,470.5123792780173,320.0,340.9398182336336,402.1848575178844,458.2332342472963,483.41116683689495,491.49492331406395,538.9095099713559,490.27483790176126,442.5361421347251,494.37875550988394,529.1096859548143,461.54461887932234,412.04532302117417,489.7483686166993,520.5342741306397,457.37040773661556,407.1526001243949,482.98394722992464,553.9671039904146,599.4656593035132,640.0,320.0,180.72368961954385,40.40304894415783,0.0,69.53783566146865,120.37741016241182,108.19147016322074,140.52433897258084,156.99170843092628,229.8175207656924,226.65944411555984,235.61303853833058,230.47916370976935,332.3473737236315,331.4668304144314,323.08903196390685,307.0606869316782,426.87114938429124,442.531444350886,460.94571393902845,464.9576008501157,320.0,338.8678870830625,399.95834012585516,454.47380435285646,480.060104958534,489.92292172805094,535.1494681403277,485.66881150532987,439.3012715183965,494.2117874262395,526.1669455248782,457.9843742117374,408.3897116121062,489.40185643270235,516.9268588196396,452.99339454177266,403.37698475403704,481.65265287760405,552.075584820496,597.9878347497217,640.0,320.0,180.70788310883373,36.88303114988412,0.0,82.37724537122705,130.23987634600581,129.19719257956007,156.55438518579274,168.0667960952704,260.7072162948011,274.9890925894623,266.96022487636435,250.6097314173099,377.94037815690604,389.57702985693174,362.13917942531964,337.7299449845082,481.32701326993265,527.4286684023837,555.2031799027585,572.2818876304997,320.0,338.98416590058997,409.48327735375193,468.9127561013878,501.02695926164284,514.5228751848267,553.3046830499488,492.313515124553,444.1402146823694,513.9134508769599,540.6086584135353,464.8368327774764,413.66381746681105,501.1410293751112,528.1245282911518,458.61325421717834,409.1283925562949,483.5969899039809,555.103965778966,596.7742193840853,640.0,320.0,184.9055840324067,54.670974461257345,0.0,16.886034373234452,72.0682715836154,72.95153210663318,123.51679190951677,158.70180687328076,161.340659576565,168.5526701398342,203.79035182816182,221.31078083818545,247.0276510061875,244.7398751051822,266.1784586200941,274.722333625095,325.36758231696507,313.2560571449574,313.6725510151973,312.64747544827054,320.0,351.3491921725432,425.3571204687145,504.44045251009913,575.2468644404255,558.8377584262582,629.6032953455468,558.9158415607999,492.78363273964356,569.2594841956474,640.0,549.8109598145526,475.7073688936043,566.1279622418433,633.2405242301053,546.1949773077631,477.4084811603542,552.0346035548587,610.773180762052,548.4878605126767,492.7890252213108
320.0,179.50418001120906,39.96447593305845,0.0,73.97171139691508,123.99586419658365,113.34816084621752,147.527398966926,165.96170655232558,231.3739708900819,232.26980636986798,244.94394232673284,239.0588139012683,331.73429435959713,334.2193539524324,328.49509804996137,311.38298489554904,423.4496370942108,444.3864477175261,465.3710992103246,470.5123792780173,320.0,340.9398182336336,402.1848575178844,458.2332342472963,483.41116683689495,491.49492331406395,538.9095099713559,490.27483790176126,442.5361421347251,494.37875550988394,529.1096859548143,461.54461887932234,412.04532302117417,489.7483686166993,520.5342741306397,457.37040773661556,407.1526001243949,482.98394722992464,553.9671039904146,599.4656593035132,640.0,320.0,180.72368961954385,40.40304894415783,0.0,69.53783566146865,120.37741016241182,108.19147016322074,140.52433897258084,156.99170843092628,229.8175207656924,226.65944411555984,235.61303853833058,230.47916370976935,332.3473737236315,331.4668304144314,323.08903196390685,307.0606869316782,426.87114938429124,442.531444350886,460.94571393902845,464.9576008501157,320.0,338.8678870830625,399.95834012585516,454.47380435285646,480.060104958534,489.92292172805094,535.1494681403277,485.66881150532987,439.3012715183965,494.2117874262395,526.1669455248782,457.9843742117374,408.3897116121062,489.40185643270235,516.9268588196396,452.99339454177266,403.37698475403704,481.65265287760405,552.075584820496,597.9878347497217,640.0,320.0,180.70788310883373,36.88303114988412,0.0,82.37724537122705,130.23987634600581,129.19719257956007,156.55438518579274,168.0667960952704,260.7072162948011,274.9890925894623,266.96022487636435,250.6097314173099,377.94037815690604,389.57702985693174,362.13917942531964,337.7299449845082,481.32701326993265,527.4286684023837,555.2031799027585,572.2818876304997,320.0,338.98416590058997,409.48327735375193,468.9127561013878,501.02695926164284,514.5228751848267,553.3046830499488,492.313515124553,444.1402146823694,513.9134508769599,540.6086584135353,464.8368327774764,413.66381746681105,501.1410293751112,528.1245282911518,458.61325421717834,409.1283925562949,483.5969899039809,555.103965778966,596.7742193840853,640.0,320.0,184.9055840324067,54.670974461257345,0.0,16.886034373234452,72.0682715836154,72.95153210663318,123.51679190951677,158.70180687328076,161.340659576565,168.5526701398342,203.79035182816182,221.31078083818545,247.0276510061875,244.7398751051822,266.1784586200941,274.722333625095,325.36758231696507,313.2560571449574,313.6725510151973,312.64747544827054,320.0,351.3491921725432,425.3571204687145,504.44045251009913,575.2468644404255,558.8377584262582,629.6032953455468,558.9158415607999,492.78363273964356,569.2594841956474,640.0,549.8109598145526,475.7073688936043,566.1279622418433,633.2405242301053,546.1949773077631,477.4084811603542,552.0346035548587,610.773180762052,548.4878605126767,492.7890252213108,320.0,195.625088791136,57.925029562106715,0.0,32.87748105211267,80.39115347607321,79.43703880009372,136.0370409609132,165.41231741277022,183.89778614369675,180.3922790372614,221.84017643897275,232.00673530654853,284.10748561079674,290.66440522395845,301.30461572002616,300.0909963006448,380.6513516167687,405.12369643324496,429.4792150936143,443.02124488679965,320.0,333.0000135056656,380.8541244342324,431.5970885270242,477.996072900969,480.734917330078,509.0077997397327,457.98928521482503,416.34046127511783,492.6395603600872,523.0222542872864,457.066159899239,415.6683496468704,495.1461421937471,531.7184391110135,470.15909238441657,421.8240054928849,490.7715612505898,562.6855536865457,603.411043190683,640.0
320.0,180.72368961954385,40.40304894415783,0.0,69.53783566146865,120.37741016241182,108.19147016322074,140.52433897258084,156.99170843092628,229.8175207656924,226.65944411555984,235.61303853833058,230.47916370976935,332.3473737236315,331.4668304144314,323.08903196390685,307.0606869316782,426.87114938429124,442.531444350886,460.94571393902845,464.9576008501157,320.0,338.8678870830625,399.95834012585516,454.47380435285646,480.060104958534,489.92292172805094,535.1494681403277,485.66881150532987,439.3012715183965,494.2117874262395,526.1669455248782,457.9843742117374,408.3897116121062,489.40185643270235,516.9268588196396,452.99339454177266,403.37698475403704,481.65265287760405,552.075584820496,597.9878347497217,640.0,320.0,180.70788310883373,36.88303114988412,0.0,82.37724537122705,130.23987634600581,129.19719257956007,156.55438518579274,168.0667960952704,260.7072162948011,274.9890925894623,266.96022487636435,250.6097314173099,377.94037815690604,389.57702985693174,362.13917942531964,337.7299449845082,481.32701326993265,527.4286684023837,555.2031799027585,572.2818876304997,320.0,338.98416590058997,409.48327735375193,468.9127561013878,501.02695926164284,514.5228751848267,553.3046830499488,492.313515124553,444.1402146823694,513.9134508769599,540.6086584135353,464.8368327774764,413.66381746681105,501.1410293751112,528.1245282911518,458.61325421717834,409.1283925562949,483.5969899039809,555.103965778966,596.7742193840853,640.0,320.0,184.9055840324067,54.670974461257345,0.0,16.886034373234452,72.0682715836154,72.95153210663318,123.51679190951677,158.70180687328076,161.340659576565,168.5526701398342,203.79035182816182,221.31078083818545,247.0276510061875,244.7398751051822,266.1784586200941,274.722333625095,325.36758231696507,313.2560571449574,313.6725510151973,312.64747544827054,320.0,351.3491921725432,425.3571204687145,504.44045251009913,575.2468644404255,558.8377584262582,629.6032953455468,558.9158415607999,492.78363273964356,569.2594841956474,640.0,549.8109598145526,475.7073688936043,566.1279622418433,633.2405242301053,546.1949773077631,477.4084811603542,552.0346035548587,610.773180762052,548.4878605126767,492.7890252213108,320.0,195.625088791136,57.925029562106715,0.0,32.87748105211267,80.39115347607321,79.43703880009372,136.0370409609132,165.41231741277022,183.89778614369675,180.3922790372614,221.84017643897275,232.00673530654853,284.10748561079674,290.66440522395845,301.30461572002616,300.0909963006448,380.6513516167687,405.12369643324496,429.4792150936143,443.02124488679965,320.0,333.0000135056656,380.8541244342324,431.5970885270242,477.996072900969,480.734917330078,509.0077997397327,457.98928521482503,416.34046127511783,492.6395603600872,523.0222542872864,457.066159899239,415.6683496468704,495.1461421937471,531.7184391110135,470.15909238441657,421.8240054928849,490.7715612505898,562.6855536865457,603.411043190683,640.0,320.0,198.31013203642397,59.74198798436856,0.0,29.78907864369114,84.84723534130296,78.31067161362756,127.72409786299193,152.8513298538969,190.28072131433478,190.08536927001165,224.434000767329,230.13906347592496,293.48211442738466,303.3540181718309,314.7880355656667,310.6474455881878,390.9095797226887,412.19276332857646,433.9161415461585,443.6800796566532,320.0,327.62253629539794,374.2011039491852,425.8941049539659,469.0574394052018,471.9257097109486,509.2457530982956,462.7908398274893,419.6691970033699,485.0417393469836,519.0992531063969,453.10978832132827,408.4598313025016,489.49741657956866,524.2690148688447,461.49875451146954,410.9818551309178,489.557219560884,560.574751396139,602.7585456848922,640.0
320.0,180.70788310883373,36.88303114988412,0.0,82.37724537122705,130.23987634600581,129.19719257956007,156.55438518579274,168.0667960952704,260.7072162948011,274.9890925894623,266.96022487636435,250.6097314173099,377.94037815690604,389.57702985693174,362.13917942531964,337.7299449845082,481.32701326993265,527.4286684023837,555.2031799027585,572.2818876304997,320.0,338.98416590058997,409.48327735375193,468.9127561013878,501.02695926164284,514.5228751848267,553.3046830499488,492.313515124553,444.1402146823694,513.9134508769599,540.6086584135353,464.8368327774764,413.66381746681105,501.1410293751112,528.1245282911518,458.61325421717834,409.1283925562949,483.5969899039809,555.103965778966,596.7742193840853,640.0,320.0,184.9055840324067,54.670974461257345,0.0,16.886034373234452,72.0682715836154,72.95153210663318,123.51679190951677,158.70180687328076,161.340659576565,168.5526701398342,203.79035182816182,221.31078083818545,247.0276510061875,244.7398751051822,266.1784586200941,274.722333625095,325.36758231696507,313.2560571449574,313.6725510151973,312.64747544827054,320.0,351.3491921725432,425.3571204687145,504.44045251009913,575.2468644404255,558.8377584262582,629.6032953455468,558.9158415607999,492.78363273964356,569.2594841956474,640.0,549.8109598145526,475.7073688936043,566.1279622418433,633.2405242301053,546.1949773077631,477.4084811603542,552.0346035548587,610.773180762052,548.4878605126767,492.7890252213108,320.0,195.625088791136,57.925029562106715,0.0,32.87748105211267,80.39115347607321,79.43703880009372,136.0370409609132,165.41231741277022,183.89778614369675,180.3922790372614,221.84017643897275,232.00673530654853,284.10748561079674,290.66440522395845,301.30461572002616,300.0909963006448,380.6513516167687,405.12369643324496,429.4792150936143,443.02124488679965,320.0,333.0000135056656,380.8541244342324,431.5970885270242,477.996072900969,480.734917330078,509.0077997397327,457.98928521482503,416.34046127511783,492.6395603600872,523.0222542872864,457.066159899239,415.6683496468704,495.1461421937471,531.7184391110135,470.15909238441657,421.8240054928849,490.7715612505898,562.6855536865457,603.411043190683,640.0,320.0,198.31013203642397,59.74198798436856,0.0,29.78907864369114,84.84723534130296,78.31067161362756,127.72409786299193,152.8513298538969,190.28072131433478,190.08536927001165,224.434000767329,230.13906347592496,293.48211442738466,303.3540181718309,314.7880355656667,310.6474455881878,390.9095797226887,412.19276332857646,433.9161415461585,443.6800796566532,320.0,327.62253629539794,374.2011039491852,425.8941049539659,469.0574394052018,471.9257097109486,509.2457530982956,462.7908398274893,419.6691970033699,485.0417393469836,519.0992531063969,453.10978832132827,408.4598313025016,489.49741657956866,524.2690148688447,461.49875451146954,410.9818551309178,489.557219560884,560.574751396139,602.7585456848922,640.0,320.0,193.8541250698826,56.020385751936715,0.0,42.14359875409309,95.37267390783484,84.84036818145515,130.33843143518885,152.47643958150306,198.69748821979073,195.74964060378562,226.56996246306204,229.15322258605542,299.0282325692836,305.2342065330245,313.4521004712084,307.3383715358198,394.70933831163643,422.0215537896334,445.64481670793066,455.47999361073397,320.0,330.984335383429,377.3761529716813,429.4245642487911,470.0130032115834,475.65892034676705,509.72483348266223,460.505001872595,417.07115529723444,487.07866114426054,519.7156130235395,452.2586722141144,408.1339606987044,490.5123397936942,525.7074929211489,461.010830117515,409.79964448313615,488.9626839866057,560.8026682545978,603.0811137466153,640.0
320.0,184.9055840324067,54.670974461257345,0.0,16.886034373234452,72.0682715836154,72.95153210663318,123.51679190951677,158.70180687328076,161.340659576565,168.5526701398342,203.79035182816182,221.31078083818545,247.0276510061875,244.7398751051822,266.1784586200941,274.722333625095,325.36758231696507,313.2560571449574,313.6725510151973,312.64747544827054,320.0,351.3491921725432,425.3571204687145,504.44045251009913,575.2468644404255,558.8377584262582,629.6032953455468,558.9158415607999,492.78363273964356,569.2594841956474,640.0,549.8109598145526,475.7073688936043,566.1279622418433,633.2405242301053,546.1949773077631,477.4084811603542,552.0346035548587,610.773180762052,548.4878605126767,492.7890252213108,320.0,195.625088791136,57.925029562106715,0.0,32.87748105211267,80.39115347607321,79.43703880009372,136.0370409609132,165.41231741277022,183.89778614369675,180.3922790372614,221.84017643897275,232.00673530654853,284.10748561079674,290.66440522395845,301.30461572002616,300.0909963006448,380.6513516167687,405.12369643324496,429.4792150936143,443.02124488679965,320.0,333.0000135056656,380.8541244342324,431.5970885270242,477.996072900969,480.734917330078,509.0077997397327,457.98928521482503,416.34046127511783,492.6395603600872,523.0222542872864,457.066159899239,415.6683496468704,495.1461421937471,531.7184391110135,470.15909238441657,421.8240054928849,490.7715612505898,562.6855536865457,603.411043190683,640.0,320.0,198.31013203642397,59.74198798436856,0.0,29.78907864369114,84.84723534130296,78.31067161362756,127.72409786299193,152.8513298538969,190.28072131433478,190.08536927001165,224.434000767329,230.13906347592496,293.48211442738466,303.3540181718309,314.7880355656667,310.6474455881878,390.9095797226887,412.19276332857646,433.9161415461585,443.6800796566532,320.0,327.62253629539794,374.2011039491852,425.8941049539659,469.0574394052018,471.9257097109486,509.2457530982956,462.7908398274893,419.6691970033699,485.0417393469836,519.0992531063969,453.10978832132827,408.4598313025016,489.49741657956866,524.2690148688447,461.49875451146954,410.9818551309178,489.557219560884,560.574751396139,602.7585456848922,640.0,320.0,193.8541250698826,56.020385751936715,0.0,42.14359875409309,95.37267390783484,84.84036818145515,130.33843143518885,152.47643958150306,198.69748821979073,195.74964060378562,226.56996246306204,229.15322258605542,299.0282325692836,305.2342065330245,313.4521004712084,307.3383715358198,394.70933831163643,422.0215537896334,445.64481670793066,455.47999361073397,320.0,330.984335383429,377.3761529716813,429.4245642487911,470.0130032115834,475.65892034676705,509.72483348266223,460.505001872595,417.07115529723444,487.07866114426054,519.7156130235395,452.2586722141144,408.1339606987044,490.5123397936942,525.7074929211489,461.010830117515,409.79964448313615,488.9626839866057,560.8026682545978,603.0811137466153,640.0,320.0,193.02103498834623,51.87924844016345,0.0,42.19294960263153,98.3636972805975,83.15206110999529,125.25504038258765,148.47973626437573,195.01938337487604,187.74679753098187,217.7408344433405,224.81371845646137,289.09034634450256,284.61102097946946,296.9636527763985,297.1143317029477,378.3103694338392,390.56495542232005,409.4242376874561,414.2610692319374,320.0,328.80993951741203,378.94126955081435,431.0426403676298,470.9760251839393,474.3650759572079,511.4210512524258,464.902143810141,422.05710382495613,485.37737704145525,520.1554530446851,459.90397037681004,415.6783234430088,487.97419773646664,519.254567022225,458.39152473065576,408.5768612428096,488.3363842171428,557.9470755885916,601.5774049188923,640.0
320.0,195.625088791136,57.925029562106715,0.0,32.87748105211267,80.39115347607321,79.43703880009372,136.0370409609132,165.41231741277022,183.89778614369675,180.3922790372614,221.84017643897275,232.00673530654853,284.10748561079674,290.66440522395845,301.30461572002616,300.0909963006448,380.6513516167687,405.12369643324496,429.4792150936143,443.02124488679965,320.0,333.0000135056656,380.8541244342324,431.5970885270242,477.996072900969,480.734917330078,509.0077997397327,457.98928521482503,416.34046127511783,492.6395603600872,523.0222542872864,457.066159899239,415.6683496468704,495.1461421937471,531.7184391110135,470.15909238441657,421.8240054928849,490.7715612505898,562.6855536865457,603.411043190683,640.0,320.0,198.31013203642397,59.74198798436856,0.0,29.78907864369114,84.84723534130296,78.31067161362756,127.72409786299193,152.8513298538969,190.28072131433478,190.08536927001165,224.434000767329,230.13906347592496,293.48211442738466,303.3540181718309,314.7880355656667,310.6474455881878,390.9095797226887,412.19276332857646,433.9161415461585,443.6800796566532,320.0,327.62253629539794,374.2011039491852,425.8941049539659,469.0574394052018,471.9257097109486,509.2457530982956,462.7908398274893,419.6691970033699,485.0417393469836,519.0992531063969,453.10978832132827,408.4598313025016,489.49741657956866,524.2690148688447,461.49875451146954,410.9818551309178,489.557219560884,560.574751396139,602.7585456848922,640.0,320.0,193.8541250698826,56.020385751936715,0.0,42.14359875409309,95.37267390783484,84.84036818145515,130.33843143518885,152.47643958150306,198.69748821979073,195.74964060378562,226.56996246306204,229.15322258605542,299.0282325692836,305.2342065330245,313.4521004712084,307.3383715358198,394.70933831163643,422.0215537896334,445.64481670793066,455.47999361073397,320.0,330.984335383429,377.3761529716813,429.4245642487911,470.0130032115834,475.65892034676705,509.72483348266223,460.505001872595,417.07115529723444,487.07866114426054,519.7156130235395,452.2586722141144,408.1339606987044,490.5123397936942,525.7074929211489,461.010830117515,409.79964448313615,488.9626839866057,560.8026682545978,603.0811137466153,640.0,320.0,193.02103498834623,51.87924844016345,0.0,42.19294960263153,98.3636972805975,83.15206110999529,125.25504038258765,148.47973626437573,195.01938337487604,187.74679753098187,217.7408344433405,224.81371845646137,289.09034634450256,284.61102097946946,296.9636527763985,297.1143317029477,378.3103694338392,390.56495542232005,409.4242376874561,414.2610692319374,320.0,328.80993951741203,378.94126955081435,431.0426403676298,470.9760251839393,474.3650759572079,511.4210512524258,464.902143810141,422.05710382495613,485.37737704145525,520.1554530446851,459.90397037681004,415.6783234430088,487.97419773646664,519.254567022225,458.39152473065576,408.5768612428096,488.3363842171428,557.9470755885916,601.5774049188923,640.0,320.0,192.81779121925686,53.15565378174887,0.0,43.43785214211454,100.12208804976578,88.7495304771806,133.0087022268104,154.82858479158034,199.47171109867128,192.4638861222383,221.90082224047808,225.93946972395693,295.2726867367982,291.5824191269662,304.519390383688,302.5731546844443,384.81339042730815,396.05111316287537,409.17284013444714,407.13364497531825,320.0,328.5948843654593,377.7750070391043,429.6808298965942,468.70128691389107,473.96308748916533,507.66987428987863,457.75241123827504,415.1677183916613,486.6842936879938,518.035039833049,453.3171329038099,410.2810893773015,490.4162931800741,519.7035604065566,455.68356162114713,406.98079511513765,490.5085137276336,560.0819561532813,601.863093562118,640.0
320.0,198.31013203642397,59.74198798436856,0.0,29.78907864369114,84.84723534130296,78.31067161362756,127.72409786299193,152.8513298538969,190.28072131433478,190.08536927001165,224.434000767329,230.13906347592496,293.48211442738466,303.3540181718309,314.7880355656667,310.6474455881878,390.9095797226887,412.19276332857646,433.9161415461585,443.6800796566532,320.0,327.62253629539794,374.2011039491852,425.8941049539659,469.0574394052018,471.9257097109486,509.2457530982956,462.7908398274893,419.6691970033699,485.0417393469836,519.0992531063969,453.10978832132827,408.4598313025016,489.49741657956866,524.2690148688447,461.49875451146954,410.9818551309178,489.557219560884,560.574751396139,602.7585456848922,640.0,320.0,193.8541250698826,56.020385751936715,0.0,42.14359875409309,95.37267390783484,84.84036818145515,130.33843143518885,152.47643958150306,198.69748821979073,195.74964060378562,226.56996246306204,229.15322258605542,299.0282325692836,305.2342065330245,313.4521004712084,307.3383715358198,394.70933831163643,422.0215537896334,445.64481670793066,455.47999361073397,320.0,330.984335383429,377.3761529716813,429.4245642487911,470.0130032115834,475.65892034676705,509.72483348266223,460.505001872595,417.07115529723444,487.07866114426054,519.7156130235395,452.2586722141144,408.1339606987044,490.5123397936942,525.7074929211489,461.010830117515,409.79964448313615,488.9626839866057,560.8026682545978,603.0811137466153,640.0,320.0,193.02103498834623,51.87924844016345,0.0,42.19294960263153,98.3636972805975,83.15206110999529,125.25504038258765,148.47973626437573,195.01938337487604,187.74679753098187,217.7408344433405,224.81371845646137,289.09034634450256,284.61102097946946,296.9636527763985,297.1143317029477,378.3103694338392,390.56495542232005,409.4242376874561,414.2610692319374,320.0,328.80993951741203,378.94126955081435,431.0426403676298,470.9760251839393,474.3650759572079,511.4210512524258,464.902143810141,422.05710382495613,485.37737704145525,520.1554530446851,459.90397037681004,415.6783234430088,487.97419773646664,519.254567022225,458.39152473065576,408.5768612428096,488.3363842171428,557.9470755885916,601.5774049188923,640.0,320.0,192.81779121925686,53.15565378174887,0.0,43.43785214211454,100.12208804976578,88.7495304771806,133.0087022268104,154.82858479158034,199.47171109867128,192.4638861222383,221.90082224047808,225.93946972395693,295.2726867367982,291.5824191269662,304.519390383688,302.5731546844443,384.81339042730815,396.05111316287537,409.17284013444714,407.13364497531825,320.0,328.5948843654593,377.7750070391043,429.6808298965942,468.70128691389107,473.96308748916533,507.66987428987863,457.75241123827504,415.1677183916613,486.6842936879938,518.035039833049,453.3171329038099,410.2810893773015,490.4162931800741,519.7035604065566,455.68356162114713,406.98079511513765,490.5085137276336,560.0819561532813,601.863093562118,640.0,320.0,193.24481147033464,53.767313902810486,0.0,40.17957899664657,98.95161343701466,85.38968052581194,126.9799932245694,150.38124734112486,199.34592424153988,192.14764902788215,219.54590173700137,224.03795203885704,296.3452509105613,289.28185851384603,300.61509597222914,299.6280733888646,386.7967918396377,397.70862880568893,412.36546167098004,412.5445352180985,320.0,327.96789745361974,377.9386007797559,429.7999704713462,469.32941121121894,474.02777124355737,510.9858169236476,462.8402185467263,418.743818115634,485.736207657981,517.0980834776342,451.2758091165491,404.97911205473685,488.61730236018934,519.1873072751275,455.3763461608089,404.76758109376993,488.44136188232375,558.7911897077249,601.9742745154493,640.0
320.0,193.8541250698826,56.020385751936715,0.0,42.14359875409309,95.37267390783484,84.84036818145515,130.33843143518885,152.47643958150306,198.69748821979073,195.74964060378562,226.56996246306204,229.15322258605542,299.0282325692836,305.2342065330245,313.4521004712084,307.3383715358198,394.70933831163643,422.0215537896334,445.64481670793066,455.47999361073397,320.0,330.984335383429,377.3761529716813,429.4245642487911,470.0130032115834,475.65892034676705,509.72483348266223,460.505001872595,417.07115529723444,487.07866114426054,519.7156130235395,452.2586722141144,408.1339606987044,490.5123397936942,525.7074929211489,461.010830117515,409.79964448313615,488.9626839866057,560.8026682545978,603.0811137466153,640.0,320.0,193.02103498834623,51.87924844016345,0.0,42.19294960263153,98.3636972805975,83.15206110999529,125.25504038258765,148.47973626437573,195.01938337487604,187.74679753098187,217.7408344433405,224.81371845646137,289.09034634450256,284.61102097946946,296.9636527763985,297.1143317029477,378.3103694338392,390.56495542232005,409.4242376874561,414.2610692319374,320.0,328.80993951741203,378.94126955081435,431.0426403676298,470.9760251839393,474.3650759572079,511.4210512524258,464.902143810141,422.05710382495613,485.37737704145525,520.1554530446851,459.90397037681004,415.6783234430088,487.97419773646664,519.254567022225,458.39152473065576,408.5768612428096,488.3363842171428,557.9470755885916,601.5774049188923,640.0,320.0,192.81779121925686,53.15565378174887,0.0,43.43785214211454,100.12208804976578,88.7495304771806,133.0087022268104,154.82858479158034,199.47171109867128,192.4638861222383,221.90082224047808,225.93946972395693,295.2726867367982,291.5824191269662,304.519390383688,302.5731546844443,384.81339042730815,396.05111316287537,409.17284013444714,407.13364497531825,320.0,328.5948843654593,377.7750070391043,429.6808298965942,468.70128691389107,473.96308748916533,507.66987428987863,457.75241123827504,415.1677183916613,486.6842936879938,518.035039833049,453.3171329038099,410.2810893773015,490.4162931800741,519.7035604065566,455.68356162114713,406.98079511513765,490.5085137276336,560.0819561532813,601.863093562118,640.0,320.0,193.24481147033464,53.767313902810486,0.0,40.17957899664657,98.95161343701466,85.38968052581194,126.9799932245694,150.38124734112486,199.34592424153988,192.14764902788215,219.54590173700137,224.03795203885704,296.3452509105613,289.28185851384603,300.61509597222914,299.6280733888646,386.7967918396377,397.70862880568893,412.36546167098004,412.5445352180985,320.0,327.96789745361974,377.9386007797559,429.7999704713462,469.32941121121894,474.02777124355737,510.9858169236476,462.8402185467263,418.743818115634,485.736207657981,517.0980834776342,451.2758091165491,404.97911205473685,488.61730236018934,519.1873072751275,455.3763461608089,404.76758109376993,488.44136188232375,558.7911897077249,601.9742745154493,640.0,320.0,199.66519229389758,71.8662998223283,4.859134263960755,0.0,42.698878777153936,21.334073187461115,56.204821027033745,90.26296241624027,116.24075849276065,97.11230428398068,128.41837802396105,152.28142438518893,199.84019625105006,184.79753903649413,210.21816804292575,232.20492536543637,289.8849965526829,270.70930550343576,276.9764390844542,286.58875670715116,320.0,331.48733976841777,406.9710151761116,487.2104919269553,551.4970664906336,549.8342011491543,607.9263894595741,547.4224051408826,495.4548724546502,574.557104077275,633.657422688051,546.2434509655994,479.92725166209743,583.1370969371603,640.0,544.3862667304337,474.73905575351785,578.1271614002708,622.5241248307591,548.2389109304378,489.72941659874573
320.0,193.02103498834623,51.87924844016345,0.0,42.19294960263153,98.3636972805975,83.15206110999529,125.25504038258765,148.47973626437573,195.01938337487604,187.74679753098187,217.7408344433405,224.81371845646137,289.09034634450256,284.61102097946946,296.9636527763985,297.1143317029477,378.3103694338392,390.56495542232005,409.4242376874561,414.2610692319374,320.0,328.80993951741203,378.94126955081435,431.0426403676298,470.9760251839393,474.3650759572079,511.4210512524258,464.902143810141,422.05710382495613,485.37737704145525,520.1554530446851,459.90397037681004,415.6783234430088,487.97419773646664,519.254567022225,458.39152473065576,408.5768612428096,488.3363842171428,557.9470755885916,601.5774049188923,640.0,320.0,192.81779121925686,53.15565378174887,0.0,43.43785214211454,100.12208804976578,88.7495304771806,133.0087022268104,154.82858479158034,199.47171109867128,192.4638861222383,221.90082224047808,225.93946972395693,295.2726867367982,291.5824191269662,304.519390383688,302.5731546844443,384.81339042730815,396.05111316287537,409.17284013444714,407.13364497531825,320.0,328.5948843654593,377.7750070391043,429.6808298965942,468.70128691389107,473.96308748916533,507.66987428987863,457.75241123827504,415.1677183916613,486.6842936879938,518.035039833049,453.3171329038099,410.2810893773015,490.4162931800741,519.7035604065566,455.68356162114713,406.98079511513765,490.5085137276336,560.0819561532813,601.863093562118,640.0,320.0,193.24481147033464,53.767313902810486,0.0,40.17957899664657,98.95161343701466,85.38968052581194,126.9799932245694,150.38124734112486,199.34592424153988,192.14764902788215,219.54590173700137,224.03795203885704,296.3452509105613,289.28185851384603,300.61509597222914,299.6280733888646,386.7967918396377,397.70862880568893,412.36546167098004,412.5445352180985,320.0,327.96789745361974,377.9386007797559,429.7999704713462,469.32941121121894,474.02777124355737,510.9858169236476,462.8402185467263,418.743818115634,485.736207657981,517.0980834776342,451.2758091165491,404.97911205473685,488.61730236018934,519.1873072751275,455.3763461608089,404.76758109376993,488.44136188232375,558.7911897077249,601.9742745154493,640.0,320.0,199.66519229389758,71.8662998223283,4.859134263960755,0.0,42.698878777153936,21.334073187461115,56.204821027033745,90.26296241624027,116.24075849276065,97.11230428398068,128.41837802396105,152.28142438518893,199.84019625105006,184.79753903649413,210.21816804292575,232.20492536543637,289.8849965526829,270.70930550343576,276.9764390844542,286.58875670715116,320.0,331.48733976841777,406.9710151761116,487.2104919269553,551.4970664906336,549.8342011491543,607.9263894595741,547.4224051408826,495.4548724546502,574.557104077275,633.657422688051,546.2434509655994,479.92725166209743,583.1370969371603,640.0,544.3862667304337,474.73905575351785,578.1271614002708,622.5241248307591,548.2389109304378,489.72941659874573,320.0,123.88935653739992,0.0,6.941337584442692,58.05773893978176,3.016812365893884,29.659148070190952,53.009586274341245,76.6386503124923,144.470558996484,178.18469345285465,195.20626703855362,213.2372124138976,292.5469802342139,305.6810697679565,303.5450064643304,309.02594158356095,440.9535717234271,431.32906463394187,426.760881055469,424.6856224609736,320.0,368.00990386251453,450.2231918983532,520.240496727343,563.4541760702084,489.28547500143833,560.7939085043381,607.7961253667738,640.0,490.63193024534013,542.7745585962891,515.8997062545063,488.02793907688266,487.96506880923926,529.9120069235637,499.66357388582566,471.4926016857621,480.744062762546,540.4166297733643,571.1865661319075,598.1461594990291
320.0,192.81779121925686,53.15565378174887,0.0,43.43785214211454,100.12208804976578,88.7495304771806,133.0087022268104,154.82858479158034,199.47171109867128,192.4638861222383,221.90082224047808,225.93946972395693,295.2726867367982,291.5824191269662,304.519390383688,302.5731546844443,384.81339042730815,396.05111316287537,409.17284013444714,407.13364497531825,320.0,328.5948843654593,377.7750070391043,429.6808298965942,468.70128691389107,473.96308748916533,507.66987428987863,457.75241123827504,415.1677183916613,486.6842936879938,518.035039833049,453.3171329038099,410.2810893773015,490.4162931800741,519.7035604065566,455.68356162114713,406.98079511513765,490.5085137276336,560.0819561532813,601.863093562118,640.0,320.0,193.24481147033464,53.767313902810486,0.0,40.17957899664657,98.95161343701466,85.38968052581194,126.9799932245694,150.38124734112486,199.34592424153988,192.14764902788215,219.54590173700137,224.03795203885704,296.3452509105613,289.28185851384603,300.61509597222914,299.6280733888646,386.7967918396377,397.70862880568893,412.36546167098004,412.5445352180985,320.0,327.96789745361974,377.9386007797559,429.7999704713462,469.32941121121894,474.02777124355737,510.9858169236476,462.8402185467263,418.743818115634,485.736207657981,517.0980834776342,451.2758091165491,404.97911205473685,488.61730236018934,519.1873072751275,455.3763461608089,404.76758109376993,488.44136188232375,558.7911897077249,601.9742745154493,640.0,320.0,199.66519229389758,71.8662998223283,4.859134263960755,0.0,42.698878777153936,21.334073187461115,56.204821027033745,90.26296241624027,116.24075849276065,97.11230428398068,128.41837802396105,152.28142438518893,199.84019625105006,184.79753903649413,210.21816804292575,232.20492536543637,289.8849965526829,270.70930550343576,276.9764390844542,286.58875670715116,320.0,331.48733976841777,406.9710151761116,487.2104919269553,551.4970664906336,549.8342011491543,607.9263894595741,547.4224051408826,495.4548724546502,574.557104077275,633.657422688051,546.2434509655994,479.92725166209743,583.1370969371603,640.0,544.3862667304337,474.73905575351785,578.1271614002708,622.5241248307591,548.2389109304378,489.72941659874573,320.0,123.88935653739992,0.0,6.941337584442692,58.05773893978176,3.016812365893884,29.659148070190952,53.009586274341245,76.6386503124923,144.470558996484,178.18469345285465,195.20626703855362,213.2372124138976,292.5469802342139,305.6810697679565,303.5450064643304,309.02594158356095,440.9535717234271,431.32906463394187,426.760881055469,424.6856224609736,320.0,368.00990386251453,450.2231918983532,520.240496727343,563.4541760702084,489.28547500143833,560.7939085043381,607.7961253667738,640.0,490.63193024534013,542.7745585962891,515.8997062545063,488.02793907688266,487.96506880923926,529.9120069235637,499.66357388582566,471.4926016857621,480.744062762546,540.4166297733643,571.1865661319075,598.1461594990291,320.0,136.86132810925417,8.572971839956153,0.0,94.3899517095154,60.807313710789174,43.45530913165811,67.19081593989085,92.46820003063505,178.43996743012391,172.29928813859934,178.52522956119347,175.5167404325989,296.8294031812062,294.852314960376,285.3629364484324,270.8997831362211,415.13976830241614,396.7382397755581,392.3449182125265,386.95302359703646,320.0,404.7682602641257,498.2964577609065,580.1687612574242,640.0,526.1650035650027,596.1624165718993,602.8125323070785,602.6652144559039,523.5124280022346,587.5878497719029,576.5016572772893,566.5707877515341,517.3011594873967,578.8090415651648,572.7131733280526,562.2571005194857,507.0186530453957,568.4046115457551,592.4427379026524,609.5324628805319
320.0,193.24481147033464,53.767313902810486,0.0,40.17957899664657,98.95161343701466,85.38968052581194,126.9799932245694,150.38124734112486,199.34592424153988,192.14764902788215,219.54590173700137,224.03795203885704,296.3452509105613,289.28185851384603,300.61509597222914,299.6280733888646,386.7967918396377,397.70862880568893,412.36546167098004,412.5445352180985,320.0,327.96789745361974,377.9386007797559,429.7999704713462,469.32941121121894,474.02777124355737,510.9858169236476,462.8402185467263,418.743818115634,485.736207657981,517.0980834776342,451.2758091165491,404.97911205473685,488.61730236018934,519.1873072751275,455.3763461608089,404.76758109376993,488.44136188232375,558.7911897077249,601.9742745154493,640.0,320.0,199.66519229389758,71.8662998223283,4.859134263960755,0.0,42.698878777153936,21.334073187461115,56.204821027033745,90.26296241624027,116.24075849276065,97.11230428398068,128.41837802396105,152.28142438518893,199.84019625105006,184.79753903649413,210.21816804292575,232.20492536543637,289.8849965526829,270.70930550343576,276.9764390844542,286.58875670715116,320.0,331.48733976841777,406.9710151761116,487.2104919269553,551.4970664906336,549.8342011491543,607.9263894595741,547.4224051408826,495.4548724546502,574.557104077275,633.657422688051,546.2434509655994,479.92725166209743,583.1370969371603,640.0,544.3862667304337,474.73905575351785,578.1271614002708,622.5241248307591,548.2389109304378,489.72941659874573,320.0,123.88935653739992,0.0,6.941337584442692,58.05773893978176,3.016812365893884,29.659148070190952,53.009586274341245,76.6386503124923,144.470558996484,178.18469345285465,195.20626703855362,213.2372124138976,292.5469802342139,305.6810697679565,303.5450064643304,309.02594158356095,440.9535717234271,431.32906463394187,426.760881055469,424.6856224609736,320.0,368.00990386251453,450.2231918983532,520.240496727343,563.4541760702084,489.28547500143833,560.7939085043381,607.7961253667738,640.0,490.63193024534013,542.7745585962891,515.8997062545063,488.02793907688266,487.96506880923926,529.9120069235637,499.66357388582566,471.4926016857621,480.744062762546,540.4166297733643,571.1865661319075,598.1461594990291,320.0,136.86132810925417,8.572971839956153,0.0,94.3899517095154,60.807313710789174,43.45530913165811,67.19081593989085,92.46820003063505,178.43996743012391,172.29928813859934,178.52522956119347,175.5167404325989,296.8294031812062,294.852314960376,285.3629364484324,270.8997831362211,415.13976830241614,396.7382397755581,392.3449182125265,386.95302359703646,320.0,404.7682602641257,498.2964577609065,580.1687612574242,640.0,526.1650035650027,596.1624165718993,602.8125323070785,602.6652144559039,523.5124280022346,587.5878497719029,576.5016572772893,566.5707877515341,517.3011594873967,578.8090415651648,572.7131733280526,562.2571005194857,507.0186530453957,568.4046115457551,592.4427379026524,609.5324628805319,320.0,199.97527866121408,43.97928988870467,0.0,82.9119312876449,78.26375582533544,30.352730094142657,85.74905022279509,135.22352445390013,175.99755323579632,129.0497858728965,185.54782641786534,228.85284672417595,273.60608082919373,236.32731672700186,280.78242896314845,309.7320469028912,370.9427582615289,344.8552906695269,358.7804233494031,367.7634306001972,320.0,314.6751337890921,380.8688382319542,453.8181009610725,500.13542568392165,537.7128309892585,600.8267732517634,531.8753732617841,467.63396372288605,565.9828382780348,636.1115603357446,534.7698769100123,452.0441598176672,575.6464756956063,640.0,527.3170537251938,437.7045876867589,567.252848126843,623.7384437420205,551.7033025507792,488.21252360257915
320.0,199.66519229389758,71.8662998223283,4.859134263960755,0.0,42.698878777153936,21.334073187461115,56.204821027033745,90.26296241624027,116.24075849276065,97.11230428398068,128.41837802396105,152.28142438518893,199.84019625105006,184.79753903649413,210.21816804292575,232.20492536543637,289.8849965526829,270.70930550343576,276.9764390844542,286.58875670715116,320.0,331.48733976841777,406.9710151761116,487.2104919269553,551.4970664906336,549.8342011491543,607.9263894595741,547.4224051408826,495.4548724546502,574.557104077275,633.657422688051,546.2434509655994,479.92725166209743,583.1370969371603,640.0,544.3862667304337,474.73905575351785,578.1271614002708,622.5241248307591,548.2389109304378,489.72941659874573,320.0,123.88935653739992,0.0,6.941337584442692,58.05773893978176,3.016812365893884,29.659148070190952,53.009586274341245,76.6386503124923,144.470558996484,178.18469345285465,195.20626703855362,213.2372124138976,292.5469802342139,305.6810697679565,303.5450064643304,309.02594158356095,440.9535717234271,431.32906463394187,426.760881055469,424.6856224609736,320.0,368.00990386251453,450.2231918983532,520.240496727343,563.4541760702084,489.28547500143833,560.7939085043381,607.7961253667738,640.0,490.63193024534013,542.7745585962891,515.8997062545063,488.02793907688266,487.96506880923926,529.9120069235637,499.66357388582566,471.4926016857621,480.744062762546,540.4166297733643,571.1865661319075,598.1461594990291,320.0,136.86132810925417,8.572971839956153,0.0,94.3899517095154,60.807313710789174,43.45530913165811,67.19081593989085,92.46820003063505,178.43996743012391,172.29928813859934,178.52522956119347,175.5167404325989,296.8294031812062,294.852314960376,285.3629364484324,270.8997831362211,415.13976830241614,396.7382397755581,392.3449182125265,386.95302359703646,320.0,404.7682602641257,498.2964577609065,580.1687612574242,640.0,526.1650035650027,596.1624165718993,602.8125323070785,602.6652144559039,523.5124280022346,587.5878497719029,576.5016572772893,566.5707877515341,517.3011594873967,578.8090415651648,572.7131733280526,562.2571005194857,507.0186530453957,568.4046115457551,592.4427379026524,609.5324628805319,320.0,199.97527866121408,43.97928988870467,0.0,82.9119312876449,78.26375582533544,30.352730094142657,85.74905022279509,135.22352445390013,175.99755323579632,129.0497858728965,185.54782641786534,228.85284672417595,273.60608082919373,236.32731672700186,280.78242896314845,309.7320469028912,370.9427582615289,344.8552906695269,358.7804233494031,367.7634306001972,320.0,314.6751337890921,380.8688382319542,453.8181009610725,500.13542568392165,537.7128309892585,600.8267732517634,531.8753732617841,467.63396372288605,565.9828382780348,636.1115603357446,534.7698769100123,452.0441598176672,575.6464756956063,640.0,527.3170537251938,437.7045876867589,567.252848126843,623.7384437420205,551.7033025507792,488.21252360257915,320.0,205.4765535436484,63.10367666312402,0.0,30.577673331705,92.76201918316423,51.709519628747046,85.63630322513922,117.06861534873181,176.89905184383258,139.7910931851138,173.79427497629058,200.12427909105512,262.34902444874257,228.51483405616762,245.82465822149754,264.1176250547352,347.9074332010888,338.9852154530312,359.3591529306145,378.6564743729385,320.0,317.8577141690208,362.6502671794697,415.33465504918144,459.24994043769783,479.79025560736534,535.0276539260067,484.9439263469589,434.24270787243455,500.51078928559275,545.9431265103298,470.56771382866475,412.29859432966884,510.2403764337497,558.458187263878,484.9815356863279,424.89431945815323,511.23234403185734,588.788077328886,617.1030598005514,640.0
320.0,123.88935653739992,0.0,6.941337584442692,58.05773893978176,3.016812365893884,29.659148070190952,53.009586274341245,76.6386503124923,144.470558996484,178.18469345285465,195.20626703855362,213.2372124138976,292.5469802342139,305.6810697679565,303.5450064643304,309.02594158356095,440.9535717234271,431.32906463394187,426.760881055469,424.6856224609736,320.0,368.00990386251453,450.2231918983532,520.240496727343,563.4541760702084,489.28547500143833,560.7939085043381,607.7961253667738,640.0,490.63193024534013,542.7745585962891,515.8997062545063,488.02793907688266,487.96506880923926,529.9120069235637,499.66357388582566,471.4926016857621,480.744062762546,540.4166297733643,571.1865661319075,598.1461594990291,320.0,136.86132810925417,8.572971839956153,0.0,94.3899517095154,60.807313710789174,43.45530913165811,67.19081593989085,92.46820003063505,178.43996743012391,172.29928813859934,178.52522956119347,175.5167404325989,296.8294031812062,294.852314960376,285.3629364484324,270.8997831362211,415.13976830241614,396.7382397755581,392.3449182125265,386.95302359703646,320.0,404.7682602641257,498.2964577609065,580.1687612574242,640.0,526.1650035650027,596.1624165718993,602.8125323070785,602.6652144559039,523.5124280022346,587.5878497719029,576.5016572772893,566.5707877515341,517.3011594873967,578.8090415651648,572.7131733280526,562.2571005194857,507.0186530453957,568.4046115457551,592.4427379026524,609.5324628805319,320.0,199.97527866121408,43.97928988870467,0.0,82.9119312876449,78.26375582533544,30.352730094142657,85.74905022279509,135.22352445390013,175.99755323579632,129.0497858728965,185.54782641786534,228.85284672417595,273.60608082919373,236.32731672700186,280.78242896314845,309.7320469028912,370.9427582615289,344.8552906695269,358.7804233494031,367.7634306001972,320.0,314.6751337890921,380.8688382319542,453.8181009610725,500.13542568392165,537.7128309892585,600.8267732517634,531.8753732617841,467.63396372288605,565.9828382780348,636.1115603357446,534.7698769100123,452.0441598176672,575.6464756956063,640.0,527.3170537251938,437.7045876867589,567.252848126843,623.7384437420205,551.7033025507792,488.21252360257915,320.0,205.4765535436484,63.10367666312402,0.0,30.577673331705,92.76201918316423,51.709519628747046,85.63630322513922,117.06861534873181,176.89905184383258,139.7910931851138,173.79427497629058,200.12427909105512,262.34902444874257,228.51483405616762,245.82465822149754,264.1176250547352,347.9074332010888,338.9852154530312,359.3591529306145,378.6564743729385,320.0,317.8577141690208,362.6502671794697,415.33465504918144,459.24994043769783,479.79025560736534,535.0276539260067,484.9439263469589,434.24270787243455,500.51078928559275,545.9431265103298,470.56771382866475,412.29859432966884,510.2403764337497,558.458187263878,484.9815356863279,424.89431945815323,511.23234403185734,588.788077328886,617.1030598005514,640.0,320.0,173.0083158088231,29.757485441843073,0.0,82.90254445483646,64.69715449739243,39.74505739445698,73.36020874495219,100.80651669000054,148.68643053762,120.05711121310458,159.32733627059153,189.56649814619777,237.1080916415312,209.1198052207048,237.67892630919363,260.9116753123486,328.64816371264504,290.34563844902596,300.84855239260145,316.47223805433424,320.0,333.0909325917934,405.0871554774441,484.0610729230808,523.3741982159238,541.8777500318649,614.3443457280371,544.7420378106381,485.28985582697084,571.2832889618142,637.7510802654751,544.2816607095733,474.05318478598446,583.3906207644347,640.0,543.900904604525,471.0550464150625,580.1096153052121,632.7950466663914,569.914106552683,514.8588877978023
320.0,136.86132810925417,8.572971839956153,0.0,94.3899517095154,60.807313710789174,43.45530913165811,67.19081593989085,92.46820003063505,178.43996743012391,172.29928813859934,178.52522956119347,175.5167404325989,296.8294031812062,294.852314960376,285.3629364484324,270.8997831362211,415.13976830241614,396.7382397755581,392.3449182125265,386.95302359703646,320.0,404.7682602641257,498.2964577609065,580.1687612574242,640.0,526.1650035650027,596.1624165718993,602.8125323070785,602.6652144559039,523.5124280022346,587.5878497719029,576.5016572772893,566.5707877515341,517.3011594873967,578.8090415651648,572.7131733280526,562.2571005194857,507.0186530453957,568.4046115457551,592.4427379026524,609.5324628805319,320.0,199.97527866121408,43.97928988870467,0.0,82.9119312876449,78.26375582533544,30.352730094142657,85.74905022279509,135.22352445390013,175.99755323579632,129.0497858728965,185.54782641786534,228.85284672417595,273.60608082919373,236.32731672700186,280.78242896314845,309.7320469028912,370.9427582615289,344.8552906695269,358.7804233494031,367.7634306001972,320.0,314.6751337890921,380.8688382319542,453.8181009610725,500.13542568392165,537.7128309892585,600.8267732517634,531.8753732617841,467.63396372288605,565.9828382780348,636.1115603357446,534.7698769100123,452.0441598176672,575.6464756956063,640.0,527.3170537251938,437.7045876867589,567.252848126843,623.7384437420205,551.7033025507792,488.21252360257915,320.0,205.4765535436484,63.10367666312402,0.0,30.577673331705,92.76201918316423,51.709519628747046,85.63630322513922,117.06861534873181,176.89905184383258,139.7910931851138,173.79427497629058,200.12427909105512,262.34902444874257,228.51483405616762,245.82465822149754,264.1176250547352,347.9074332010888,338.9852154530312,359.3591529306145,378.6564743729385,320.0,317.8577141690208,362.6502671794697,415.33465504918144,459.24994043769783,479.79025560736534,535.0276539260067,484.9439263469589,434.24270787243455,500.51078928559275,545.9431265103298,470.56771382866475,412.29859432966884,510.2403764337497,558.458187263878,484.9815356863279,424.89431945815323,511.23234403185734,588.788077328886,617.1030598005514,640.0,320.0,173.0083158088231,29.757485441843073,0.0,82.90254445483646,64.69715449739243,39.74505739445698,73.36020874495219,100.80651669000054,148.68643053762,120.05711121310458,159.32733627059153,189.56649814619777,237.1080916415312,209.1198052207048,237.67892630919363,260.9116753123486,328.64816371264504,290.34563844902596,300.84855239260145,316.47223805433424,320.0,333.0909325917934,405.0871554774441,484.0610729230808,523.3741982159238,541.8777500318649,614.3443457280371,544.7420378106381,485.28985582697084,571.2832889618142,637.7510802654751,544.2816607095733,474.05318478598446,583.3906207644347,640.0,543.900904604525,471.0550464150625,580.1096153052121,632.7950466663914,569.914106552683,514.8588877978023,320.0,175.9276184395818,27.683002030165653,0.0,91.71962157759242,75.28615205569733,48.58300091113034,77.14832106419081,101.92390442024842,165.69996542769826,139.76699328755498,172.90447973397585,198.68205909566632,257.8541025307278,235.24761012338246,255.0611788389243,271.2265510565755,354.6818965410618,331.01554811233467,335.7746757595158,342.4499688142525,320.0,331.85535333128075,405.8982851489122,479.8816590155087,509.5935488111588,545.0026326440949,613.9380827016948,548.3007925607913,485.03275756495987,570.6393415968146,631.4629544424572,542.239165856578,470.84744848008916,578.0850817987774,630.721579724835,536.234772350664,461.04230565655234,572.5631298367484,640.0,607.1107267273916,572.6556771361261
320.0,199.97527866121408,43.97928988870467,0.0,82.9119312876449,78.26375582533544,30.352730094142657,85.74905022279509,135.22352445390013,175.99755323579632,129.0497858728965,185.54782641786534,228.85284672417595,273.60608082919373,236.32731672700186,280.78242896314845,309.7320469028912,370.9427582615289,344.8552906695269,358.7804233494031,367.7634306001972,320.0,314.6751337890921,380.8688382319542,453.8181009610725,500.13542568392165,537.7128309892585,600.8267732517634,531.8753732617841,467.63396372288605,565.9828382780348,636.1115603357446,534.7698769100123,452.0441598176672,575.6464756956063,640.0,527.3170537251938,437.7045876867589,567.252848126843,623.7384437420205,551.7033025507792,488.21252360257915,320.0,205.4765535436484,63.10367666312402,0.0,30.577673331705,92.76201918316423,51.709519628747046,85.63630322513922,117.06861534873181,176.89905184383258,139.7910931851138,173.79427497629058,200.12427909105512,262.34902444874257,228.51483405616762,245.82465822149754,264.1176250547352,347.9074332010888,338.9852154530312,359.3591529306145,378.6564743729385,320.0,317.8577141690208,362.6502671794697,415.33465504918144,459.24994043769783,479.79025560736534,535.0276539260067,484.9439263469589,434.24270787243455,500.51078928559275,545.9431265103298,470.56771382866475,412.29859432966884,510.2403764337497,558.458187263878,484.9815356863279,424.89431945815323,511.23234403185734,588.788077328886,617.1030598005514,640.0,320.0,173.0083158088231,29.757485441843073,0.0,82.90254445483646,64.69715449739243,39.74505739445698,73.36020874495219,100.80651669000054,148.68643053762,120.05711121310458,159.32733627059153,189.56649814619777,237.1080916415312,209.1198052207048,237.67892630919363,260.9116753123486,328.64816371264504,290.34563844902596,300.84855239260145,316.47223805433424,320.0,333.0909325917934,405.0871554774441,484.0610729230808,523.3741982159238,541.8777500318649,614.3443457280371,544.7420378106381,485.28985582697084,571.2832889618142,637.7510802654751,544.2816607095733,474.05318478598446,583.3906207644347,640.0,543.900904604525,471.0550464150625,580.1096153052121,632.7950466663914,569.914106552683,514.8588877978023,320.0,175.9276184395818,27.683002030165653,0.0,91.71962157759242,75.28615205569733,48.58300091113034,77.14832106419081,101.92390442024842,165.69996542769826,139.76699328755498,172.90447973397585,198.68205909566632,257.8541025307278,235.24761012338246,255.0611788389243,271.2265510565755,354.6818965410618,331.01554811233467,335.7746757595158,342.4499688142525,320.0,331.85535333128075,405.8982851489122,479.8816590155087,509.5935488111588,545.0026326440949,613.9380827016948,548.3007925607913,485.03275756495987,570.6393415968146,631.4629544424572,542.239165856578,470.84744848008916,578.0850817987774,630.721579724835,536.234772350664,461.04230565655234,572.5631298367484,640.0,607.1107267273916,572.6556771361261,320.0,192.4830098313111,64.23739373049497,0.0,18.594028053500892,116.2629766477252,63.64575148314822,82.70046672103939,104.45366007207656,187.34528434345458,139.75626470359668,166.4505834863384,189.55159246935122,267.2838049604777,224.47481258024752,239.13667204899093,263.16433044488036,350.68359181311064,356.1480351114889,370.8655756012464,383.64993802608166,320.0,327.4776011776317,364.0258727382922,401.62862170317106,429.6218263383868,451.1864900074389,489.18302721455694,444.92067317735393,403.0354249897315,466.7782819620612,498.11181098858884,430.4280851927352,382.35063843548176,475.9090992452067,510.59628729135477,448.4212909131258,396.9226785804394,480.79471259415925,556.0102809463376,602.2324780889637,640.0
320.0,205.4765535436484,63.10367666312402,0.0,30.577673331705,92.76201918316423,51.709519628747046,85.63630322513922,117.06861534873181,176.89905184383258,139.7910931851138,173.79427497629058,200.12427909105512,262.34902444874257,228.51483405616762,245.82465822149754,264.1176250547352,347.9074332010888,338.9852154530312,359.3591529306145,378.6564743729385,320.0,317.8577141690208,362.6502671794697,415.33465504918144,459.24994043769783,479.79025560736534,535.0276539260067,484.9439263469589,434.24270787243455,500.51078928559275,545.9431265103298,470.56771382866475,412.29859432966884,510.2403764337497,558.458187263878,484.9815356863279,424.89431945815323,511.23234403185734,588.788077328886,617.1030598005514,640.0,320.0,173.0083158088231,29.757485441843073,0.0,82.90254445483646,64.69715449739243,39.74505739445698,73.36020874495219,100.80651669000054,148.68643053762,120.05711121310458,159.32733627059153,189.56649814619777,237.1080916415312,209.1198052207048,237.67892630919363,260.9116753123486,328.64816371264504,290.34563844902596,300.84855239260145,316.47223805433424,320.0,333.0909325917934,405.0871554774441,484.0610729230808,523.3741982159238,541.8777500318649,614.3443457280371,544.7420378106381,485.28985582697084,571.2832889618142,637.7510802654751,544.2816607095733,474.05318478598446,583.3906207644347,640.0,543.900904604525,471.0550464150625,580.1096153052121,632.7950466663914,569.914106552683,514.8588877978023,320.0,175.9276184395818,27.683002030165653,0.0,91.71962157759242,75.28615205569733,48.58300091113034,77.14832106419081,101.92390442024842,165.69996542769826,139.76699328755498,172.90447973397585,198.68205909566632,257.8541025307278,235.24761012338246,255.0611788389243,271.2265510565755,354.6818965410618,331.01554811233467,335.7746757595158,342.4499688142525,320.0,331.85535333128075,405.8982851489122,479.8816590155087,509.5935488111588,545.0026326440949,613.9380827016948,548.3007925607913,485.03275756495987,570.6393415968146,631.4629544424572,542.239165856578,470.84744848008916,578.0850817987774,630.721579724835,536.234772350664,461.04230565655234,572.5631298367484,640.0,607.1107267273916,572.6556771361261,320.0,192.4830098313111,64.23739373049497,0.0,18.594028053500892,116.2629766477252,63.64575148314822,82.70046672103939,104.45366007207656,187.34528434345458,139.75626470359668,166.4505834863384,189.55159246935122,267.2838049604777,224.47481258024752,239.13667204899093,263.16433044488036,350.68359181311064,356.1480351114889,370.8655756012464,383.64993802608166,320.0,327.4776011776317,364.0258727382922,401.62862170317106,429.6218263383868,451.1864900074389,489.18302721455694,444.92067317735393,403.0354249897315,466.7782819620612,498.11181098858884,430.4280851927352,382.35063843548176,475.9090992452067,510.59628729135477,448.4212909131258,396.9226785804394,480.79471259415925,556.0102809463376,602.2324780889637,640.0,320.0,171.53895790040625,33.738539883271415,0.0,80.58263087106596,67.98861325920154,34.10774732201793,71.17440603791584,105.06262461257097,144.513463559995,118.13281303211227,153.77200970176136,182.7268711272485,224.6424191927909,198.37617220270852,221.22466820813105,239.3357023341615,302.8358805426181,263.2995234188889,269.4708371366182,280.61498466422546,320.0,341.9439724265565,424.672453702896,503.8733877051417,516.8871151096357,540.6259573627696,617.5151660219697,543.2324544844878,480.89224291036885,570.5368070438174,640.0,547.5160243772912,473.0030782157096,583.1777151418764,639.5707944252963,545.6347328246939,471.6897806169411,581.8927781612075,638.1313255727778,572.103898677784,510.7566437050803
320.0,173.0083158088231,29.757485441843073,0.0,82.90254445483646,64.69715449739243,39.74505739445698,73.36020874495219,100.80651669000054,148.68643053762,120.05711121310458,159.32733627059153,189.56649814619777,237.1080916415312,209.1198052207048,237.67892630919363,260.9116753123486,328.64816371264504,290.34563844902596,300.84855239260145,316.47223805433424,320.0,333.0909325917934,405.0871554774441,484.0610729230808,523.3741982159238,541.8777500318649,614.3443457280371,544.7420378106381,485.28985582697084,571.2832889618142,637.7510802654751,544.2816607095733,474.05318478598446,583.3906207644347,640.0,543.900904604525,471.0550464150625,580.1096153052121,632.7950466663914,569.914106552683,514.8588877978023,320.0,175.9276184395818,27.683002030165653,0.0,91.71962157759242,75.28615205569733,48.58300091113034,77.14832106419081,101.92390442024842,165.69996542769826,139.76699328755498,172.90447973397585,198.68205909566632,257.8541025307278,235.24761012338246,255.0611788389243,271.2265510565755,354.6818965410618,331.01554811233467,335.7746757595158,342.4499688142525,320.0,331.85535333128075,405.8982851489122,479.8816590155087,509.5935488111588,545.0026326440949,613.9380827016948,548.3007925607913,485.03275756495987,570.6393415968146,631.4629544424572,542.239165856578,470.84744848008916,578.0850817987774,630.721579724835,536.234772350664,461.04230565655234,572.5631298367484,640.0,607.1107267273916,572.6556771361261,320.0,192.4830098313111,64.23739373049497,0.0,18.594028053500892,116.2629766477252,63.64575148314822,82.70046672103939,104.45366007207656,187.34528434345458,139.75626470359668,166.4505834863384,189.55159246935122,267.2838049604777,224.47481258024752,239.13667204899093,263.16433044488036,350.68359181311064,356.1480351114889,370.8655756012464,383.64993802608166,320.0,327.4776011776317,364.0258727382922,401.62862170317106,429.6218263383868,451.1864900074389,489.18302721455694,444.92067317735393,403.0354249897315,466.7782819620612,498.11181098858884,430.4280851927352,382.35063843548176,475.9090992452067,510.59628729135477,448.4212909131258,396.9226785804394,480.79471259415925,556.0102809463376,602.2324780889637,640.0,320.0,171.53895790040625,33.738539883271415,0.0,80.58263087106596,67.98861325920154,34.10774732201793,71.17440603791584,105.06262461257097,144.513463559995,118.13281303211227,153.77200970176136,182.7268711272485,224.6424191927909,198.37617220270852,221.22466820813105,239.3357023341615,302.8358805426181,263.2995234188889,269.4708371366182,280.61498466422546,320.0,341.9439724265565,424.672453702896,503.8733877051417,516.8871151096357,540.6259573627696,617.5151660219697,543.2324544844878,480.89224291036885,570.5368070438174,640.0,547.5160243772912,473.0030782157096,583.1777151418764,639.5707944252963,545.6347328246939,471.6897806169411,581.8927781612075,638.1313255727778,572.103898677784,510.7566437050803,320.0,179.42536341829933,44.045859486644986,0.0,76.70144148121668,123.52205049399572,89.06475316556995,112.11251486059766,136.7640148762916,200.9198564044085,165.30209004270566,187.93945410536412,206.21617730563972,284.95242403812404,252.1133086363581,256.4624112157921,267.0712398180749,376.2885587600289,375.8656267339526,384.65630417487137,392.2974698008531,320.0,332.9513949084732,378.02475208272017,427.7898147065556,450.32273035353273,478.35319404183224,529.2545929148316,476.6664650805874,426.49278299437754,490.70753578040916,527.8084770978055,456.8295347796462,406.93595879042977,497.45072452276736,535.1538079386389,466.37930347081954,411.1642850391323,500.0434261211658,576.229417501345,611.4600700534024,640.0
320.0,175.9276184395818,27.683002030165653,0.0,91.71962157759242,75.28615205569733,48.58300091113034,77.14832106419081,101.92390442024842,165.69996542769826,139.76699328755498,172.90447973397585,198.68205909566632,257.8541025307278,235.24761012338246,255.0611788389243,271.2265510565755,354.6818965410618,331.01554811233467,335.7746757595158,342.4499688142525,320.0,331.85535333128075,405.8982851489122,479.8816590155087,509.5935488111588,545.0026326440949,613.9380827016948,548.3007925607913,485.03275756495987,570.6393415968146,631.4629544424572,542.239165856578,470.84744848008916,578.0850817987774,630.721579724835,536.234772350664,461.04230565655234,572.5631298367484,640.0,607.1107267273916,572.6556771361261,320.0,192.4830098313111,64.23739373049497,0.0,18.594028053500892,116.2629766477252,63.64575148314822,82.70046672103939,104.45366007207656,187.34528434345458,139.75626470359668,166.4505834863384,189.55159246935122,267.2838049604777,224.47481258024752,239.13667204899093,263.16433044488036,350.68359181311064,356.1480351114889,370.8655756012464,383.64993802608166,320.0,327.4776011776317,364.0258727382922,401.62862170317106,429.6218263383868,451.1864900074389,489.18302721455694,444.92067317735393,403.0354249897315,466.7782819620612,498.11181098858884,430.4280851927352,382.35063843548176,475.9090992452067,510.59628729135477,448.4212909131258,396.9226785804394,480.79471259415925,556.0102809463376,602.2324780889637,640.0,320.0,171.53895790040625,33.738539883271415,0.0,80.58263087106596,67.98861325920154,34.10774732201793,71.17440603791584,105.06262461257097,144.513463559995,118.13281303211227,153.77200970176136,182.7268711272485,224.6424191927909,198.37617220270852,221.22466820813105,239.3357023341615,302.8358805426181,263.2995234188889,269.4708371366182,280.61498466422546,320.0,341.9439724265565,424.672453702896,503.8733877051417,516.8871151096357,540.6259573627696,617.5151660219697,543.2324544844878,480.89224291036885,570.5368070438174,640.0,547.5160243772912,473.0030782157096,583.1777151418764,639.5707944252963,545.6347328246939,471.6897806169411,581.8927781612075,638.1313255727778,572.103898677784,510.7566437050803,320.0,179.42536341829933,44.045859486644986,0.0,76.70144148121668,123.52205049399572,89.06475316556995,112.11251486059766,136.7640148762916,200.9198564044085,165.30209004270566,187.93945410536412,206.21617730563972,284.95242403812404,252.1133086363581,256.4624112157921,267.0712398180749,376.2885587600289,375.8656267339526,384.65630417487137,392.2974698008531,320.0,332.9513949084732,378.02475208272017,427.7898147065556,450.32273035353273,478.35319404183224,529.2545929148316,476.6664650805874,426.49278299437754,490.70753578040916,527.8084770978055,456.8295347796462,406.93595879042977,497.45072452276736,535.1538079386389,466.37930347081954,411.1642850391323,500.0434261211658,576.229417501345,611.4600700534024,640.0,320.0,184.29188548345712,52.70468801939364,0.0,58.75275503768387,129.55189607513773,83.462807149258,112.9324116801717,143.75443479228045,209.74524606698543,169.26158796845752,192.6610422062041,209.51964074232765,293.9003193935188,260.0724632735371,268.5300339869083,279.91586312717476,380.3359559750097,405.40500286278717,429.7635830720171,443.44736705734545,320.0,331.54388447896105,370.9679040526425,408.84845728631007,428.34746311118477,467.3229828678518,503.9130876295783,455.4685446016868,408.1145716644359,477.105618314008,497.7459762090886,433.0771960159721,384.81755801279667,481.5139656417218,503.26445456561936,442.76712408412635,391.1302614324166,483.68937134601316,557.6800536173598,604.3544273149068,640.0
320.0,192.4830098313111,64.23739373049497,0.0,18.594028053500892,116.2629766477252,63.64575148314822,82.70046672103939,104.45366007207656,187.34528434345458,139.75626470359668,166.4505834863384,189.55159246935122,267.2838049604777,224.47481258024752,239.13667204899093,263.16433044488036,350.68359181311064,356.1480351114889,370.8655756012464,383.64993802608166,320.0,327.4776011776317,364.0258727382922,401.62862170317106,429.6218263383868,451.1864900074389,489.18302721455694,444.92067317735393,403.0354249897315,466.7782819620612,498.11181098858884,430.4280851927352,382.35063843548176,475.9090992452067,510.59628729135477,448.4212909131258,396.9226785804394,480.79471259415925,556.0102809463376,602.2324780889637,640.0,320.0,171.53895790040625,33.738539883271415,0.0,80.58263087106596,67.98861325920154,34.10774732201793,71.17440603791584,105.06262461257097,144.513463559995,118.13281303211227,153.77200970176136,182.7268711272485,224.6424191927909,198.37617220270852,221.22466820813105,239.3357023341615,302.8358805426181,263.2995234188889,269.4708371366182,280.61498466422546,320.0,341.9439724265565,424.672453702896,503.8733877051417,516.8871151096357,540.6259573627696,617.5151660219697,543.2324544844878,480.89224291036885,570.5368070438174,640.0,547.5160243772912,473.0030782157096,583.1777151418764,639.5707944252963,545.6347328246939,471.6897806169411,581.8927781612075,638.1313255727778,572.103898677784,510.7566437050803,320.0,179.42536341829933,44.045859486644986,0.0,76.70144148121668,123.52205049399572,89.06475316556995,112.11251486059766,136.7640148762916,200.9198564044085,165.30209004270566,187.93945410536412,206.21617730563972,284.95242403812404,252.1133086363581,256.4624112157921,267.0712398180749,376.2885587600289,375.8656267339526,384.65630417487137,392.2974698008531,320.0,332.9513949084732,378.02475208272017,427.7898147065556,450.32273035353273,478.35319404183224,529.2545929148316,476.6664650805874,426.49278299437754,490.70753578040916,527.8084770978055,456.8295347796462,406.93595879042977,497.45072452276736,535.1538079386389,466.37930347081954,411.1642850391323,500.0434261211658,576.229417501345,611.4600700534024,640.0,320.0,184.29188548345712,52.70468801939364,0.0,58.75275503768387,129.55189607513773,83.462807149258,112.9324116801717,143.75443479228045,209.74524606698543,169.26158796845752,192.6610422062041,209.51964074232765,293.9003193935188,260.0724632735371,268.5300339869083,279.91586312717476,380.3359559750097,405.40500286278717,429.7635830720171,443.44736705734545,320.0,331.54388447896105,370.9679040526425,408.84845728631007,428.34746311118477,467.3229828678518,503.9130876295783,455.4685446016868,408.1145716644359,477.105618314008,497.7459762090886,433.0771960159721,384.81755801279667,481.5139656417218,503.26445456561936,442.76712408412635,391.1302614324166,483.68937134601316,557.6800536173598,604.3544273149068,640.0,320.0,176.9571756799158,46.20338262533022,0.0,67.70554357837628,122.85751880079758,77.96888632476038,110.96646727193593,145.533537788844,204.70328647051082,169.4426056943896,191.82048401299608,209.94010060830576,291.15501169040175,263.3714916142876,270.24200649804146,279.06760189880464,379.42764602880595,404.378424882843,431.4498729744228,445.0861243534854,320.0,334.8223323463555,376.33221441349843,412.35175735091525,426.0884399411694,470.61262219186693,502.85936923966483,452.0512090155187,405.7007012328815,480.4175575985005,499.9290152082549,437.1562309605765,387.69151962249066,483.51605229559664,500.87570676280325,441.8213272588275,391.19459503510046,484.9957894981935,556.8242649084749,603.7156417231624,640.0
320.0,171.53895790040625,33.738539883271415,0.0,80.58263087106596,67.98861325920154,34.10774732201793,71.17440603791584,105.06262461257097,144.513463559995,118.13281303211227,153.77200970176136,182.7268711272485,224.6424191927909,198.37617220270852,221.22466820813105,239.3357023341615,302.8358805426181,263.2995234188889,269.4708371366182,280.61498466422546,320.0,341.9439724265565,424.672453702896,503.8733877051417,516.8871151096357,540.6259573627696,617.5151660219697,543.2324544844878,480.89224291036885,570.5368070438174,640.0,547.5160243772912,473.0030782157096,583.1777151418764,639.5707944252963,545.6347328246939,471.6897806169411,581.8927781612075,638.1313255727778,572.103898677784,510.7566437050803,320.0,179.42536341829933,44.045859486644986,0.0,76.70144148121668,123.52205049399572,89.06475316556995,112.11251486059766,136.7640148762916,200.9198564044085,165.30209004270566,187.93945410536412,206.21617730563972,284.95242403812404,252.1133086363581,256.4624112157921,267.0712398180749,376.2885587600289,375.8656267339526,384.65630417487137,392.2974698008531,320.0,332.9513949084732,378.02475208272017,427.7898147065556,450.32273035353273,478.35319404183224,529.2545929148316,476.6664650805874,426.49278299437754,490.70753578040916,527.8084770978055,456.8295347796462,406.93595879042977,497.45072452276736,535.1538079386389,466.37930347081954,411.1642850391323,500.0434261211658,576.229417501345,611.4600700534024,640.0,320.0,184.29188548345712,52.70468801939364,0.0,58.75275503768387,129.55189607513773,83.462807149258,112.9324116801717,143.75443479228045,209.74524606698543,169.26158796845752,192.6610422062041,209.51964074232765,293.9003193935188,260.0724632735371,268.5300339869083,279.91586312717476,380.3359559750097,405.40500286278717,429.7635830720171,443.44736705734545,320.0,331.54388447896105,370.9679040526425,408.84845728631007,428.34746311118477,467.3229828678518,503.9130876295783,455.4685446016868,408.1145716644359,477.105618314008,497.7459762090886,433.0771960159721,384.81755801279667,481.5139656417218,503.26445456561936,442.76712408412635,391.1302614324166,483.68937134601316,557.6800536173598,604.3544273149068,640.0,320.0,176.9571756799158,46.20338262533022,0.0,67.70554357837628,122.85751880079758,77.96888632476038,110.96646727193593,145.533537788844,204.70328647051082,169.4426056943896,191.82048401299608,209.94010060830576,291.15501169040175,263.3714916142876,270.24200649804146,279.06760189880464,379.42764602880595,404.378424882843,431.4498729744228,445.0861243534854,320.0,334.8223323463555,376.33221441349843,412.35175735091525,426.0884399411694,470.61262219186693,502.85936923966483,452.0512090155187,405.7007012328815,480.4175575985005,499.9290152082549,437.1562309605765,387.69151962249066,483.51605229559664,500.87570676280325,441.8213272588275,391.19459503510046,484.9957894981935,556.8242649084749,603.7156417231624,640.0,320.0,179.3313255199373,50.445573033285996,0.0,57.765981963272,124.47524859102728,75.21758708188702,107.10703203172915,137.25298424089613,205.51272478292668,162.41079881843154,188.50691253118117,209.83082941235025,290.4094709247855,254.6433669415245,265.8125333301058,280.7741797799046,374.85900145658275,394.85162591635407,416.9662718471974,428.7923503841036,320.0,334.7570243076324,375.98422570482444,412.9286223304133,430.91722774304753,470.94332543980266,501.84524941218626,447.4226023327308,399.88905938671974,482.23929024269336,500.3263775298753,432.5834785322215,382.1311829373118,486.32594413146705,504.53527399943687,441.55377041960116,390.345196556339,488.5733317727343,558.5775621945279,603.5113087088264,640.0
320.0,179.42536341829933,44.045859486644986,0.0,76.70144148121668,123.52205049399572,89.06475316556995,112.11251486059766,136.7640148762916,200.9198564044085,165.30209004270566,187.93945410536412,206.21617730563972,284.95242403812404,252.1133086363581,256.4624112157921,267.0712398180749,376.2885587600289,375.8656267339526,384.65630417487137,392.2974698008531,320.0,332.9513949084732,378.02475208272017,427.7898147065556,450.32273035353273,478.35319404183224,529.2545929148316,476.6664650805874,426.49278299437754,490.70753578040916,527.8084770978055,456.8295347796462,406.93595879042977,497.45072452276736,535.1538079386389,466.37930347081954,411.1642850391323,500.0434261211658,576.229417501345,611.4600700534024,640.0,320.0,184.29188548345712,52.70468801939364,0.0,58.75275503768387,129.55189607513773,83.462807149258,112.9324116801717,143.75443479228045,209.74524606698543,169.26158796845752,192.6610422062041,209.51964074232765,293.9003193935188,260.0724632735371,268.5300339869083,279.91586312717476,380.3359559750097,405.40500286278717,429.7635830720171,443.44736705734545,320.0,331.54388447896105,370.9679040526425,408.84845728631007,428.34746311118477,467.3229828678518,503.9130876295783,455.4685446016868,408.1145716644359,477.105618314008,497.7459762090886,433.0771960159721,384.81755801279667,481.5139656417218,503.26445456561936,442.76712408412635,391.1302614324166,483.68937134601316,557.6800536173598,604.3544273149068,640.0,320.0,176.9571756799158,46.20338262533022,0.0,67.70554357837628,122.85751880079758,77.96888632476038,110.96646727193593,145.533537788844,204.70328647051082,169.4426056943896,191.82048401299608,209.94010060830576,291.15501169040175,263.3714916142876,270.24200649804146,279.06760189880464,379.42764602880595,404.378424882843,431.4498729744228,445.0861243534854,320.0,334.8223323463555,376.33221441349843,412.35175735091525,426.0884399411694,470.61262219186693,502.85936923966483,452.0512090155187,405.7007012328815,480.4175575985005,499.9290152082549,437.1562309605765,387.69151962249066,483.51605229559664,500.87570676280325,441.8213272588275,391.19459503510046,484.9957894981935,556.8242649084749,603.7156417231624,640.0,320.0,179.3313255199373,50.445573033285996,0.0,57.765981963272,124.47524859102728,75.21758708188702,107.10703203172915,137.25298424089613,205.51272478292668,162.41079881843154,188.50691253118117,209.83082941235025,290.4094709247855,254.6433669415245,265.8125333301058,280.7741797799046,374.85900145658275,394.85162591635407,416.9662718471974,428.7923503841036,320.0,334.7570243076324,375.98422570482444,412.9286223304133,430.91722774304753,470.94332543980266,501.84524941218626,447.4226023327308,399.88905938671974,482.23929024269336,500.3263775298753,432.5834785322215,382.1311829373118,486.32594413146705,504.53527399943687,441.55377041960116,390.345196556339,488.5733317727343,558.5775621945279,603.5113087088264,640.0,320.0,183.3134855690778,57.94819575843036,0.0,52.695197688414794,129.07085991103628,74.67203883096175,107.43469757445064,140.61747077906097,204.51546591754538,160.10542999852348,193.67169622169354,216.11047213659646,282.43458050433804,244.78941953771164,264.11674900597916,282.2824371417117,359.9732602306138,380.016580950638,403.2464258972468,413.48399221507646,320.0,333.7613862376662,373.79300056325496,410.86983053993185,431.1160925883906,470.64369452980935,502.1914867249395,448.41558937869866,400.65419805078926,480.5872417753907,497.42131805581687,428.44441973283665,379.49964867533276,484.0286220457256,500.68032666048134,436.72726340109296,384.14132394483664,485.9499460727893,557.6355428969475,604.1672567759457,640.0
320.0,184.29188548345712,52.70468801939364,0.0,58.75275503768387,129.55189607513773,83.462807149258,112.9324116801717,143.75443479228045,209.74524606698543,169.26158796845752,192.6610422062041,209.51964074232765,293.9003193935188,260.0724632735371,268.5300339869083,279.91586312717476,380.3359559750097,405.40500286278717,429.7635830720171,443.44736705734545,320.0,331.54388447896105,370.9679040526425,408.84845728631007,428.34746311118477,467.3229828678518,503.9130876295783,455.4685446016868,408.1145716644359,477.105618314008,497.7459762090886,433.0771960159721,384.81755801279667,481.5139656417218,503.26445456561936,442.76712408412635,391.1302614324166,483.68937134601316,557.6800536173598,604.3544273149068,640.0,320.0,176.9571756799158,46.20338262533022,0.0,67.70554357837628,122.85751880079758,77.96888632476038,110.96646727193593,145.533537788844,204.70328647051082,169.4426056943896,191.82048401299608,209.94010060830576,291.15501169040175,263.3714916142876,270.24200649804146,279.06760189880464,379.42764602880595,404.378424882843,431.4498729744228,445.0861243534854,320.0,334.8223323463555,376.33221441349843,412.35175735091525,426.0884399411694,470.61262219186693,502.85936923966483,452.0512090155187,405.7007012328815,480.4175575985005,499.9290152082549,437.1562309605765,387.69151962249066,483.51605229559664,500.87570676280325,441.8213272588275,391.19459503510046,484.9957894981935,556.8242649084749,603.7156417231624,640.0,320.0,179.3313255199373,50.445573033285996,0.0,57.765981963272,124.47524859102728,75.21758708188702,107.10703203172915,137.25298424089613,205.51272478292668,162.41079881843154,188.50691253118117,209.83082941235025,290.4094709247855,254.6433669415245,265.8125333301058,280.7741797799046,374.85900145658275,394.85162591635407,416.9662718471974,428.7923503841036,320.0,334.7570243076324,375.98422570482444,412.9286223304133,430.91722774304753,470.94332543980266,501.84524941218626,447.4226023327308,399.88905938671974,482.23929024269336,500.3263775298753,432.5834785322215,382.1311829373118,486.32594413146705,504.53527399943687,441.55377041960116,390.345196556339,488.5733317727343,558.5775621945279,603.5113087088264,640.0,320.0,183.3134855690778,57.94819575843036,0.0,52.695197688414794,129.07085991103628,74.67203883096175,107.43469757445064,140.61747077906097,204.51546591754538,160.10542999852348,193.67169622169354,216.11047213659646,282.43458050433804,244.78941953771164,264.11674900597916,282.2824371417117,359.9732602306138,380.016580950638,403.2464258972468,413.48399221507646,320.0,333.7613862376662,373.79300056325496,410.86983053993185,431.1160925883906,470.64369452980935,502.1914867249395,448.41558937869866,400.65419805078926,480.5872417753907,497.42131805581687,428.44441973283665,379.49964867533276,484.0286220457256,500.68032666048134,436.72726340109296,384.14132394483664,485.9499460727893,557.6355428969475,604.1672567759457,640.0,320.0,183.8401829645404,57.01029361403755,0.0,48.384418833415225,123.50931713094724,70.80675671468617,108.55335993357218,145.07266586156567,196.7259867172279,155.27838480450126,192.14451299212726,217.82192461262454,273.5921334912558,240.06560999874077,261.1760452876269,279.62721253689983,350.6416908793273,366.6514970649748,388.5366135854517,398.1521770949547,320.0,333.84850509083117,374.06173049796814,412.82529944103294,437.13406339460437,465.1284148523066,496.12330714458966,441.3250996697691,393.5097966414879,476.7776620403985,495.26550739153674,427.4312555290328,377.88873564806346,482.4137706374705,499.528571215512,437.7123560685329,387.0176465924674,486.37779768076945,556.9470241146287,603.3683083494968,640.0
320.0,176.9571756799158,46.20338262533022,0.0,67.70554357837628,122.85751880079758,77.96888632476038,110.96646727193593,145.533537788844,204.70328647051082,169.4426056943896,191.82048401299608,209.94010060830576,291.15501169040175,263.3714916142876,270.24200649804146,279.06760189880464,379.42764602880595,404.378424882843,431.4498729744228,445.0861243534854,320.0,334.8223323463555,376.33221441349843,412.35175735091525,426.0884399411694,470.61262219186693,502.85936923966483,452.0512090155187,405.7007012328815,480.4175575985005,499.9290152082549,437.1562309605765,387.69151962249066,483.51605229559664,500.87570676280325,441.8213272588275,391.19459503510046,484.9957894981935,556.8242649084749,603.7156417231624,640.0,320.0,179.3313255199373,50.445573033285996,0.0,57.765981963272,124.47524859102728,75.21758708188702,107.10703203172915,137.25298424089613,205.51272478292668,162.41079881843154,188.50691253118117,209.83082941235025,290.4094709247855,254.6433669415245,265.8125333301058,280.7741797799046,374.85900145658275,394.85162591635407,416.9662718471974,428.7923503841036,320.0,334.7570243076324,375.98422570482444,412.9286223304133,430.91722774304753,470.94332543980266,501.84524941218626,447.4226023327308,399.88905938671974,482.23929024269336,500.3263775298753,432.5834785322215,382.1311829373118,486.32594413146705,504.53527399943687,441.55377041960116,390.345196556339,488.5733317727343,558.5775621945279,603.5113087088264,640.0,320.0,183.3134855690778,57.94819575843036,0.0,52.695197688414794,129.07085991103628,74.67203883096175,107.43469757445064,140.61747077906097,204.51546591754538,160.10542999852348,193.67169622169354,216.11047213659646,282.43458050433804,244.78941953771164,264.11674900597916,282.2824371417117,359.9732602306138,380.016580950638,403.2464258972468,413.48399221507646,320.0,333.7613862376662,373.79300056325496,410.86983053993185,431.1160925883906,470.64369452980935,502.1914867249395,448.41558937869866,400.65419805078926,480.5872417753907,497.42131805581687,428.44441973283665,379.49964867533276,484.0286220457256,500.68032666048134,436.72726340109296,384.14132394483664,485.9499460727893,557.6355428969475,604.1672567759457,640.0,320.0,183.8401829645404,57.01029361403755,0.0,48.384418833415225,123.50931713094724,70.80675671468617,108.55335993357218,145.07266586156567,196.7259867172279,155.27838480450126,192.14451299212726,217.82192461262454,273.5921334912558,240.06560999874077,261.1760452876269,279.62721253689983,350.6416908793273,366.6514970649748,388.5366135854517,398.1521770949547,320.0,333.84850509083117,374.06173049796814,412.82529944103294,437.13406339460437,465.1284148523066,496.12330714458966,441.3250996697691,393.5097966414879,476.7776620403985,495.26550739153674,427.4312555290328,377.88873564806346,482.4137706374705,499.528571215512,437.7123560685329,387.0176465924674,486.37779768076945,556.9470241146287,603.3683083494968,640.0,320.0,184.64142719480992,57.35421028902749,0.0,43.17099133210388,123.59746737835633,69.1335992966967,106.3771766367718,142.01625452588246,196.446705138368,153.98247407385355,186.12339592546942,208.47077147780595,274.10705977645824,240.5486994794845,259.19987247586477,276.6390284350974,352.1876294866913,368.42583074339944,389.69001936388696,399.4835656631663,320.0,335.37092609141723,375.7821587751382,414.50028605713044,441.31676888147456,469.801339637415,501.8083701879959,446.99611948568247,399.09779946493086,481.06279344911127,502.1404610671635,432.4841906828366,381.81598768691435,485.9654478267476,503.80348135737415,438.7299624697856,385.8923599292294,488.2767413301837,559.4951923558799,604.463774182051,640.0
320.0,179.3313255199373,50.445573033285996,0.0,57.765981963272,124.47524859102728,75.21758708188702,107.10703203172915,137.25298424089613,205.51272478292668,162.41079881843154,188.50691253118117,209.83082941235025,290.4094709247855,254.6433669415245,265.8125333301058,280.7741797799046,374.85900145658275,394.85162591635407,416.9662718471974,428.7923503841036,320.0,334.7570243076324,375.98422570482444,412.9286223304133,430.91722774304753,470.94332543980266,501.84524941218626,447.4226023327308,399.88905938671974,482.23929024269336,500.3263775298753,432.5834785322215,382.1311829373118,486.32594413146705,504.53527399943687,441.55377041960116,390.345196556339,488.5733317727343,558.5775621945279,603.5113087088264,640.0,320.0,183.3134855690778,57.94819575843036,0.0,52.695197688414794,129.07085991103628,74.67203883096175,107.43469757445064,140.61747077906097,204.51546591754538,160.10542999852348,193.67169622169354,216.11047213659646,282.43458050433804,244.78941953771164,264.11674900597916,282.2824371417117,359.9732602306138,380.016580950638,403.2464258972468,413.48399221507646,320.0,333.7613862376662,373.79300056325496,410.86983053993185,431.1160925883906,470.64369452980935,502.1914867249395,448.41558937869866,400.65419805078926,480.5872417753907,497.42131805581687,428.44441973283665,379.49964867533276,484.0286220457256,500.68032666048134,436.72726340109296,384.14132394483664,485.9499460727893,557.6355428969475,604.1672567759457,640.0,320.0,183.8401829645404,57.01029361403755,0.0,48.384418833415225,123.50931713094724,70.80675671468617,108.55335993357218,145.07266586156567,196.7259867172279,155.27838480450126,192.14451299212726,217.82192461262454,273.5921334912558,240.06560999874077,261.1760452876269,279.62721253689983,350.6416908793273,366.6514970649748,388.5366135854517,398.1521770949547,320.0,333.84850509083117,374.06173049796814,412.82529944103294,437.13406339460437,465.1284148523066,496.12330714458966,441.3250996697691,393.5097966414879,476.7776620403985,495.26550739153674,427.4312555290328,377.88873564806346,482.4137706374705,499.528571215512,437.7123560685329,387.0176465924674,486.37779768076945,556.9470241146287,603.3683083494968,640.0,320.0,184.64142719480992,57.35421028902749,0.0,43.17099133210388,123.59746737835633,69.1335992966967,106.3771766367718,142.01625452588246,196.446705138368,153.98247407385355,186.12339592546942,208.47077147780595,274.10705977645824,240.5486994794845,259.19987247586477,276.6390284350974,352.1876294866913,368.42583074339944,389.69001936388696,399.4835656631663,320.0,335.37092609141723,375.7821587751382,414.50028605713044,441.31676888147456,469.801339637415,501.8083701879959,446.99611948568247,399.09779946493086,481.06279344911127,502.1404610671635,432.4841906828366,381.81598768691435,485.9654478267476,503.80348135737415,438.7299624697856,385.8923599292294,488.2767413301837,559.4951923558799,604.463774182051,640.0,320.0,184.41783476631892,56.15675013780782,0.0,42.289679122959626,120.43468388599126,68.90315520577903,107.53497945050941,143.98201916577773,196.18037707673815,157.5422612663742,191.6715495833636,214.27668454631794,275.7692194262639,244.08036803740796,263.0081596139511,279.3067672933536,354.94481333063834,369.98411043999477,390.4454327765154,398.1961812786121,320.0,332.61465091731753,373.3732816510653,413.5132957502359,440.9578861901649,467.2353746146417,498.68597252725124,444.3408537590676,396.1165138789086,479.5789240037077,498.5138496605321,430.75891720453393,381.4508122648761,484.73786620932844,501.6348827663382,438.06224749753744,386.56603462129664,487.2676556653204,557.9044441635383,603.6511122378517,640.0
320.0,183.3134855690778,57.94819575843036,0.0,52.695197688414794,129.07085991103628,74.67203883096175,107.43469757445064,140.61747077906097,204.51546591754538,160.10542999852348,193.67169622169354,216.11047213659646,282.43458050433804,244.78941953771164,264.11674900597916,282.2824371417117,359.9732602306138,380.016580950638,403.2464258972468,413.48399221507646,320.0,333.7613862376662,373.79300056325496,410.86983053993185,431.1160925883906,470.64369452980935,502.1914867249395,448.41558937869866,400.65419805078926,480.5872417753907,497.42131805581687,428.44441973283665,379.49964867533276,484.0286220457256,500.68032666048134,436.72726340109296,384.14132394483664,485.9499460727893,557.6355428969475,604.1672567759457,640.0,320.0,183.8401829645404,57.01029361403755,0.0,48.384418833415225,123.50931713094724,70.80675671468617,108.55335993357218,145.07266586156567,196.7259867172279,155.27838480450126,192.14451299212726,217.82192461262454,273.5921334912558,240.06560999874077,261.1760452876269,279.62721253689983,350.6416908793273,366.6514970649748,388.5366135854517,398.1521770949547,320.0,333.84850509083117,374.06173049796814,412.82529944103294,437.13406339460437,465.1284148523066,496.12330714458966,441.3250996697691,393.5097966414879,476.7776620403985,495.26550739153674,427.4312555290328,377.88873564806346,482.4137706374705,499.528571215512,437.7123560685329,387.0176465924674,486.37779768076945,556.9470241146287,603.3683083494968,640.0,320.0,184.64142719480992,57.35421028902749,0.0,43.17099133210388,123.59746737835633,69.1335992966967,106.3771766367718,142.01625452588246,196.446705138368,153.98247407385355,186.12339592546942,208.47077147780595,274.10705977645824,240.5486994794845,259.19987247586477,276.6390284350974,352.1876294866913,368.42583074339944,389.69001936388696,399.4835656631663,320.0,335.37092609141723,375.7821587751382,414.50028605713044,441.31676888147456,469.801339637415,501.8083701879959,446.99611948568247,399.09779946493086,481.06279344911127,502.1404610671635,432.4841906828366,381.81598768691435,485.9654478267476,503.80348135737415,438.7299624697856,385.8923599292294,488.2767413301837,559.4951923558799,604.463774182051,640.0,320.0,184.41783476631892,56.15675013780782,0.0,42.289679122959626,120.43468388599126,68.90315520577903,107.53497945050941,143.98201916577773,196.18037707673815,157.5422612663742,191.6715495833636,214.27668454631794,275.7692194262639,244.08036803740796,263.0081596139511,279.3067672933536,354.94481333063834,369.98411043999477,390.4454327765154,398.1961812786121,320.0,332.61465091731753,373.3732816510653,413.5132957502359,440.9578861901649,467.2353746146417,498.68597252725124,444.3408537590676,396.1165138789086,479.5789240037077,498.5138496605321,430.75891720453393,381.4508122648761,484.73786620932844,501.6348827663382,438.06224749753744,386.56603462129664,487.2676556653204,557.9044441635383,603.6511122378517,640.0,320.0,186.02119397942423,55.949537003202465,0.0,51.213357119152306,124.79360131117531,77.45196850016353,113.73487278221,145.77754348719435,199.65036283757314,160.51799092097366,193.81639951549772,214.76767732435894,277.8940205182641,246.5497231843445,265.4112482642862,280.60938022286626,356.4142518429417,374.169942408446,397.6586127947419,408.26993150594666,320.0,332.2309163260054,373.0287505780624,413.0028777482394,438.0918635716871,467.4354455941111,500.8939893184727,446.94751066401415,397.38421670068624,478.88417482130194,501.6541493840177,431.3991541887253,379.35141879739666,484.23414484581536,504.4092179316863,439.37326511477744,385.40417463855556,487.65249349854287,559.3796612389292,604.7092164595625,640.0
320.0,183.8401829645404,57.01029361403755,0.0,48.384418833415225,123.50931713094724,70.80675671468617,108.55335993357218,145.07266586156567,196.7259867172279,155.27838480450126,192.14451299212726,217.82192461262454,273.5921334912558,240.06560999874077,261.1760452876269,279.62721253689983,350.6416908793273,366.6514970649748,388.5366135854517,398.1521770949547,320.0,333.84850509083117,374.06173049796814,412.82529944103294,437.13406339460437,465.1284148523066,496.12330714458966,441.3250996697691,393.5097966414879,476.7776620403985,495.26550739153674,427.4312555290328,377.88873564806346,482.4137706374705,499.528571215512,437.7123560685329,387.0176465924674,486.37779768076945,556.9470241146287,603.3683083494968,640.0,320.0,184.64142719480992,57.35421028902749,0.0,43.17099133210388,123.59746737835633,69.1335992966967,106.3771766367718,142.01625452588246,196.446705138368,153.98247407385355,186.12339592546942,208.47077147780595,274.10705977645824,240.5486994794845,259.19987247586477,276.6390284350974,352.1876294866913,368.42583074339944,389.69001936388696,399.4835656631663,320.0,335.37092609141723,375.7821587751382,414.50028605713044,441.31676888147456,469.801339637415,501.8083701879959,446.99611948568247,399.09779946493086,481.06279344911127,502.1404610671635,432.4841906828366,381.81598768691435,485.9654478267476,503.80348135737415,438.7299624697856,385.8923599292294,488.2767413301837,559.4951923558799,604.463774182051,640.0,320.0,184.41783476631892,56.15675013780782,0.0,42.289679122959626,120.43468388599126,68.90315520577903,107.53497945050941,143.98201916577773,196.18037707673815,157.5422612663742,191.6715495833636,214.27668454631794,275.7692194262639,244.08036803740796,263.0081596139511,279.3067672933536,354.94481333063834,369.98411043999477,390.4454327765154,398.1961812786121,320.0,332.61465091731753,373.3732816510653,413.5132957502359,440.9578861901649,467.2353746146417,498.68597252725124,444.3408537590676,396.1165138789086,479.5789240037077,498.5138496605321,430.75891720453393,381.4508122648761,484.73786620932844,501.6348827663382,438.06224749753744,386.56603462129664,487.2676556653204,557.9044441635383,603.6511122378517,640.0,320.0,186.02119397942423,55.949537003202465,0.0,51.213357119152306,124.79360131117531,77.45196850016353,113.73487278221,145.77754348719435,199.65036283757314,160.51799092097366,193.81639951549772,214.76767732435894,277.8940205182641,246.5497231843445,265.4112482642862,280.60938022286626,356.4142518429417,374.169942408446,397.6586127947419,408.26993150594666,320.0,332.2309163260054,373.0287505780624,413.0028777482394,438.0918635716871,467.4354455941111,500.8939893184727,446.94751066401415,397.38421670068624,478.88417482130194,501.6541493840177,431.3991541887253,379.35141879739666,484.23414484581536,504.4092179316863,439.37326511477744,385.40417463855556,487.65249349854287,559.3796612389292,604.7092164595625,640.0,320.0,187.27785258322922,56.52834546535155,0.0,42.851501631822316,116.70025540200498,68.09093345843607,107.43205574323386,143.47634347086176,193.85543429579792,157.50695545679787,192.16378212495337,215.30171975195043,274.65518312350343,245.28577495184777,264.98402498767945,281.688239398714,355.53343537812043,370.4452193274084,393.7246178094015,404.55623448451547,320.0,333.2520340946316,374.4618346708351,414.48390357546157,441.40958857586037,465.59405797050556,498.9661908113453,446.0717741057584,397.92481663174294,477.6144393002283,499.9686062908819,433.0272735983321,383.25144715567876,483.080817480547,504.23351140492616,441.16635304729175,389.5959261420101,487.15212303845755,558.2991572660283,603.6218086448582,640.0
320.0,184.64142719480992,57.35421028902749,0.0,43.17099133210388,123.59746737835633,69.1335992966967,106.3771766367718,142.01625452588246,196.446705138368,153.98247407385355,186.12339592546942,208.47077147780595,274.10705977645824,240.5486994794845,259.19987247586477,276.6390284350974,352.1876294866913,368.42583074339944,389.69001936388696,399.4835656631663,320.0,335.37092609141723,375.7821587751382,414.50028605713044,441.31676888147456,469.801339637415,501.8083701879959,446.99611948568247,399.09779946493086,481.06279344911127,502.1404610671635,432.4841906828366,381.81598768691435,485.9654478267476,503.80348135737415,438.7299624697856,385.8923599292294,488.2767413301837,559.4951923558799,604.463774182051,640.0,320.0,184.41783476631892,56.15675013780782,0.0,42.289679122959626,120.43468388599126,68.90315520577903,107.53497945050941,143.98201916577773,196.18037707673815,157.5422612663742,191.6715495833636,214.27668454631794,275.7692194262639,244.08036803740796,263.0081596139511,279.3067672933536,354.94481333063834,369.98411043999477,390.4454327765154,398.1961812786121,320.0,332.61465091731753,373.3732816510653,413.5132957502359,440.9578861901649,467.2353746146417,498.68597252725124,444.3408537590676,396.1165138789086,479.5789240037077,498.5138496605321,430.75891720453393,381.4508122648761,484.73786620932844,501.6348827663382,438.06224749753744,386.56603462129664,487.2676556653204,557.9044441635383,603.6511122378517,640.0,320.0,186.02119397942423,55.949537003202465,0.0,51.213357119152306,124.79360131117531,77.45196850016353,113.73487278221,145.77754348719435,199.65036283757314,160.51799092097366,193.81639951549772,214.76767732435894,277.8940205182641,246.5497231843445,265.4112482642862,280.60938022286626,356.4142518429417,374.169942408446,397.6586127947419,408.26993150594666,320.0,332.2309163260054,373.0287505780624,413.0028777482394,438.0918635716871,467.4354455941111,500.8939893184727,446.94751066401415,397.38421670068624,478.88417482130194,501.6541493840177,431.3991541887253,379.35141879739666,484.23414484581536,504.4092179316863,439.37326511477744,385.40417463855556,487.65249349854287,559.3796612389292,604.7092164595625,640.0,320.0,187.27785258322922,56.52834546535155,0.0,42.851501631822316,116.70025540200498,68.09093345843607,107.43205574323386,143.47634347086176,193.85543429579792,157.50695545679787,192.16378212495337,215.30171975195043,274.65518312350343,245.28577495184777,264.98402498767945,281.688239398714,355.53343537812043,370.4452193274084,393.7246178094015,404.55623448451547,320.0,333.2520340946316,374.4618346708351,414.48390357546157,441.40958857586037,465.59405797050556,498.9661908113453,446.0717741057584,397.92481663174294,477.6144393002283,499.9686062908819,433.0272735983321,383.25144715567876,483.080817480547,504.23351140492616,441.16635304729175,389.5959261420101,487.15212303845755,558.2991572660283,603.6218086448582,640.0,320.0,186.7099111161127,56.586593258829,0.0,38.565892479447825,113.4615084964378,63.95700178229458,101.8435254998937,135.99078939395253,189.48763599253996,152.43622261273038,186.5926432496434,207.74002545035881,269.23486372131185,238.69527956440066,259.3805925143627,275.5161584770567,348.7173153815005,359.89400493040586,381.576017797938,390.1480372156192,320.0,332.0593097984793,372.2589647903981,411.84987111558655,439.1438222720809,460.5665917577642,496.2528544160188,445.0881156764306,397.9416210222023,473.5301918336805,497.7336571461038,432.25533015726035,383.870449102846,479.6976887843361,502.04454158290287,440.50915488332305,389.9767617191734,484.35234020810896,555.9195722576753,602.5587333746762,640.0
320.0,184.41783476631892,56.15675013780782,0.0,42.289679122959626,120.43468388599126,68.90315520577903,107.53497945050941,143.98201916577773,196.18037707673815,157.5422612663742,191.6715495833636,214.27668454631794,275.7692194262639,244.08036803740796,263.0081596139511,279.3067672933536,354.94481333063834,369.98411043999477,390.4454327765154,398.1961812786121,320.0,332.61465091731753,373.3732816510653,413.5132957502359,440.9578861901649,467.2353746146417,498.68597252725124,444.3408537590676,396.1165138789086,479.5789240037077,498.5138496605321,430.75891720453393,381.4508122648761,484.73786620932844,501.6348827663382,438.06224749753744,386.56603462129664,487.2676556653204,557.9044441635383,603.6511122378517,640.0,320.0,186.02119397942423,55.949537003202465,0.0,51.213357119152306,124.79360131117531,77.45196850016353,113.73487278221,145.77754348719435,199.65036283757314,160.51799092097366,193.81639951549772,214.76767732435894,277.8940205182641,246.5497231843445,265.4112482642862,280.60938022286626,356.4142518429417,374.169942408446,397.6586127947419,408.26993150594666,320.0,332.2309163260054,373.0287505780624,413.0028777482394,438.0918635716871,467.4354455941111,500.8939893184727,446.94751066401415,397.38421670068624,478.88417482130194,501.6541493840177,431.3991541887253,379.35141879739666,484.23414484581536,504.4092179316863,439.37326511477744,385.40417463855556,487.65249349854287,559.3796612389292,604.7092164595625,640.0,320.0,187.27785258322922,56.52834546535155,0.0,42.851501631822316,116.70025540200498,68.09093345843607,107.43205574323386,143.47634347086176,193.85543429579792,157.50695545679787,192.16378212495337,215.30171975195043,274.65518312350343,245.28577495184777,264.98402498767945,281.688239398714,355.53343537812043,370.4452193274084,393.7246178094015,404.55623448451547,320.0,333.2520340946316,374.4618346708351,414.48390357546157,441.40958857586037,465.59405797050556,498.9661908113453,446.0717741057584,397.92481663174294,477.6144393002283,499.9686062908819,433.0272735983321,383.25144715567876,483.080817480547,504.23351140492616,441.16635304729175,389.5959261420101,487.15212303845755,558.2991572660283,603.6218086448582,640.0,320.0,186.7099111161127,56.586593258829,0.0,38.565892479447825,113.4615084964378,63.95700178229458,101.8435254998937,135.99078939395253,189.48763599253996,152.43622261273038,186.5926432496434,207.74002545035881,269.23486372131185,238.69527956440066,259.3805925143627,275.5161584770567,348.7173153815005,359.89400493040586,381.576017797938,390.1480372156192,320.0,332.0593097984793,372.2589647903981,411.84987111558655,439.1438222720809,460.5665917577642,496.2528544160188,445.0881156764306,397.9416210222023,473.5301918336805,497.7336571461038,432.25533015726035,383.870449102846,479.6976887843361,502.04454158290287,440.50915488332305,389.9767617191734,484.35234020810896,555.9195722576753,602.5587333746762,640.0,320.0,186.37874921060762,58.18609995601145,0.0,37.1308576618311,116.53024325590695,63.68198651384495,98.52851764356188,131.82152934365322,188.2664764080693,142.43933535968935,179.56598770758063,205.10822351530317,265.2298383271835,226.585144107268,251.53886534417506,273.8030207056756,343.8746376799474,353.46328868452764,371.46371447256405,378.4914057480429,320.0,331.5504042980552,369.9961017620157,408.3109705560643,436.70428759650264,461.66828806663784,496.6926960533527,445.95628916065294,398.7400215121239,474.39848084027153,498.0817715600174,430.38308128301594,380.8421933789025,481.46614207347824,502.44125990566147,438.3154028546754,386.6953683794436,486.4736239796458,558.7946251653009,603.8904455542386,640.0
320.0,186.02119397942423,55.949537003202465,0.0,51.213357119152306,124.79360131117531,77.45196850016353,113.73487278221,145.77754348719435,199.65036283757314,160.51799092097366,193.81639951549772,214.76767732435894,277.8940205182641,246.5497231843445,265.4112482642862,280.60938022286626,356.4142518429417,374.169942408446,397.6586127947419,408.26993150594666,320.0,332.2309163260054,373.0287505780624,413.0028777482394,438.0918635716871,467.4354455941111,500.8939893184727,446.94751066401415,397.38421670068624,478.88417482130194,501.6541493840177,431.3991541887253,379.35141879739666,484.23414484581536,504.4092179316863,439.37326511477744,385.40417463855556,487.65249349854287,559.3796612389292,604.7092164595625,640.0,320.0,187.27785258322922,56.52834546535155,0.0,42.851501631822316,116.70025540200498,68.09093345843607,107.43205574323386,143.47634347086176,193.85543429579792,157.50695545679787,192.16378212495337,215.30171975195043,274.65518312350343,245.28577495184777,264.98402498767945,281.688239398714,355.53343537812043,370.4452193274084,393.7246178094015,404.55623448451547,320.0,333.2520340946316,374.4618346708351,414.48390357546157,441.40958857586037,465.59405797050556,498.9661908113453,446.0717741057584,397.92481663174294,477.6144393002283,499.9686062908819,433.0272735983321,383.25144715567876,483.080817480547,504.23351140492616,441.16635304729175,389.5959261420101,487.15212303845755,558.2991572660283,603.6218086448582,640.0,320.0,186.7099111161127,56.586593258829,0.0,38.565892479447825,113.4615084964378,63.95700178229458,101.8435254998937,135.99078939395253,189.48763599253996,152.43622261273038,186.5926432496434,207.74002545035881,269.23486372131185,238.69527956440066,259.3805925143627,275.5161584770567,348.7173153815005,359.89400493040586,381.576017797938,390.1480372156192,320.0,332.0593097984793,372.2589647903981,411.84987111558655,439.1438222720809,460.5665917577642,496.2528544160188,445.0881156764306,397.9416210222023,473.5301918336805,497.7336571461038,432.25533015726035,383.870449102846,479.6976887843361,502.04454158290287,440.50915488332305,389.9767617191734,484.35234020810896,555.9195722576753,602.5587333746762,640.0,320.0,186.37874921060762,58.18609995601145,0.0,37.1308576618311,116.53024325590695,63.68198651384495,98.52851764356188,131.82152934365322,188.2664764080693,142.43933535968935,179.56598770758063,205.10822351530317,265.2298383271835,226.585144107268,251.53886534417506,273.8030207056756,343.8746376799474,353.46328868452764,371.46371447256405,378.4914057480429,320.0,331.5504042980552,369.9961017620157,408.3109705560643,436.70428759650264,461.66828806663784,496.6926960533527,445.95628916065294,398.7400215121239,474.39848084027153,498.0817715600174,430.38308128301594,380.8421933789025,481.46614207347824,502.44125990566147,438.3154028546754,386.6953683794436,486.4736239796458,558.7946251653009,603.8904455542386,640.0,320.0,187.90469990293983,59.56048384993653,0.0,32.07425695862639,116.7433491022527,62.81707784870656,99.72410634229192,134.6367118839678,188.21506485772173,142.82955769105848,180.01250829184053,205.13818627871677,264.7441134451809,226.9610682972649,250.75659992574685,271.3886242823024,342.9804348125013,351.4491268614856,369.8711190748606,376.4971187780376,320.0,330.9253902378217,368.7561483847219,406.63358435323215,435.79009041807603,459.25739755789976,493.98660194590593,442.53160915244115,395.84661131217933,472.59516485328123,495.6999753923188,428.3432969524862,379.4022475015526,479.73894038274034,500.1840848508407,437.23335314608596,386.9981255331159,484.71271441311086,556.7570874364656,602.6019491384685,640.0
320.0,187.27785258322922,56.52834546535155,0.0,42.851501631822316,116.70025540200498,68.09093345843607,107.43205574323386,143.47634347086176,193.85543429579792,157.50695545679787,192.16378212495337,215.30171975195043,274.65518312350343,245.28577495184777,264.98402498767945,281.688239398714,355.53343537812043,370.4452193274084,393.7246178094015,404.55623448451547,320.0,333.2520340946316,374.4618346708351,414.48390357546157,441.40958857586037,465.59405797050556,498.9661908113453,446.0717741057584,397.92481663174294,477.6144393002283,499.9686062908819,433.0272735983321,383.25144715567876,483.080817480547,504.23351140492616,441.16635304729175,389.5959261420101,487.15212303845755,558.2991572660283,603.6218086448582,640.0,320.0,186.7099111161127,56.586593258829,0.0,38.565892479447825,113.4615084964378,63.95700178229458,101.8435254998937,135.99078939395253,189.48763599253996,152.43622261273038,186.5926432496434,207.74002545035881,269.23486372131185,238.69527956440066,259.3805925143627,275.5161584770567,348.7173153815005,359.89400493040586,381.576017797938,390.1480372156192,320.0,332.0593097984793,372.2589647903981,411.84987111558655,439.1438222720809,460.5665917577642,496.2528544160188,445.0881156764306,397.9416210222023,473.5301918336805,497.7336571461038,432.25533015726035,383.870449102846,479.6976887843361,502.04454158290287,440.50915488332305,389.9767617191734,484.35234020810896,555.9195722576753,602.5587333746762,640.0,320.0,186.37874921060762,58.18609995601145,0.0,37.1308576618311,116.53024325590695,63.68198651384495,98.52851764356188,131.82152934365322,188.2664764080693,142.43933535968935,179.56598770758063,205.10822351530317,265.2298383271835,226.585144107268,251.53886534417506,273.8030207056756,343.8746376799474,353.46328868452764,371.46371447256405,378.4914057480429,320.0,331.5504042980552,369.9961017620157,408.3109705560643,436.70428759650264,461.66828806663784,496.6926960533527,445.95628916065294,398.7400215121239,474.39848084027153,498.0817715600174,430.38308128301594,380.8421933789025,481.46614207347824,502.44125990566147,438.3154028546754,386.6953683794436,486.4736239796458,558.7946251653009,603.8904455542386,640.0,320.0,187.90469990293983,59.56048384993653,0.0,32.07425695862639,116.7433491022527,62.81707784870656,99.72410634229192,134.6367118839678,188.21506485772173,142.82955769105848,180.01250829184053,205.13818627871677,264.7441134451809,226.9610682972649,250.75659992574685,271.3886242823024,342.9804348125013,351.4491268614856,369.8711190748606,376.4971187780376,320.0,330.9253902378217,368.7561483847219,406.63358435323215,435.79009041807603,459.25739755789976,493.98660194590593,442.53160915244115,395.84661131217933,472.59516485328123,495.6999753923188,428.3432969524862,379.4022475015526,479.73894038274034,500.1840848508407,437.23335314608596,386.9981255331159,484.71271441311086,556.7570874364656,602.6019491384685,640.0,320.0,185.67126360630203,55.7232770193699,0.0,39.86896881713557,118.5721397950071,65.13078903475889,104.21969225881566,140.5281153322369,191.82662970517984,147.603644232129,184.69035068857235,210.60631948439888,269.65961725101846,232.88123313438444,255.15637924655132,275.41600075937646,348.16573778653384,357.20262759752273,373.21493259565335,378.1892358386945,320.0,331.20492174993126,370.3739049472677,409.7092452997041,438.82019330762944,461.426116786333,494.83703138441217,443.16697820184606,396.67918675861154,474.35820009361237,496.44588444726134,428.57106432113767,378.9619230958361,481.2784375767076,500.55831879873494,437.1234021300952,385.778616362892,485.88418014443334,558.3209032921548,603.9230322946332,640.0
320.0,186.7099111161127,56.586593258829,0.0,38.565892479447825,113.4615084964378,63.95700178229458,101.8435254998937,135.99078939395253,189.48763599253996,152.43622261273038,186.5926432496434,207.74002545035881,269.23486372131185,238.69527956440066,259.3805925143627,275.5161584770567,348.7173153815005,359.89400493040586,381.576017797938,390.1480372156192,320.0,332.0593097984793,372.2589647903981,411.84987111558655,439.1438222720809,460.5665917577642,496.2528544160188,445.0881156764306,397.9416210222023,473.5301918336805,497.7336571461038,432.25533015726035,383.870449102846,479.6976887843361,502.04454158290287,440.50915488332305,389.9767617191734,484.35234020810896,555.9195722576753,602.5587333746762,640.0,320.0,186.37874921060762,58.18609995601145,0.0,37.1308576618311,116.53024325590695,63.68198651384495,98.52851764356188,131.82152934365322,188.2664764080693,142.43933535968935,179.56598770758063,205.10822351530317,265.2298383271835,226.585144107268,251.53886534417506,273.8030207056756,343.8746376799474,353.46328868452764,371.46371447256405,378.4914057480429,320.0,331.5504042980552,369.9961017620157,408.3109705560643,436.70428759650264,461.66828806663784,496.6926960533527,445.95628916065294,398.7400215121239,474.39848084027153,498.0817715600174,430.38308128301594,380.8421933789025,481.46614207347824,502.44125990566147,438.3154028546754,386.6953683794436,486.4736239796458,558.7946251653009,603.8904455542386,640.0,320.0,187.90469990293983,59.56048384993653,0.0,32.07425695862639,116.7433491022527,62.81707784870656,99.72410634229192,134.6367118839678,188.21506485772173,142.82955769105848,180.01250829184053,205.13818627871677,264.7441134451809,226.9610682972649,250.75659992574685,271.3886242823024,342.9804348125013,351.4491268614856,369.8711190748606,376.4971187780376,320.0,330.9253902378217,368.7561483847219,406.63358435323215,435.79009041807603,459.25739755789976,493.98660194590593,442.53160915244115,395.84661131217933,472.59516485328123,495.6999753923188,428.3432969524862,379.4022475015526,479.73894038274034,500.1840848508407,437.23335314608596,386.9981255331159,484.71271441311086,556.7570874364656,602.6019491384685,640.0,320.0,185.67126360630203,55.7232770193699,0.0,39.86896881713557,118.5721397950071,65.13078903475889,104.21969225881566,140.5281153322369,191.82662970517984,147.603644232129,184.69035068857235,210.60631948439888,269.65961725101846,232.88123313438444,255.15637924655132,275.41600075937646,348.16573778653384,357.20262759752273,373.21493259565335,378.1892358386945,320.0,331.20492174993126,370.3739049472677,409.7092452997041,438.82019330762944,461.426116786333,494.83703138441217,443.16697820184606,396.67918675861154,474.35820009361237,496.44588444726134,428.57106432113767,378.9619230958361,481.2784375767076,500.55831879873494,437.1234021300952,385.778616362892,485.88418014443334,558.3209032921548,603.9230322946332,640.0,320.0,202.5462171385633,103.69723248749483,41.97099976981565,0.0,148.01872715364232,107.20847078372617,140.69010726140758,164.81015972620614,199.33602774498573,161.42891845761883,195.64145108657684,218.75089503125844,257.6636383097914,226.4407975803112,248.76402621441906,268.9012190779928,318.5941261975813,317.2512431171792,321.7298175250632,321.3792031351519,320.0,341.01156945877244,386.227078387884,421.1127418322187,439.08063056534326,461.2761279075385,488.7391494456428,440.82703137439745,400.7269795296459,473.5301647542571,490.77227568416197,431.1667099044587,390.5669347409772,480.81925263171996,499.3985927621154,442.3142490245108,401.48913391657663,487.0383492825977,556.3347668792829,599.2804744221056,640.0
320.0,186.37874921060762,58.18609995601145,0.0,37.1308576618311,116.53024325590695,63.68198651384495,98.52851764356188,131.82152934365322,188.2664764080693,142.43933535968935,179.56598770758063,205.10822351530317,265.2298383271835,226.585144107268,251.53886534417506,273.8030207056756,343.8746376799474,353.46328868452764,371.46371447256405,378.4914057480429,320.0,331.5504042980552,369.9961017620157,408.3109705560643,436.70428759650264,461.66828806663784,496.6926960533527,445.95628916065294,398.7400215121239,474.39848084027153,498.0817715600174,430.38308128301594,380.8421933789025,481.46614207347824,502.44125990566147,438.3154028546754,386.6953683794436,486.4736239796458,558.7946251653009,603.8904455542386,640.0,320.0,187.90469990293983,59.56048384993653,0.0,32.07425695862639,116.7433491022527,62.81707784870656,99.72410634229192,134.6367118839678,188.21506485772173,142.82955769105848,180.01250829184053,205.13818627871677,264.7441134451809,226.9610682972649,250.75659992574685,271.3886242823024,342.9804348125013,351.4491268614856,369.8711190748606,376.4971187780376,320.0,330.9253902378217,368.7561483847219,406.63358435323215,435.79009041807603,459.25739755789976,493.98660194590593,442.53160915244115,395.84661131217933,472.59516485328123,495.6999753923188,428.3432969524862,379.4022475015526,479.73894038274034,500.1840848508407,437.23335314608596,386.9981255331159,484.71271441311086,556.7570874364656,602.6019491384685,640.0,320.0,185.67126360630203,55.7232770193699,0.0,39.86896881713557,118.5721397950071,65.13078903475889,104.21969225881566,140.5281153322369,191.82662970517984,147.603644232129,184.69035068857235,210.60631948439888,269.65961725101846,232.88123313438444,255.15637924655132,275.41600075937646,348.16573778653384,357.20262759752273,373.21493259565335,378.1892358386945,320.0,331.20492174993126,370.3739049472677,409.7092452997041,438.82019330762944,461.426116786333,494.83703138441217,443.16697820184606,396.67918675861154,474.35820009361237,496.44588444726134,428.57106432113767,378.9619230958361,481.2784375767076,500.55831879873494,437.1234021300952,385.778616362892,485.88418014443334,558.3209032921548,603.9230322946332,640.0,320.0,202.5462171385633,103.69723248749483,41.97099976981565,0.0,148.01872715364232,107.20847078372617,140.69010726140758,164.81015972620614,199.33602774498573,161.42891845761883,195.64145108657684,218.75089503125844,257.6636383097914,226.4407975803112,248.76402621441906,268.9012190779928,318.5941261975813,317.2512431171792,321.7298175250632,321.3792031351519,320.0,341.01156945877244,386.227078387884,421.1127418322187,439.08063056534326,461.2761279075385,488.7391494456428,440.82703137439745,400.7269795296459,473.5301647542571,490.77227568416197,431.1667099044587,390.5669347409772,480.81925263171996,499.3985927621154,442.3142490245108,401.48913391657663,487.0383492825977,556.3347668792829,599.2804744221056,640.0,320.0,187.64031224269942,75.75294664578078,13.246528717777323,0.0,108.84499700341107,51.108476519251894,69.59449897219801,90.18309998525044,166.8142245555993,110.63973906338393,144.52856468057857,171.1395439583726,232.9686020959319,183.42328078878435,209.67608834056188,240.67638893297163,302.9211981128024,295.0116969655103,294.0881127837658,291.92556510439516,320.0,335.39397592529656,375.33551948558335,415.5920079745671,447.48471620598264,451.78598489275436,492.40759238692783,456.52968567355947,417.4303120014215,465.6712303094778,498.20938368585433,438.510043399666,395.7711957858409,477.18115021836354,506.58104087627567,447.7173835923571,401.4647619989289,486.5080344508249,554.9703632469925,600.1640669133863,640.0
320.0,187.90469990293983,59.56048384993653,0.0,32.07425695862639,116.7433491022527,62.81707784870656,99.72410634229192,134.6367118839678,188.21506485772173,142.82955769105848,180.01250829184053,205.13818627871677,264.7441134451809,226.9610682972649,250.75659992574685,271.3886242823024,342.9804348125013,351.4491268614856,369.8711190748606,376.4971187780376,320.0,330.9253902378217,368.7561483847219,406.63358435323215,435.79009041807603,459.25739755789976,493.98660194590593,442.53160915244115,395.84661131217933,472.59516485328123,495.6999753923188,428.3432969524862,379.4022475015526,479.73894038274034,500.1840848508407,437.23335314608596,386.9981255331159,484.71271441311086,556.7570874364656,602.6019491384685,640.0,320.0,185.67126360630203,55.7232770193699,0.0,39.86896881713557,118.5721397950071,65.13078903475889,104.21969225881566,140.5281153322369,191.82662970517984,147.603644232129,184.69035068857235,210.60631948439888,269.65961725101846,232.88123313438444,255.15637924655132,275.41600075937646,348.16573778653384,357.20262759752273,373.21493259565335,378.1892358386945,320.0,331.20492174993126,370.3739049472677,409.7092452997041,438.82019330762944,461.426116786333,494.83703138441217,443.16697820184606,396.67918675861154,474.35820009361237,496.44588444726134,428.57106432113767,378.9619230958361,481.2784375767076,500.55831879873494,437.1234021300952,385.778616362892,485.88418014443334,558.3209032921548,603.9230322946332,640.0,320.0,202.5462171385633,103.69723248749483,41.97099976981565,0.0,148.01872715364232,107.20847078372617,140.69010726140758,164.81015972620614,199.33602774498573,161.42891845761883,195.64145108657684,218.75089503125844,257.6636383097914,226.4407975803112,248.76402621441906,268.9012190779928,318.5941261975813,317.2512431171792,321.7298175250632,321.3792031351519,320.0,341.01156945877244,386.227078387884,421.1127418322187,439.08063056534326,461.2761279075385,488.7391494456428,440.82703137439745,400.7269795296459,473.5301647542571,490.77227568416197,431.1667099044587,390.5669347409772,480.81925263171996,499.3985927621154,442.3142490245108,401.48913391657663,487.0383492825977,556.3347668792829,599.2804744221056,640.0,320.0,187.64031224269942,75.75294664578078,13.246528717777323,0.0,108.84499700341107,51.108476519251894,69.59449897219801,90.18309998525044,166.8142245555993,110.63973906338393,144.52856468057857,171.1395439583726,232.9686020959319,183.42328078878435,209.67608834056188,240.67638893297163,302.9211981128024,295.0116969655103,294.0881127837658,291.92556510439516,320.0,335.39397592529656,375.33551948558335,415.5920079745671,447.48471620598264,451.78598489275436,492.40759238692783,456.52968567355947,417.4303120014215,465.6712303094778,498.20938368585433,438.510043399666,395.7711957858409,477.18115021836354,506.58104087627567,447.7173835923571,401.4647619989289,486.5080344508249,554.9703632469925,600.1640669133863,640.0,320.0,189.02813620254074,74.24099810654798,10.686300024183083,0.0,108.53020727168928,52.556683614201006,78.35834269882096,105.89118006113131,169.22814327814845,114.98099036214995,148.69259731504917,174.27869267970226,238.5427349743897,188.93942940554717,213.56541326637677,244.54052408929417,311.00378157308205,304.3838817656258,302.16690970894535,299.6628036756328,320.0,331.6938676344163,370.2138359650822,410.6398768565807,443.98102558352105,448.9695573429021,489.0500898770265,450.5606355614001,413.3006446000727,464.52742353656754,498.4145624568879,438.89150534674866,398.4492899884808,476.1922722747213,508.05345729227196,448.11951435823727,400.80063610507966,484.3577955153233,554.9178194372237,600.2624613053067,640.0
320.0,185.67126360630203,55.7232770193699,0.0,39.86896881713557,118.5721397950071,65.13078903475889,104.21969225881566,140.5281153322369,191.82662970517984,147.603644232129,184.69035068857235,210.60631948439888,269.65961725101846,232.88123313438444,255.15637924655132,275.41600075937646,348.16573778653384,357.20262759752273,373.21493259565335,378.1892358386945,320.0,331.20492174993126,370.3739049472677,409.7092452997041,438.82019330762944,461.426116786333,494.83703138441217,443.16697820184606,396.67918675861154,474.35820009361237,496.44588444726134,428.57106432113767,378.9619230958361,481.2784375767076,500.55831879873494,437.1234021300952,385.778616362892,485.88418014443334,558.3209032921548,603.9230322946332,640.0,320.0,202.5462171385633,103.69723248749483,41.97099976981565,0.0,148.01872715364232,107.20847078372617,140.69010726140758,164.81015972620614,199.33602774498573,161.42891845761883,195.64145108657684,218.75089503125844,257.6636383097914,226.4407975803112,248.76402621441906,268.9012190779928,318.5941261975813,317.2512431171792,321.7298175250632,321.3792031351519,320.0,341.01156945877244,386.227078387884,421.1127418322187,439.08063056534326,461.2761279075385,488.7391494456428,440.82703137439745,400.7269795296459,473.5301647542571,490.77227568416197,431.1667099044587,390.5669347409772,480.81925263171996,499.3985927621154,442.3142490245108,401.48913391657663,487.0383492825977,556.3347668792829,599.2804744221056,640.0,320.0,187.64031224269942,75.75294664578078,13.246528717777323,0.0,108.84499700341107,51.108476519251894,69.59449897219801,90.18309998525044,166.8142245555993,110.63973906338393,144.52856468057857,171.1395439583726,232.9686020959319,183.42328078878435,209.67608834056188,240.67638893297163,302.9211981128024,295.0116969655103,294.0881127837658,291.92556510439516,320.0,335.39397592529656,375.33551948558335,415.5920079745671,447.48471620598264,451.78598489275436,492.40759238692783,456.52968567355947,417.4303120014215,465.6712303094778,498.20938368585433,438.510043399666,395.7711957858409,477.18115021836354,506.58104087627567,447.7173835923571,401.4647619989289,486.5080344508249,554.9703632469925,600.1640669133863,640.0,320.0,189.02813620254074,74.24099810654798,10.686300024183083,0.0,108.53020727168928,52.556683614201006,78.35834269882096,105.89118006113131,169.22814327814845,114.98099036214995,148.69259731504917,174.27869267970226,238.5427349743897,188.93942940554717,213.56541326637677,244.54052408929417,311.00378157308205,304.3838817656258,302.16690970894535,299.6628036756328,320.0,331.6938676344163,370.2138359650822,410.6398768565807,443.98102558352105,448.9695573429021,489.0500898770265,450.5606355614001,413.3006446000727,464.52742353656754,498.4145624568879,438.89150534674866,398.4492899884808,476.1922722747213,508.05345729227196,448.11951435823727,400.80063610507966,484.3577955153233,554.9178194372237,600.2624613053067,640.0,320.0,182.19566447517954,62.047978706004415,0.0,3.332633790127602,112.42265753227545,69.34609140814064,89.86145808205168,111.94555412908488,179.11596160926803,135.0248039100731,162.23355930321515,180.885920435798,253.75527987080608,211.99554781825918,226.33143361297635,246.55658694612546,329.8055145414121,327.2425873937335,327.0122011786681,323.919114881176,320.0,334.0181124747916,378.1307773279369,419.716336429448,444.9964551170626,451.01053296805486,494.192917570585,455.90466377884735,415.8781066528175,466.5017722269523,500.99408170799643,439.5951046507363,396.5003800157412,477.7148343858579,507.99376787055394,450.5815688825993,402.96895798031983,484.419277384462,555.4701866228024,601.524276066259,640.0
320.0,202.5462171385633,103.69723248749483,41.97099976981565,0.0,148.01872715364232,107.20847078372617,140.69010726140758,164.81015972620614,199.33602774498573,161.42891845761883,195.64145108657684,218.75089503125844,257.6636383097914,226.4407975803112,248.76402621441906,268.9012190779928,318.5941261975813,317.2512431171792,321.7298175250632,321.3792031351519,320.0,341.01156945877244,386.227078387884,421.1127418322187,439.08063056534326,461.2761279075385,488.7391494456428,440.82703137439745,400.7269795296459,473.5301647542571,490.77227568416197,431.1667099044587,390.5669347409772,480.81925263171996,499.3985927621154,442.3142490245108,401.48913391657663,487.0383492825977,556.3347668792829,599.2804744221056,640.0,320.0,187.64031224269942,75.75294664578078,13.246528717777323,0.0,108.84499700341107,51.108476519251894,69.59449897219801,90.18309998525044,166.8142245555993,110.63973906338393,144.52856468057857,171.1395439583726,232.9686020959319,183.42328078878435,209.67608834056188,240.67638893297163,302.9211981128024,295.0116969655103,294.0881127837658,291.92556510439516,320.0,335.39397592529656,375.33551948558335,415.5920079745671,447.48471620598264,451.78598489275436,492.40759238692783,456.52968567355947,417.4303120014215,465.6712303094778,498.20938368585433,438.510043399666,395.7711957858409,477.18115021836354,506.58104087627567,447.7173835923571,401.4647619989289,486.5080344508249,554.9703632469925,600.1640669133863,640.0,320.0,189.02813620254074,74.24099810654798,10.686300024183083,0.0,108.53020727168928,52.556683614201006,78.35834269882096,105.89118006113131,169.22814327814845,114.98099036214995,148.69259731504917,174.27869267970226,238.5427349743897,188.93942940554717,213.56541326637677,244.54052408929417,311.00378157308205,304.3838817656258,302.16690970894535,299.6628036756328,320.0,331.6938676344163,370.2138359650822,410.6398768565807,443.98102558352105,448.9695573429021,489.0500898770265,450.5606355614001,413.3006446000727,464.52742353656754,498.4145624568879,438.89150534674866,398.4492899884808,476.1922722747213,508.05345729227196,448.11951435823727,400.80063610507966,484.3577955153233,554.9178194372237,600.2624613053067,640.0,320.0,182.19566447517954,62.047978706004415,0.0,3.332633790127602,112.42265753227545,69.34609140814064,89.86145808205168,111.94555412908488,179.11596160926803,135.0248039100731,162.23355930321515,180.885920435798,253.75527987080608,211.99554781825918,226.33143361297635,246.55658694612546,329.8055145414121,327.2425873937335,327.0122011786681,323.919114881176,320.0,334.0181124747916,378.1307773279369,419.716336429448,444.9964551170626,451.01053296805486,494.192917570585,455.90466377884735,415.8781066528175,466.5017722269523,500.99408170799643,439.5951046507363,396.5003800157412,477.7148343858579,507.99376787055394,450.5815688825993,402.96895798031983,484.419277384462,555.4701866228024,601.524276066259,640.0,320.0,187.62038530704308,77.33008904374941,15.716586211753622,0.0,124.29347758578544,72.16220010457536,87.66009207413839,106.14628036746223,178.12646026428834,126.13362913804536,153.81397536642982,177.0298391362665,241.27209775805122,192.2318638954584,209.60050661166184,235.11100996794067,308.16793651604644,300.84272937501567,296.9509318387477,293.196605683116,320.0,333.76641113843374,376.07860001029684,415.88781739117053,443.4107886592384,449.5375046906406,488.8288307606242,454.8270887880552,416.92896711429665,464.94047411164445,497.12331223186385,440.35215233396195,401.0877976466917,476.8866226378942,506.8757430054387,449.8142161309207,405.5456169114646,485.80504662510066,554.390895035272,599.2776620413986,640.0
320.0,187.64031224269942,75.75294664578078,13.246528717777323,0.0,108.84499700341107,51.108476519251894,69.59449897219801,90.18309998525044,166.8142245555993,110.63973906338393,144.52856468057857,171.1395439583726,232.9686020959319,183.42328078878435,209.67608834056188,240.67638893297163,302.9211981128024,295.0116969655103,294.0881127837658,291.92556510439516,320.0,335.39397592529656,375.33551948558335,415.5920079745671,447.48471620598264,451.78598489275436,492.40759238692783,456.52968567355947,417.4303120014215,465.6712303094778,498.20938368585433,438.510043399666,395.7711957858409,477.18115021836354,506.58104087627567,447.7173835923571,401.4647619989289,486.5080344508249,554.9703632469925,600.1640669133863,640.0,320.0,189.02813620254074,74.24099810654798,10.686300024183083,0.0,108.53020727168928,52.556683614201006,78.35834269882096,105.89118006113131,169.22814327814845,114.98099036214995,148.69259731504917,174.27869267970226,238.5427349743897,188.93942940554717,213.56541326637677,244.54052408929417,311.00378157308205,304.3838817656258,302.16690970894535,299.6628036756328,320.0,331.6938676344163,370.2138359650822,410.6398768565807,443.98102558352105,448.9695573429021,489.0500898770265,450.5606355614001,413.3006446000727,464.52742353656754,498.4145624568879,438.89150534674866,398.4492899884808,476.1922722747213,508.05345729227196,448.11951435823727,400.80063610507966,484.3577955153233,554.9178194372237,600.2624613053067,640.0,320.0,182.19566447517954,62.047978706004415,0.0,3.332633790127602,112.42265753227545,69.34609140814064,89.86145808205168,111.94555412908488,179.11596160926803,135.0248039100731,162.23355930321515,180.885920435798,253.75527987080608,211.99554781825918,226.33143361297635,246.55658694612546,329.8055145414121,327.2425873937335,327.0122011786681,323.919114881176,320.0,334.0181124747916,378.1307773279369,419.716336429448,444.9964551170626,451.01053296805486,494.192917570585,455.90466377884735,415.8781066528175,466.5017722269523,500.99408170799643,439.5951046507363,396.5003800157412,477.7148343858579,507.99376787055394,450.5815688825993,402.96895798031983,484.419277384462,555.4701866228024,601.524276066259,640.0,320.0,187.62038530704308,77.33008904374941,15.716586211753622,0.0,124.29347758578544,72.16220010457536,87.66009207413839,106.14628036746223,178.12646026428834,126.13362913804536,153.81397536642982,177.0298391362665,241.27209775805122,192.2318638954584,209.60050661166184,235.11100996794067,308.16793651604644,300.84272937501567,296.9509318387477,293.196605683116,320.0,333.76641113843374,376.07860001029684,415.88781739117053,443.4107886592384,449.5375046906406,488.8288307606242,454.8270887880552,416.92896711429665,464.94047411164445,497.12331223186385,440.35215233396195,401.0877976466917,476.8866226378942,506.8757430054387,449.8142161309207,405.5456169114646,485.80504662510066,554.390895035272,599.2776620413986,640.0,320.0,185.4508452079542,61.999703102374724,0.0,14.087535487741661,105.87381645460059,63.08020499291399,86.33306263255733,112.10311901742298,175.01311640287466,131.9819046547692,163.5768253425238,186.44529815353306,251.8227716369281,209.40540857068447,225.53707907185077,248.7253383631284,329.85922018657294,324.46040911259973,322.1748110616453,319.0166421905908,320.0,332.25232827353216,376.29145478164276,421.2185779690454,453.1143030562286,452.40613975397576,495.53930012112255,456.15030951682246,413.73460939348837,468.1456536744004,501.5564333350426,437.2994422810723,391.66207438658995,479.1328347140166,510.2517101396612,451.1585457007662,400.9990482993242,485.12866821854186,556.9637767264034,602.9229991872764,640.0
320.0,189.02813620254074,74.24099810654798,10.686300024183083,0.0,108.53020727168928,52.556683614201006,78.35834269882096,105.89118006113131,169.22814327814845,114.98099036214995,148.69259731504917,174.27869267970226,238.5427349743897,188.93942940554717,213.56541326637677,244.54052408929417,311.00378157308205,304.3838817656258,302.16690970894535,299.6628036756328,320.0,331.6938676344163,370.2138359650822,410.6398768565807,443.98102558352105,448.9695573429021,489.0500898770265,450.5606355614001,413.3006446000727,464.52742353656754,498.4145624568879,438.89150534674866,398.4492899884808,476.1922722747213,508.05345729227196,448.11951435823727,400.80063610507966,484.3577955153233,554.9178194372237,600.2624613053067,640.0,320.0,182.19566447517954,62.047978706004415,0.0,3.332633790127602,112.42265753227545,69.34609140814064,89.86145808205168,111.94555412908488,179.11596160926803,135.0248039100731,162.23355930321515,180.885920435798,253.75527987080608,211.99554781825918,226.33143361297635,246.55658694612546,329.8055145414121,327.2425873937335,327.0122011786681,323.919114881176,320.0,334.0181124747916,378.1307773279369,419.716336429448,444.9964551170626,451.01053296805486,494.192917570585,455.90466377884735,415.8781066528175,466.5017722269523,500.99408170799643,439.5951046507363,396.5003800157412,477.7148343858579,507.99376787055394,450.5815688825993,402.96895798031983,484.419277384462,555.4701866228024,601.524276066259,640.0,320.0,187.62038530704308,77.33008904374941,15.716586211753622,0.0,124.29347758578544,72.16220010457536,87.66009207413839,106.14628036746223,178.12646026428834,126.13362913804536,153.81397536642982,177.0298391362665,241.27209775805122,192.2318638954584,209.60050661166184,235.11100996794067,308.16793651604644,300.84272937501567,296.9509318387477,293.196605683116,320.0,333.76641113843374,376.07860001029684,415.88781739117053,443.4107886592384,449.5375046906406,488.8288307606242,454.8270887880552,416.92896711429665,464.94047411164445,497.12331223186385,440.35215233396195,401.0877976466917,476.8866226378942,506.8757430054387,449.8142161309207,405.5456169114646,485.80504662510066,554.390895035272,599.2776620413986,640.0,320.0,185.4508452079542,61.999703102374724,0.0,14.087535487741661,105.87381645460059,63.08020499291399,86.33306263255733,112.10311901742298,175.01311640287466,131.9819046547692,163.5768253425238,186.44529815353306,251.8227716369281,209.40540857068447,225.53707907185077,248.7253383631284,329.85922018657294,324.46040911259973,322.1748110616453,319.0166421905908,320.0,332.25232827353216,376.29145478164276,421.2185779690454,453.1143030562286,452.40613975397576,495.53930012112255,456.15030951682246,413.73460939348837,468.1456536744004,501.5564333350426,437.2994422810723,391.66207438658995,479.1328347140166,510.2517101396612,451.1585457007662,400.9990482993242,485.12866821854186,556.9637767264034,602.9229991872764,640.0,320.0,186.03878401496732,66.74410510506533,3.9948040123738338,0.0,113.53785642773602,61.89627563420106,78.08049283427934,98.01221741695252,178.67937063487443,127.21240860611061,161.15672938613838,185.1507388591464,251.15639208169063,203.17900697070874,228.4422006341823,258.05199435627196,327.15225348104434,321.1285457256156,318.51757943332353,314.59641272971993,320.0,331.2262129323608,374.09754778620027,416.6975751425872,445.08768570268273,448.78345299101795,493.6561386990023,459.00607248170144,420.76501605862325,464.5388317550395,498.88366007250505,436.85691655347694,395.1029098501018,476.0850083818697,506.60296233619306,445.6520840159176,397.86660898498263,483.5975387734372,554.0865925075309,599.7066971192028,640.0
320.0,182.19566447517954,62.047978706004415,0.0,3.332633790127602,112.42265753227545,69.34609140814064,89.86145808205168,111.94555412908488,179.11596160926803,135.0248039100731,162.23355930321515,180.885920435798,253.75527987080608,211.99554781825918,226.33143361297635,246.55658694612546,329.8055145414121,327.2425873937335,327.0122011786681,323.919114881176,320.0,334.0181124747916,378.1307773279369,419.716336429448,444.9964551170626,451.01053296805486,494.192917570585,455.90466377884735,415.8781066528175,466.5017722269523,500.99408170799643,439.5951046507363,396.5003800157412,477.7148343858579,507.99376787055394,450.5815688825993,402.96895798031983,484.419277384462,555.4701866228024,601.524276066259,640.0,320.0,187.62038530704308,77.33008904374941,15.716586211753622,0.0,124.29347758578544,72.16220010457536,87.66009207413839,106.14628036746223,178.12646026428834,126.13362913804536,153.81397536642982,177.0298391362665,241.27209775805122,192.2318638954584,209.60050661166184,235.11100996794067,308.16793651604644,300.84272937501567,296.9509318387477,293.196605683116,320.0,333.76641113843374,376.07860001029684,415.88781739117053,443.4107886592384,449.5375046906406,488.8288307606242,454.8270887880552,416.92896711429665,464.94047411164445,497.12331223186385,440.35215233396195,401.0877976466917,476.8866226378942,506.8757430054387,449.8142161309207,405.5456169114646,485.80504662510066,554.390895035272,599.2776620413986,640.0,320.0,185.4508452079542,61.999703102374724,0.0,14.087535487741661,105.87381645460059,63.08020499291399,86.33306263255733,112.10311901742298,175.01311640287466,131.9819046547692,163.5768253425238,186.44529815353306,251.8227716369281,209.40540857068447,225.53707907185077,248.7253383631284,329.85922018657294,324.46040911259973,322.1748110616453,319.0166421905908,320.0,332.25232827353216,376.29145478164276,421.2185779690454,453.1143030562286,452.40613975397576,495.53930012112255,456.15030951682246,413.73460939348837,468.1456536744004,501.5564333350426,437.2994422810723,391.66207438658995,479.1328347140166,510.2517101396612,451.1585457007662,400.9990482993242,485.12866821854186,556.9637767264034,602.9229991872764,640.0,320.0,186.03878401496732,66.74410510506533,3.9948040123738338,0.0,113.53785642773602,61.89627563420106,78.08049283427934,98.01221741695252,178.67937063487443,127.21240860611061,161.15672938613838,185.1507388591464,251.15639208169063,203.17900697070874,228.4422006341823,258.05199435627196,327.15225348104434,321.1285457256156,318.51757943332353,314.59641272971993,320.0,331.2262129323608,374.09754778620027,416.6975751425872,445.08768570268273,448.78345299101795,493.6561386990023,459.00607248170144,420.76501605862325,464.5388317550395,498.88366007250505,436.85691655347694,395.1029098501018,476.0850083818697,506.60296233619306,445.6520840159176,397.86660898498263,483.5975387734372,554.0865925075309,599.7066971192028,640.0,320.0,197.69170284961234,86.8307880373263,20.66703243435194,0.0,134.178757779127,85.5635695385431,102.63231210935584,122.21604807969715,192.840525139177,145.31648281514495,175.928627592536,197.00440766563852,258.01690602846054,212.63079532867556,234.4586105658852,261.7085971759074,325.84625785001515,319.7228927212981,315.4945582680075,310.34826994735374,320.0,332.34239266154384,378.05080094916326,419.5606254412269,444.744536941899,450.96795716183834,495.96786926066216,460.0829066949137,421.60369447584526,465.7335925041266,499.706638826352,437.0601356304558,394.88634589727087,476.6903067878136,506.7751303637986,445.38688061177527,396.8724803869177,484.58340031826583,554.7097471390285,600.0800726762689,640.0
320.0,187.62038530704308,77.33008904374941,15.716586211753622,0.0,124.29347758578544,72.16220010457536,87.66009207413839,106.14628036746223,178.12646026428834,126.13362913804536,153.81397536642982,177.0298391362665,241.27209775805122,192.2318638954584,209.60050661166184,235.11100996794067,308.16793651604644,300.84272937501567,296.9509318387477,293.196605683116,320.0,333.76641113843374,376.07860001029684,415.88781739117053,443.4107886592384,449.5375046906406,488.8288307606242,454.8270887880552,416.92896711429665,464.94047411164445,497.12331223186385,440.35215233396195,401.0877976466917,476.8866226378942,506.8757430054387,449.8142161309207,405.5456169114646,485.80504662510066,554.390895035272,599.2776620413986,640.0,320.0,185.4508452079542,61.999703102374724,0.0,14.087535487741661,105.87381645460059,63.08020499291399,86.33306263255733,112.10311901742298,175.01311640287466,131.9819046547692,163.5768253425238,186.44529815353306,251.8227716369281,209.40540857068447,225.53707907185077,248.7253383631284,329.85922018657294,324.46040911259973,322.1748110616453,319.0166421905908,320.0,332.25232827353216,376.29145478164276,421.2185779690454,453.1143030562286,452.40613975397576,495.53930012112255,456.15030951682246,413.73460939348837,468.1456536744004,501.5564333350426,437.2994422810723,391.66207438658995,479.1328347140166,510.2517101396612,451.1585457007662,400.9990482993242,485.12866821854186,556.9637767264034,602.9229991872764,640.0,320.0,186.03878401496732,66.74410510506533,3.9948040123738338,0.0,113.53785642773602,61.89627563420106,78.08049283427934,98.01221741695252,178.67937063487443,127.21240860611061,161.15672938613838,185.1507388591464,251.15639208169063,203.17900697070874,228.4422006341823,258.05199435627196,327.15225348104434,321.1285457256156,318.51757943332353,314.59641272971993,320.0,331.2262129323608,374.09754778620027,416.6975751425872,445.08768570268273,448.78345299101795,493.6561386990023,459.00607248170144,420.76501605862325,464.5388317550395,498.88366007250505,436.85691655347694,395.1029098501018,476.0850083818697,506.60296233619306,445.6520840159176,397.86660898498263,483.5975387734372,554.0865925075309,599.7066971192028,640.0,320.0,197.69170284961234,86.8307880373263,20.66703243435194,0.0,134.178757779127,85.5635695385431,102.63231210935584,122.21604807969715,192.840525139177,145.31648281514495,175.928627592536,197.00440766563852,258.01690602846054,212.63079532867556,234.4586105658852,261.7085971759074,325.84625785001515,319.7228927212981,315.4945582680075,310.34826994735374,320.0,332.34239266154384,378.05080094916326,419.5606254412269,444.744536941899,450.96795716183834,495.96786926066216,460.0829066949137,421.60369447584526,465.7335925041266,499.706638826352,437.0601356304558,394.88634589727087,476.6903067878136,506.7751303637986,445.38688061177527,396.8724803869177,484.58340031826583,554.7097471390285,600.0800726762689,640.0,320.0,188.06070454733248,69.9470782887204,5.039720793707602,0.0,115.98188464247352,59.13003789115834,81.28444337770364,106.28867317990628,179.95144580541336,125.35843147130225,159.0242731625936,182.4318805110388,251.62168649099544,201.48047011792295,225.27045158548725,253.86918697299615,326.29095530574585,321.5927664480285,319.23855690952945,314.72175770906045,320.0,334.3739457862175,379.5313783708973,421.4558463202247,449.1565606933532,453.65076340388475,497.3819750649585,459.0009406972084,419.74497283743375,467.9190233556576,501.8481427926889,439.350232968312,397.21405719922245,478.11232796559915,507.840569943805,445.75841151905,397.0190224627569,485.24067614647146,556.6494077704426,601.2421741187989,640.0
320.0,185.4508452079542,61.999703102374724,0.0,14.087535487741661,105.87381645460059,63.08020499291399,86.33306263255733,112.10311901742298,175.01311640287466,131.9819046547692,163.5768253425238,186.44529815353306,251.8227716369281,209.40540857068447,225.53707907185077,248.7253383631284,329.85922018657294,324.46040911259973,322.1748110616453,319.0166421905908,320.0,332.25232827353216,376.29145478164276,421.2185779690454,453.1143030562286,452.40613975397576,495.53930012112255,456.15030951682246,413.73460939348837,468.1456536744004,501.5564333350426,437.2994422810723,391.66207438658995,479.1328347140166,510.2517101396612,451.1585457007662,400.9990482993242,485.12866821854186,556.9637767264034,602.9229991872764,640.0,320.0,186.03878401496732,66.74410510506533,3.9948040123738338,0.0,113.53785642773602,61.89627563420106,78.08049283427934,98.01221741695252,178.67937063487443,127.21240860611061,161.15672938613838,185.1507388591464,251.15639208169063,203.17900697070874,228.4422006341823,258.05199435627196,327.15225348104434,321.1285457256156,318.51757943332353,314.59641272971993,320.0,331.2262129323608,374.09754778620027,416.6975751425872,445.08768570268273,448.78345299101795,493.6561386990023,459.00607248170144,420.76501605862325,464.5388317550395,498.88366007250505,436.85691655347694,395.1029098501018,476.0850083818697,506.60296233619306,445.6520840159176,397.86660898498263,483.5975387734372,554.0865925075309,599.7066971192028,640.0,320.0,197.69170284961234,86.8307880373263,20.66703243435194,0.0,134.178757779127,85.5635695385431,102.63231210935584,122.21604807969715,192.840525139177,145.31648281514495,175.928627592536,197.00440766563852,258.01690602846054,212.63079532867556,234.4586105658852,261.7085971759074,325.84625785001515,319.7228927212981,315.4945582680075,310.34826994735374,320.0,332.34239266154384,378.05080094916326,419.5606254412269,444.744536941899,450.96795716183834,495.96786926066216,460.0829066949137,421.60369447584526,465.7335925041266,499.706638826352,437.0601356304558,394.88634589727087,476.6903067878136,506.7751303637986,445.38688061177527,396.8724803869177,484.58340031826583,554.7097471390285,600.0800726762689,640.0,320.0,188.06070454733248,69.9470782887204,5.039720793707602,0.0,115.98188464247352,59.13003789115834,81.28444337770364,106.28867317990628,179.95144580541336,125.35843147130225,159.0242731625936,182.4318805110388,251.62168649099544,201.48047011792295,225.27045158548725,253.86918697299615,326.29095530574585,321.5927664480285,319.23855690952945,314.72175770906045,320.0,334.3739457862175,379.5313783708973,421.4558463202247,449.1565606933532,453.65076340388475,497.3819750649585,459.0009406972084,419.74497283743375,467.9190233556576,501.8481427926889,439.350232968312,397.21405719922245,478.11232796559915,507.840569943805,445.75841151905,397.0190224627569,485.24067614647146,556.6494077704426,601.2421741187989,640.0,320.0,186.8515063113239,68.37889037805189,4.595407440553572,0.0,118.07687025721489,71.66935657296523,91.93826996908479,112.70580438093901,181.54709315137066,135.29026249092806,170.4361702974971,194.00427730098014,251.6674498650461,205.4928731361025,230.03041802519607,259.8922251450365,325.0348674125998,321.9839802745032,320.70120511181153,318.0923266591316,320.0,332.04248994112584,375.9390703165699,419.6120868793537,448.00650050654315,451.1625299410211,495.54818966442497,459.73803838209847,422.40723767738825,466.11369499032725,499.82853866874694,435.2243601456541,391.6686877783043,476.7717110688192,507.80331988659714,445.3767440399371,395.6799694241638,484.12478920212254,554.7447509299714,600.3703990303691,640.0
320.0,186.03878401496732,66.74410510506533,3.9948040123738338,0.0,113.53785642773602,61.89627563420106,78.08049283427934,98.01221741695252,178.67937063487443,127.21240860611061,161.15672938613838,185.1507388591464,251.15639208169063,203.17900697070874,228.4422006341823,258.05199435627196,327.15225348104434,321.1285457256156,318.51757943332353,314.59641272971993,320.0,331.2262129323608,374.09754778620027,416.6975751425872,445.08768570268273,448.78345299101795,493.6561386990023,459.00607248170144,420.76501605862325,464.5388317550395,498.88366007250505,436.85691655347694,395.1029098501018,476.0850083818697,506.60296233619306,445.6520840159176,397.86660898498263,483.5975387734372,554.0865925075309,599.7066971192028,640.0,320.0,197.69170284961234,86.8307880373263,20.66703243435194,0.0,134.178757779127,85.5635695385431,102.63231210935584,122.21604807969715,192.840525139177,145.31648281514495,175.928627592536,197.00440766563852,258.01690602846054,212.63079532867556,234.4586105658852,261.7085971759074,325.84625785001515,319.7228927212981,315.4945582680075,310.34826994735374,320.0,332.34239266154384,378.05080094916326,419.5606254412269,444.744536941899,450.96795716183834,495.96786926066216,460.0829066949137,421.60369447584526,465.7335925041266,499.706638826352,437.0601356304558,394.88634589727087,476.6903067878136,506.7751303637986,445.38688061177527,396.8724803869177,484.58340031826583,554.7097471390285,600.0800726762689,640.0,320.0,188.06070454733248,69.9470782887204,5.039720793707602,0.0,115.98188464247352,59.13003789115834,81.28444337770364,106.28867317990628,179.95144580541336,125.35843147130225,159.0242731625936,182.4318805110388,251.62168649099544,201.48047011792295,225.27045158548725,253.86918697299615,326.29095530574585,321.5927664480285,319.23855690952945,314.72175770906045,320.0,334.3739457862175,379.5313783708973,421.4558463202247,449.1565606933532,453.65076340388475,497.3819750649585,459.0009406972084,419.74497283743375,467.9190233556576,501.8481427926889,439.350232968312,397.21405719922245,478.11232796559915,507.840569943805,445.75841151905,397.0190224627569,485.24067614647146,556.6494077704426,601.2421741187989,640.0,320.0,186.8515063113239,68.37889037805189,4.595407440553572,0.0,118.07687025721489,71.66935657296523,91.93826996908479,112.70580438093901,181.54709315137066,135.29026249092806,170.4361702974971,194.00427730098014,251.6674498650461,205.4928731361025,230.03041802519607,259.8922251450365,325.0348674125998,321.9839802745032,320.70120511181153,318.0923266591316,320.0,332.04248994112584,375.9390703165699,419.6120868793537,448.00650050654315,451.1625299410211,495.54818966442497,459.73803838209847,422.40723767738825,466.11369499032725,499.82853866874694,435.2243601456541,391.6686877783043,476.7717110688192,507.80331988659714,445.3767440399371,395.6799694241638,484.12478920212254,554.7447509299714,600.3703990303691,640.0,320.0,189.57618302241417,72.33477728581636,8.385525733455722,0.0,120.5497876221149,72.54062194054185,95.5625762769017,117.63041075051683,183.9858836241994,137.66041379680314,170.45155925793233,191.44081678791142,254.22090748677547,209.18085552747692,232.29929475598095,259.6230651771157,326.8333374844572,323.94530479148267,322.806032030072,319.17616156429676,320.0,332.13946929772516,376.8864728903311,419.24697593118685,446.4372978974365,453.32510106975786,497.03842065543625,458.0965480660445,419.33542490262545,467.9060728006321,502.0707549540335,438.06809270080606,395.12412375592237,477.8956712624038,508.50867787284955,445.6313243822952,395.9521926214537,484.74631100134764,555.2825751218686,600.5626374888668,640.0
320.0,197.69170284961234,86.8307880373263,20.66703243435194,0.0,134.178757779127,85.5635695385431,102.63231210935584,122.21604807969715,192.840525139177,145.31648281514495,175.928627592536,197.00440766563852,258.01690602846054,212.63079532867556,234.4586105658852,261.7085971759074,325.84625785001515,319.7228927212981,315.4945582680075,310.34826994735374,320.0,332.34239266154384,378.05080094916326,419.5606254412269,444.744536941899,450.96795716183834,495.96786926066216,460.0829066949137,421.60369447584526,465.7335925041266,499.706638826352,437.0601356304558,394.88634589727087,476.6903067878136,506.7751303637986,445.38688061177527,396.8724803869177,484.58340031826583,554.7097471390285,600.0800726762689,640.0,320.0,188.06070454733248,69.9470782887204,5.039720793707602,0.0,115.98188464247352,59.13003789115834,81.28444337770364,106.28867317990628,179.95144580541336,125.35843147130225,159.0242731625936,182.4318805110388,251.62168649099544,201.48047011792295,225.27045158548725,253.86918697299615,326.29095530574585,321.5927664480285,319.23855690952945,314.72175770906045,320.0,334.3739457862175,379.5313783708973,421.4558463202247,449.1565606933532,453.65076340388475,497.3819750649585,459.0009406972084,419.74497283743375,467.9190233556576,501.8481427926889,439.350232968312,397.21405719922245,478.11232796559915,507.840569943805,445.75841151905,397.0190224627569,485.24067614647146,556.6494077704426,601.2421741187989,640.0,320.0,186.8515063113239,68.37889037805189,4.595407440553572,0.0,118.07687025721489,71.66935657296523,91.93826996908479,112.70580438093901,181.54709315137066,135.29026249092806,170.4361702974971,194.00427730098014,251.6674498650461,205.4928731361025,230.03041802519607,259.8922251450365,325.0348674125998,321.9839802745032,320.70120511181153,318.0923266591316,320.0,332.04248994112584,375.9390703165699,419.6120868793537,448.00650050654315,451.1625299410211,495.54818966442497,459.73803838209847,422.40723767738825,466.11369499032725,499.82853866874694,435.2243601456541,391.6686877783043,476.7717110688192,507.80331988659714,445.3767440399371,395.6799694241638,484.12478920212254,554.7447509299714,600.3703990303691,640.0,320.0,189.57618302241417,72.33477728581636,8.385525733455722,0.0,120.5497876221149,72.54062194054185,95.5625762769017,117.63041075051683,183.9858836241994,137.66041379680314,170.45155925793233,191.44081678791142,254.22090748677547,209.18085552747692,232.29929475598095,259.6230651771157,326.8333374844572,323.94530479148267,322.806032030072,319.17616156429676,320.0,332.13946929772516,376.8864728903311,419.24697593118685,446.4372978974365,453.32510106975786,497.03842065543625,458.0965480660445,419.33542490262545,467.9060728006321,502.0707549540335,438.06809270080606,395.12412375592237,477.8956712624038,508.50867787284955,445.6313243822952,395.9521926214537,484.74631100134764,555.2825751218686,600.5626374888668,640.0,320.0,182.37445102811787,62.1655112324043,0.0,7.949191508947308,112.04271964774455,59.782499427209416,75.21499754772049,95.30910520088776,178.07650452358666,125.63936495983108,158.06245307620895,181.9454277102763,250.60986275607797,201.3804925415435,226.5433921533653,257.76856012753376,326.4783820080579,322.84248246296653,320.4118104216677,316.69764091472945,320.0,331.85188455214603,375.28090374117386,420.09989169521083,453.14265351614904,453.2002462803789,498.59821809651413,464.5866345989974,426.0327614028304,467.2328455337698,501.3501063203687,440.1859115483298,397.8019836988876,477.62399285353933,507.80545378178545,447.4567942843596,399.10325417370325,484.50320404320905,553.7523226739886,599.9973427866739,640.0
320.0,188.06070454733248,69.9470782887204,5.039720793707602,0.0,115.98188464247352,59.13003789115834,81.28444337770364,106.28867317990628,179.95144580541336,125.35843147130225,159.0242731625936,182.4318805110388,251.62168649099544,201.48047011792295,225.27045158548725,253.86918697299615,326.29095530574585,321.5927664480285,319.23855690952945,314.72175770906045,320.0,334.3739457862175,379.5313783708973,421.4558463202247,449.1565606933532,453.65076340388475,497.3819750649585,459.0009406972084,419.74497283743375,467.9190233556576,501.8481427926889,439.350232968312,397.21405719922245,478.11232796559915,507.840569943805,445.75841151905,397.0190224627569,485.24067614647146,556.6494077704426,601.2421741187989,640.0,320.0,186.8515063113239,68.37889037805189,4.595407440553572,0.0,118.07687025721489,71.66935657296523,91.93826996908479,112.70580438093901,181.54709315137066,135.29026249092806,170.4361702974971,194.00427730098014,251.6674498650461,205.4928731361025,230.03041802519607,259.8922251450365,325.0348674125998,321.9839802745032,320.70120511181153,318.0923266591316,320.0,332.04248994112584,375.9390703165699,419.6120868793537,448.00650050654315,451.1625299410211,495.54818966442497,459.73803838209847,422.40723767738825,466.11369499032725,499.82853866874694,435.2243601456541,391.6686877783043,476.7717110688192,507.80331988659714,445.3767440399371,395.6799694241638,484.12478920212254,554.7447509299714,600.3703990303691,640.0,320.0,189.57618302241417,72.33477728581636,8.385525733455722,0.0,120.5497876221149,72.54062194054185,95.5625762769017,117.63041075051683,183.9858836241994,137.66041379680314,170.45155925793233,191.44081678791142,254.22090748677547,209.18085552747692,232.29929475598095,259.6230651771157,326.8333374844572,323.94530479148267,322.806032030072,319.17616156429676,320.0,332.13946929772516,376.8864728903311,419.24697593118685,446.4372978974365,453.32510106975786,497.03842065543625,458.0965480660445,419.33542490262545,467.9060728006321,502.0707549540335,438.06809270080606,395.12412375592237,477.8956712624038,508.50867787284955,445.6313243822952,395.9521926214537,484.74631100134764,555.2825751218686,600.5626374888668,640.0,320.0,182.37445102811787,62.1655112324043,0.0,7.949191508947308,112.04271964774455,59.782499427209416,75.21499754772049,95.30910520088776,178.07650452358666,125.63936495983108,158.06245307620895,181.9454277102763,250.60986275607797,201.3804925415435,226.5433921533653,257.76856012753376,326.4783820080579,322.84248246296653,320.4118104216677,316.69764091472945,320.0,331.85188455214603,375.28090374117386,420.09989169521083,453.14265351614904,453.2002462803789,498.59821809651413,464.5866345989974,426.0327614028304,467.2328455337698,501.3501063203687,440.1859115483298,397.8019836988876,477.62399285353933,507.80545378178545,447.4567942843596,399.10325417370325,484.50320404320905,553.7523226739886,599.9973427866739,640.0,320.0,191.37893482728276,58.06022708017383,0.0,17.897325639768212,105.45633254275634,71.52967408626597,92.42075446698868,116.5427521264022,183.55561162734105,155.44686778959215,180.54183996279556,200.89643300744248,266.33758393831914,240.51963764723024,251.9392503260932,267.87365056004626,350.97910311302223,347.15941801005806,350.0318887751617,351.4392389768354,320.0,335.6738709764718,384.6784781961549,435.3276120029227,472.1448348494017,473.0813519150356,522.4789338922308,484.35099468324256,438.94982044373853,486.96696942551773,520.5404767411477,451.6076829294085,399.26752052258365,492.7945667601119,527.1845882941279,464.7366057123702,411.8435860402085,492.7028726500257,562.8892559382284,604.7021340030278,640.0
320.0,186.8515063113239,68.37889037805189,4.595407440553572,0.0,118.07687025721489,71.66935657296523,91.93826996908479,112.70580438093901,181.54709315137066,135.29026249092806,170.4361702974971,194.00427730098014,251.6674498650461,205.4928731361025,230.03041802519607,259.8922251450365,325.0348674125998,321.9839802745032,320.70120511181153,318.0923266591316,320.0,332.04248994112584,375.9390703165699,419.6120868793537,448.00650050654315,451.1625299410211,495.54818966442497,459.73803838209847,422.40723767738825,466.11369499032725,499.82853866874694,435.2243601456541,391.6686877783043,476.7717110688192,507.80331988659714,445.3767440399371,395.6799694241638,484.12478920212254,554.7447509299714,600.3703990303691,640.0,320.0,189.57618302241417,72.33477728581636,8.385525733455722,0.0,120.5497876221149,72.54062194054185,95.5625762769017,117.63041075051683,183.9858836241994,137.66041379680314,170.45155925793233,191.44081678791142,254.22090748677547,209.18085552747692,232.29929475598095,259.6230651771157,326.8333374844572,323.94530479148267,322.806032030072,319.17616156429676,320.0,332.13946929772516,376.8864728903311,419.24697593118685,446.4372978974365,453.32510106975786,497.03842065543625,458.0965480660445,419.33542490262545,467.9060728006321,502.0707549540335,438.06809270080606,395.12412375592237,477.8956712624038,508.50867787284955,445.6313243822952,395.9521926214537,484.74631100134764,555.2825751218686,600.5626374888668,640.0,320.0,182.37445102811787,62.1655112324043,0.0,7.949191508947308,112.04271964774455,59.782499427209416,75.21499754772049,95.30910520088776,178.07650452358666,125.63936495983108,158.06245307620895,181.9454277102763,250.60986275607797,201.3804925415435,226.5433921533653,257.76856012753376,326.4783820080579,322.84248246296653,320.4118104216677,316.69764091472945,320.0,331.85188455214603,375.28090374117386,420.09989169521083,453.14265351614904,453.2002462803789,498.59821809651413,464.5866345989974,426.0327614028304,467.2328455337698,501.3501063203687,440.1859115483298,397.8019836988876,477.62399285353933,507.80545378178545,447.4567942843596,399.10325417370325,484.50320404320905,553.7523226739886,599.9973427866739,640.0,320.0,191.37893482728276,58.06022708017383,0.0,17.897325639768212,105.45633254275634,71.52967408626597,92.42075446698868,116.5427521264022,183.55561162734105,155.44686778959215,180.54183996279556,200.89643300744248,266.33758393831914,240.51963764723024,251.9392503260932,267.87365056004626,350.97910311302223,347.15941801005806,350.0318887751617,351.4392389768354,320.0,335.6738709764718,384.6784781961549,435.3276120029227,472.1448348494017,473.0813519150356,522.4789338922308,484.35099468324256,438.94982044373853,486.96696942551773,520.5404767411477,451.6076829294085,399.26752052258365,492.7945667601119,527.1845882941279,464.7366057123702,411.8435860402085,492.7028726500257,562.8892559382284,604.7021340030278,640.0,320.0,183.92107532414477,57.25055947211172,0.0,29.664425330673566,117.17564256874948,70.83582224624013,94.91505720125613,119.54162459582906,188.55325360020788,140.81692883101033,170.27971407775337,192.28148525462927,264.52812615950677,217.19723282701807,236.50470525418973,261.14368381519256,340.73243981553907,337.20742032612924,336.5522762208515,332.73791107140687,320.0,332.97417008271117,378.8489745265395,425.0771993055693,459.28286168815305,458.9803354654732,502.0384709322666,461.6296017585203,419.3042490973061,470.3781082704583,502.74544362371364,438.8687776831627,393.04321708880394,478.2196962195774,506.4805169944089,445.09739852532493,395.54534592814093,482.93568594834016,553.7414103808146,600.1909684403695,640.0
320.0,189.57618302241417,72.33477728581636,8.385525733455722,0.0,120.5497876221149,72.54062194054185,95.5625762769017,117.63041075051683,183.9858836241994,137.66041379680314,170.45155925793233,191.44081678791142,254.22090748677547,209.18085552747692,232.29929475598095,259.6230651771157,326.8333374844572,323.94530479148267,322.806032030072,319.17616156429676,320.0,332.13946929772516,376.8864728903311,419.24697593118685,446.4372978974365,453.32510106975786,497.03842065543625,458.0965480660445,419.33542490262545,467.9060728006321,502.0707549540335,438.06809270080606,395.12412375592237,477.8956712624038,508.50867787284955,445.6313243822952,395.9521926214537,484.74631100134764,555.2825751218686,600.5626374888668,640.0,320.0,182.37445102811787,62.1655112324043,0.0,7.949191508947308,112.04271964774455,59.782499427209416,75.21499754772049,95.30910520088776,178.07650452358666,125.63936495983108,158.06245307620895,181.9454277102763,250.60986275607797,201.3804925415435,226.5433921533653,257.76856012753376,326.4783820080579,322.84248246296653,320.4118104216677,316.69764091472945,320.0,331.85188455214603,375.28090374117386,420.09989169521083,453.14265351614904,453.2002462803789,498.59821809651413,464.5866345989974,426.0327614028304,467.2328455337698,501.3501063203687,440.1859115483298,397.8019836988876,477.62399285353933,507.80545378178545,447.4567942843596,399.10325417370325,484.50320404320905,553.7523226739886,599.9973427866739,640.0,320.0,191.37893482728276,58.06022708017383,0.0,17.897325639768212,105.45633254275634,71.52967408626597,92.42075446698868,116.5427521264022,183.55561162734105,155.44686778959215,180.54183996279556,200.89643300744248,266.33758393831914,240.51963764723024,251.9392503260932,267.87365056004626,350.97910311302223,347.15941801005806,350.0318887751617,351.4392389768354,320.0,335.6738709764718,384.6784781961549,435.3276120029227,472.1448348494017,473.0813519150356,522.4789338922308,484.35099468324256,438.94982044373853,486.96696942551773,520.5404767411477,451.6076829294085,399.26752052258365,492.7945667601119,527.1845882941279,464.7366057123702,411.8435860402085,492.7028726500257,562.8892559382284,604.7021340030278,640.0,320.0,183.92107532414477,57.25055947211172,0.0,29.664425330673566,117.17564256874948,70.83582224624013,94.91505720125613,119.54162459582906,188.55325360020788,140.81692883101033,170.27971407775337,192.28148525462927,264.52812615950677,217.19723282701807,236.50470525418973,261.14368381519256,340.73243981553907,337.20742032612924,336.5522762208515,332.73791107140687,320.0,332.97417008271117,378.8489745265395,425.0771993055693,459.28286168815305,458.9803354654732,502.0384709322666,461.6296017585203,419.3042490973061,470.3781082704583,502.74544362371364,438.8687776831627,393.04321708880394,478.2196962195774,506.4805169944089,445.09739852532493,395.54534592814093,482.93568594834016,553.7414103808146,600.1909684403695,640.0,320.0,181.73626243053286,50.91961361735997,0.0,40.41359224661119,102.0124887113081,67.68753886669708,99.59106202820013,125.4285240630418,182.15393300490516,156.55540078780217,183.48846977354643,200.96637688574015,267.50965943628273,243.24832060844915,254.63708720227493,270.0154338243325,351.22143581524136,353.3486417637886,354.3367385986482,352.404462188687,320.0,334.10907123213485,385.8530928362661,436.7253853817983,464.5658101032152,462.9928753725187,508.3683718794273,463.9158627480899,417.729755465665,475.89862553507515,507.88773229854337,441.94414388290613,392.94180066364834,482.31341143220016,511.3429075461453,451.13721160073976,399.19126329338485,485.42166444754116,555.5621541915514,602.4188742375252,640.0
320.0,182.37445102811787,62.1655112324043,0.0,7.949191508947308,112.04271964774455,59.782499427209416,75.21499754772049,95.30910520088776,178.07650452358666,125.63936495983108,158.06245307620895,181.9454277102763,250.60986275607797,201.3804925415435,226.5433921533653,257.76856012753376,326.4783820080579,322.84248246296653,320.4118104216677,316.69764091472945,320.0,331.85188455214603,375.28090374117386,420.09989169521083,453.14265351614904,453.2002462803789,498.59821809651413,464.5866345989974,426.0327614028304,467.2328455337698,501.3501063203687,440.1859115483298,397.8019836988876,477.62399285353933,507.80545378178545,447.4567942843596,399.10325417370325,484.50320404320905,553.7523226739886,599.9973427866739,640.0,320.0,191.37893482728276,58.06022708017383,0.0,17.897325639768212,105.45633254275634,71.52967408626597,92.42075446698868,116.5427521264022,183.55561162734105,155.44686778959215,180.54183996279556,200.89643300744248,266.33758393831914,240.51963764723024,251.9392503260932,267.87365056004626,350.97910311302223,347.15941801005806,350.0318887751617,351.4392389768354,320.0,335.6738709764718,384.6784781961549,435.3276120029227,472.1448348494017,473.0813519150356,522.4789338922308,484.35099468324256,438.94982044373853,486.96696942551773,520.5404767411477,451.6076829294085,399.26752052258365,492.7945667601119,527.1845882941279,464.7366057123702,411.8435860402085,492.7028726500257,562.8892559382284,604.7021340030278,640.0,320.0,183.92107532414477,57.25055947211172,0.0,29.664425330673566,117.17564256874948,70.83582224624013,94.91505720125613,119.54162459582906,188.55325360020788,140.81692883101033,170.27971407775337,192.28148525462927,264.52812615950677,217.19723282701807,236.50470525418973,261.14368381519256,340.73243981553907,337.20742032612924,336.5522762208515,332.73791107140687,320.0,332.97417008271117,378.8489745265395,425.0771993055693,459.28286168815305,458.9803354654732,502.0384709322666,461.6296017585203,419.3042490973061,470.3781082704583,502.74544362371364,438.8687776831627,393.04321708880394,478.2196962195774,506.4805169944089,445.09739852532493,395.54534592814093,482.93568594834016,553.7414103808146,600.1909684403695,640.0,320.0,181.73626243053286,50.91961361735997,0.0,40.41359224661119,102.0124887113081,67.68753886669708,99.59106202820013,125.4285240630418,182.15393300490516,156.55540078780217,183.48846977354643,200.96637688574015,267.50965943628273,243.24832060844915,254.63708720227493,270.0154338243325,351.22143581524136,353.3486417637886,354.3367385986482,352.404462188687,320.0,334.10907123213485,385.8530928362661,436.7253853817983,464.5658101032152,462.9928753725187,508.3683718794273,463.9158627480899,417.729755465665,475.89862553507515,507.88773229854337,441.94414388290613,392.94180066364834,482.31341143220016,511.3429075461453,451.13721160073976,399.19126329338485,485.42166444754116,555.5621541915514,602.4188742375252,640.0,320.0,182.31687263971352,51.34748561961703,0.0,45.29510912626955,105.21785122606272,68.9168458855126,98.83635690104032,123.35226021547419,185.60064210082217,159.16773854971652,186.94880686553955,203.2194770582727,269.27411736862143,243.03104516314917,257.47880758584495,275.43984935326864,351.04433994299296,350.9520585299596,352.8015558596845,352.90552680050627,320.0,335.5055531080167,387.5802247233793,437.29309703696975,461.8454930027176,464.8705985429131,510.1803676302152,465.064418784489,419.93443171149454,476.73607905111186,508.94215625432616,443.610497961829,397.6208019047623,482.7337792153533,511.281242763867,449.2823390865095,399.2530106969057,486.461723171704,553.3426852537982,599.4932249619712,640.0
320.0,191.37893482728276,58.06022708017383,0.0,17.897325639768212,105.45633254275634,71.52967408626597,92.42075446698868,116.5427521264022,183.55561162734105,155.44686778959215,180.54183996279556,200.89643300744248,266.33758393831914,240.51963764723024,251.9392503260932,267.87365056004626,350.97910311302223,347.15941801005806,350.0318887751617,351.4392389768354,320.0,335.6738709764718,384.6784781961549,435.3276120029227,472.1448348494017,473.0813519150356,522.4789338922308,484.35099468324256,438.94982044373853,486.96696942551773,520.5404767411477,451.6076829294085,399.26752052258365,492.7945667601119,527.1845882941279,464.7366057123702,411.8435860402085,492.7028726500257,562.8892559382284,604.7021340030278,640.0,320.0,183.92107532414477,57.25055947211172,0.0,29.664425330673566,117.17564256874948,70.83582224624013,94.91505720125613,119.54162459582906,188.55325360020788,140.81692883101033,170.27971407775337,192.28148525462927,264.52812615950677,217.19723282701807,236.50470525418973,261.14368381519256,340.73243981553907,337.20742032612924,336.5522762208515,332.73791107140687,320.0,332.97417008271117,378.8489745265395,425.0771993055693,459.28286168815305,458.9803354654732,502.0384709322666,461.6296017585203,419.3042490973061,470.3781082704583,502.74544362371364,438.8687776831627,393.04321708880394,478.2196962195774,506.4805169944089,445.09739852532493,395.54534592814093,482.93568594834016,553.7414103808146,600.1909684403695,640.0,320.0,181.73626243053286,50.91961361735997,0.0,40.41359224661119,102.0124887113081,67.68753886669708,99.59106202820013,125.4285240630418,182.15393300490516,156.55540078780217,183.48846977354643,200.96637688574015,267.50965943628273,243.24832060844915,254.63708720227493,270.0154338243325,351.22143581524136,353.3486417637886,354.3367385986482,352.404462188687,320.0,334.10907123213485,385.8530928362661,436.7253853817983,464.5658101032152,462.9928753725187,508.3683718794273,463.9158627480899,417.729755465665,475.89862553507515,507.88773229854337,441.94414388290613,392.94180066364834,482.31341143220016,511.3429075461453,451.13721160073976,399.19126329338485,485.42166444754116,555.5621541915514,602.4188742375252,640.0,320.0,182.31687263971352,51.34748561961703,0.0,45.29510912626955,105.21785122606272,68.9168458855126,98.83635690104032,123.35226021547419,185.60064210082217,159.16773854971652,186.94880686553955,203.2194770582727,269.27411736862143,243.03104516314917,257.47880758584495,275.43984935326864,351.04433994299296,350.9520585299596,352.8015558596845,352.90552680050627,320.0,335.5055531080167,387.5802247233793,437.29309703696975,461.8454930027176,464.8705985429131,510.1803676302152,465.064418784489,419.93443171149454,476.73607905111186,508.94215625432616,443.610497961829,397.6208019047623,482.7337792153533,511.281242763867,449.2823390865095,399.2530106969057,486.461723171704,553.3426852537982,599.4932249619712,640.0,320.0,179.33940460254303,54.616165749708216,0.0,39.489092703096844,123.57460424618927,79.34341717870683,102.81368930689553,128.7464604171692,195.21905403388496,151.86621526469258,178.8187253211795,200.11774676123196,272.0966018720389,228.53480087783453,243.32418044673176,267.1375715077294,348.4873384212388,350.9264915056434,350.63894238562295,350.5254188479591,320.0,340.30808784693164,392.2711087325353,441.83401932622604,472.5192408075132,466.63773083868637,515.2645614896992,474.0173643818532,430.5403252745912,476.46066821814475,513.7444784492858,448.3963386876705,402.93055009740186,482.36954508913516,515.548847550487,453.48447227112524,403.4035688666043,485.3926975295807,554.6299708381753,600.1967202169074,640.0
