320.0,184.27454744569218,51.86830337981786,0.0,2.3340590850326066,61.160838542357624,6.309201439017386,35.39795384843495,67.33935265029433,159.0652110012512,139.3859464296398,166.08153911385457,190.7860229067006,260.8502480301954,250.52719747989875,257.52354791131785,264.7762785846021,360.2941505453543,354.7557546386979,347.35943438190145,341.30245116783595,320.0,297.3613141643269,321.9966955657875,357.3821271678744,396.92170463712876,584.8778099140072,599.6970066335284,519.207358531112,477.7797584028803,633.3779420209187,580.6249114883693,490.3080310433628,459.5285720828152,640.0,564.3609513106767,475.5048421586622,446.96129443636147,625.4398596496172,545.485008507685,471.7892207805933,446.0858236954002,320.0,222.39672269039488,119.02596216849093,43.52224850672707,0.0,191.79624890829334,72.33269517897381,50.75163125970346,65.9504685352994,227.0878099847884,102.52809931080981,79.43595637635187,102.4731029092072,247.87592097902848,134.3673141578552,117.11113553192246,141.5615309424992,257.4339254094778,170.14723270435056,150.39532794992155,162.17196125463846,320.0,242.1258702586955,241.42355195158677,283.01718483536666,328.94035620219614,479.3546162299565,550.0813877950513,474.924028369864,426.8846015171546,565.2289910537053,630.3666260552488,538.1623372695774,472.6242752590058,612.661870277548,633.6268509812331,534.8586259201393,477.19713662010884,640.0,639.0812550420607,562.3744718355497,515.7705996900336,320.0,354.11054148383585,336.8843988355096,343.9326696607848,342.1404677841654,123.87063651808032,36.51759204262589,50.362234351070754,85.44298451054817,95.17799563821836,0.0,12.25712957379335,52.17207029771794,90.47371683017826,3.7810571164598628,7.122043738492607,30.83953310172342,102.85685187904338,50.687571782279235,51.3399207652684,66.53970787293562,320.0,237.80720464880622,136.45100497460868,59.975748000818555,0.0,148.15022656943228,83.7979667281158,42.557415312358444,11.063558288348588,173.14433335150298,106.19215911599048,64.13958571437507,36.66830789137174,200.1023337857871,137.3127819831058,96.35689220549324,66.6004576961673,227.9483469948163,178.04198616188432,146.98084056321113,122.25766989579859,320.0,238.35874078536597,174.64721706586258,174.4563855886463,207.21863374842076,51.15887338896573,15.695999350775708,8.618093701409464,0.0,89.89067444724267,83.10674049523811,75.26550893700673,60.076014875604244,161.51993887544194,241.5985354750838,283.0802519606332,297.5519577709951,251.0341000226102,309.51026442210707,334.7538700859452,340.5264119220016,320.0,240.5295538761552,157.08457060239925,72.33396882238645,5.770329183663762,229.98637055860152,125.45650480853664,57.68074866786094,0.0,278.47704749671675,151.5410369281022,77.21685126936313,17.036057161674194,306.9545249482205,166.4532628491612,118.6898638346978,94.65475445382393,316.62233536147477,201.54262763546302,154.45062997150893,130.8526655253853,320.0,243.98238203566325,182.59178524577828,193.82092155152986,232.0291489799462,62.790361525147546,26.69925824692956,15.267401533702639,0.0,91.68999336897812,81.92205828920467,66.61810170999485,37.88390145897074,152.67188073582872,218.13156105845366,249.31174745666647,250.74593263623873,229.6018405932357,286.4123836887285,308.93476104244417,306.2192147877833,320.0,251.66036540586703,167.4165331256115,77.37440845027464,4.87653298483616,233.22116041115785,133.28406821973152,63.72310428402835,0.0,268.56782204119554,138.72295177740602,67.16004983447166,5.9233759804416195,290.4170563406388,158.67010471339313,152.29256870423336,160.5707970934584,299.63074627355934,189.34370065530922,172.26085671181644,176.87160584780776
320.0,222.39672269039488,119.02596216849093,43.52224850672707,0.0,191.79624890829334,72.33269517897381,50.75163125970346,65.9504685352994,227.0878099847884,102.52809931080981,79.43595637635187,102.4731029092072,247.87592097902848,134.3673141578552,117.11113553192246,141.5615309424992,257.4339254094778,170.14723270435056,150.39532794992155,162.17196125463846,320.0,242.1258702586955,241.42355195158677,283.01718483536666,328.94035620219614,479.3546162299565,550.0813877950513,474.924028369864,426.8846015171546,565.2289910537053,630.3666260552488,538.1623372695774,472.6242752590058,612.661870277548,633.6268509812331,534.8586259201393,477.19713662010884,640.0,639.0812550420607,562.3744718355497,515.7705996900336,320.0,354.11054148383585,336.8843988355096,343.9326696607848,342.1404677841654,123.87063651808032,36.51759204262589,50.362234351070754,85.44298451054817,95.17799563821836,0.0,12.25712957379335,52.17207029771794,90.47371683017826,3.7810571164598628,7.122043738492607,30.83953310172342,102.85685187904338,50.687571782279235,51.3399207652684,66.53970787293562,320.0,237.80720464880622,136.45100497460868,59.975748000818555,0.0,148.15022656943228,83.7979667281158,42.557415312358444,11.063558288348588,173.14433335150298,106.19215911599048,64.13958571437507,36.66830789137174,200.1023337857871,137.3127819831058,96.35689220549324,66.6004576961673,227.9483469948163,178.04198616188432,146.98084056321113,122.25766989579859,320.0,238.35874078536597,174.64721706586258,174.4563855886463,207.21863374842076,51.15887338896573,15.695999350775708,8.618093701409464,0.0,89.89067444724267,83.10674049523811,75.26550893700673,60.076014875604244,161.51993887544194,241.5985354750838,283.0802519606332,297.5519577709951,251.0341000226102,309.51026442210707,334.7538700859452,340.5264119220016,320.0,240.5295538761552,157.08457060239925,72.33396882238645,5.770329183663762,229.98637055860152,125.45650480853664,57.68074866786094,0.0,278.47704749671675,151.5410369281022,77.21685126936313,17.036057161674194,306.9545249482205,166.4532628491612,118.6898638346978,94.65475445382393,316.62233536147477,201.54262763546302,154.45062997150893,130.8526655253853,320.0,243.98238203566325,182.59178524577828,193.82092155152986,232.0291489799462,62.790361525147546,26.69925824692956,15.267401533702639,0.0,91.68999336897812,81.92205828920467,66.61810170999485,37.88390145897074,152.67188073582872,218.13156105845366,249.31174745666647,250.74593263623873,229.6018405932357,286.4123836887285,308.93476104244417,306.2192147877833,320.0,251.66036540586703,167.4165331256115,77.37440845027464,4.87653298483616,233.22116041115785,133.28406821973152,63.72310428402835,0.0,268.56782204119554,138.72295177740602,67.16004983447166,5.9233759804416195,290.4170563406388,158.67010471339313,152.29256870423336,160.5707970934584,299.63074627355934,189.34370065530922,172.26085671181644,176.87160584780776,320.0,190.3746435522286,109.80996199321649,103.95145828975814,116.99891780136002,57.91742290740342,13.284893034488675,4.223097713356992,0.0,130.20680360067706,158.18385272938758,178.84815871865064,187.83451704559977,220.2407580174808,249.2216491251529,274.95639412149205,290.3034715615658,305.1217049218672,312.8636472649898,324.05599790143833,333.2992214835138,320.0,293.92433022758036,236.68756180851318,162.5113352514597,104.23892031925237,261.9546423208426,159.69524508215258,89.18091280166982,29.59914215775666,284.15256503375826,115.97213471624616,44.631406071380525,0.0,297.31878447338886,155.01927956674382,150.96829672671493,168.2688655995048,299.1601190891783,190.64415907596467,181.33634564623176,197.24555942631278
320.0,354.11054148383585,336.8843988355096,343.9326696607848,342.1404677841654,123.87063651808032,36.51759204262589,50.362234351070754,85.44298451054817,95.17799563821836,0.0,12.25712957379335,52.17207029771794,90.47371683017826,3.7810571164598628,7.122043738492607,30.83953310172342,102.85685187904338,50.687571782279235,51.3399207652684,66.53970787293562,320.0,237.80720464880622,136.45100497460868,59.975748000818555,0.0,148.15022656943228,83.7979667281158,42.557415312358444,11.063558288348588,173.14433335150298,106.19215911599048,64.13958571437507,36.66830789137174,200.1023337857871,137.3127819831058,96.35689220549324,66.6004576961673,227.9483469948163,178.04198616188432,146.98084056321113,122.25766989579859,320.0,238.35874078536597,174.64721706586258,174.4563855886463,207.21863374842076,51.15887338896573,15.695999350775708,8.618093701409464,0.0,89.89067444724267,83.10674049523811,75.26550893700673,60.076014875604244,161.51993887544194,241.5985354750838,283.0802519606332,297.5519577709951,251.0341000226102,309.51026442210707,334.7538700859452,340.5264119220016,320.0,240.5295538761552,157.08457060239925,72.33396882238645,5.770329183663762,229.98637055860152,125.45650480853664,57.68074866786094,0.0,278.47704749671675,151.5410369281022,77.21685126936313,17.036057161674194,306.9545249482205,166.4532628491612,118.6898638346978,94.65475445382393,316.62233536147477,201.54262763546302,154.45062997150893,130.8526655253853,320.0,243.98238203566325,182.59178524577828,193.82092155152986,232.0291489799462,62.790361525147546,26.69925824692956,15.267401533702639,0.0,91.68999336897812,81.92205828920467,66.61810170999485,37.88390145897074,152.67188073582872,218.13156105845366,249.31174745666647,250.74593263623873,229.6018405932357,286.4123836887285,308.93476104244417,306.2192147877833,320.0,251.66036540586703,167.4165331256115,77.37440845027464,4.87653298483616,233.22116041115785,133.28406821973152,63.72310428402835,0.0,268.56782204119554,138.72295177740602,67.16004983447166,5.9233759804416195,290.4170563406388,158.67010471339313,152.29256870423336,160.5707970934584,299.63074627355934,189.34370065530922,172.26085671181644,176.87160584780776,320.0,190.3746435522286,109.80996199321649,103.95145828975814,116.99891780136002,57.91742290740342,13.284893034488675,4.223097713356992,0.0,130.20680360067706,158.18385272938758,178.84815871865064,187.83451704559977,220.2407580174808,249.2216491251529,274.95639412149205,290.3034715615658,305.1217049218672,312.8636472649898,324.05599790143833,333.2992214835138,320.0,293.92433022758036,236.68756180851318,162.5113352514597,104.23892031925237,261.9546423208426,159.69524508215258,89.18091280166982,29.59914215775666,284.15256503375826,115.97213471624616,44.631406071380525,0.0,297.31878447338886,155.01927956674382,150.96829672671493,168.2688655995048,299.1601190891783,190.64415907596467,181.33634564623176,197.24555942631278,320.0,181.49058791950446,109.63339313946216,120.37468004577289,134.37331096918035,52.75550937740411,14.188668001494932,4.735967286004723,0.0,142.55468664713658,224.3173175345833,252.76928747654523,266.4451348334954,253.57628749067268,312.03068991956354,307.6348495492707,290.9710143624611,355.7487526119695,389.4338932505551,383.529263691087,362.2491385477257,320.0,285.30910146795856,221.94782692558874,155.6832245722133,106.36633899853274,227.7580349695,134.3406623428188,81.1657355724924,33.25899497335769,240.6224370481525,112.65351518911876,48.139035687443084,0.0,250.71070467179908,145.91056743174988,170.0284037639714,203.32311722940233,252.79605958702055,167.9918113899874,182.6514631797888,211.2080229228349
320.0,238.35874078536597,174.64721706586258,174.4563855886463,207.21863374842076,51.15887338896573,15.695999350775708,8.618093701409464,0.0,89.89067444724267,83.10674049523811,75.26550893700673,60.076014875604244,161.51993887544194,241.5985354750838,283.0802519606332,297.5519577709951,251.0341000226102,309.51026442210707,334.7538700859452,340.5264119220016,320.0,240.5295538761552,157.08457060239925,72.33396882238645,5.770329183663762,229.98637055860152,125.45650480853664,57.68074866786094,0.0,278.47704749671675,151.5410369281022,77.21685126936313,17.036057161674194,306.9545249482205,166.4532628491612,118.6898638346978,94.65475445382393,316.62233536147477,201.54262763546302,154.45062997150893,130.8526655253853,320.0,243.98238203566325,182.59178524577828,193.82092155152986,232.0291489799462,62.790361525147546,26.69925824692956,15.267401533702639,0.0,91.68999336897812,81.92205828920467,66.61810170999485,37.88390145897074,152.67188073582872,218.13156105845366,249.31174745666647,250.74593263623873,229.6018405932357,286.4123836887285,308.93476104244417,306.2192147877833,320.0,251.66036540586703,167.4165331256115,77.37440845027464,4.87653298483616,233.22116041115785,133.28406821973152,63.72310428402835,0.0,268.56782204119554,138.72295177740602,67.16004983447166,5.9233759804416195,290.4170563406388,158.67010471339313,152.29256870423336,160.5707970934584,299.63074627355934,189.34370065530922,172.26085671181644,176.87160584780776,320.0,190.3746435522286,109.80996199321649,103.95145828975814,116.99891780136002,57.91742290740342,13.284893034488675,4.223097713356992,0.0,130.20680360067706,158.18385272938758,178.84815871865064,187.83451704559977,220.2407580174808,249.2216491251529,274.95639412149205,290.3034715615658,305.1217049218672,312.8636472649898,324.05599790143833,333.2992214835138,320.0,293.92433022758036,236.68756180851318,162.5113352514597,104.23892031925237,261.9546423208426,159.69524508215258,89.18091280166982,29.59914215775666,284.15256503375826,115.97213471624616,44.631406071380525,0.0,297.31878447338886,155.01927956674382,150.96829672671493,168.2688655995048,299.1601190891783,190.64415907596467,181.33634564623176,197.24555942631278,320.0,181.49058791950446,109.63339313946216,120.37468004577289,134.37331096918035,52.75550937740411,14.188668001494932,4.735967286004723,0.0,142.55468664713658,224.3173175345833,252.76928747654523,266.4451348334954,253.57628749067268,312.03068991956354,307.6348495492707,290.9710143624611,355.7487526119695,389.4338932505551,383.529263691087,362.2491385477257,320.0,285.30910146795856,221.94782692558874,155.6832245722133,106.36633899853274,227.7580349695,134.3406623428188,81.1657355724924,33.25899497335769,240.6224370481525,112.65351518911876,48.139035687443084,0.0,250.71070467179908,145.91056743174988,170.0284037639714,203.32311722940233,252.79605958702055,167.9918113899874,182.6514631797888,211.2080229228349,320.0,196.12996491932145,132.67186282529596,158.5953272331197,181.73084998701364,49.75927377844016,30.70636849033872,14.853774766778372,0.0,156.06733915197373,210.26256702534886,241.79626451592196,269.72202735953095,276.7828048306529,322.33561208056983,318.449081771937,306.08782333384306,384.88232316244483,398.4184647301226,392.0597863010314,382.2249624366764,320.0,280.0435887633973,211.42673251561854,146.54582564360277,104.51435278278109,220.88587040136196,126.89575849352718,76.1148491357157,30.273605485412077,232.33716526577524,117.98505432135426,51.83279060127364,0.0,240.37402491304755,141.07874127368143,163.72401755643597,195.08089249471095,241.6912547692006,162.33774976368147,180.97793889914186,209.67544242124563
320.0,243.98238203566325,182.59178524577828,193.82092155152986,232.0291489799462,62.790361525147546,26.69925824692956,15.267401533702639,0.0,91.68999336897812,81.92205828920467,66.61810170999485,37.88390145897074,152.67188073582872,218.13156105845366,249.31174745666647,250.74593263623873,229.6018405932357,286.4123836887285,308.93476104244417,306.2192147877833,320.0,251.66036540586703,167.4165331256115,77.37440845027464,4.87653298483616,233.22116041115785,133.28406821973152,63.72310428402835,0.0,268.56782204119554,138.72295177740602,67.16004983447166,5.9233759804416195,290.4170563406388,158.67010471339313,152.29256870423336,160.5707970934584,299.63074627355934,189.34370065530922,172.26085671181644,176.87160584780776,320.0,190.3746435522286,109.80996199321649,103.95145828975814,116.99891780136002,57.91742290740342,13.284893034488675,4.223097713356992,0.0,130.20680360067706,158.18385272938758,178.84815871865064,187.83451704559977,220.2407580174808,249.2216491251529,274.95639412149205,290.3034715615658,305.1217049218672,312.8636472649898,324.05599790143833,333.2992214835138,320.0,293.92433022758036,236.68756180851318,162.5113352514597,104.23892031925237,261.9546423208426,159.69524508215258,89.18091280166982,29.59914215775666,284.15256503375826,115.97213471624616,44.631406071380525,0.0,297.31878447338886,155.01927956674382,150.96829672671493,168.2688655995048,299.1601190891783,190.64415907596467,181.33634564623176,197.24555942631278,320.0,181.49058791950446,109.63339313946216,120.37468004577289,134.37331096918035,52.75550937740411,14.188668001494932,4.735967286004723,0.0,142.55468664713658,224.3173175345833,252.76928747654523,266.4451348334954,253.57628749067268,312.03068991956354,307.6348495492707,290.9710143624611,355.7487526119695,389.4338932505551,383.529263691087,362.2491385477257,320.0,285.30910146795856,221.94782692558874,155.6832245722133,106.36633899853274,227.7580349695,134.3406623428188,81.1657355724924,33.25899497335769,240.6224370481525,112.65351518911876,48.139035687443084,0.0,250.71070467179908,145.91056743174988,170.0284037639714,203.32311722940233,252.79605958702055,167.9918113899874,182.6514631797888,211.2080229228349,320.0,196.12996491932145,132.67186282529596,158.5953272331197,181.73084998701364,49.75927377844016,30.70636849033872,14.853774766778372,0.0,156.06733915197373,210.26256702534886,241.79626451592196,269.72202735953095,276.7828048306529,322.33561208056983,318.449081771937,306.08782333384306,384.88232316244483,398.4184647301226,392.0597863010314,382.2249624366764,320.0,280.0435887633973,211.42673251561854,146.54582564360277,104.51435278278109,220.88587040136196,126.89575849352718,76.1148491357157,30.273605485412077,232.33716526577524,117.98505432135426,51.83279060127364,0.0,240.37402491304755,141.07874127368143,163.72401755643597,195.08089249471095,241.6912547692006,162.33774976368147,180.97793889914186,209.67544242124563,320.0,183.86453033917786,122.89439099555364,162.58447392401354,196.82188468777045,40.57660693924839,31.87484259161738,16.140506729065237,0.0,157.7557571400442,234.50410063146518,278.8249893534694,318.7301093043809,289.68591589927695,356.52213333577555,351.5822347182218,335.673158379163,406.74811453377356,430.9931724829541,412.88482056589174,393.98299302595007,320.0,279.62643166013765,205.97093680912343,135.70097138109307,91.17836948298188,217.9912235511934,122.6101297771441,70.14420310437214,23.400777180205864,231.86200522902539,116.05816199295344,49.78949842822777,0.0,241.39016538492027,137.92069967790695,159.5291103585962,191.6435647564853,243.95973263521682,160.97215837601968,178.14828948961105,206.6794627297115
320.0,190.3746435522286,109.80996199321649,103.95145828975814,116.99891780136002,57.91742290740342,13.284893034488675,4.223097713356992,0.0,130.20680360067706,158.18385272938758,178.84815871865064,187.83451704559977,220.2407580174808,249.2216491251529,274.95639412149205,290.3034715615658,305.1217049218672,312.8636472649898,324.05599790143833,333.2992214835138,320.0,293.92433022758036,236.68756180851318,162.5113352514597,104.23892031925237,261.9546423208426,159.69524508215258,89.18091280166982,29.59914215775666,284.15256503375826,115.97213471624616,44.631406071380525,0.0,297.31878447338886,155.01927956674382,150.96829672671493,168.2688655995048,299.1601190891783,190.64415907596467,181.33634564623176,197.24555942631278,320.0,181.49058791950446,109.63339313946216,120.37468004577289,134.37331096918035,52.75550937740411,14.188668001494932,4.735967286004723,0.0,142.55468664713658,224.3173175345833,252.76928747654523,266.4451348334954,253.57628749067268,312.03068991956354,307.6348495492707,290.9710143624611,355.7487526119695,389.4338932505551,383.529263691087,362.2491385477257,320.0,285.30910146795856,221.94782692558874,155.6832245722133,106.36633899853274,227.7580349695,134.3406623428188,81.1657355724924,33.25899497335769,240.6224370481525,112.65351518911876,48.139035687443084,0.0,250.71070467179908,145.91056743174988,170.0284037639714,203.32311722940233,252.79605958702055,167.9918113899874,182.6514631797888,211.2080229228349,320.0,196.12996491932145,132.67186282529596,158.5953272331197,181.73084998701364,49.75927377844016,30.70636849033872,14.853774766778372,0.0,156.06733915197373,210.26256702534886,241.79626451592196,269.72202735953095,276.7828048306529,322.33561208056983,318.449081771937,306.08782333384306,384.88232316244483,398.4184647301226,392.0597863010314,382.2249624366764,320.0,280.0435887633973,211.42673251561854,146.54582564360277,104.51435278278109,220.88587040136196,126.89575849352718,76.1148491357157,30.273605485412077,232.33716526577524,117.98505432135426,51.83279060127364,0.0,240.37402491304755,141.07874127368143,163.72401755643597,195.08089249471095,241.6912547692006,162.33774976368147,180.97793889914186,209.67544242124563,320.0,183.86453033917786,122.89439099555364,162.58447392401354,196.82188468777045,40.57660693924839,31.87484259161738,16.140506729065237,0.0,157.7557571400442,234.50410063146518,278.8249893534694,318.7301093043809,289.68591589927695,356.52213333577555,351.5822347182218,335.673158379163,406.74811453377356,430.9931724829541,412.88482056589174,393.98299302595007,320.0,279.62643166013765,205.97093680912343,135.70097138109307,91.17836948298188,217.9912235511934,122.6101297771441,70.14420310437214,23.400777180205864,231.86200522902539,116.05816199295344,49.78949842822777,0.0,241.39016538492027,137.92069967790695,159.5291103585962,191.6435647564853,243.95973263521682,160.97215837601968,178.14828948961105,206.6794627297115,320.0,188.95230302251912,125.25308926453334,161.4095519484029,185.01961682252224,40.88676987558097,32.355070589759976,15.930010571174705,0.0,158.2747656936033,232.04485107080362,278.09988510603426,320.16300181842803,291.6979375458021,359.2330406452659,354.94692038260797,339.71271278193916,413.36656754132144,434.7045562983338,421.7752483412438,408.7057197668181,320.0,280.0834700815377,208.27147202412903,140.9912873075514,101.38063713587061,217.9037531205003,123.16645110719185,71.9859724458758,25.766585725361892,229.1296134413687,117.14362736327308,50.59085789262923,0.0,237.05895764639726,136.65667765764383,157.76357982090673,189.1265734563641,238.77274578466205,158.53393655905734,175.68386882396544,203.2419190757355
320.0,181.49058791950446,109.63339313946216,120.37468004577289,134.37331096918035,52.75550937740411,14.188668001494932,4.735967286004723,0.0,142.55468664713658,224.3173175345833,252.76928747654523,266.4451348334954,253.57628749067268,312.03068991956354,307.6348495492707,290.9710143624611,355.7487526119695,389.4338932505551,383.529263691087,362.2491385477257,320.0,285.30910146795856,221.94782692558874,155.6832245722133,106.36633899853274,227.7580349695,134.3406623428188,81.1657355724924,33.25899497335769,240.6224370481525,112.65351518911876,48.139035687443084,0.0,250.71070467179908,145.91056743174988,170.0284037639714,203.32311722940233,252.79605958702055,167.9918113899874,182.6514631797888,211.2080229228349,320.0,196.12996491932145,132.67186282529596,158.5953272331197,181.73084998701364,49.75927377844016,30.70636849033872,14.853774766778372,0.0,156.06733915197373,210.26256702534886,241.79626451592196,269.72202735953095,276.7828048306529,322.33561208056983,318.449081771937,306.08782333384306,384.88232316244483,398.4184647301226,392.0597863010314,382.2249624366764,320.0,280.0435887633973,211.42673251561854,146.54582564360277,104.51435278278109,220.88587040136196,126.89575849352718,76.1148491357157,30.273605485412077,232.33716526577524,117.98505432135426,51.83279060127364,0.0,240.37402491304755,141.07874127368143,163.72401755643597,195.08089249471095,241.6912547692006,162.33774976368147,180.97793889914186,209.67544242124563,320.0,183.86453033917786,122.89439099555364,162.58447392401354,196.82188468777045,40.57660693924839,31.87484259161738,16.140506729065237,0.0,157.7557571400442,234.50410063146518,278.8249893534694,318.7301093043809,289.68591589927695,356.52213333577555,351.5822347182218,335.673158379163,406.74811453377356,430.9931724829541,412.88482056589174,393.98299302595007,320.0,279.62643166013765,205.97093680912343,135.70097138109307,91.17836948298188,217.9912235511934,122.6101297771441,70.14420310437214,23.400777180205864,231.86200522902539,116.05816199295344,49.78949842822777,0.0,241.39016538492027,137.92069967790695,159.5291103585962,191.6435647564853,243.95973263521682,160.97215837601968,178.14828948961105,206.6794627297115,320.0,188.95230302251912,125.25308926453334,161.4095519484029,185.01961682252224,40.88676987558097,32.355070589759976,15.930010571174705,0.0,158.2747656936033,232.04485107080362,278.09988510603426,320.16300181842803,291.6979375458021,359.2330406452659,354.94692038260797,339.71271278193916,413.36656754132144,434.7045562983338,421.7752483412438,408.7057197668181,320.0,280.0834700815377,208.27147202412903,140.9912873075514,101.38063713587061,217.9037531205003,123.16645110719185,71.9859724458758,25.766585725361892,229.1296134413687,117.14362736327308,50.59085789262923,0.0,237.05895764639726,136.65667765764383,157.76357982090673,189.1265734563641,238.77274578466205,158.53393655905734,175.68386882396544,203.2419190757355,320.0,183.68596703556906,122.09711050439125,159.50179948286885,184.18647108681782,30.7645313334246,22.696574626387928,11.577954565852735,0.0,150.5287009017172,231.82620325196527,281.5311762819305,327.1070399004579,289.40583216854765,371.2667691616821,370.6636353137907,354.26923596490667,416.62472825495956,454.55109419402186,441.0255260374404,422.139977068808,320.0,280.9426625310715,208.5929020583831,141.0091774945692,97.93174101977766,214.87989112841063,119.9560222136219,68.29440884077377,22.3161577751315,228.84919095121677,115.53195302289743,49.288261461037905,0.0,239.29658556182264,136.44913388907437,155.878718917674,186.5373754494363,243.2175873239463,159.8049733752308,175.25935099089628,202.08259220519628
320.0,196.12996491932145,132.67186282529596,158.5953272331197,181.73084998701364,49.75927377844016,30.70636849033872,14.853774766778372,0.0,156.06733915197373,210.26256702534886,241.79626451592196,269.72202735953095,276.7828048306529,322.33561208056983,318.449081771937,306.08782333384306,384.88232316244483,398.4184647301226,392.0597863010314,382.2249624366764,320.0,280.0435887633973,211.42673251561854,146.54582564360277,104.51435278278109,220.88587040136196,126.89575849352718,76.1148491357157,30.273605485412077,232.33716526577524,117.98505432135426,51.83279060127364,0.0,240.37402491304755,141.07874127368143,163.72401755643597,195.08089249471095,241.6912547692006,162.33774976368147,180.97793889914186,209.67544242124563,320.0,183.86453033917786,122.89439099555364,162.58447392401354,196.82188468777045,40.57660693924839,31.87484259161738,16.140506729065237,0.0,157.7557571400442,234.50410063146518,278.8249893534694,318.7301093043809,289.68591589927695,356.52213333577555,351.5822347182218,335.673158379163,406.74811453377356,430.9931724829541,412.88482056589174,393.98299302595007,320.0,279.62643166013765,205.97093680912343,135.70097138109307,91.17836948298188,217.9912235511934,122.6101297771441,70.14420310437214,23.400777180205864,231.86200522902539,116.05816199295344,49.78949842822777,0.0,241.39016538492027,137.92069967790695,159.5291103585962,191.6435647564853,243.95973263521682,160.97215837601968,178.14828948961105,206.6794627297115,320.0,188.95230302251912,125.25308926453334,161.4095519484029,185.01961682252224,40.88676987558097,32.355070589759976,15.930010571174705,0.0,158.2747656936033,232.04485107080362,278.09988510603426,320.16300181842803,291.6979375458021,359.2330406452659,354.94692038260797,339.71271278193916,413.36656754132144,434.7045562983338,421.7752483412438,408.7057197668181,320.0,280.0834700815377,208.27147202412903,140.9912873075514,101.38063713587061,217.9037531205003,123.16645110719185,71.9859724458758,25.766585725361892,229.1296134413687,117.14362736327308,50.59085789262923,0.0,237.05895764639726,136.65667765764383,157.76357982090673,189.1265734563641,238.77274578466205,158.53393655905734,175.68386882396544,203.2419190757355,320.0,183.68596703556906,122.09711050439125,159.50179948286885,184.18647108681782,30.7645313334246,22.696574626387928,11.577954565852735,0.0,150.5287009017172,231.82620325196527,281.5311762819305,327.1070399004579,289.40583216854765,371.2667691616821,370.6636353137907,354.26923596490667,416.62472825495956,454.55109419402186,441.0255260374404,422.139977068808,320.0,280.9426625310715,208.5929020583831,141.0091774945692,97.93174101977766,214.87989112841063,119.9560222136219,68.29440884077377,22.3161577751315,228.84919095121677,115.53195302289743,49.288261461037905,0.0,239.29658556182264,136.44913388907437,155.878718917674,186.5373754494363,243.2175873239463,159.8049733752308,175.25935099089628,202.08259220519628,320.0,181.04948890562252,115.5883318071163,148.5182195359999,171.07612312548758,28.61075077523691,21.499549668043983,9.939617249476669,0.0,147.25621733812685,224.1246670722517,269.93463331468126,314.68749915252016,282.7612927254138,361.49478268808855,359.1874438591686,344.62234942204134,406.88433866288926,437.1888799796786,423.6268882980887,409.75884565561495,320.0,283.1554091205004,212.28916883690954,144.28708306365712,102.4201456582768,214.88875603550633,118.54829011588325,66.44086332980226,19.865894174623918,227.98946307684935,114.99653589919117,49.44831882494674,0.0,237.9659908149924,136.36349855512628,155.12613878066233,184.26235042487608,241.93711588077505,160.52777186781924,175.91804607679936,202.0353547341607
320.0,183.86453033917786,122.89439099555364,162.58447392401354,196.82188468777045,40.57660693924839,31.87484259161738,16.140506729065237,0.0,157.7557571400442,234.50410063146518,278.8249893534694,318.7301093043809,289.68591589927695,356.52213333577555,351.5822347182218,335.673158379163,406.74811453377356,430.9931724829541,412.88482056589174,393.98299302595007,320.0,279.62643166013765,205.97093680912343,135.70097138109307,91.17836948298188,217.9912235511934,122.6101297771441,70.14420310437214,23.400777180205864,231.86200522902539,116.05816199295344,49.78949842822777,0.0,241.39016538492027,137.92069967790695,159.5291103585962,191.6435647564853,243.95973263521682,160.97215837601968,178.14828948961105,206.6794627297115,320.0,188.95230302251912,125.25308926453334,161.4095519484029,185.01961682252224,40.88676987558097,32.355070589759976,15.930010571174705,0.0,158.2747656936033,232.04485107080362,278.09988510603426,320.16300181842803,291.6979375458021,359.2330406452659,354.94692038260797,339.71271278193916,413.36656754132144,434.7045562983338,421.7752483412438,408.7057197668181,320.0,280.0834700815377,208.27147202412903,140.9912873075514,101.38063713587061,217.9037531205003,123.16645110719185,71.9859724458758,25.766585725361892,229.1296134413687,117.14362736327308,50.59085789262923,0.0,237.05895764639726,136.65667765764383,157.76357982090673,189.1265734563641,238.77274578466205,158.53393655905734,175.68386882396544,203.2419190757355,320.0,183.68596703556906,122.09711050439125,159.50179948286885,184.18647108681782,30.7645313334246,22.696574626387928,11.577954565852735,0.0,150.5287009017172,231.82620325196527,281.5311762819305,327.1070399004579,289.40583216854765,371.2667691616821,370.6636353137907,354.26923596490667,416.62472825495956,454.55109419402186,441.0255260374404,422.139977068808,320.0,280.9426625310715,208.5929020583831,141.0091774945692,97.93174101977766,214.87989112841063,119.9560222136219,68.29440884077377,22.3161577751315,228.84919095121677,115.53195302289743,49.288261461037905,0.0,239.29658556182264,136.44913388907437,155.878718917674,186.5373754494363,243.2175873239463,159.8049733752308,175.25935099089628,202.08259220519628,320.0,181.04948890562252,115.5883318071163,148.5182195359999,171.07612312548758,28.61075077523691,21.499549668043983,9.939617249476669,0.0,147.25621733812685,224.1246670722517,269.93463331468126,314.68749915252016,282.7612927254138,361.49478268808855,359.1874438591686,344.62234942204134,406.88433866288926,437.1888799796786,423.6268882980887,409.75884565561495,320.0,283.1554091205004,212.28916883690954,144.28708306365712,102.4201456582768,214.88875603550633,118.54829011588325,66.44086332980226,19.865894174623918,227.98946307684935,114.99653589919117,49.44831882494674,0.0,237.9659908149924,136.36349855512628,155.12613878066233,184.26235042487608,241.93711588077505,160.52777186781924,175.91804607679936,202.0353547341607,320.0,185.77974241905335,121.17980259790872,152.26046454155505,175.19957488658542,32.84641530360767,25.970176119687608,12.089664712289505,0.0,147.49520217689437,232.8709977422533,282.9750691418216,328.4189089924022,278.3795669914523,359.88148389294815,355.08295384911503,339.581070809364,398.66960174726603,434.4704721129224,420.946495175741,405.20575019953185,320.0,282.4845209961161,211.913351914654,144.6102741659866,103.73918339532304,216.45704405377626,120.68638131528485,69.34778680628779,24.183054508701275,229.11057324966356,116.31346009132466,50.46817686783663,0.0,238.49122441406712,138.45661943824624,159.55965091775937,189.92940469344646,241.559634259504,162.04071107632896,179.39135154375282,206.62524653793008
320.0,188.95230302251912,125.25308926453334,161.4095519484029,185.01961682252224,40.88676987558097,32.355070589759976,15.930010571174705,0.0,158.2747656936033,232.04485107080362,278.09988510603426,320.16300181842803,291.6979375458021,359.2330406452659,354.94692038260797,339.71271278193916,413.36656754132144,434.7045562983338,421.7752483412438,408.7057197668181,320.0,280.0834700815377,208.27147202412903,140.9912873075514,101.38063713587061,217.9037531205003,123.16645110719185,71.9859724458758,25.766585725361892,229.1296134413687,117.14362736327308,50.59085789262923,0.0,237.05895764639726,136.65667765764383,157.76357982090673,189.1265734563641,238.77274578466205,158.53393655905734,175.68386882396544,203.2419190757355,320.0,183.68596703556906,122.09711050439125,159.50179948286885,184.18647108681782,30.7645313334246,22.696574626387928,11.577954565852735,0.0,150.5287009017172,231.82620325196527,281.5311762819305,327.1070399004579,289.40583216854765,371.2667691616821,370.6636353137907,354.26923596490667,416.62472825495956,454.55109419402186,441.0255260374404,422.139977068808,320.0,280.9426625310715,208.5929020583831,141.0091774945692,97.93174101977766,214.87989112841063,119.9560222136219,68.29440884077377,22.3161577751315,228.84919095121677,115.53195302289743,49.288261461037905,0.0,239.29658556182264,136.44913388907437,155.878718917674,186.5373754494363,243.2175873239463,159.8049733752308,175.25935099089628,202.08259220519628,320.0,181.04948890562252,115.5883318071163,148.5182195359999,171.07612312548758,28.61075077523691,21.499549668043983,9.939617249476669,0.0,147.25621733812685,224.1246670722517,269.93463331468126,314.68749915252016,282.7612927254138,361.49478268808855,359.1874438591686,344.62234942204134,406.88433866288926,437.1888799796786,423.6268882980887,409.75884565561495,320.0,283.1554091205004,212.28916883690954,144.28708306365712,102.4201456582768,214.88875603550633,118.54829011588325,66.44086332980226,19.865894174623918,227.98946307684935,114.99653589919117,49.44831882494674,0.0,237.9659908149924,136.36349855512628,155.12613878066233,184.26235042487608,241.93711588077505,160.52777186781924,175.91804607679936,202.0353547341607,320.0,185.77974241905335,121.17980259790872,152.26046454155505,175.19957488658542,32.84641530360767,25.970176119687608,12.089664712289505,0.0,147.49520217689437,232.8709977422533,282.9750691418216,328.4189089924022,278.3795669914523,359.88148389294815,355.08295384911503,339.581070809364,398.66960174726603,434.4704721129224,420.946495175741,405.20575019953185,320.0,282.4845209961161,211.913351914654,144.6102741659866,103.73918339532304,216.45704405377626,120.68638131528485,69.34778680628779,24.183054508701275,229.11057324966356,116.31346009132466,50.46817686783663,0.0,238.49122441406712,138.45661943824624,159.55965091775937,189.92940469344646,241.559634259504,162.04071107632896,179.39135154375282,206.62524653793008,320.0,179.08454845096105,109.85245963543775,139.74112255350622,167.52826882975288,28.866435660952675,25.27583724586526,11.890212946030147,0.0,146.22088677663115,231.25659556078227,281.4609103447284,325.8243649290889,279.2019214113046,356.8157174993122,355.30841420631197,341.7005832684491,400.7664067103144,434.57384720416553,421.6432813840203,405.1600946320242,320.0,281.14214759251786,212.1886906679684,147.31818528469194,106.08422617857755,217.20195946088955,124.17087934183829,72.9897232787273,27.92311726428028,231.20525792927543,117.65801353453836,50.41570175771608,0.0,241.81303550137022,140.13468689915413,158.3803707198946,187.71960532606224,245.32278325152114,163.73546001337797,178.7828188029496,204.8996197925573
320.0,183.68596703556906,122.09711050439125,159.50179948286885,184.18647108681782,30.7645313334246,22.696574626387928,11.577954565852735,0.0,150.5287009017172,231.82620325196527,281.5311762819305,327.1070399004579,289.40583216854765,371.2667691616821,370.6636353137907,354.26923596490667,416.62472825495956,454.55109419402186,441.0255260374404,422.139977068808,320.0,280.9426625310715,208.5929020583831,141.0091774945692,97.93174101977766,214.87989112841063,119.9560222136219,68.29440884077377,22.3161577751315,228.84919095121677,115.53195302289743,49.288261461037905,0.0,239.29658556182264,136.44913388907437,155.878718917674,186.5373754494363,243.2175873239463,159.8049733752308,175.25935099089628,202.08259220519628,320.0,181.04948890562252,115.5883318071163,148.5182195359999,171.07612312548758,28.61075077523691,21.499549668043983,9.939617249476669,0.0,147.25621733812685,224.1246670722517,269.93463331468126,314.68749915252016,282.7612927254138,361.49478268808855,359.1874438591686,344.62234942204134,406.88433866288926,437.1888799796786,423.6268882980887,409.75884565561495,320.0,283.1554091205004,212.28916883690954,144.28708306365712,102.4201456582768,214.88875603550633,118.54829011588325,66.44086332980226,19.865894174623918,227.98946307684935,114.99653589919117,49.44831882494674,0.0,237.9659908149924,136.36349855512628,155.12613878066233,184.26235042487608,241.93711588077505,160.52777186781924,175.91804607679936,202.0353547341607,320.0,185.77974241905335,121.17980259790872,152.26046454155505,175.19957488658542,32.84641530360767,25.970176119687608,12.089664712289505,0.0,147.49520217689437,232.8709977422533,282.9750691418216,328.4189089924022,278.3795669914523,359.88148389294815,355.08295384911503,339.581070809364,398.66960174726603,434.4704721129224,420.946495175741,405.20575019953185,320.0,282.4845209961161,211.913351914654,144.6102741659866,103.73918339532304,216.45704405377626,120.68638131528485,69.34778680628779,24.183054508701275,229.11057324966356,116.31346009132466,50.46817686783663,0.0,238.49122441406712,138.45661943824624,159.55965091775937,189.92940469344646,241.559634259504,162.04071107632896,179.39135154375282,206.62524653793008,320.0,179.08454845096105,109.85245963543775,139.74112255350622,167.52826882975288,28.866435660952675,25.27583724586526,11.890212946030147,0.0,146.22088677663115,231.25659556078227,281.4609103447284,325.8243649290889,279.2019214113046,356.8157174993122,355.30841420631197,341.7005832684491,400.7664067103144,434.57384720416553,421.6432813840203,405.1600946320242,320.0,281.14214759251786,212.1886906679684,147.31818528469194,106.08422617857755,217.20195946088955,124.17087934183829,72.9897232787273,27.92311726428028,231.20525792927543,117.65801353453836,50.41570175771608,0.0,241.81303550137022,140.13468689915413,158.3803707198946,187.71960532606224,245.32278325152114,163.73546001337797,178.7828188029496,204.8996197925573,320.0,185.94666955214225,124.06485461164633,167.81036749015067,200.53241754960447,33.73868352541257,29.41879544402326,13.951132578734132,0.0,151.26117160952185,227.20632155669043,276.7300702625132,323.34998985944543,284.72510819055253,362.64591016355564,362.1489461214301,348.3628059831046,407.08545087625623,439.26701824531153,427.1819842256726,411.5445040263619,320.0,281.6155691936404,211.658458204103,146.89090824354912,109.16960577798733,215.36561380408938,122.12205166918653,71.55863660391253,26.55528315773961,228.28554550076856,115.42754024492291,49.523686363981824,0.0,238.49011201526287,137.21766666148835,158.0316685903392,188.91230698370805,242.68624348110134,160.90522473379633,177.51269602880933,204.54212213060345
320.0,181.04948890562252,115.5883318071163,148.5182195359999,171.07612312548758,28.61075077523691,21.499549668043983,9.939617249476669,0.0,147.25621733812685,224.1246670722517,269.93463331468126,314.68749915252016,282.7612927254138,361.49478268808855,359.1874438591686,344.62234942204134,406.88433866288926,437.1888799796786,423.6268882980887,409.75884565561495,320.0,283.1554091205004,212.28916883690954,144.28708306365712,102.4201456582768,214.88875603550633,118.54829011588325,66.44086332980226,19.865894174623918,227.98946307684935,114.99653589919117,49.44831882494674,0.0,237.9659908149924,136.36349855512628,155.12613878066233,184.26235042487608,241.93711588077505,160.52777186781924,175.91804607679936,202.0353547341607,320.0,185.77974241905335,121.17980259790872,152.26046454155505,175.19957488658542,32.84641530360767,25.970176119687608,12.089664712289505,0.0,147.49520217689437,232.8709977422533,282.9750691418216,328.4189089924022,278.3795669914523,359.88148389294815,355.08295384911503,339.581070809364,398.66960174726603,434.4704721129224,420.946495175741,405.20575019953185,320.0,282.4845209961161,211.913351914654,144.6102741659866,103.73918339532304,216.45704405377626,120.68638131528485,69.34778680628779,24.183054508701275,229.11057324966356,116.31346009132466,50.46817686783663,0.0,238.49122441406712,138.45661943824624,159.55965091775937,189.92940469344646,241.559634259504,162.04071107632896,179.39135154375282,206.62524653793008,320.0,179.08454845096105,109.85245963543775,139.74112255350622,167.52826882975288,28.866435660952675,25.27583724586526,11.890212946030147,0.0,146.22088677663115,231.25659556078227,281.4609103447284,325.8243649290889,279.2019214113046,356.8157174993122,355.30841420631197,341.7005832684491,400.7664067103144,434.57384720416553,421.6432813840203,405.1600946320242,320.0,281.14214759251786,212.1886906679684,147.31818528469194,106.08422617857755,217.20195946088955,124.17087934183829,72.9897232787273,27.92311726428028,231.20525792927543,117.65801353453836,50.41570175771608,0.0,241.81303550137022,140.13468689915413,158.3803707198946,187.71960532606224,245.32278325152114,163.73546001337797,178.7828188029496,204.8996197925573,320.0,185.94666955214225,124.06485461164633,167.81036749015067,200.53241754960447,33.73868352541257,29.41879544402326,13.951132578734132,0.0,151.26117160952185,227.20632155669043,276.7300702625132,323.34998985944543,284.72510819055253,362.64591016355564,362.1489461214301,348.3628059831046,407.08545087625623,439.26701824531153,427.1819842256726,411.5445040263619,320.0,281.6155691936404,211.658458204103,146.89090824354912,109.16960577798733,215.36561380408938,122.12205166918653,71.55863660391253,26.55528315773961,228.28554550076856,115.42754024492291,49.523686363981824,0.0,238.49011201526287,137.21766666148835,158.0316685903392,188.91230698370805,242.68624348110134,160.90522473379633,177.51269602880933,204.54212213060345,320.0,181.53611041006434,114.37031396319256,150.2984363406348,176.84119092759113,32.125481648244886,27.184554420975644,12.995934316817056,0.0,149.67088837520836,220.20422438658892,265.0732052935678,309.385524980213,283.69443597851625,352.4366008711222,353.50856494802986,343.3984011476015,406.59630970917283,430.27564965204306,418.92948556168693,408.1578673895066,320.0,283.16095092645963,212.4286898617118,145.80039813069538,106.17887320694257,216.18667179949114,122.93874408474818,72.173547396363,26.196804412612437,227.4404365864629,115.24271372159916,49.59526298231583,0.0,236.01500172357146,134.4689808497485,154.16310290689967,184.29321360784513,239.297395815704,157.33330234777884,172.91531799514706,199.31969867895447
320.0,185.77974241905335,121.17980259790872,152.26046454155505,175.19957488658542,32.84641530360767,25.970176119687608,12.089664712289505,0.0,147.49520217689437,232.8709977422533,282.9750691418216,328.4189089924022,278.3795669914523,359.88148389294815,355.08295384911503,339.581070809364,398.66960174726603,434.4704721129224,420.946495175741,405.20575019953185,320.0,282.4845209961161,211.913351914654,144.6102741659866,103.73918339532304,216.45704405377626,120.68638131528485,69.34778680628779,24.183054508701275,229.11057324966356,116.31346009132466,50.46817686783663,0.0,238.49122441406712,138.45661943824624,159.55965091775937,189.92940469344646,241.559634259504,162.04071107632896,179.39135154375282,206.62524653793008,320.0,179.08454845096105,109.85245963543775,139.74112255350622,167.52826882975288,28.866435660952675,25.27583724586526,11.890212946030147,0.0,146.22088677663115,231.25659556078227,281.4609103447284,325.8243649290889,279.2019214113046,356.8157174993122,355.30841420631197,341.7005832684491,400.7664067103144,434.57384720416553,421.6432813840203,405.1600946320242,320.0,281.14214759251786,212.1886906679684,147.31818528469194,106.08422617857755,217.20195946088955,124.17087934183829,72.9897232787273,27.92311726428028,231.20525792927543,117.65801353453836,50.41570175771608,0.0,241.81303550137022,140.13468689915413,158.3803707198946,187.71960532606224,245.32278325152114,163.73546001337797,178.7828188029496,204.8996197925573,320.0,185.94666955214225,124.06485461164633,167.81036749015067,200.53241754960447,33.73868352541257,29.41879544402326,13.951132578734132,0.0,151.26117160952185,227.20632155669043,276.7300702625132,323.34998985944543,284.72510819055253,362.64591016355564,362.1489461214301,348.3628059831046,407.08545087625623,439.26701824531153,427.1819842256726,411.5445040263619,320.0,281.6155691936404,211.658458204103,146.89090824354912,109.16960577798733,215.36561380408938,122.12205166918653,71.55863660391253,26.55528315773961,228.28554550076856,115.42754024492291,49.523686363981824,0.0,238.49011201526287,137.21766666148835,158.0316685903392,188.91230698370805,242.68624348110134,160.90522473379633,177.51269602880933,204.54212213060345,320.0,181.53611041006434,114.37031396319256,150.2984363406348,176.84119092759113,32.125481648244886,27.184554420975644,12.995934316817056,0.0,149.67088837520836,220.20422438658892,265.0732052935678,309.385524980213,283.69443597851625,352.4366008711222,353.50856494802986,343.3984011476015,406.59630970917283,430.27564965204306,418.92948556168693,408.1578673895066,320.0,283.16095092645963,212.4286898617118,145.80039813069538,106.17887320694257,216.18667179949114,122.93874408474818,72.173547396363,26.196804412612437,227.4404365864629,115.24271372159916,49.59526298231583,0.0,236.01500172357146,134.4689808497485,154.16310290689967,184.29321360784513,239.297395815704,157.33330234777884,172.91531799514706,199.31969867895447,320.0,182.59535425740725,113.72085802223634,143.47777201252202,164.81228532104427,36.08813642058391,29.17460559943879,14.77375760933279,0.0,153.42730407568465,224.50170484758507,269.89179170979634,312.9724985594177,288.6548019459055,358.14457095815334,358.0278845228051,343.89833717732495,412.2686281412962,438.89982531567705,427.0996988312334,413.02765186400666,320.0,281.23737319011315,210.93606683429334,145.3108628238191,104.96466282391992,216.82088220554914,121.97518594247504,70.61418261497289,24.297206910761872,228.90110445789873,116.3733569334498,49.86785245156119,0.0,237.64309292562655,136.31870774578738,155.22605662515983,185.09764867376182,240.50763097871436,158.49150098454217,173.7067487294862,200.05394024338963
320.0,179.08454845096105,109.85245963543775,139.74112255350622,167.52826882975288,28.866435660952675,25.27583724586526,11.890212946030147,0.0,146.22088677663115,231.25659556078227,281.4609103447284,325.8243649290889,279.2019214113046,356.8157174993122,355.30841420631197,341.7005832684491,400.7664067103144,434.57384720416553,421.6432813840203,405.1600946320242,320.0,281.14214759251786,212.1886906679684,147.31818528469194,106.08422617857755,217.20195946088955,124.17087934183829,72.9897232787273,27.92311726428028,231.20525792927543,117.65801353453836,50.41570175771608,0.0,241.81303550137022,140.13468689915413,158.3803707198946,187.71960532606224,245.32278325152114,163.73546001337797,178.7828188029496,204.8996197925573,320.0,185.94666955214225,124.06485461164633,167.81036749015067,200.53241754960447,33.73868352541257,29.41879544402326,13.951132578734132,0.0,151.26117160952185,227.20632155669043,276.7300702625132,323.34998985944543,284.72510819055253,362.64591016355564,362.1489461214301,348.3628059831046,407.08545087625623,439.26701824531153,427.1819842256726,411.5445040263619,320.0,281.6155691936404,211.658458204103,146.89090824354912,109.16960577798733,215.36561380408938,122.12205166918653,71.55863660391253,26.55528315773961,228.28554550076856,115.42754024492291,49.523686363981824,0.0,238.49011201526287,137.21766666148835,158.0316685903392,188.91230698370805,242.68624348110134,160.90522473379633,177.51269602880933,204.54212213060345,320.0,181.53611041006434,114.37031396319256,150.2984363406348,176.84119092759113,32.125481648244886,27.184554420975644,12.995934316817056,0.0,149.67088837520836,220.20422438658892,265.0732052935678,309.385524980213,283.69443597851625,352.4366008711222,353.50856494802986,343.3984011476015,406.59630970917283,430.27564965204306,418.92948556168693,408.1578673895066,320.0,283.16095092645963,212.4286898617118,145.80039813069538,106.17887320694257,216.18667179949114,122.93874408474818,72.173547396363,26.196804412612437,227.4404365864629,115.24271372159916,49.59526298231583,0.0,236.01500172357146,134.4689808497485,154.16310290689967,184.29321360784513,239.297395815704,157.33330234777884,172.91531799514706,199.31969867895447,320.0,182.59535425740725,113.72085802223634,143.47777201252202,164.81228532104427,36.08813642058391,29.17460559943879,14.77375760933279,0.0,153.42730407568465,224.50170484758507,269.89179170979634,312.9724985594177,288.6548019459055,358.14457095815334,358.0278845228051,343.89833717732495,412.2686281412962,438.89982531567705,427.0996988312334,413.02765186400666,320.0,281.23737319011315,210.93606683429334,145.3108628238191,104.96466282391992,216.82088220554914,121.97518594247504,70.61418261497289,24.297206910761872,228.90110445789873,116.3733569334498,49.86785245156119,0.0,237.64309292562655,136.31870774578738,155.22605662515983,185.09764867376182,240.50763097871436,158.49150098454217,173.7067487294862,200.05394024338963,320.0,175.5613802402098,103.45378699290711,130.33882979324218,150.17997007335418,29.034624903321003,24.01360669586404,11.989396669545954,0.0,149.8176638549253,220.9857720616867,268.9513486906052,315.02806291848407,288.6092908145886,356.1502467432331,357.17400674033195,344.8549294845233,415.42084271389615,439.2150111199426,424.6450506000489,409.7822203383482,320.0,282.31077927125676,210.6898365437472,144.10332809616546,104.9558411654956,217.2406843360767,121.88969944735985,68.8518940337137,21.585182063765046,229.29684029101452,115.61806180490919,49.09059565905511,0.0,237.63718241159123,134.6030773121582,152.40122593460904,182.16641107999172,240.04083058578362,156.692925958628,170.57307408646057,196.71763992162724
320.0,185.94666955214225,124.06485461164633,167.81036749015067,200.53241754960447,33.73868352541257,29.41879544402326,13.951132578734132,0.0,151.26117160952185,227.20632155669043,276.7300702625132,323.34998985944543,284.72510819055253,362.64591016355564,362.1489461214301,348.3628059831046,407.08545087625623,439.26701824531153,427.1819842256726,411.5445040263619,320.0,281.6155691936404,211.658458204103,146.89090824354912,109.16960577798733,215.36561380408938,122.12205166918653,71.55863660391253,26.55528315773961,228.28554550076856,115.42754024492291,49.523686363981824,0.0,238.49011201526287,137.21766666148835,158.0316685903392,188.91230698370805,242.68624348110134,160.90522473379633,177.51269602880933,204.54212213060345,320.0,181.53611041006434,114.37031396319256,150.2984363406348,176.84119092759113,32.125481648244886,27.184554420975644,12.995934316817056,0.0,149.67088837520836,220.20422438658892,265.0732052935678,309.385524980213,283.69443597851625,352.4366008711222,353.50856494802986,343.3984011476015,406.59630970917283,430.27564965204306,418.92948556168693,408.1578673895066,320.0,283.16095092645963,212.4286898617118,145.80039813069538,106.17887320694257,216.18667179949114,122.93874408474818,72.173547396363,26.196804412612437,227.4404365864629,115.24271372159916,49.59526298231583,0.0,236.01500172357146,134.4689808497485,154.16310290689967,184.29321360784513,239.297395815704,157.33330234777884,172.91531799514706,199.31969867895447,320.0,182.59535425740725,113.72085802223634,143.47777201252202,164.81228532104427,36.08813642058391,29.17460559943879,14.77375760933279,0.0,153.42730407568465,224.50170484758507,269.89179170979634,312.9724985594177,288.6548019459055,358.14457095815334,358.0278845228051,343.89833717732495,412.2686281412962,438.89982531567705,427.0996988312334,413.02765186400666,320.0,281.23737319011315,210.93606683429334,145.3108628238191,104.96466282391992,216.82088220554914,121.97518594247504,70.61418261497289,24.297206910761872,228.90110445789873,116.3733569334498,49.86785245156119,0.0,237.64309292562655,136.31870774578738,155.22605662515983,185.09764867376182,240.50763097871436,158.49150098454217,173.7067487294862,200.05394024338963,320.0,175.5613802402098,103.45378699290711,130.33882979324218,150.17997007335418,29.034624903321003,24.01360669586404,11.989396669545954,0.0,149.8176638549253,220.9857720616867,268.9513486906052,315.02806291848407,288.6092908145886,356.1502467432331,357.17400674033195,344.8549294845233,415.42084271389615,439.2150111199426,424.6450506000489,409.7822203383482,320.0,282.31077927125676,210.6898365437472,144.10332809616546,104.9558411654956,217.2406843360767,121.88969944735985,68.8518940337137,21.585182063765046,229.29684029101452,115.61806180490919,49.09059565905511,0.0,237.63718241159123,134.6030773121582,152.40122593460904,182.16641107999172,240.04083058578362,156.692925958628,170.57307408646057,196.71763992162724,320.0,178.09053290821595,107.90931989924434,139.69673588672822,163.41116336710056,32.65072397362877,27.93581455639253,13.910929520888317,0.0,152.6599353777269,226.36151912197278,274.49404938547116,320.62485607181094,289.67282896939105,357.0917603040713,356.0825892592179,343.162882789631,414.9387132997956,440.74849780516934,426.07121744848854,410.5542748749457,320.0,282.11060174877196,210.65576419135908,144.48543853713804,106.16272963046288,217.8530439243784,122.34498562928098,69.59922204843713,22.503496970529,230.45399734004246,116.04220178101798,49.338265576823915,0.0,239.34809116172954,135.4263909206603,152.94711217863204,182.6987269239578,242.26491031666177,158.02533064796577,171.50415774364365,197.52805418676843
320.0,181.53611041006434,114.37031396319256,150.2984363406348,176.84119092759113,32.125481648244886,27.184554420975644,12.995934316817056,0.0,149.67088837520836,220.20422438658892,265.0732052935678,309.385524980213,283.69443597851625,352.4366008711222,353.50856494802986,343.3984011476015,406.59630970917283,430.27564965204306,418.92948556168693,408.1578673895066,320.0,283.16095092645963,212.4286898617118,145.80039813069538,106.17887320694257,216.18667179949114,122.93874408474818,72.173547396363,26.196804412612437,227.4404365864629,115.24271372159916,49.59526298231583,0.0,236.01500172357146,134.4689808497485,154.16310290689967,184.29321360784513,239.297395815704,157.33330234777884,172.91531799514706,199.31969867895447,320.0,182.59535425740725,113.72085802223634,143.47777201252202,164.81228532104427,36.08813642058391,29.17460559943879,14.77375760933279,0.0,153.42730407568465,224.50170484758507,269.89179170979634,312.9724985594177,288.6548019459055,358.14457095815334,358.0278845228051,343.89833717732495,412.2686281412962,438.89982531567705,427.0996988312334,413.02765186400666,320.0,281.23737319011315,210.93606683429334,145.3108628238191,104.96466282391992,216.82088220554914,121.97518594247504,70.61418261497289,24.297206910761872,228.90110445789873,116.3733569334498,49.86785245156119,0.0,237.64309292562655,136.31870774578738,155.22605662515983,185.09764867376182,240.50763097871436,158.49150098454217,173.7067487294862,200.05394024338963,320.0,175.5613802402098,103.45378699290711,130.33882979324218,150.17997007335418,29.034624903321003,24.01360669586404,11.989396669545954,0.0,149.8176638549253,220.9857720616867,268.9513486906052,315.02806291848407,288.6092908145886,356.1502467432331,357.17400674033195,344.8549294845233,415.42084271389615,439.2150111199426,424.6450506000489,409.7822203383482,320.0,282.31077927125676,210.6898365437472,144.10332809616546,104.9558411654956,217.2406843360767,121.88969944735985,68.8518940337137,21.585182063765046,229.29684029101452,115.61806180490919,49.09059565905511,0.0,237.63718241159123,134.6030773121582,152.40122593460904,182.16641107999172,240.04083058578362,156.692925958628,170.57307408646057,196.71763992162724,320.0,178.09053290821595,107.90931989924434,139.69673588672822,163.41116336710056,32.65072397362877,27.93581455639253,13.910929520888317,0.0,152.6599353777269,226.36151912197278,274.49404938547116,320.62485607181094,289.67282896939105,357.0917603040713,356.0825892592179,343.162882789631,414.9387132997956,440.74849780516934,426.07121744848854,410.5542748749457,320.0,282.11060174877196,210.65576419135908,144.48543853713804,106.16272963046288,217.8530439243784,122.34498562928098,69.59922204843713,22.503496970529,230.45399734004246,116.04220178101798,49.338265576823915,0.0,239.34809116172954,135.4263909206603,152.94711217863204,182.6987269239578,242.26491031666177,158.02533064796577,171.50415774364365,197.52805418676843,320.0,186.0386429049045,119.92897054975725,149.53936680524464,170.33680844259675,30.16430502660114,26.988679245283038,13.380143617175918,0.0,145.20205831903945,219.47048870541036,264.0491670785243,306.5190103788121,278.0686222635695,352.3907317498619,354.8055469953775,343.466697677123,400.21313486641276,432.72220251766146,424.1747594266942,412.1974358228915,320.0,281.8743166338944,211.14856935302117,144.2912185541627,103.45116399145525,216.58824729567618,121.22200028184753,69.36234953257463,22.959889845993814,229.90260357093734,115.52639258656367,49.52271841789127,0.0,240.1601760244507,136.6297022312818,155.6771827155385,185.8652271351178,244.32648502443834,160.54859104140976,175.77696622075769,202.69831299186922
320.0,182.59535425740725,113.72085802223634,143.47777201252202,164.81228532104427,36.08813642058391,29.17460559943879,14.77375760933279,0.0,153.42730407568465,224.50170484758507,269.89179170979634,312.9724985594177,288.6548019459055,358.14457095815334,358.0278845228051,343.89833717732495,412.2686281412962,438.89982531567705,427.0996988312334,413.02765186400666,320.0,281.23737319011315,210.93606683429334,145.3108628238191,104.96466282391992,216.82088220554914,121.97518594247504,70.61418261497289,24.297206910761872,228.90110445789873,116.3733569334498,49.86785245156119,0.0,237.64309292562655,136.31870774578738,155.22605662515983,185.09764867376182,240.50763097871436,158.49150098454217,173.7067487294862,200.05394024338963,320.0,175.5613802402098,103.45378699290711,130.33882979324218,150.17997007335418,29.034624903321003,24.01360669586404,11.989396669545954,0.0,149.8176638549253,220.9857720616867,268.9513486906052,315.02806291848407,288.6092908145886,356.1502467432331,357.17400674033195,344.8549294845233,415.42084271389615,439.2150111199426,424.6450506000489,409.7822203383482,320.0,282.31077927125676,210.6898365437472,144.10332809616546,104.9558411654956,217.2406843360767,121.88969944735985,68.8518940337137,21.585182063765046,229.29684029101452,115.61806180490919,49.09059565905511,0.0,237.63718241159123,134.6030773121582,152.40122593460904,182.16641107999172,240.04083058578362,156.692925958628,170.57307408646057,196.71763992162724,320.0,178.09053290821595,107.90931989924434,139.69673588672822,163.41116336710056,32.65072397362877,27.93581455639253,13.910929520888317,0.0,152.6599353777269,226.36151912197278,274.49404938547116,320.62485607181094,289.67282896939105,357.0917603040713,356.0825892592179,343.162882789631,414.9387132997956,440.74849780516934,426.07121744848854,410.5542748749457,320.0,282.11060174877196,210.65576419135908,144.48543853713804,106.16272963046288,217.8530439243784,122.34498562928098,69.59922204843713,22.503496970529,230.45399734004246,116.04220178101798,49.338265576823915,0.0,239.34809116172954,135.4263909206603,152.94711217863204,182.6987269239578,242.26491031666177,158.02533064796577,171.50415774364365,197.52805418676843,320.0,186.0386429049045,119.92897054975725,149.53936680524464,170.33680844259675,30.16430502660114,26.988679245283038,13.380143617175918,0.0,145.20205831903945,219.47048870541036,264.0491670785243,306.5190103788121,278.0686222635695,352.3907317498619,354.8055469953775,343.466697677123,400.21313486641276,432.72220251766146,424.1747594266942,412.1974358228915,320.0,281.8743166338944,211.14856935302117,144.2912185541627,103.45116399145525,216.58824729567618,121.22200028184753,69.36234953257463,22.959889845993814,229.90260357093734,115.52639258656367,49.52271841789127,0.0,240.1601760244507,136.6297022312818,155.6771827155385,185.8652271351178,244.32648502443834,160.54859104140976,175.77696622075769,202.69831299186922,320.0,184.6292368275534,118.85468835945719,154.81338626677697,184.67984750265907,27.852025637995382,23.092007604440653,11.369006505794516,0.0,142.08003921860433,221.2608139319423,270.60332745346074,314.6026796461571,273.43547095153264,351.2815992086246,352.04524146141824,338.1296402480927,394.594345692738,430.7826591906202,423.5612068474983,410.5632275977583,320.0,282.63838088597197,212.8496350735836,146.71209221135982,106.80456564162802,217.74684930481132,122.95131439696053,72.0614581947491,26.951699480070943,230.48336621470656,117.06403544369127,50.55814988958946,0.0,240.37133778273693,139.91735421161252,161.02413388056138,191.87977384389828,244.24818873885948,162.8102242240007,179.88280369920463,207.63173218539345
320.0,175.5613802402098,103.45378699290711,130.33882979324218,150.17997007335418,29.034624903321003,24.01360669586404,11.989396669545954,0.0,149.8176638549253,220.9857720616867,268.9513486906052,315.02806291848407,288.6092908145886,356.1502467432331,357.17400674033195,344.8549294845233,415.42084271389615,439.2150111199426,424.6450506000489,409.7822203383482,320.0,282.31077927125676,210.6898365437472,144.10332809616546,104.9558411654956,217.2406843360767,121.88969944735985,68.8518940337137,21.585182063765046,229.29684029101452,115.61806180490919,49.09059565905511,0.0,237.63718241159123,134.6030773121582,152.40122593460904,182.16641107999172,240.04083058578362,156.692925958628,170.57307408646057,196.71763992162724,320.0,178.09053290821595,107.90931989924434,139.69673588672822,163.41116336710056,32.65072397362877,27.93581455639253,13.910929520888317,0.0,152.6599353777269,226.36151912197278,274.49404938547116,320.62485607181094,289.67282896939105,357.0917603040713,356.0825892592179,343.162882789631,414.9387132997956,440.74849780516934,426.07121744848854,410.5542748749457,320.0,282.11060174877196,210.65576419135908,144.48543853713804,106.16272963046288,217.8530439243784,122.34498562928098,69.59922204843713,22.503496970529,230.45399734004246,116.04220178101798,49.338265576823915,0.0,239.34809116172954,135.4263909206603,152.94711217863204,182.6987269239578,242.26491031666177,158.02533064796577,171.50415774364365,197.52805418676843,320.0,186.0386429049045,119.92897054975725,149.53936680524464,170.33680844259675,30.16430502660114,26.988679245283038,13.380143617175918,0.0,145.20205831903945,219.47048870541036,264.0491670785243,306.5190103788121,278.0686222635695,352.3907317498619,354.8055469953775,343.466697677123,400.21313486641276,432.72220251766146,424.1747594266942,412.1974358228915,320.0,281.8743166338944,211.14856935302117,144.2912185541627,103.45116399145525,216.58824729567618,121.22200028184753,69.36234953257463,22.959889845993814,229.90260357093734,115.52639258656367,49.52271841789127,0.0,240.1601760244507,136.6297022312818,155.6771827155385,185.8652271351178,244.32648502443834,160.54859104140976,175.77696622075769,202.69831299186922,320.0,184.6292368275534,118.85468835945719,154.81338626677697,184.67984750265907,27.852025637995382,23.092007604440653,11.369006505794516,0.0,142.08003921860433,221.2608139319423,270.60332745346074,314.6026796461571,273.43547095153264,351.2815992086246,352.04524146141824,338.1296402480927,394.594345692738,430.7826591906202,423.5612068474983,410.5632275977583,320.0,282.63838088597197,212.8496350735836,146.71209221135982,106.80456564162802,217.74684930481132,122.95131439696053,72.0614581947491,26.951699480070943,230.48336621470656,117.06403544369127,50.55814988958946,0.0,240.37133778273693,139.91735421161252,161.02413388056138,191.87977384389828,244.24818873885948,162.8102242240007,179.88280369920463,207.63173218539345,320.0,184.8850940765351,116.85754291411283,152.26765486879293,180.54375820053224,20.732964556778086,16.99309295264095,8.247212366103554,0.0,137.02909724631343,215.22664177682648,268.3961954490456,315.55530787609973,271.68884354150373,346.0028260744612,349.1175184230236,338.1761345218446,397.3822719409553,426.7585077649941,418.78215038999303,407.19934153573774,320.0,282.3178367638153,213.96685522858985,150.00046277630491,114.26214646304064,219.48163061062166,125.59610415596427,74.34225004502912,29.003436197297162,230.65926979226003,118.74491070914308,51.50041067235401,0.0,238.5095007309535,137.93908731856422,158.13650968783907,188.8806240222186,240.20860224576353,159.65942327418563,175.87110980749503,203.27401917225632
320.0,178.09053290821595,107.90931989924434,139.69673588672822,163.41116336710056,32.65072397362877,27.93581455639253,13.910929520888317,0.0,152.6599353777269,226.36151912197278,274.49404938547116,320.62485607181094,289.67282896939105,357.0917603040713,356.0825892592179,343.162882789631,414.9387132997956,440.74849780516934,426.07121744848854,410.5542748749457,320.0,282.11060174877196,210.65576419135908,144.48543853713804,106.16272963046288,217.8530439243784,122.34498562928098,69.59922204843713,22.503496970529,230.45399734004246,116.04220178101798,49.338265576823915,0.0,239.34809116172954,135.4263909206603,152.94711217863204,182.6987269239578,242.26491031666177,158.02533064796577,171.50415774364365,197.52805418676843,320.0,186.0386429049045,119.92897054975725,149.53936680524464,170.33680844259675,30.16430502660114,26.988679245283038,13.380143617175918,0.0,145.20205831903945,219.47048870541036,264.0491670785243,306.5190103788121,278.0686222635695,352.3907317498619,354.8055469953775,343.466697677123,400.21313486641276,432.72220251766146,424.1747594266942,412.1974358228915,320.0,281.8743166338944,211.14856935302117,144.2912185541627,103.45116399145525,216.58824729567618,121.22200028184753,69.36234953257463,22.959889845993814,229.90260357093734,115.52639258656367,49.52271841789127,0.0,240.1601760244507,136.6297022312818,155.6771827155385,185.8652271351178,244.32648502443834,160.54859104140976,175.77696622075769,202.69831299186922,320.0,184.6292368275534,118.85468835945719,154.81338626677697,184.67984750265907,27.852025637995382,23.092007604440653,11.369006505794516,0.0,142.08003921860433,221.2608139319423,270.60332745346074,314.6026796461571,273.43547095153264,351.2815992086246,352.04524146141824,338.1296402480927,394.594345692738,430.7826591906202,423.5612068474983,410.5632275977583,320.0,282.63838088597197,212.8496350735836,146.71209221135982,106.80456564162802,217.74684930481132,122.95131439696053,72.0614581947491,26.951699480070943,230.48336621470656,117.06403544369127,50.55814988958946,0.0,240.37133778273693,139.91735421161252,161.02413388056138,191.87977384389828,244.24818873885948,162.8102242240007,179.88280369920463,207.63173218539345,320.0,184.8850940765351,116.85754291411283,152.26765486879293,180.54375820053224,20.732964556778086,16.99309295264095,8.247212366103554,0.0,137.02909724631343,215.22664177682648,268.3961954490456,315.55530787609973,271.68884354150373,346.0028260744612,349.1175184230236,338.1761345218446,397.3822719409553,426.7585077649941,418.78215038999303,407.19934153573774,320.0,282.3178367638153,213.96685522858985,150.00046277630491,114.26214646304064,219.48163061062166,125.59610415596427,74.34225004502912,29.003436197297162,230.65926979226003,118.74491070914308,51.50041067235401,0.0,238.5095007309535,137.93908731856422,158.13650968783907,188.8806240222186,240.20860224576353,159.65942327418563,175.87110980749503,203.27401917225632,320.0,180.92933044141233,110.99616134311339,148.25611248309005,176.7848607573847,9.302793907165949,11.547529864436683,6.4612581788020975,0.0,123.19699330362937,209.38535008200685,265.95654029503146,314.6200128096083,259.9281768522772,343.67824099086727,353.8021054359945,344.014067630144,389.196127659035,429.9523654010186,427.10503456239974,414.555723305217,320.0,281.81995176821613,212.64425789446122,147.45761803009756,109.89906873217126,218.49532303042204,123.64335474917192,71.88256722452084,26.00588025845343,232.00288191298085,117.94169739028348,50.741500407221395,0.0,242.0333289260489,138.7506192262451,156.83035009178872,186.74860262216998,245.95786229611053,162.09615903909952,173.53165389347663,197.8416088798735
320.0,186.0386429049045,119.92897054975725,149.53936680524464,170.33680844259675,30.16430502660114,26.988679245283038,13.380143617175918,0.0,145.20205831903945,219.47048870541036,264.0491670785243,306.5190103788121,278.0686222635695,352.3907317498619,354.8055469953775,343.466697677123,400.21313486641276,432.72220251766146,424.1747594266942,412.1974358228915,320.0,281.8743166338944,211.14856935302117,144.2912185541627,103.45116399145525,216.58824729567618,121.22200028184753,69.36234953257463,22.959889845993814,229.90260357093734,115.52639258656367,49.52271841789127,0.0,240.1601760244507,136.6297022312818,155.6771827155385,185.8652271351178,244.32648502443834,160.54859104140976,175.77696622075769,202.69831299186922,320.0,184.6292368275534,118.85468835945719,154.81338626677697,184.67984750265907,27.852025637995382,23.092007604440653,11.369006505794516,0.0,142.08003921860433,221.2608139319423,270.60332745346074,314.6026796461571,273.43547095153264,351.2815992086246,352.04524146141824,338.1296402480927,394.594345692738,430.7826591906202,423.5612068474983,410.5632275977583,320.0,282.63838088597197,212.8496350735836,146.71209221135982,106.80456564162802,217.74684930481132,122.95131439696053,72.0614581947491,26.951699480070943,230.48336621470656,117.06403544369127,50.55814988958946,0.0,240.37133778273693,139.91735421161252,161.02413388056138,191.87977384389828,244.24818873885948,162.8102242240007,179.88280369920463,207.63173218539345,320.0,184.8850940765351,116.85754291411283,152.26765486879293,180.54375820053224,20.732964556778086,16.99309295264095,8.247212366103554,0.0,137.02909724631343,215.22664177682648,268.3961954490456,315.55530787609973,271.68884354150373,346.0028260744612,349.1175184230236,338.1761345218446,397.3822719409553,426.7585077649941,418.78215038999303,407.19934153573774,320.0,282.3178367638153,213.96685522858985,150.00046277630491,114.26214646304064,219.48163061062166,125.59610415596427,74.34225004502912,29.003436197297162,230.65926979226003,118.74491070914308,51.50041067235401,0.0,238.5095007309535,137.93908731856422,158.13650968783907,188.8806240222186,240.20860224576353,159.65942327418563,175.87110980749503,203.27401917225632,320.0,180.92933044141233,110.99616134311339,148.25611248309005,176.7848607573847,9.302793907165949,11.547529864436683,6.4612581788020975,0.0,123.19699330362937,209.38535008200685,265.95654029503146,314.6200128096083,259.9281768522772,343.67824099086727,353.8021054359945,344.014067630144,389.196127659035,429.9523654010186,427.10503456239974,414.555723305217,320.0,281.81995176821613,212.64425789446122,147.45761803009756,109.89906873217126,218.49532303042204,123.64335474917192,71.88256722452084,26.00588025845343,232.00288191298085,117.94169739028348,50.741500407221395,0.0,242.0333289260489,138.7506192262451,156.83035009178872,186.74860262216998,245.95786229611053,162.09615903909952,173.53165389347663,197.8416088798735,320.0,178.26553649950395,112.20256094363023,156.994756253756,194.54603956815367,15.102846422260086,15.030933548754433,7.544279548199029,0.0,132.02374910741418,208.47189608589778,258.1675968807196,301.83061720354766,267.38406504781346,342.8445768138728,344.9098573916522,329.4876416119556,391.94144815739634,427.6266162165316,419.4786495262412,402.25604019024763,320.0,282.6450012394796,213.85242395156735,147.03040474204442,107.3890840337238,217.3413885928972,124.18317297133103,72.92379021055524,26.712080445301524,228.21239110494244,116.18482361565259,50.4397001905856,0.0,237.05904661324462,137.8871652927092,159.55678670360112,190.84850732905699,240.82714438698633,161.25454288807225,177.9493005461192,205.27085580288434
320.0,184.6292368275534,118.85468835945719,154.81338626677697,184.67984750265907,27.852025637995382,23.092007604440653,11.369006505794516,0.0,142.08003921860433,221.2608139319423,270.60332745346074,314.6026796461571,273.43547095153264,351.2815992086246,352.04524146141824,338.1296402480927,394.594345692738,430.7826591906202,423.5612068474983,410.5632275977583,320.0,282.63838088597197,212.8496350735836,146.71209221135982,106.80456564162802,217.74684930481132,122.95131439696053,72.0614581947491,26.951699480070943,230.48336621470656,117.06403544369127,50.55814988958946,0.0,240.37133778273693,139.91735421161252,161.02413388056138,191.87977384389828,244.24818873885948,162.8102242240007,179.88280369920463,207.63173218539345,320.0,184.8850940765351,116.85754291411283,152.26765486879293,180.54375820053224,20.732964556778086,16.99309295264095,8.247212366103554,0.0,137.02909724631343,215.22664177682648,268.3961954490456,315.55530787609973,271.68884354150373,346.0028260744612,349.1175184230236,338.1761345218446,397.3822719409553,426.7585077649941,418.78215038999303,407.19934153573774,320.0,282.3178367638153,213.96685522858985,150.00046277630491,114.26214646304064,219.48163061062166,125.59610415596427,74.34225004502912,29.003436197297162,230.65926979226003,118.74491070914308,51.50041067235401,0.0,238.5095007309535,137.93908731856422,158.13650968783907,188.8806240222186,240.20860224576353,159.65942327418563,175.87110980749503,203.27401917225632,320.0,180.92933044141233,110.99616134311339,148.25611248309005,176.7848607573847,9.302793907165949,11.547529864436683,6.4612581788020975,0.0,123.19699330362937,209.38535008200685,265.95654029503146,314.6200128096083,259.9281768522772,343.67824099086727,353.8021054359945,344.014067630144,389.196127659035,429.9523654010186,427.10503456239974,414.555723305217,320.0,281.81995176821613,212.64425789446122,147.45761803009756,109.89906873217126,218.49532303042204,123.64335474917192,71.88256722452084,26.00588025845343,232.00288191298085,117.94169739028348,50.741500407221395,0.0,242.0333289260489,138.7506192262451,156.83035009178872,186.74860262216998,245.95786229611053,162.09615903909952,173.53165389347663,197.8416088798735,320.0,178.26553649950395,112.20256094363023,156.994756253756,194.54603956815367,15.102846422260086,15.030933548754433,7.544279548199029,0.0,132.02374910741418,208.47189608589778,258.1675968807196,301.83061720354766,267.38406504781346,342.8445768138728,344.9098573916522,329.4876416119556,391.94144815739634,427.6266162165316,419.4786495262412,402.25604019024763,320.0,282.6450012394796,213.85242395156735,147.03040474204442,107.3890840337238,217.3413885928972,124.18317297133103,72.92379021055524,26.712080445301524,228.21239110494244,116.18482361565259,50.4397001905856,0.0,237.05904661324462,137.8871652927092,159.55678670360112,190.84850732905699,240.82714438698633,161.25454288807225,177.9493005461192,205.27085580288434,320.0,180.98188385966833,111.80026318732703,147.47456768031068,175.31207687164024,15.212893799392248,13.82414041733989,7.135089343292918,0.0,128.46482784550474,203.85024498314033,256.32066020517186,303.9528071331856,262.36768649772864,340.69337724548046,347.39937130115914,335.03413582464964,387.32465084845785,425.61902563577826,420.1932737314775,405.28592471319485,320.0,283.88937571825915,214.75505942068344,148.00337673770213,108.07744020806268,217.20766267942264,123.83216917937514,72.51391700235598,26.314900858499414,227.78792909921106,116.09031569286671,50.09842574989932,0.0,236.06379947208373,136.9805757311025,157.97371656541358,188.74623227513723,239.14661115473993,159.31606345163064,175.83545494316138,202.91228910440194
320.0,184.8850940765351,116.85754291411283,152.26765486879293,180.54375820053224,20.732964556778086,16.99309295264095,8.247212366103554,0.0,137.02909724631343,215.22664177682648,268.3961954490456,315.55530787609973,271.68884354150373,346.0028260744612,349.1175184230236,338.1761345218446,397.3822719409553,426.7585077649941,418.78215038999303,407.19934153573774,320.0,282.3178367638153,213.96685522858985,150.00046277630491,114.26214646304064,219.48163061062166,125.59610415596427,74.34225004502912,29.003436197297162,230.65926979226003,118.74491070914308,51.50041067235401,0.0,238.5095007309535,137.93908731856422,158.13650968783907,188.8806240222186,240.20860224576353,159.65942327418563,175.87110980749503,203.27401917225632,320.0,180.92933044141233,110.99616134311339,148.25611248309005,176.7848607573847,9.302793907165949,11.547529864436683,6.4612581788020975,0.0,123.19699330362937,209.38535008200685,265.95654029503146,314.6200128096083,259.9281768522772,343.67824099086727,353.8021054359945,344.014067630144,389.196127659035,429.9523654010186,427.10503456239974,414.555723305217,320.0,281.81995176821613,212.64425789446122,147.45761803009756,109.89906873217126,218.49532303042204,123.64335474917192,71.88256722452084,26.00588025845343,232.00288191298085,117.94169739028348,50.741500407221395,0.0,242.0333289260489,138.7506192262451,156.83035009178872,186.74860262216998,245.95786229611053,162.09615903909952,173.53165389347663,197.8416088798735,320.0,178.26553649950395,112.20256094363023,156.994756253756,194.54603956815367,15.102846422260086,15.030933548754433,7.544279548199029,0.0,132.02374910741418,208.47189608589778,258.1675968807196,301.83061720354766,267.38406504781346,342.8445768138728,344.9098573916522,329.4876416119556,391.94144815739634,427.6266162165316,419.4786495262412,402.25604019024763,320.0,282.6450012394796,213.85242395156735,147.03040474204442,107.3890840337238,217.3413885928972,124.18317297133103,72.92379021055524,26.712080445301524,228.21239110494244,116.18482361565259,50.4397001905856,0.0,237.05904661324462,137.8871652927092,159.55678670360112,190.84850732905699,240.82714438698633,161.25454288807225,177.9493005461192,205.27085580288434,320.0,180.98188385966833,111.80026318732703,147.47456768031068,175.31207687164024,15.212893799392248,13.82414041733989,7.135089343292918,0.0,128.46482784550474,203.85024498314033,256.32066020517186,303.9528071331856,262.36768649772864,340.69337724548046,347.39937130115914,335.03413582464964,387.32465084845785,425.61902563577826,420.1932737314775,405.28592471319485,320.0,283.88937571825915,214.75505942068344,148.00337673770213,108.07744020806268,217.20766267942264,123.83216917937514,72.51391700235598,26.314900858499414,227.78792909921106,116.09031569286671,50.09842574989932,0.0,236.06379947208373,136.9805757311025,157.97371656541358,188.74623227513723,239.14661115473993,159.31606345163064,175.83545494316138,202.91228910440194,320.0,182.7219753995931,114.21664910444395,147.11579424015795,173.83150413472302,17.824957086686823,16.807554502767175,8.504851191322814,0.0,132.65471301529334,209.4708135214549,255.85371025294586,298.26975984674675,267.28529486204536,343.4866931336646,346.10279076574125,333.2251074189222,392.62871134539137,426.98737543554853,418.63108510487916,404.0434033739997,320.0,281.89796985356827,211.92731977417094,146.50109021004442,107.58248471030652,217.39488104299355,125.74847706356672,75.1131096561663,29.24844781433336,229.78019305159705,117.58195131745953,50.997961374203044,0.0,239.2953223111571,138.00887695509073,158.48011164469813,189.55124852620062,242.99917561264664,161.26689538485377,176.06308314878856,202.19163049206364
320.0,180.92933044141233,110.99616134311339,148.25611248309005,176.7848607573847,9.302793907165949,11.547529864436683,6.4612581788020975,0.0,123.19699330362937,209.38535008200685,265.95654029503146,314.6200128096083,259.9281768522772,343.67824099086727,353.8021054359945,344.014067630144,389.196127659035,429.9523654010186,427.10503456239974,414.555723305217,320.0,281.81995176821613,212.64425789446122,147.45761803009756,109.89906873217126,218.49532303042204,123.64335474917192,71.88256722452084,26.00588025845343,232.00288191298085,117.94169739028348,50.741500407221395,0.0,242.0333289260489,138.7506192262451,156.83035009178872,186.74860262216998,245.95786229611053,162.09615903909952,173.53165389347663,197.8416088798735,320.0,178.26553649950395,112.20256094363023,156.994756253756,194.54603956815367,15.102846422260086,15.030933548754433,7.544279548199029,0.0,132.02374910741418,208.47189608589778,258.1675968807196,301.83061720354766,267.38406504781346,342.8445768138728,344.9098573916522,329.4876416119556,391.94144815739634,427.6266162165316,419.4786495262412,402.25604019024763,320.0,282.6450012394796,213.85242395156735,147.03040474204442,107.3890840337238,217.3413885928972,124.18317297133103,72.92379021055524,26.712080445301524,228.21239110494244,116.18482361565259,50.4397001905856,0.0,237.05904661324462,137.8871652927092,159.55678670360112,190.84850732905699,240.82714438698633,161.25454288807225,177.9493005461192,205.27085580288434,320.0,180.98188385966833,111.80026318732703,147.47456768031068,175.31207687164024,15.212893799392248,13.82414041733989,7.135089343292918,0.0,128.46482784550474,203.85024498314033,256.32066020517186,303.9528071331856,262.36768649772864,340.69337724548046,347.39937130115914,335.03413582464964,387.32465084845785,425.61902563577826,420.1932737314775,405.28592471319485,320.0,283.88937571825915,214.75505942068344,148.00337673770213,108.07744020806268,217.20766267942264,123.83216917937514,72.51391700235598,26.314900858499414,227.78792909921106,116.09031569286671,50.09842574989932,0.0,236.06379947208373,136.9805757311025,157.97371656541358,188.74623227513723,239.14661115473993,159.31606345163064,175.83545494316138,202.91228910440194,320.0,182.7219753995931,114.21664910444395,147.11579424015795,173.83150413472302,17.824957086686823,16.807554502767175,8.504851191322814,0.0,132.65471301529334,209.4708135214549,255.85371025294586,298.26975984674675,267.28529486204536,343.4866931336646,346.10279076574125,333.2251074189222,392.62871134539137,426.98737543554853,418.63108510487916,404.0434033739997,320.0,281.89796985356827,211.92731977417094,146.50109021004442,107.58248471030652,217.39488104299355,125.74847706356672,75.1131096561663,29.24844781433336,229.78019305159705,117.58195131745953,50.997961374203044,0.0,239.2953223111571,138.00887695509073,158.48011164469813,189.55124852620062,242.99917561264664,161.26689538485377,176.06308314878856,202.19163049206364,320.0,188.6730550696696,118.93190429081955,151.00521849751112,177.96328301082684,13.201301557409465,13.280095026598303,7.091691306583755,0.0,120.98406949779337,197.07372265129095,246.47359979813245,289.686096516767,250.93998945893156,335.2022091474729,346.49990886307336,336.10354317695476,373.58160563205854,415.8750002543694,416.36311044661744,404.8506124779389,320.0,282.0273292996109,212.62251657412804,147.8959779038559,110.72920776812515,216.3702423869438,124.1823497487789,73.09589764238666,26.937418947362744,229.93378428787474,118.19395534176437,51.37757499936032,0.0,240.1270178150835,139.39825444771085,159.80874607614336,190.69801891531202,243.74142340214362,161.2191932645006,175.8793276889949,201.77507127245403
320.0,178.26553649950395,112.20256094363023,156.994756253756,194.54603956815367,15.102846422260086,15.030933548754433,7.544279548199029,0.0,132.02374910741418,208.47189608589778,258.1675968807196,301.83061720354766,267.38406504781346,342.8445768138728,344.9098573916522,329.4876416119556,391.94144815739634,427.6266162165316,419.4786495262412,402.25604019024763,320.0,282.6450012394796,213.85242395156735,147.03040474204442,107.3890840337238,217.3413885928972,124.18317297133103,72.92379021055524,26.712080445301524,228.21239110494244,116.18482361565259,50.4397001905856,0.0,237.05904661324462,137.8871652927092,159.55678670360112,190.84850732905699,240.82714438698633,161.25454288807225,177.9493005461192,205.27085580288434,320.0,180.98188385966833,111.80026318732703,147.47456768031068,175.31207687164024,15.212893799392248,13.82414041733989,7.135089343292918,0.0,128.46482784550474,203.85024498314033,256.32066020517186,303.9528071331856,262.36768649772864,340.69337724548046,347.39937130115914,335.03413582464964,387.32465084845785,425.61902563577826,420.1932737314775,405.28592471319485,320.0,283.88937571825915,214.75505942068344,148.00337673770213,108.07744020806268,217.20766267942264,123.83216917937514,72.51391700235598,26.314900858499414,227.78792909921106,116.09031569286671,50.09842574989932,0.0,236.06379947208373,136.9805757311025,157.97371656541358,188.74623227513723,239.14661115473993,159.31606345163064,175.83545494316138,202.91228910440194,320.0,182.7219753995931,114.21664910444395,147.11579424015795,173.83150413472302,17.824957086686823,16.807554502767175,8.504851191322814,0.0,132.65471301529334,209.4708135214549,255.85371025294586,298.26975984674675,267.28529486204536,343.4866931336646,346.10279076574125,333.2251074189222,392.62871134539137,426.98737543554853,418.63108510487916,404.0434033739997,320.0,281.89796985356827,211.92731977417094,146.50109021004442,107.58248471030652,217.39488104299355,125.74847706356672,75.1131096561663,29.24844781433336,229.78019305159705,117.58195131745953,50.997961374203044,0.0,239.2953223111571,138.00887695509073,158.48011164469813,189.55124852620062,242.99917561264664,161.26689538485377,176.06308314878856,202.19163049206364,320.0,188.6730550696696,118.93190429081955,151.00521849751112,177.96328301082684,13.201301557409465,13.280095026598303,7.091691306583755,0.0,120.98406949779337,197.07372265129095,246.47359979813245,289.686096516767,250.93998945893156,335.2022091474729,346.49990886307336,336.10354317695476,373.58160563205854,415.8750002543694,416.36311044661744,404.8506124779389,320.0,282.0273292996109,212.62251657412804,147.8959779038559,110.72920776812515,216.3702423869438,124.1823497487789,73.09589764238666,26.937418947362744,229.93378428787474,118.19395534176437,51.37757499936032,0.0,240.1270178150835,139.39825444771085,159.80874607614336,190.69801891531202,243.74142340214362,161.2191932645006,175.8793276889949,201.77507127245403,320.0,186.5836134687971,119.62859625959805,155.08970871908176,183.5176363693736,12.358278095112269,10.910080718530878,5.584609953820745,0.0,121.01130106617117,204.15242003716398,256.40982872194826,300.44754239190024,251.78184439085686,337.47387065276405,346.92074921282403,334.7909401551615,375.05027987987916,420.6706677452337,419.56465489149105,405.34248090266976,320.0,279.9715690058001,212.48718840451704,148.34670490029833,111.79107066714641,217.41543259657982,125.39322376794982,74.41172047494948,28.684778795791146,232.0950327225755,119.17919472169791,51.82109082611976,0.0,243.32613859892206,140.78059439111823,160.81001234028267,192.053085463776,248.3209470485279,165.20437746310085,179.1535907679898,205.81984257901036
320.0,180.98188385966833,111.80026318732703,147.47456768031068,175.31207687164024,15.212893799392248,13.82414041733989,7.135089343292918,0.0,128.46482784550474,203.85024498314033,256.32066020517186,303.9528071331856,262.36768649772864,340.69337724548046,347.39937130115914,335.03413582464964,387.32465084845785,425.61902563577826,420.1932737314775,405.28592471319485,320.0,283.88937571825915,214.75505942068344,148.00337673770213,108.07744020806268,217.20766267942264,123.83216917937514,72.51391700235598,26.314900858499414,227.78792909921106,116.09031569286671,50.09842574989932,0.0,236.06379947208373,136.9805757311025,157.97371656541358,188.74623227513723,239.14661115473993,159.31606345163064,175.83545494316138,202.91228910440194,320.0,182.7219753995931,114.21664910444395,147.11579424015795,173.83150413472302,17.824957086686823,16.807554502767175,8.504851191322814,0.0,132.65471301529334,209.4708135214549,255.85371025294586,298.26975984674675,267.28529486204536,343.4866931336646,346.10279076574125,333.2251074189222,392.62871134539137,426.98737543554853,418.63108510487916,404.0434033739997,320.0,281.89796985356827,211.92731977417094,146.50109021004442,107.58248471030652,217.39488104299355,125.74847706356672,75.1131096561663,29.24844781433336,229.78019305159705,117.58195131745953,50.997961374203044,0.0,239.2953223111571,138.00887695509073,158.48011164469813,189.55124852620062,242.99917561264664,161.26689538485377,176.06308314878856,202.19163049206364,320.0,188.6730550696696,118.93190429081955,151.00521849751112,177.96328301082684,13.201301557409465,13.280095026598303,7.091691306583755,0.0,120.98406949779337,197.07372265129095,246.47359979813245,289.686096516767,250.93998945893156,335.2022091474729,346.49990886307336,336.10354317695476,373.58160563205854,415.8750002543694,416.36311044661744,404.8506124779389,320.0,282.0273292996109,212.62251657412804,147.8959779038559,110.72920776812515,216.3702423869438,124.1823497487789,73.09589764238666,26.937418947362744,229.93378428787474,118.19395534176437,51.37757499936032,0.0,240.1270178150835,139.39825444771085,159.80874607614336,190.69801891531202,243.74142340214362,161.2191932645006,175.8793276889949,201.77507127245403,320.0,186.5836134687971,119.62859625959805,155.08970871908176,183.5176363693736,12.358278095112269,10.910080718530878,5.584609953820745,0.0,121.01130106617117,204.15242003716398,256.40982872194826,300.44754239190024,251.78184439085686,337.47387065276405,346.92074921282403,334.7909401551615,375.05027987987916,420.6706677452337,419.56465489149105,405.34248090266976,320.0,279.9715690058001,212.48718840451704,148.34670490029833,111.79107066714641,217.41543259657982,125.39322376794982,74.41172047494948,28.684778795791146,232.0950327225755,119.17919472169791,51.82109082611976,0.0,243.32613859892206,140.78059439111823,160.81001234028267,192.053085463776,248.3209470485279,165.20437746310085,179.1535907679898,205.81984257901036,320.0,186.80458761716488,120.82923780884693,159.20959747505714,190.36161151668668,9.441189311382175,11.16047420609209,5.783092128120984,0.0,121.60041751767676,205.33377651291858,257.6788744734167,300.9431518865193,253.4013019679476,337.62935328743515,342.28382523413785,326.53367933615164,376.2661746035073,421.0757397256675,417.9765683553836,401.2112499524005,320.0,280.57376435633483,213.29438774305092,149.3313922638222,111.6542749383463,218.22947713216294,126.26845244174547,75.48219619861322,29.404381977728463,231.8842357853863,119.39738574398444,52.28357668228148,0.0,242.50001413884613,141.50213097362092,163.53858391305374,195.73821244398107,246.6182042467771,164.42744825764504,180.3905980998056,208.2972338096073
320.0,182.7219753995931,114.21664910444395,147.11579424015795,173.83150413472302,17.824957086686823,16.807554502767175,8.504851191322814,0.0,132.65471301529334,209.4708135214549,255.85371025294586,298.26975984674675,267.28529486204536,343.4866931336646,346.10279076574125,333.2251074189222,392.62871134539137,426.98737543554853,418.63108510487916,404.0434033739997,320.0,281.89796985356827,211.92731977417094,146.50109021004442,107.58248471030652,217.39488104299355,125.74847706356672,75.1131096561663,29.24844781433336,229.78019305159705,117.58195131745953,50.997961374203044,0.0,239.2953223111571,138.00887695509073,158.48011164469813,189.55124852620062,242.99917561264664,161.26689538485377,176.06308314878856,202.19163049206364,320.0,188.6730550696696,118.93190429081955,151.00521849751112,177.96328301082684,13.201301557409465,13.280095026598303,7.091691306583755,0.0,120.98406949779337,197.07372265129095,246.47359979813245,289.686096516767,250.93998945893156,335.2022091474729,346.49990886307336,336.10354317695476,373.58160563205854,415.8750002543694,416.36311044661744,404.8506124779389,320.0,282.0273292996109,212.62251657412804,147.8959779038559,110.72920776812515,216.3702423869438,124.1823497487789,73.09589764238666,26.937418947362744,229.93378428787474,118.19395534176437,51.37757499936032,0.0,240.1270178150835,139.39825444771085,159.80874607614336,190.69801891531202,243.74142340214362,161.2191932645006,175.8793276889949,201.77507127245403,320.0,186.5836134687971,119.62859625959805,155.08970871908176,183.5176363693736,12.358278095112269,10.910080718530878,5.584609953820745,0.0,121.01130106617117,204.15242003716398,256.40982872194826,300.44754239190024,251.78184439085686,337.47387065276405,346.92074921282403,334.7909401551615,375.05027987987916,420.6706677452337,419.56465489149105,405.34248090266976,320.0,279.9715690058001,212.48718840451704,148.34670490029833,111.79107066714641,217.41543259657982,125.39322376794982,74.41172047494948,28.684778795791146,232.0950327225755,119.17919472169791,51.82109082611976,0.0,243.32613859892206,140.78059439111823,160.81001234028267,192.053085463776,248.3209470485279,165.20437746310085,179.1535907679898,205.81984257901036,320.0,186.80458761716488,120.82923780884693,159.20959747505714,190.36161151668668,9.441189311382175,11.16047420609209,5.783092128120984,0.0,121.60041751767676,205.33377651291858,257.6788744734167,300.9431518865193,253.4013019679476,337.62935328743515,342.28382523413785,326.53367933615164,376.2661746035073,421.0757397256675,417.9765683553836,401.2112499524005,320.0,280.57376435633483,213.29438774305092,149.3313922638222,111.6542749383463,218.22947713216294,126.26845244174547,75.48219619861322,29.404381977728463,231.8842357853863,119.39738574398444,52.28357668228148,0.0,242.50001413884613,141.50213097362092,163.53858391305374,195.73821244398107,246.6182042467771,164.42744825764504,180.3905980998056,208.2972338096073,320.0,181.87787960273684,121.71514256089179,179.18293705634727,224.94771395607046,4.8622731846742795,5.038894428359754,1.6883776870045608,0.0,120.74441105804166,206.84109931793628,259.70156614898195,304.22970062686954,256.56536420941586,348.5701505570049,354.1411605393728,339.6151402050444,383.80050806755344,431.6850336075397,428.09386552639575,412.34451789725017,320.0,282.0572469856388,214.37191318001834,150.76562522584967,115.78187975717304,215.80267744952306,124.07963731801811,73.28964566334554,27.501095293072524,228.8006403788576,118.89578508630342,52.28883439052447,0.0,239.69308866333043,140.33218157957126,160.97646478107347,192.15528589184436,244.75761085387668,164.38474767222186,179.64155464660953,206.61203132712637
320.0,188.6730550696696,118.93190429081955,151.00521849751112,177.96328301082684,13.201301557409465,13.280095026598303,7.091691306583755,0.0,120.98406949779337,197.07372265129095,246.47359979813245,289.686096516767,250.93998945893156,335.2022091474729,346.49990886307336,336.10354317695476,373.58160563205854,415.8750002543694,416.36311044661744,404.8506124779389,320.0,282.0273292996109,212.62251657412804,147.8959779038559,110.72920776812515,216.3702423869438,124.1823497487789,73.09589764238666,26.937418947362744,229.93378428787474,118.19395534176437,51.37757499936032,0.0,240.1270178150835,139.39825444771085,159.80874607614336,190.69801891531202,243.74142340214362,161.2191932645006,175.8793276889949,201.77507127245403,320.0,186.5836134687971,119.62859625959805,155.08970871908176,183.5176363693736,12.358278095112269,10.910080718530878,5.584609953820745,0.0,121.01130106617117,204.15242003716398,256.40982872194826,300.44754239190024,251.78184439085686,337.47387065276405,346.92074921282403,334.7909401551615,375.05027987987916,420.6706677452337,419.56465489149105,405.34248090266976,320.0,279.9715690058001,212.48718840451704,148.34670490029833,111.79107066714641,217.41543259657982,125.39322376794982,74.41172047494948,28.684778795791146,232.0950327225755,119.17919472169791,51.82109082611976,0.0,243.32613859892206,140.78059439111823,160.81001234028267,192.053085463776,248.3209470485279,165.20437746310085,179.1535907679898,205.81984257901036,320.0,186.80458761716488,120.82923780884693,159.20959747505714,190.36161151668668,9.441189311382175,11.16047420609209,5.783092128120984,0.0,121.60041751767676,205.33377651291858,257.6788744734167,300.9431518865193,253.4013019679476,337.62935328743515,342.28382523413785,326.53367933615164,376.2661746035073,421.0757397256675,417.9765683553836,401.2112499524005,320.0,280.57376435633483,213.29438774305092,149.3313922638222,111.6542749383463,218.22947713216294,126.26845244174547,75.48219619861322,29.404381977728463,231.8842357853863,119.39738574398444,52.28357668228148,0.0,242.50001413884613,141.50213097362092,163.53858391305374,195.73821244398107,246.6182042467771,164.42744825764504,180.3905980998056,208.2972338096073,320.0,181.87787960273684,121.71514256089179,179.18293705634727,224.94771395607046,4.8622731846742795,5.038894428359754,1.6883776870045608,0.0,120.74441105804166,206.84109931793628,259.70156614898195,304.22970062686954,256.56536420941586,348.5701505570049,354.1411605393728,339.6151402050444,383.80050806755344,431.6850336075397,428.09386552639575,412.34451789725017,320.0,282.0572469856388,214.37191318001834,150.76562522584967,115.78187975717304,215.80267744952306,124.07963731801811,73.28964566334554,27.501095293072524,228.8006403788576,118.89578508630342,52.28883439052447,0.0,239.69308866333043,140.33218157957126,160.97646478107347,192.15528589184436,244.75761085387668,164.38474767222186,179.64155464660953,206.61203132712637,320.0,184.11891082181117,125.46471405623282,182.09843206433365,223.82375259926482,4.899429393619869,6.2541021572666295,2.963014063131368,0.0,118.92796956765974,204.0160242828,258.94590572675935,304.18434823742746,252.81449872377328,343.9981866740251,352.9648865193011,340.451656138207,378.75905431108396,427.6731282829577,427.8513072700574,415.4329808516719,320.0,281.7413405586732,214.9860805724573,152.73096893727035,119.65561308989041,213.46829430519668,122.11692186308969,71.35502850215937,25.897948770994333,226.79789741679932,117.79874634663798,51.77809873919057,0.0,237.99738231413326,140.70859491236496,161.2939198326647,191.40378261086852,243.59143977205576,163.7938812298508,178.02540546652372,203.75078554650875
320.0,186.5836134687971,119.62859625959805,155.08970871908176,183.5176363693736,12.358278095112269,10.910080718530878,5.584609953820745,0.0,121.01130106617117,204.15242003716398,256.40982872194826,300.44754239190024,251.78184439085686,337.47387065276405,346.92074921282403,334.7909401551615,375.05027987987916,420.6706677452337,419.56465489149105,405.34248090266976,320.0,279.9715690058001,212.48718840451704,148.34670490029833,111.79107066714641,217.41543259657982,125.39322376794982,74.41172047494948,28.684778795791146,232.0950327225755,119.17919472169791,51.82109082611976,0.0,243.32613859892206,140.78059439111823,160.81001234028267,192.053085463776,248.3209470485279,165.20437746310085,179.1535907679898,205.81984257901036,320.0,186.80458761716488,120.82923780884693,159.20959747505714,190.36161151668668,9.441189311382175,11.16047420609209,5.783092128120984,0.0,121.60041751767676,205.33377651291858,257.6788744734167,300.9431518865193,253.4013019679476,337.62935328743515,342.28382523413785,326.53367933615164,376.2661746035073,421.0757397256675,417.9765683553836,401.2112499524005,320.0,280.57376435633483,213.29438774305092,149.3313922638222,111.6542749383463,218.22947713216294,126.26845244174547,75.48219619861322,29.404381977728463,231.8842357853863,119.39738574398444,52.28357668228148,0.0,242.50001413884613,141.50213097362092,163.53858391305374,195.73821244398107,246.6182042467771,164.42744825764504,180.3905980998056,208.2972338096073,320.0,181.87787960273684,121.71514256089179,179.18293705634727,224.94771395607046,4.8622731846742795,5.038894428359754,1.6883776870045608,0.0,120.74441105804166,206.84109931793628,259.70156614898195,304.22970062686954,256.56536420941586,348.5701505570049,354.1411605393728,339.6151402050444,383.80050806755344,431.6850336075397,428.09386552639575,412.34451789725017,320.0,282.0572469856388,214.37191318001834,150.76562522584967,115.78187975717304,215.80267744952306,124.07963731801811,73.28964566334554,27.501095293072524,228.8006403788576,118.89578508630342,52.28883439052447,0.0,239.69308866333043,140.33218157957126,160.97646478107347,192.15528589184436,244.75761085387668,164.38474767222186,179.64155464660953,206.61203132712637,320.0,184.11891082181117,125.46471405623282,182.09843206433365,223.82375259926482,4.899429393619869,6.2541021572666295,2.963014063131368,0.0,118.92796956765974,204.0160242828,258.94590572675935,304.18434823742746,252.81449872377328,343.9981866740251,352.9648865193011,340.451656138207,378.75905431108396,427.6731282829577,427.8513072700574,415.4329808516719,320.0,281.7413405586732,214.9860805724573,152.73096893727035,119.65561308989041,213.46829430519668,122.11692186308969,71.35502850215937,25.897948770994333,226.79789741679932,117.79874634663798,51.77809873919057,0.0,237.99738231413326,140.70859491236496,161.2939198326647,191.40378261086852,243.59143977205576,163.7938812298508,178.02540546652372,203.75078554650875,320.0,182.25463061331095,123.14043866380024,179.8652097117544,220.47348869690865,3.15603873295521,4.886817539500441,2.4707738395129013,0.0,118.95511701752906,203.42025021348033,258.4507622044098,303.9191369611226,254.09739032863752,344.5505748118265,353.3852861409592,341.1759124293025,381.1871083552226,428.5826174280979,428.4933469292699,416.62769432895425,320.0,282.8311172007906,216.2554242426956,153.4067478026904,120.41082118797175,214.28913439982327,122.1962249957462,71.15563608791825,25.724292083051807,226.34401979212168,117.39824745923383,51.64631964117325,0.0,236.2174201318303,139.04948594282402,159.31846005405754,189.0145233548827,240.55762359213475,161.65564985271664,176.34891873362528,202.1889810632859
320.0,186.80458761716488,120.82923780884693,159.20959747505714,190.36161151668668,9.441189311382175,11.16047420609209,5.783092128120984,0.0,121.60041751767676,205.33377651291858,257.6788744734167,300.9431518865193,253.4013019679476,337.62935328743515,342.28382523413785,326.53367933615164,376.2661746035073,421.0757397256675,417.9765683553836,401.2112499524005,320.0,280.57376435633483,213.29438774305092,149.3313922638222,111.6542749383463,218.22947713216294,126.26845244174547,75.48219619861322,29.404381977728463,231.8842357853863,119.39738574398444,52.28357668228148,0.0,242.50001413884613,141.50213097362092,163.53858391305374,195.73821244398107,246.6182042467771,164.42744825764504,180.3905980998056,208.2972338096073,320.0,181.87787960273684,121.71514256089179,179.18293705634727,224.94771395607046,4.8622731846742795,5.038894428359754,1.6883776870045608,0.0,120.74441105804166,206.84109931793628,259.70156614898195,304.22970062686954,256.56536420941586,348.5701505570049,354.1411605393728,339.6151402050444,383.80050806755344,431.6850336075397,428.09386552639575,412.34451789725017,320.0,282.0572469856388,214.37191318001834,150.76562522584967,115.78187975717304,215.80267744952306,124.07963731801811,73.28964566334554,27.501095293072524,228.8006403788576,118.89578508630342,52.28883439052447,0.0,239.69308866333043,140.33218157957126,160.97646478107347,192.15528589184436,244.75761085387668,164.38474767222186,179.64155464660953,206.61203132712637,320.0,184.11891082181117,125.46471405623282,182.09843206433365,223.82375259926482,4.899429393619869,6.2541021572666295,2.963014063131368,0.0,118.92796956765974,204.0160242828,258.94590572675935,304.18434823742746,252.81449872377328,343.9981866740251,352.9648865193011,340.451656138207,378.75905431108396,427.6731282829577,427.8513072700574,415.4329808516719,320.0,281.7413405586732,214.9860805724573,152.73096893727035,119.65561308989041,213.46829430519668,122.11692186308969,71.35502850215937,25.897948770994333,226.79789741679932,117.79874634663798,51.77809873919057,0.0,237.99738231413326,140.70859491236496,161.2939198326647,191.40378261086852,243.59143977205576,163.7938812298508,178.02540546652372,203.75078554650875,320.0,182.25463061331095,123.14043866380024,179.8652097117544,220.47348869690865,3.15603873295521,4.886817539500441,2.4707738395129013,0.0,118.95511701752906,203.42025021348033,258.4507622044098,303.9191369611226,254.09739032863752,344.5505748118265,353.3852861409592,341.1759124293025,381.1871083552226,428.5826174280979,428.4933469292699,416.62769432895425,320.0,282.8311172007906,216.2554242426956,153.4067478026904,120.41082118797175,214.28913439982327,122.1962249957462,71.15563608791825,25.724292083051807,226.34401979212168,117.39824745923383,51.64631964117325,0.0,236.2174201318303,139.04948594282402,159.31846005405754,189.0145233548827,240.55762359213475,161.65564985271664,176.34891873362528,202.1889810632859,320.0,179.98316634773542,117.39260225395884,167.11754678642743,205.8397548487668,7.824621820691107,8.157275993307223,3.615506068220384,0.0,127.70951686924889,210.05439346920863,262.0489408698702,306.8443312475672,265.63121110762165,347.3873105328057,350.971257355477,337.7434954514929,393.25512352331856,432.51719192983245,425.9229861949874,411.808902604285,320.0,280.25594293162123,212.07804988761683,149.33782175823055,115.45794483097379,213.65152554952212,122.65338472822816,71.49398200129468,26.038077338355208,226.68034509736356,117.84389608313415,51.51124929436941,0.0,237.2183273852592,138.6709386222529,158.08858040171347,187.93364608178814,241.9735573348928,161.64677923899166,175.89470976890934,201.7510058989268
320.0,181.87787960273684,121.71514256089179,179.18293705634727,224.94771395607046,4.8622731846742795,5.038894428359754,1.6883776870045608,0.0,120.74441105804166,206.84109931793628,259.70156614898195,304.22970062686954,256.56536420941586,348.5701505570049,354.1411605393728,339.6151402050444,383.80050806755344,431.6850336075397,428.09386552639575,412.34451789725017,320.0,282.0572469856388,214.37191318001834,150.76562522584967,115.78187975717304,215.80267744952306,124.07963731801811,73.28964566334554,27.501095293072524,228.8006403788576,118.89578508630342,52.28883439052447,0.0,239.69308866333043,140.33218157957126,160.97646478107347,192.15528589184436,244.75761085387668,164.38474767222186,179.64155464660953,206.61203132712637,320.0,184.11891082181117,125.46471405623282,182.09843206433365,223.82375259926482,4.899429393619869,6.2541021572666295,2.963014063131368,0.0,118.92796956765974,204.0160242828,258.94590572675935,304.18434823742746,252.81449872377328,343.9981866740251,352.9648865193011,340.451656138207,378.75905431108396,427.6731282829577,427.8513072700574,415.4329808516719,320.0,281.7413405586732,214.9860805724573,152.73096893727035,119.65561308989041,213.46829430519668,122.11692186308969,71.35502850215937,25.897948770994333,226.79789741679932,117.79874634663798,51.77809873919057,0.0,237.99738231413326,140.70859491236496,161.2939198326647,191.40378261086852,243.59143977205576,163.7938812298508,178.02540546652372,203.75078554650875,320.0,182.25463061331095,123.14043866380024,179.8652097117544,220.47348869690865,3.15603873295521,4.886817539500441,2.4707738395129013,0.0,118.95511701752906,203.42025021348033,258.4507622044098,303.9191369611226,254.09739032863752,344.5505748118265,353.3852861409592,341.1759124293025,381.1871083552226,428.5826174280979,428.4933469292699,416.62769432895425,320.0,282.8311172007906,216.2554242426956,153.4067478026904,120.41082118797175,214.28913439982327,122.1962249957462,71.15563608791825,25.724292083051807,226.34401979212168,117.39824745923383,51.64631964117325,0.0,236.2174201318303,139.04948594282402,159.31846005405754,189.0145233548827,240.55762359213475,161.65564985271664,176.34891873362528,202.1889810632859,320.0,179.98316634773542,117.39260225395884,167.11754678642743,205.8397548487668,7.824621820691107,8.157275993307223,3.615506068220384,0.0,127.70951686924889,210.05439346920863,262.0489408698702,306.8443312475672,265.63121110762165,347.3873105328057,350.971257355477,337.7434954514929,393.25512352331856,432.51719192983245,425.9229861949874,411.808902604285,320.0,280.25594293162123,212.07804988761683,149.33782175823055,115.45794483097379,213.65152554952212,122.65338472822816,71.49398200129468,26.038077338355208,226.68034509736356,117.84389608313415,51.51124929436941,0.0,237.2183273852592,138.6709386222529,158.08858040171347,187.93364608178814,241.9735573348928,161.64677923899166,175.89470976890934,201.7510058989268,320.0,174.25569341978496,109.05644179567477,154.53678058848186,189.3283910861066,7.970643152027549,4.511874528258602,1.1504425334924804,0.0,134.9559289055474,209.07425248824927,262.64177694652835,312.04836162367656,277.5721901809916,352.60244133438164,353.2294983782466,339.50151428594774,408.8364665446188,441.19084025115967,432.2176700421511,418.02401866791854,320.0,280.9932542204659,211.6013179823971,146.81983349920506,110.07502309400462,214.46020383654837,122.2598373790143,70.66849228488567,25.284552142635334,225.32538235923528,114.00731844662386,49.096331332415616,0.0,233.73591294538042,134.02407770750702,154.25360070093464,184.6447195606857,236.5180721135664,155.754039526133,171.83165283743574,198.90481680128664
320.0,184.11891082181117,125.46471405623282,182.09843206433365,223.82375259926482,4.899429393619869,6.2541021572666295,2.963014063131368,0.0,118.92796956765974,204.0160242828,258.94590572675935,304.18434823742746,252.81449872377328,343.9981866740251,352.9648865193011,340.451656138207,378.75905431108396,427.6731282829577,427.8513072700574,415.4329808516719,320.0,281.7413405586732,214.9860805724573,152.73096893727035,119.65561308989041,213.46829430519668,122.11692186308969,71.35502850215937,25.897948770994333,226.79789741679932,117.79874634663798,51.77809873919057,0.0,237.99738231413326,140.70859491236496,161.2939198326647,191.40378261086852,243.59143977205576,163.7938812298508,178.02540546652372,203.75078554650875,320.0,182.25463061331095,123.14043866380024,179.8652097117544,220.47348869690865,3.15603873295521,4.886817539500441,2.4707738395129013,0.0,118.95511701752906,203.42025021348033,258.4507622044098,303.9191369611226,254.09739032863752,344.5505748118265,353.3852861409592,341.1759124293025,381.1871083552226,428.5826174280979,428.4933469292699,416.62769432895425,320.0,282.8311172007906,216.2554242426956,153.4067478026904,120.41082118797175,214.28913439982327,122.1962249957462,71.15563608791825,25.724292083051807,226.34401979212168,117.39824745923383,51.64631964117325,0.0,236.2174201318303,139.04948594282402,159.31846005405754,189.0145233548827,240.55762359213475,161.65564985271664,176.34891873362528,202.1889810632859,320.0,179.98316634773542,117.39260225395884,167.11754678642743,205.8397548487668,7.824621820691107,8.157275993307223,3.615506068220384,0.0,127.70951686924889,210.05439346920863,262.0489408698702,306.8443312475672,265.63121110762165,347.3873105328057,350.971257355477,337.7434954514929,393.25512352331856,432.51719192983245,425.9229861949874,411.808902604285,320.0,280.25594293162123,212.07804988761683,149.33782175823055,115.45794483097379,213.65152554952212,122.65338472822816,71.49398200129468,26.038077338355208,226.68034509736356,117.84389608313415,51.51124929436941,0.0,237.2183273852592,138.6709386222529,158.08858040171347,187.93364608178814,241.9735573348928,161.64677923899166,175.89470976890934,201.7510058989268,320.0,174.25569341978496,109.05644179567477,154.53678058848186,189.3283910861066,7.970643152027549,4.511874528258602,1.1504425334924804,0.0,134.9559289055474,209.07425248824927,262.64177694652835,312.04836162367656,277.5721901809916,352.60244133438164,353.2294983782466,339.50151428594774,408.8364665446188,441.19084025115967,432.2176700421511,418.02401866791854,320.0,280.9932542204659,211.6013179823971,146.81983349920506,110.07502309400462,214.46020383654837,122.2598373790143,70.66849228488567,25.284552142635334,225.32538235923528,114.00731844662386,49.096331332415616,0.0,233.73591294538042,134.02407770750702,154.25360070093464,184.6447195606857,236.5180721135664,155.754039526133,171.83165283743574,198.90481680128664,320.0,175.91237018628397,111.73054514150593,150.51881652020705,184.48851965180884,23.496303908688105,12.630733020566879,5.596579943575421,0.0,144.7081299397399,208.70711687830965,255.28368764101583,300.4924306533881,280.63662144013017,344.5563168398328,340.8163667866836,327.04866713017475,404.7080081775488,429.68153098908647,417.09998989373815,404.35285221844623,320.0,280.6157476055266,209.3619531314812,141.32122094158984,97.92558167526934,213.56097766964805,122.18108836962014,70.52617316351115,24.592238366868685,224.06889978498742,111.52657266495726,47.9052741007186,0.0,231.78226024052879,131.4670780384429,151.4625925831717,181.40152023350967,234.29403539187135,152.98457505465092,168.51035503425854,194.43520919461804
320.0,182.25463061331095,123.14043866380024,179.8652097117544,220.47348869690865,3.15603873295521,4.886817539500441,2.4707738395129013,0.0,118.95511701752906,203.42025021348033,258.4507622044098,303.9191369611226,254.09739032863752,344.5505748118265,353.3852861409592,341.1759124293025,381.1871083552226,428.5826174280979,428.4933469292699,416.62769432895425,320.0,282.8311172007906,216.2554242426956,153.4067478026904,120.41082118797175,214.28913439982327,122.1962249957462,71.15563608791825,25.724292083051807,226.34401979212168,117.39824745923383,51.64631964117325,0.0,236.2174201318303,139.04948594282402,159.31846005405754,189.0145233548827,240.55762359213475,161.65564985271664,176.34891873362528,202.1889810632859,320.0,179.98316634773542,117.39260225395884,167.11754678642743,205.8397548487668,7.824621820691107,8.157275993307223,3.615506068220384,0.0,127.70951686924889,210.05439346920863,262.0489408698702,306.8443312475672,265.63121110762165,347.3873105328057,350.971257355477,337.7434954514929,393.25512352331856,432.51719192983245,425.9229861949874,411.808902604285,320.0,280.25594293162123,212.07804988761683,149.33782175823055,115.45794483097379,213.65152554952212,122.65338472822816,71.49398200129468,26.038077338355208,226.68034509736356,117.84389608313415,51.51124929436941,0.0,237.2183273852592,138.6709386222529,158.08858040171347,187.93364608178814,241.9735573348928,161.64677923899166,175.89470976890934,201.7510058989268,320.0,174.25569341978496,109.05644179567477,154.53678058848186,189.3283910861066,7.970643152027549,4.511874528258602,1.1504425334924804,0.0,134.9559289055474,209.07425248824927,262.64177694652835,312.04836162367656,277.5721901809916,352.60244133438164,353.2294983782466,339.50151428594774,408.8364665446188,441.19084025115967,432.2176700421511,418.02401866791854,320.0,280.9932542204659,211.6013179823971,146.81983349920506,110.07502309400462,214.46020383654837,122.2598373790143,70.66849228488567,25.284552142635334,225.32538235923528,114.00731844662386,49.096331332415616,0.0,233.73591294538042,134.02407770750702,154.25360070093464,184.6447195606857,236.5180721135664,155.754039526133,171.83165283743574,198.90481680128664,320.0,175.91237018628397,111.73054514150593,150.51881652020705,184.48851965180884,23.496303908688105,12.630733020566879,5.596579943575421,0.0,144.7081299397399,208.70711687830965,255.28368764101583,300.4924306533881,280.63662144013017,344.5563168398328,340.8163667866836,327.04866713017475,404.7080081775488,429.68153098908647,417.09998989373815,404.35285221844623,320.0,280.6157476055266,209.3619531314812,141.32122094158984,97.92558167526934,213.56097766964805,122.18108836962014,70.52617316351115,24.592238366868685,224.06889978498742,111.52657266495726,47.9052741007186,0.0,231.78226024052879,131.4670780384429,151.4625925831717,181.40152023350967,234.29403539187135,152.98457505465092,168.51035503425854,194.43520919461804,320.0,174.52883718097516,104.52800877932563,136.44051109206717,163.8695074012059,33.35848172162065,21.049876418060535,11.386060280507763,0.0,150.35368709451257,207.20954203243582,241.9437131386522,275.55038053077163,279.68945617885163,331.17140322868823,325.3778795977374,310.512971124574,398.4093995588978,407.2143103931502,395.32227277621064,387.2886125369209,320.0,286.63344120296335,220.3062693033244,151.2491749104575,105.97971124079368,221.00656825380065,126.24213316264814,74.6099593103383,29.411559090511105,228.37757146759205,113.38106528938059,48.73793188703428,0.0,232.99593496868022,135.6559810261376,157.25929600884555,186.14334867160994,233.18735246349686,154.36413591114314,173.05592180659605,200.2702850702814
320.0,179.98316634773542,117.39260225395884,167.11754678642743,205.8397548487668,7.824621820691107,8.157275993307223,3.615506068220384,0.0,127.70951686924889,210.05439346920863,262.0489408698702,306.8443312475672,265.63121110762165,347.3873105328057,350.971257355477,337.7434954514929,393.25512352331856,432.51719192983245,425.9229861949874,411.808902604285,320.0,280.25594293162123,212.07804988761683,149.33782175823055,115.45794483097379,213.65152554952212,122.65338472822816,71.49398200129468,26.038077338355208,226.68034509736356,117.84389608313415,51.51124929436941,0.0,237.2183273852592,138.6709386222529,158.08858040171347,187.93364608178814,241.9735573348928,161.64677923899166,175.89470976890934,201.7510058989268,320.0,174.25569341978496,109.05644179567477,154.53678058848186,189.3283910861066,7.970643152027549,4.511874528258602,1.1504425334924804,0.0,134.9559289055474,209.07425248824927,262.64177694652835,312.04836162367656,277.5721901809916,352.60244133438164,353.2294983782466,339.50151428594774,408.8364665446188,441.19084025115967,432.2176700421511,418.02401866791854,320.0,280.9932542204659,211.6013179823971,146.81983349920506,110.07502309400462,214.46020383654837,122.2598373790143,70.66849228488567,25.284552142635334,225.32538235923528,114.00731844662386,49.096331332415616,0.0,233.73591294538042,134.02407770750702,154.25360070093464,184.6447195606857,236.5180721135664,155.754039526133,171.83165283743574,198.90481680128664,320.0,175.91237018628397,111.73054514150593,150.51881652020705,184.48851965180884,23.496303908688105,12.630733020566879,5.596579943575421,0.0,144.7081299397399,208.70711687830965,255.28368764101583,300.4924306533881,280.63662144013017,344.5563168398328,340.8163667866836,327.04866713017475,404.7080081775488,429.68153098908647,417.09998989373815,404.35285221844623,320.0,280.6157476055266,209.3619531314812,141.32122094158984,97.92558167526934,213.56097766964805,122.18108836962014,70.52617316351115,24.592238366868685,224.06889978498742,111.52657266495726,47.9052741007186,0.0,231.78226024052879,131.4670780384429,151.4625925831717,181.40152023350967,234.29403539187135,152.98457505465092,168.51035503425854,194.43520919461804,320.0,174.52883718097516,104.52800877932563,136.44051109206717,163.8695074012059,33.35848172162065,21.049876418060535,11.386060280507763,0.0,150.35368709451257,207.20954203243582,241.9437131386522,275.55038053077163,279.68945617885163,331.17140322868823,325.3778795977374,310.512971124574,398.4093995588978,407.2143103931502,395.32227277621064,387.2886125369209,320.0,286.63344120296335,220.3062693033244,151.2491749104575,105.97971124079368,221.00656825380065,126.24213316264814,74.6099593103383,29.411559090511105,228.37757146759205,113.38106528938059,48.73793188703428,0.0,232.99593496868022,135.6559810261376,157.25929600884555,186.14334867160994,233.18735246349686,154.36413591114314,173.05592180659605,200.2702850702814,320.0,170.13949458390556,77.44992724488719,78.8343477277574,79.95148762759709,29.432789792179335,18.523938462432113,10.414649015405871,0.0,141.3144970512061,217.13088041081699,256.07872127410053,293.876636048834,268.51415262411865,348.53835502720216,352.9351464339507,350.55612550720844,388.4340695614713,430.9526791925756,442.2243299228562,451.92921388712375,320.0,283.1943513724882,212.44677019391466,140.60122138998568,91.25965563781398,234.00494020525758,147.13264445379966,94.61439936825167,47.939970794095245,248.09088299305535,130.29158126970373,55.55263024831248,0.0,256.17343314926734,149.16551572499245,157.55182433645646,180.6195031488666,256.9712088522132,171.92471567103553,175.849213023057,193.13268362665582
320.0,174.25569341978496,109.05644179567477,154.53678058848186,189.3283910861066,7.970643152027549,4.511874528258602,1.1504425334924804,0.0,134.9559289055474,209.07425248824927,262.64177694652835,312.04836162367656,277.5721901809916,352.60244133438164,353.2294983782466,339.50151428594774,408.8364665446188,441.19084025115967,432.2176700421511,418.02401866791854,320.0,280.9932542204659,211.6013179823971,146.81983349920506,110.07502309400462,214.46020383654837,122.2598373790143,70.66849228488567,25.284552142635334,225.32538235923528,114.00731844662386,49.096331332415616,0.0,233.73591294538042,134.02407770750702,154.25360070093464,184.6447195606857,236.5180721135664,155.754039526133,171.83165283743574,198.90481680128664,320.0,175.91237018628397,111.73054514150593,150.51881652020705,184.48851965180884,23.496303908688105,12.630733020566879,5.596579943575421,0.0,144.7081299397399,208.70711687830965,255.28368764101583,300.4924306533881,280.63662144013017,344.5563168398328,340.8163667866836,327.04866713017475,404.7080081775488,429.68153098908647,417.09998989373815,404.35285221844623,320.0,280.6157476055266,209.3619531314812,141.32122094158984,97.92558167526934,213.56097766964805,122.18108836962014,70.52617316351115,24.592238366868685,224.06889978498742,111.52657266495726,47.9052741007186,0.0,231.78226024052879,131.4670780384429,151.4625925831717,181.40152023350967,234.29403539187135,152.98457505465092,168.51035503425854,194.43520919461804,320.0,174.52883718097516,104.52800877932563,136.44051109206717,163.8695074012059,33.35848172162065,21.049876418060535,11.386060280507763,0.0,150.35368709451257,207.20954203243582,241.9437131386522,275.55038053077163,279.68945617885163,331.17140322868823,325.3778795977374,310.512971124574,398.4093995588978,407.2143103931502,395.32227277621064,387.2886125369209,320.0,286.63344120296335,220.3062693033244,151.2491749104575,105.97971124079368,221.00656825380065,126.24213316264814,74.6099593103383,29.411559090511105,228.37757146759205,113.38106528938059,48.73793188703428,0.0,232.99593496868022,135.6559810261376,157.25929600884555,186.14334867160994,233.18735246349686,154.36413591114314,173.05592180659605,200.2702850702814,320.0,170.13949458390556,77.44992724488719,78.8343477277574,79.95148762759709,29.432789792179335,18.523938462432113,10.414649015405871,0.0,141.3144970512061,217.13088041081699,256.07872127410053,293.876636048834,268.51415262411865,348.53835502720216,352.9351464339507,350.55612550720844,388.4340695614713,430.9526791925756,442.2243299228562,451.92921388712375,320.0,283.1943513724882,212.44677019391466,140.60122138998568,91.25965563781398,234.00494020525758,147.13264445379966,94.61439936825167,47.939970794095245,248.09088299305535,130.29158126970373,55.55263024831248,0.0,256.17343314926734,149.16551572499245,157.55182433645646,180.6195031488666,256.9712088522132,171.92471567103553,175.849213023057,193.13268362665582,320.0,164.12429550898574,79.59881976711426,95.42966221536915,117.97421023482346,35.01150136122578,21.16824365459911,11.95655621566874,0.0,154.14529727768593,234.66226896611434,267.19311539978537,298.41001686243305,284.9678294461783,360.18574787707877,352.233737784356,343.35460446119237,406.21340116786433,449.2953866746925,447.0514159908638,443.97038698390577,320.0,285.94037070870706,217.09841311679838,148.10044651891528,102.10974082903533,241.6797058842222,156.83154539564373,103.16075450290359,54.97511181370169,256.05782234307196,134.8640323310602,58.781410443170614,0.0,264.4920491936803,153.2323132650136,153.1052582460828,168.11214719436333,265.8155568140044,178.1396728828317,173.1789611285365,183.01574373045497
320.0,175.91237018628397,111.73054514150593,150.51881652020705,184.48851965180884,23.496303908688105,12.630733020566879,5.596579943575421,0.0,144.7081299397399,208.70711687830965,255.28368764101583,300.4924306533881,280.63662144013017,344.5563168398328,340.8163667866836,327.04866713017475,404.7080081775488,429.68153098908647,417.09998989373815,404.35285221844623,320.0,280.6157476055266,209.3619531314812,141.32122094158984,97.92558167526934,213.56097766964805,122.18108836962014,70.52617316351115,24.592238366868685,224.06889978498742,111.52657266495726,47.9052741007186,0.0,231.78226024052879,131.4670780384429,151.4625925831717,181.40152023350967,234.29403539187135,152.98457505465092,168.51035503425854,194.43520919461804,320.0,174.52883718097516,104.52800877932563,136.44051109206717,163.8695074012059,33.35848172162065,21.049876418060535,11.386060280507763,0.0,150.35368709451257,207.20954203243582,241.9437131386522,275.55038053077163,279.68945617885163,331.17140322868823,325.3778795977374,310.512971124574,398.4093995588978,407.2143103931502,395.32227277621064,387.2886125369209,320.0,286.63344120296335,220.3062693033244,151.2491749104575,105.97971124079368,221.00656825380065,126.24213316264814,74.6099593103383,29.411559090511105,228.37757146759205,113.38106528938059,48.73793188703428,0.0,232.99593496868022,135.6559810261376,157.25929600884555,186.14334867160994,233.18735246349686,154.36413591114314,173.05592180659605,200.2702850702814,320.0,170.13949458390556,77.44992724488719,78.8343477277574,79.95148762759709,29.432789792179335,18.523938462432113,10.414649015405871,0.0,141.3144970512061,217.13088041081699,256.07872127410053,293.876636048834,268.51415262411865,348.53835502720216,352.9351464339507,350.55612550720844,388.4340695614713,430.9526791925756,442.2243299228562,451.92921388712375,320.0,283.1943513724882,212.44677019391466,140.60122138998568,91.25965563781398,234.00494020525758,147.13264445379966,94.61439936825167,47.939970794095245,248.09088299305535,130.29158126970373,55.55263024831248,0.0,256.17343314926734,149.16551572499245,157.55182433645646,180.6195031488666,256.9712088522132,171.92471567103553,175.849213023057,193.13268362665582,320.0,164.12429550898574,79.59881976711426,95.42966221536915,117.97421023482346,35.01150136122578,21.16824365459911,11.95655621566874,0.0,154.14529727768593,234.66226896611434,267.19311539978537,298.41001686243305,284.9678294461783,360.18574787707877,352.233737784356,343.35460446119237,406.21340116786433,449.2953866746925,447.0514159908638,443.97038698390577,320.0,285.94037070870706,217.09841311679838,148.10044651891528,102.10974082903533,241.6797058842222,156.83154539564373,103.16075450290359,54.97511181370169,256.05782234307196,134.8640323310602,58.781410443170614,0.0,264.4920491936803,153.2323132650136,153.1052582460828,168.11214719436333,265.8155568140044,178.1396728828317,173.1789611285365,183.01574373045497,320.0,414.53409167451616,522.5889643891712,603.624305363287,639.2560000696948,554.6337254158684,633.9428124847941,640.0,633.4418942352456,534.5310404044676,591.6865810200379,575.4899296401775,551.9139303864213,509.28209522809834,557.5832071355522,539.5901311387421,512.6074526208519,484.307169400946,528.0201230834741,516.4382839198281,495.21885106933627,320.0,379.57217985475523,399.4608526371761,345.2391627317035,261.67089752490375,469.60908283119494,298.6523082467288,171.3524790709424,103.07197405309154,343.82536713073614,196.26546824736477,129.22521414855524,114.66894196746392,210.96928167269937,100.20368181826211,71.41052750587815,78.93286979379201,81.2714833088668,0.5969484824556162,0.0,16.87849222458351
320.0,174.52883718097516,104.52800877932563,136.44051109206717,163.8695074012059,33.35848172162065,21.049876418060535,11.386060280507763,0.0,150.35368709451257,207.20954203243582,241.9437131386522,275.55038053077163,279.68945617885163,331.17140322868823,325.3778795977374,310.512971124574,398.4093995588978,407.2143103931502,395.32227277621064,387.2886125369209,320.0,286.63344120296335,220.3062693033244,151.2491749104575,105.97971124079368,221.00656825380065,126.24213316264814,74.6099593103383,29.411559090511105,228.37757146759205,113.38106528938059,48.73793188703428,0.0,232.99593496868022,135.6559810261376,157.25929600884555,186.14334867160994,233.18735246349686,154.36413591114314,173.05592180659605,200.2702850702814,320.0,170.13949458390556,77.44992724488719,78.8343477277574,79.95148762759709,29.432789792179335,18.523938462432113,10.414649015405871,0.0,141.3144970512061,217.13088041081699,256.07872127410053,293.876636048834,268.51415262411865,348.53835502720216,352.9351464339507,350.55612550720844,388.4340695614713,430.9526791925756,442.2243299228562,451.92921388712375,320.0,283.1943513724882,212.44677019391466,140.60122138998568,91.25965563781398,234.00494020525758,147.13264445379966,94.61439936825167,47.939970794095245,248.09088299305535,130.29158126970373,55.55263024831248,0.0,256.17343314926734,149.16551572499245,157.55182433645646,180.6195031488666,256.9712088522132,171.92471567103553,175.849213023057,193.13268362665582,320.0,164.12429550898574,79.59881976711426,95.42966221536915,117.97421023482346,35.01150136122578,21.16824365459911,11.95655621566874,0.0,154.14529727768593,234.66226896611434,267.19311539978537,298.41001686243305,284.9678294461783,360.18574787707877,352.233737784356,343.35460446119237,406.21340116786433,449.2953866746925,447.0514159908638,443.97038698390577,320.0,285.94037070870706,217.09841311679838,148.10044651891528,102.10974082903533,241.6797058842222,156.83154539564373,103.16075450290359,54.97511181370169,256.05782234307196,134.8640323310602,58.781410443170614,0.0,264.4920491936803,153.2323132650136,153.1052582460828,168.11214719436333,265.8155568140044,178.1396728828317,173.1789611285365,183.01574373045497,320.0,414.53409167451616,522.5889643891712,603.624305363287,639.2560000696948,554.6337254158684,633.9428124847941,640.0,633.4418942352456,534.5310404044676,591.6865810200379,575.4899296401775,551.9139303864213,509.28209522809834,557.5832071355522,539.5901311387421,512.6074526208519,484.307169400946,528.0201230834741,516.4382839198281,495.21885106933627,320.0,379.57217985475523,399.4608526371761,345.2391627317035,261.67089752490375,469.60908283119494,298.6523082467288,171.3524790709424,103.07197405309154,343.82536713073614,196.26546824736477,129.22521414855524,114.66894196746392,210.96928167269937,100.20368181826211,71.41052750587815,78.93286979379201,81.2714833088668,0.5969484824556162,0.0,16.87849222458351,320.0,404.44784474239555,499.8258197374545,566.7575821331344,588.038941912285,540.7613692149774,616.7200300926369,634.8197948345223,640.0,526.1431057896448,576.5556681904252,554.9542553666265,531.9068658391192,504.7324496809033,545.222985164075,522.5694776504791,497.10358370152187,481.7912769606437,519.2372281621177,501.3497057679679,477.5317662210151,320.0,407.381582724634,417.7621128512647,331.4784217409333,212.49338139134318,510.3135466173328,336.2131989410226,188.33849000031898,104.39092851902649,374.0416573634015,203.0908105004625,134.4722656374597,132.79002264680554,230.30333960639211,96.91110331408885,69.9926637108864,84.1874262383975,93.87770725016748,0.0,2.700392331983039,25.9513253165768
320.0,170.13949458390556,77.44992724488719,78.8343477277574,79.95148762759709,29.432789792179335,18.523938462432113,10.414649015405871,0.0,141.3144970512061,217.13088041081699,256.07872127410053,293.876636048834,268.51415262411865,348.53835502720216,352.9351464339507,350.55612550720844,388.4340695614713,430.9526791925756,442.2243299228562,451.92921388712375,320.0,283.1943513724882,212.44677019391466,140.60122138998568,91.25965563781398,234.00494020525758,147.13264445379966,94.61439936825167,47.939970794095245,248.09088299305535,130.29158126970373,55.55263024831248,0.0,256.17343314926734,149.16551572499245,157.55182433645646,180.6195031488666,256.9712088522132,171.92471567103553,175.849213023057,193.13268362665582,320.0,164.12429550898574,79.59881976711426,95.42966221536915,117.97421023482346,35.01150136122578,21.16824365459911,11.95655621566874,0.0,154.14529727768593,234.66226896611434,267.19311539978537,298.41001686243305,284.9678294461783,360.18574787707877,352.233737784356,343.35460446119237,406.21340116786433,449.2953866746925,447.0514159908638,443.97038698390577,320.0,285.94037070870706,217.09841311679838,148.10044651891528,102.10974082903533,241.6797058842222,156.83154539564373,103.16075450290359,54.97511181370169,256.05782234307196,134.8640323310602,58.781410443170614,0.0,264.4920491936803,153.2323132650136,153.1052582460828,168.11214719436333,265.8155568140044,178.1396728828317,173.1789611285365,183.01574373045497,320.0,414.53409167451616,522.5889643891712,603.624305363287,639.2560000696948,554.6337254158684,633.9428124847941,640.0,633.4418942352456,534.5310404044676,591.6865810200379,575.4899296401775,551.9139303864213,509.28209522809834,557.5832071355522,539.5901311387421,512.6074526208519,484.307169400946,528.0201230834741,516.4382839198281,495.21885106933627,320.0,379.57217985475523,399.4608526371761,345.2391627317035,261.67089752490375,469.60908283119494,298.6523082467288,171.3524790709424,103.07197405309154,343.82536713073614,196.26546824736477,129.22521414855524,114.66894196746392,210.96928167269937,100.20368181826211,71.41052750587815,78.93286979379201,81.2714833088668,0.5969484824556162,0.0,16.87849222458351,320.0,404.44784474239555,499.8258197374545,566.7575821331344,588.038941912285,540.7613692149774,616.7200300926369,634.8197948345223,640.0,526.1431057896448,576.5556681904252,554.9542553666265,531.9068658391192,504.7324496809033,545.222985164075,522.5694776504791,497.10358370152187,481.7912769606437,519.2372281621177,501.3497057679679,477.5317662210151,320.0,407.381582724634,417.7621128512647,331.4784217409333,212.49338139134318,510.3135466173328,336.2131989410226,188.33849000031898,104.39092851902649,374.0416573634015,203.0908105004625,134.4722656374597,132.79002264680554,230.30333960639211,96.91110331408885,69.9926637108864,84.1874262383975,93.87770725016748,0.0,2.700392331983039,25.9513253165768,320.0,400.0759844409557,483.81644154339983,546.8242159406748,583.1733412142137,545.350719101853,624.4024168792056,639.1189358078386,640.0,538.8711322330851,610.1372947284085,610.0255046695925,599.7844146481876,528.9755254252344,590.1876890856072,584.4388374790522,569.1401356035279,515.9217811244946,570.0354127127026,568.4693952506308,555.7204086896954,320.0,159.77328392890786,116.04408716950326,108.99014004898575,92.16856120077875,465.10330967782454,292.6100609181687,125.8946178483954,29.41028700621746,482.1497205300509,278.4983985429881,119.32299189851159,34.97958927337811,440.34541229667775,229.0899956038435,82.72436098725115,0.0,358.81806192300445,186.86365634616593,74.61156817182689,2.1239716133894717
320.0,164.12429550898574,79.59881976711426,95.42966221536915,117.97421023482346,35.01150136122578,21.16824365459911,11.95655621566874,0.0,154.14529727768593,234.66226896611434,267.19311539978537,298.41001686243305,284.9678294461783,360.18574787707877,352.233737784356,343.35460446119237,406.21340116786433,449.2953866746925,447.0514159908638,443.97038698390577,320.0,285.94037070870706,217.09841311679838,148.10044651891528,102.10974082903533,241.6797058842222,156.83154539564373,103.16075450290359,54.97511181370169,256.05782234307196,134.8640323310602,58.781410443170614,0.0,264.4920491936803,153.2323132650136,153.1052582460828,168.11214719436333,265.8155568140044,178.1396728828317,173.1789611285365,183.01574373045497,320.0,414.53409167451616,522.5889643891712,603.624305363287,639.2560000696948,554.6337254158684,633.9428124847941,640.0,633.4418942352456,534.5310404044676,591.6865810200379,575.4899296401775,551.9139303864213,509.28209522809834,557.5832071355522,539.5901311387421,512.6074526208519,484.307169400946,528.0201230834741,516.4382839198281,495.21885106933627,320.0,379.57217985475523,399.4608526371761,345.2391627317035,261.67089752490375,469.60908283119494,298.6523082467288,171.3524790709424,103.07197405309154,343.82536713073614,196.26546824736477,129.22521414855524,114.66894196746392,210.96928167269937,100.20368181826211,71.41052750587815,78.93286979379201,81.2714833088668,0.5969484824556162,0.0,16.87849222458351,320.0,404.44784474239555,499.8258197374545,566.7575821331344,588.038941912285,540.7613692149774,616.7200300926369,634.8197948345223,640.0,526.1431057896448,576.5556681904252,554.9542553666265,531.9068658391192,504.7324496809033,545.222985164075,522.5694776504791,497.10358370152187,481.7912769606437,519.2372281621177,501.3497057679679,477.5317662210151,320.0,407.381582724634,417.7621128512647,331.4784217409333,212.49338139134318,510.3135466173328,336.2131989410226,188.33849000031898,104.39092851902649,374.0416573634015,203.0908105004625,134.4722656374597,132.79002264680554,230.30333960639211,96.91110331408885,69.9926637108864,84.1874262383975,93.87770725016748,0.0,2.700392331983039,25.9513253165768,320.0,400.0759844409557,483.81644154339983,546.8242159406748,583.1733412142137,545.350719101853,624.4024168792056,639.1189358078386,640.0,538.8711322330851,610.1372947284085,610.0255046695925,599.7844146481876,528.9755254252344,590.1876890856072,584.4388374790522,569.1401356035279,515.9217811244946,570.0354127127026,568.4693952506308,555.7204086896954,320.0,159.77328392890786,116.04408716950326,108.99014004898575,92.16856120077875,465.10330967782454,292.6100609181687,125.8946178483954,29.41028700621746,482.1497205300509,278.4983985429881,119.32299189851159,34.97958927337811,440.34541229667775,229.0899956038435,82.72436098725115,0.0,358.81806192300445,186.86365634616593,74.61156817182689,2.1239716133894717,320.0,415.28455597543484,511.4390233445706,584.5976756048756,640.0,545.4004257512112,625.5665264703334,634.7410538436166,634.8322587475425,531.9841353864354,602.4886759452315,607.598530432112,603.5925142682652,517.0343707045369,581.1817264710335,584.761326460884,576.0668322657472,501.97149234286536,555.6468732309582,563.0440599131523,559.0705219345868,320.0,188.53765001539725,148.14356686169833,129.77748299305077,94.0989600942354,466.3849654046674,286.39500052759763,122.90984109619723,29.544780120981386,476.31706681539896,263.7667889114045,106.19623618286317,17.401333853035,438.85582370916234,229.14604549399291,85.97783228423947,0.0,367.4470948749809,214.5397302576184,102.87129416476984,28.79640975172765
