320.0,174.7401711313869,76.49166961841047,92.00095580623253,134.4723744718223,121.15514069601406,61.84757870638134,24.121937385488707,0.0,235.60833111564523,245.50429570479918,249.50213385603942,261.63760372234157,343.7649277617996,337.74887911340977,306.0858978810223,291.9566013134338,441.0017909863002,425.06611267009686,388.89102483266544,370.0972360831534,320.0,336.44040430711925,399.4165806882434,456.0506260533692,495.804548682183,463.4546036102787,536.1039881524295,578.4306796979324,617.8611944591466,467.55390385178566,548.5109922452367,598.0344445854,640.0,454.3784377500143,470.1176339127811,418.36293805366336,381.85077911912344,430.8395054984402,436.9032238315702,399.30596420755,371.4206563859223,320.0,183.62607687145095,92.17977630743229,109.14953312210991,167.80042409257408,122.58369322293976,59.37654100388261,22.186330800974815,0.0,237.16391840128495,247.98261178918295,250.39588356580137,263.77832753595567,349.7474247484849,346.3531153224033,295.70884852014024,266.7485167026537,446.63938588479084,427.90476535443753,381.3458883069081,354.8405776905896,320.0,343.2128377031399,406.8863986337258,464.9641023387085,504.3614624031294,467.4131086348089,536.9134271286423,578.6442629512715,615.8951258984619,469.65018169374673,546.9115805236861,598.2119614919136,640.0,456.30927776147024,472.97492955933575,421.49858051269814,383.2760956957026,434.21152071779625,442.1942187639802,404.85949069241406,375.8077596964812,320.0,191.36173491510408,99.90428872110056,109.24282157340701,158.2836553236535,134.118141868645,65.6330204234905,25.899912235797103,0.0,239.10193308213488,237.23248133894677,230.28679715088504,232.83199560780986,342.1827631707887,301.9599739730034,257.6754587559341,241.71105236260394,431.96212424437965,379.9839014700262,338.8238047841871,327.77211124916784,320.0,342.2737934516264,409.3446536730895,468.4328749456036,511.1958744233236,464.77784557061864,533.6538807820239,575.3388803446128,612.779855048315,469.18103579690137,548.3862542666246,599.4448077438312,640.0,459.1280922567786,476.7038592599054,429.2186618605787,392.01004390412595,440.21461142154374,449.5958110080502,414.7886906276681,385.96637920317517,320.0,192.06764081350553,100.61640043290959,103.49188956832865,143.39881361268965,127.3650895329285,63.4072422244551,25.79463446615881,0.0,222.67701941008949,214.45518958657058,203.1525014815292,201.75653071917935,317.55592735098566,272.91278172885677,230.1186648195966,213.7534795617202,402.95603455490004,350.25752820524553,310.14855829599156,298.42909540726953,320.0,343.34324339414036,409.75869088447007,469.53766989964305,517.2225985848063,464.890549807709,533.4249871529606,574.3217668410791,612.3021400844467,469.13509261705747,550.0088457515894,600.0978539905329,640.0,459.39666834078037,481.60076832828463,434.72427575804494,397.75060905538083,440.64755408701706,451.9396503756881,416.1088947849313,386.4775943708255,320.0,190.2684101696131,99.43901085166254,103.5668927139755,147.96908884681613,125.17946058035761,62.631918650803186,25.18187788949001,0.0,225.65743903333328,222.77023412463274,209.3131919453718,204.77089465595898,327.1951281264837,263.7858850771842,214.08446771827107,196.9751091027533,418.4494085996468,349.5350384034198,302.6216156467774,288.6862845541119,320.0,346.49730214557655,412.33954126078197,471.0584486778729,520.7892279892994,466.544607974888,534.5499977794909,574.4059650319869,611.0493664104481,470.4809212058109,551.6600243922287,601.3200759953208,640.0,460.3751145872561,482.6866671646768,435.4959244030874,397.30846568466256,441.65732640945214,452.2584323513549,415.68411576117387,385.2263494598772
320.0,183.62607687145095,92.17977630743229,109.14953312210991,167.80042409257408,122.58369322293976,59.37654100388261,22.186330800974815,0.0,237.16391840128495,247.98261178918295,250.39588356580137,263.77832753595567,349.7474247484849,346.3531153224033,295.70884852014024,266.7485167026537,446.63938588479084,427.90476535443753,381.3458883069081,354.8405776905896,320.0,343.2128377031399,406.8863986337258,464.9641023387085,504.3614624031294,467.4131086348089,536.9134271286423,578.6442629512715,615.8951258984619,469.65018169374673,546.9115805236861,598.2119614919136,640.0,456.30927776147024,472.97492955933575,421.49858051269814,383.2760956957026,434.21152071779625,442.1942187639802,404.85949069241406,375.8077596964812,320.0,191.36173491510408,99.90428872110056,109.24282157340701,158.2836553236535,134.118141868645,65.6330204234905,25.899912235797103,0.0,239.10193308213488,237.23248133894677,230.28679715088504,232.83199560780986,342.1827631707887,301.9599739730034,257.6754587559341,241.71105236260394,431.96212424437965,379.9839014700262,338.8238047841871,327.77211124916784,320.0,342.2737934516264,409.3446536730895,468.4328749456036,511.1958744233236,464.77784557061864,533.6538807820239,575.3388803446128,612.779855048315,469.18103579690137,548.3862542666246,599.4448077438312,640.0,459.1280922567786,476.7038592599054,429.2186618605787,392.01004390412595,440.21461142154374,449.5958110080502,414.7886906276681,385.96637920317517,320.0,192.06764081350553,100.61640043290959,103.49188956832865,143.39881361268965,127.3650895329285,63.4072422244551,25.79463446615881,0.0,222.67701941008949,214.45518958657058,203.1525014815292,201.75653071917935,317.55592735098566,272.91278172885677,230.1186648195966,213.7534795617202,402.95603455490004,350.25752820524553,310.14855829599156,298.42909540726953,320.0,343.34324339414036,409.75869088447007,469.53766989964305,517.2225985848063,464.890549807709,533.4249871529606,574.3217668410791,612.3021400844467,469.13509261705747,550.0088457515894,600.0978539905329,640.0,459.39666834078037,481.60076832828463,434.72427575804494,397.75060905538083,440.64755408701706,451.9396503756881,416.1088947849313,386.4775943708255,320.0,190.2684101696131,99.43901085166254,103.5668927139755,147.96908884681613,125.17946058035761,62.631918650803186,25.18187788949001,0.0,225.65743903333328,222.77023412463274,209.3131919453718,204.77089465595898,327.1951281264837,263.7858850771842,214.08446771827107,196.9751091027533,418.4494085996468,349.5350384034198,302.6216156467774,288.6862845541119,320.0,346.49730214557655,412.33954126078197,471.0584486778729,520.7892279892994,466.544607974888,534.5499977794909,574.4059650319869,611.0493664104481,470.4809212058109,551.6600243922287,601.3200759953208,640.0,460.3751145872561,482.6866671646768,435.4959244030874,397.30846568466256,441.65732640945214,452.2584323513549,415.68411576117387,385.2263494598772,320.0,194.9792419952547,105.92598276346163,109.91330291255059,156.5054708112661,127.23567676239426,65.53303598411375,26.61002599840964,0.0,227.33787858978454,223.74136190514974,208.64361174279364,203.2382058739688,326.5164660166707,262.30727848304747,215.13878178268072,200.95545548656463,414.55507997779523,341.95347720691774,297.7826207168531,286.19752361397184,320.0,344.6792823821631,410.3167479971222,468.5796805161744,517.0999488904008,465.55172128665976,533.3208882001934,572.934163674422,609.8823750012208,469.52198266180096,549.5378272886195,600.1953806037443,640.0,459.3811298151265,479.2976903018722,430.05029835635435,391.50983224983156,441.0126133282115,449.9255232223137,411.8532913605245,380.9059537799943
320.0,191.36173491510408,99.90428872110056,109.24282157340701,158.2836553236535,134.118141868645,65.6330204234905,25.899912235797103,0.0,239.10193308213488,237.23248133894677,230.28679715088504,232.83199560780986,342.1827631707887,301.9599739730034,257.6754587559341,241.71105236260394,431.96212424437965,379.9839014700262,338.8238047841871,327.77211124916784,320.0,342.2737934516264,409.3446536730895,468.4328749456036,511.1958744233236,464.77784557061864,533.6538807820239,575.3388803446128,612.779855048315,469.18103579690137,548.3862542666246,599.4448077438312,640.0,459.1280922567786,476.7038592599054,429.2186618605787,392.01004390412595,440.21461142154374,449.5958110080502,414.7886906276681,385.96637920317517,320.0,192.06764081350553,100.61640043290959,103.49188956832865,143.39881361268965,127.3650895329285,63.4072422244551,25.79463446615881,0.0,222.67701941008949,214.45518958657058,203.1525014815292,201.75653071917935,317.55592735098566,272.91278172885677,230.1186648195966,213.7534795617202,402.95603455490004,350.25752820524553,310.14855829599156,298.42909540726953,320.0,343.34324339414036,409.75869088447007,469.53766989964305,517.2225985848063,464.890549807709,533.4249871529606,574.3217668410791,612.3021400844467,469.13509261705747,550.0088457515894,600.0978539905329,640.0,459.39666834078037,481.60076832828463,434.72427575804494,397.75060905538083,440.64755408701706,451.9396503756881,416.1088947849313,386.4775943708255,320.0,190.2684101696131,99.43901085166254,103.5668927139755,147.96908884681613,125.17946058035761,62.631918650803186,25.18187788949001,0.0,225.65743903333328,222.77023412463274,209.3131919453718,204.77089465595898,327.1951281264837,263.7858850771842,214.08446771827107,196.9751091027533,418.4494085996468,349.5350384034198,302.6216156467774,288.6862845541119,320.0,346.49730214557655,412.33954126078197,471.0584486778729,520.7892279892994,466.544607974888,534.5499977794909,574.4059650319869,611.0493664104481,470.4809212058109,551.6600243922287,601.3200759953208,640.0,460.3751145872561,482.6866671646768,435.4959244030874,397.30846568466256,441.65732640945214,452.2584323513549,415.68411576117387,385.2263494598772,320.0,194.9792419952547,105.92598276346163,109.91330291255059,156.5054708112661,127.23567676239426,65.53303598411375,26.61002599840964,0.0,227.33787858978454,223.74136190514974,208.64361174279364,203.2382058739688,326.5164660166707,262.30727848304747,215.13878178268072,200.95545548656463,414.55507997779523,341.95347720691774,297.7826207168531,286.19752361397184,320.0,344.6792823821631,410.3167479971222,468.5796805161744,517.0999488904008,465.55172128665976,533.3208882001934,572.934163674422,609.8823750012208,469.52198266180096,549.5378272886195,600.1953806037443,640.0,459.3811298151265,479.2976903018722,430.05029835635435,391.50983224983156,441.0126133282115,449.9255232223137,411.8532913605245,380.9059537799943,320.0,191.97063386661827,97.96669805167835,94.04932804191148,130.19431161303996,124.79857090832823,60.37082898725748,23.118420832880588,0.0,224.84997986110344,218.91088587069333,204.36312827229955,203.10668669928364,322.58301899519813,261.2336196592069,209.00837027633344,192.0619041700855,411.77806827530577,339.7255947915196,290.04014114796263,274.1934474949577,320.0,342.4585348973949,406.10257609659453,463.6923273558749,513.0036964710409,461.98517671032255,533.035752864281,573.6958584099524,611.6224588785523,465.8515375153182,549.3857743658427,600.5991517407541,640.0,456.45497635092556,477.34894037646995,428.5767605093468,390.81338025632556,439.59723381598565,449.1242358056814,412.95042335309506,382.82328756268646
320.0,192.06764081350553,100.61640043290959,103.49188956832865,143.39881361268965,127.3650895329285,63.4072422244551,25.79463446615881,0.0,222.67701941008949,214.45518958657058,203.1525014815292,201.75653071917935,317.55592735098566,272.91278172885677,230.1186648195966,213.7534795617202,402.95603455490004,350.25752820524553,310.14855829599156,298.42909540726953,320.0,343.34324339414036,409.75869088447007,469.53766989964305,517.2225985848063,464.890549807709,533.4249871529606,574.3217668410791,612.3021400844467,469.13509261705747,550.0088457515894,600.0978539905329,640.0,459.39666834078037,481.60076832828463,434.72427575804494,397.75060905538083,440.64755408701706,451.9396503756881,416.1088947849313,386.4775943708255,320.0,190.2684101696131,99.43901085166254,103.5668927139755,147.96908884681613,125.17946058035761,62.631918650803186,25.18187788949001,0.0,225.65743903333328,222.77023412463274,209.3131919453718,204.77089465595898,327.1951281264837,263.7858850771842,214.08446771827107,196.9751091027533,418.4494085996468,349.5350384034198,302.6216156467774,288.6862845541119,320.0,346.49730214557655,412.33954126078197,471.0584486778729,520.7892279892994,466.544607974888,534.5499977794909,574.4059650319869,611.0493664104481,470.4809212058109,551.6600243922287,601.3200759953208,640.0,460.3751145872561,482.6866671646768,435.4959244030874,397.30846568466256,441.65732640945214,452.2584323513549,415.68411576117387,385.2263494598772,320.0,194.9792419952547,105.92598276346163,109.91330291255059,156.5054708112661,127.23567676239426,65.53303598411375,26.61002599840964,0.0,227.33787858978454,223.74136190514974,208.64361174279364,203.2382058739688,326.5164660166707,262.30727848304747,215.13878178268072,200.95545548656463,414.55507997779523,341.95347720691774,297.7826207168531,286.19752361397184,320.0,344.6792823821631,410.3167479971222,468.5796805161744,517.0999488904008,465.55172128665976,533.3208882001934,572.934163674422,609.8823750012208,469.52198266180096,549.5378272886195,600.1953806037443,640.0,459.3811298151265,479.2976903018722,430.05029835635435,391.50983224983156,441.0126133282115,449.9255232223137,411.8532913605245,380.9059537799943,320.0,191.97063386661827,97.96669805167835,94.04932804191148,130.19431161303996,124.79857090832823,60.37082898725748,23.118420832880588,0.0,224.84997986110344,218.91088587069333,204.36312827229955,203.10668669928364,322.58301899519813,261.2336196592069,209.00837027633344,192.0619041700855,411.77806827530577,339.7255947915196,290.04014114796263,274.1934474949577,320.0,342.4585348973949,406.10257609659453,463.6923273558749,513.0036964710409,461.98517671032255,533.035752864281,573.6958584099524,611.6224588785523,465.8515375153182,549.3857743658427,600.5991517407541,640.0,456.45497635092556,477.34894037646995,428.5767605093468,390.81338025632556,439.59723381598565,449.1242358056814,412.95042335309506,382.82328756268646,320.0,182.98188281945943,92.33428877984585,98.1279992042837,133.5473573944628,122.79050394648596,58.616252331163764,21.204748808014244,0.0,230.9365064659823,231.13270231457955,224.83137524420846,230.62627970956586,334.81187238151284,280.55823511890065,224.12215225176118,202.78318578163123,428.3271982290414,360.1729470323331,308.60043537017395,290.2750602690405,320.0,343.6467985921801,407.80292208354865,466.12877929221423,514.2606214288807,463.4288267550355,534.3087062813088,575.2375542868785,613.2124923621626,465.7609163994755,549.2280072948965,599.9685847915099,640.0,455.20359296785887,479.6094382419608,431.02914327927306,393.955074986711,437.5740917175697,449.02051905467874,411.974663564506,382.1414595025108
320.0,190.2684101696131,99.43901085166254,103.5668927139755,147.96908884681613,125.17946058035761,62.631918650803186,25.18187788949001,0.0,225.65743903333328,222.77023412463274,209.3131919453718,204.77089465595898,327.1951281264837,263.7858850771842,214.08446771827107,196.9751091027533,418.4494085996468,349.5350384034198,302.6216156467774,288.6862845541119,320.0,346.49730214557655,412.33954126078197,471.0584486778729,520.7892279892994,466.544607974888,534.5499977794909,574.4059650319869,611.0493664104481,470.4809212058109,551.6600243922287,601.3200759953208,640.0,460.3751145872561,482.6866671646768,435.4959244030874,397.30846568466256,441.65732640945214,452.2584323513549,415.68411576117387,385.2263494598772,320.0,194.9792419952547,105.92598276346163,109.91330291255059,156.5054708112661,127.23567676239426,65.53303598411375,26.61002599840964,0.0,227.33787858978454,223.74136190514974,208.64361174279364,203.2382058739688,326.5164660166707,262.30727848304747,215.13878178268072,200.95545548656463,414.55507997779523,341.95347720691774,297.7826207168531,286.19752361397184,320.0,344.6792823821631,410.3167479971222,468.5796805161744,517.0999488904008,465.55172128665976,533.3208882001934,572.934163674422,609.8823750012208,469.52198266180096,549.5378272886195,600.1953806037443,640.0,459.3811298151265,479.2976903018722,430.05029835635435,391.50983224983156,441.0126133282115,449.9255232223137,411.8532913605245,380.9059537799943,320.0,191.97063386661827,97.96669805167835,94.04932804191148,130.19431161303996,124.79857090832823,60.37082898725748,23.118420832880588,0.0,224.84997986110344,218.91088587069333,204.36312827229955,203.10668669928364,322.58301899519813,261.2336196592069,209.00837027633344,192.0619041700855,411.77806827530577,339.7255947915196,290.04014114796263,274.1934474949577,320.0,342.4585348973949,406.10257609659453,463.6923273558749,513.0036964710409,461.98517671032255,533.035752864281,573.6958584099524,611.6224588785523,465.8515375153182,549.3857743658427,600.5991517407541,640.0,456.45497635092556,477.34894037646995,428.5767605093468,390.81338025632556,439.59723381598565,449.1242358056814,412.95042335309506,382.82328756268646,320.0,182.98188281945943,92.33428877984585,98.1279992042837,133.5473573944628,122.79050394648596,58.616252331163764,21.204748808014244,0.0,230.9365064659823,231.13270231457955,224.83137524420846,230.62627970956586,334.81187238151284,280.55823511890065,224.12215225176118,202.78318578163123,428.3271982290414,360.1729470323331,308.60043537017395,290.2750602690405,320.0,343.6467985921801,407.80292208354865,466.12877929221423,514.2606214288807,463.4288267550355,534.3087062813088,575.2375542868785,613.2124923621626,465.7609163994755,549.2280072948965,599.9685847915099,640.0,455.20359296785887,479.6094382419608,431.02914327927306,393.955074986711,437.5740917175697,449.02051905467874,411.974663564506,382.1414595025108,320.0,189.66612219721978,103.84543921169961,115.99091535594215,156.29585632098568,127.00850209982448,65.92017240263323,25.36816414801956,0.0,237.15714606630343,247.20740478447766,243.84875171812473,252.22984987111687,343.4493662451788,302.6527655621171,247.25111463937466,225.45585038131898,439.57072581965497,380.529677392334,328.7972174946029,309.13101914781015,320.0,344.32964430149246,409.50861276104877,467.8189739850527,514.5519403980993,464.73265952974464,535.1589970904641,576.0177752770501,614.0574643640748,466.3867738353905,550.0346554556226,600.7988707333272,640.0,453.9275566433248,478.7675907278657,429.7283949697222,392.9626575189004,433.4651636216329,445.21579711739963,407.4882187287446,378.29873532406464
320.0,194.9792419952547,105.92598276346163,109.91330291255059,156.5054708112661,127.23567676239426,65.53303598411375,26.61002599840964,0.0,227.33787858978454,223.74136190514974,208.64361174279364,203.2382058739688,326.5164660166707,262.30727848304747,215.13878178268072,200.95545548656463,414.55507997779523,341.95347720691774,297.7826207168531,286.19752361397184,320.0,344.6792823821631,410.3167479971222,468.5796805161744,517.0999488904008,465.55172128665976,533.3208882001934,572.934163674422,609.8823750012208,469.52198266180096,549.5378272886195,600.1953806037443,640.0,459.3811298151265,479.2976903018722,430.05029835635435,391.50983224983156,441.0126133282115,449.9255232223137,411.8532913605245,380.9059537799943,320.0,191.97063386661827,97.96669805167835,94.04932804191148,130.19431161303996,124.79857090832823,60.37082898725748,23.118420832880588,0.0,224.84997986110344,218.91088587069333,204.36312827229955,203.10668669928364,322.58301899519813,261.2336196592069,209.00837027633344,192.0619041700855,411.77806827530577,339.7255947915196,290.04014114796263,274.1934474949577,320.0,342.4585348973949,406.10257609659453,463.6923273558749,513.0036964710409,461.98517671032255,533.035752864281,573.6958584099524,611.6224588785523,465.8515375153182,549.3857743658427,600.5991517407541,640.0,456.45497635092556,477.34894037646995,428.5767605093468,390.81338025632556,439.59723381598565,449.1242358056814,412.95042335309506,382.82328756268646,320.0,182.98188281945943,92.33428877984585,98.1279992042837,133.5473573944628,122.79050394648596,58.616252331163764,21.204748808014244,0.0,230.9365064659823,231.13270231457955,224.83137524420846,230.62627970956586,334.81187238151284,280.55823511890065,224.12215225176118,202.78318578163123,428.3271982290414,360.1729470323331,308.60043537017395,290.2750602690405,320.0,343.6467985921801,407.80292208354865,466.12877929221423,514.2606214288807,463.4288267550355,534.3087062813088,575.2375542868785,613.2124923621626,465.7609163994755,549.2280072948965,599.9685847915099,640.0,455.20359296785887,479.6094382419608,431.02914327927306,393.955074986711,437.5740917175697,449.02051905467874,411.974663564506,382.1414595025108,320.0,189.66612219721978,103.84543921169961,115.99091535594215,156.29585632098568,127.00850209982448,65.92017240263323,25.36816414801956,0.0,237.15714606630343,247.20740478447766,243.84875171812473,252.22984987111687,343.4493662451788,302.6527655621171,247.25111463937466,225.45585038131898,439.57072581965497,380.529677392334,328.7972174946029,309.13101914781015,320.0,344.32964430149246,409.50861276104877,467.8189739850527,514.5519403980993,464.73265952974464,535.1589970904641,576.0177752770501,614.0574643640748,466.3867738353905,550.0346554556226,600.7988707333272,640.0,453.9275566433248,478.7675907278657,429.7283949697222,392.9626575189004,433.4651636216329,445.21579711739963,407.4882187287446,378.29873532406464,320.0,189.87537801620226,98.41233720616114,104.2380631088071,142.96460005935438,126.21976322955973,60.95236315530252,23.102654443699976,0.0,234.40349735282086,243.25983256742217,244.23248739537217,253.21510889868213,340.31946011583796,295.42716984190736,240.10899153283418,214.90431881868687,435.9815293689084,375.80523451340923,324.462215198012,302.9686364367384,320.0,344.00688859888555,407.3818293265381,463.75509715779276,510.5102710345693,465.92923657480503,531.2749440684275,571.2023238061383,608.014041290659,467.2756877539996,547.7703126054308,599.227396256721,640.0,455.2157275765661,480.0421069700319,430.8232211066205,391.9700022170598,435.0863986484782,448.30883233574446,411.2767134907758,381.1650959522087
320.0,191.97063386661827,97.96669805167835,94.04932804191148,130.19431161303996,124.79857090832823,60.37082898725748,23.118420832880588,0.0,224.84997986110344,218.91088587069333,204.36312827229955,203.10668669928364,322.58301899519813,261.2336196592069,209.00837027633344,192.0619041700855,411.77806827530577,339.7255947915196,290.04014114796263,274.1934474949577,320.0,342.4585348973949,406.10257609659453,463.6923273558749,513.0036964710409,461.98517671032255,533.035752864281,573.6958584099524,611.6224588785523,465.8515375153182,549.3857743658427,600.5991517407541,640.0,456.45497635092556,477.34894037646995,428.5767605093468,390.81338025632556,439.59723381598565,449.1242358056814,412.95042335309506,382.82328756268646,320.0,182.98188281945943,92.33428877984585,98.1279992042837,133.5473573944628,122.79050394648596,58.616252331163764,21.204748808014244,0.0,230.9365064659823,231.13270231457955,224.83137524420846,230.62627970956586,334.81187238151284,280.55823511890065,224.12215225176118,202.78318578163123,428.3271982290414,360.1729470323331,308.60043537017395,290.2750602690405,320.0,343.6467985921801,407.80292208354865,466.12877929221423,514.2606214288807,463.4288267550355,534.3087062813088,575.2375542868785,613.2124923621626,465.7609163994755,549.2280072948965,599.9685847915099,640.0,455.20359296785887,479.6094382419608,431.02914327927306,393.955074986711,437.5740917175697,449.02051905467874,411.974663564506,382.1414595025108,320.0,189.66612219721978,103.84543921169961,115.99091535594215,156.29585632098568,127.00850209982448,65.92017240263323,25.36816414801956,0.0,237.15714606630343,247.20740478447766,243.84875171812473,252.22984987111687,343.4493662451788,302.6527655621171,247.25111463937466,225.45585038131898,439.57072581965497,380.529677392334,328.7972174946029,309.13101914781015,320.0,344.32964430149246,409.50861276104877,467.8189739850527,514.5519403980993,464.73265952974464,535.1589970904641,576.0177752770501,614.0574643640748,466.3867738353905,550.0346554556226,600.7988707333272,640.0,453.9275566433248,478.7675907278657,429.7283949697222,392.9626575189004,433.4651636216329,445.21579711739963,407.4882187287446,378.29873532406464,320.0,189.87537801620226,98.41233720616114,104.2380631088071,142.96460005935438,126.21976322955973,60.95236315530252,23.102654443699976,0.0,234.40349735282086,243.25983256742217,244.23248739537217,253.21510889868213,340.31946011583796,295.42716984190736,240.10899153283418,214.90431881868687,435.9815293689084,375.80523451340923,324.462215198012,302.9686364367384,320.0,344.00688859888555,407.3818293265381,463.75509715779276,510.5102710345693,465.92923657480503,531.2749440684275,571.2023238061383,608.014041290659,467.2756877539996,547.7703126054308,599.227396256721,640.0,455.2157275765661,480.0421069700319,430.8232211066205,391.9700022170598,435.0863986484782,448.30883233574446,411.2767134907758,381.1650959522087,320.0,190.37730265420703,98.66098992951632,104.24480144115992,145.94636369806,131.0588342836882,62.908108971562285,23.770348835867253,0.0,240.78100379818775,244.34464294865313,243.2612245519805,250.68293973360517,347.7732241383211,290.6136702441745,234.82231341812428,211.04236177380494,442.3917825813365,372.5258479441449,321.8384761451003,302.79800907927074,320.0,341.8988926692132,405.28794174115,462.28324051950136,510.1181430282286,461.48922215586674,529.6437612203538,570.6271089561151,608.274450628549,463.7971019662499,547.7262228131715,599.789074499131,640.0,452.03057770363034,478.0931120069863,428.0358361414638,388.67995427024965,431.7035403447972,442.30462627937106,404.8683538380919,375.4375342625235
320.0,182.98188281945943,92.33428877984585,98.1279992042837,133.5473573944628,122.79050394648596,58.616252331163764,21.204748808014244,0.0,230.9365064659823,231.13270231457955,224.83137524420846,230.62627970956586,334.81187238151284,280.55823511890065,224.12215225176118,202.78318578163123,428.3271982290414,360.1729470323331,308.60043537017395,290.2750602690405,320.0,343.6467985921801,407.80292208354865,466.12877929221423,514.2606214288807,463.4288267550355,534.3087062813088,575.2375542868785,613.2124923621626,465.7609163994755,549.2280072948965,599.9685847915099,640.0,455.20359296785887,479.6094382419608,431.02914327927306,393.955074986711,437.5740917175697,449.02051905467874,411.974663564506,382.1414595025108,320.0,189.66612219721978,103.84543921169961,115.99091535594215,156.29585632098568,127.00850209982448,65.92017240263323,25.36816414801956,0.0,237.15714606630343,247.20740478447766,243.84875171812473,252.22984987111687,343.4493662451788,302.6527655621171,247.25111463937466,225.45585038131898,439.57072581965497,380.529677392334,328.7972174946029,309.13101914781015,320.0,344.32964430149246,409.50861276104877,467.8189739850527,514.5519403980993,464.73265952974464,535.1589970904641,576.0177752770501,614.0574643640748,466.3867738353905,550.0346554556226,600.7988707333272,640.0,453.9275566433248,478.7675907278657,429.7283949697222,392.9626575189004,433.4651636216329,445.21579711739963,407.4882187287446,378.29873532406464,320.0,189.87537801620226,98.41233720616114,104.2380631088071,142.96460005935438,126.21976322955973,60.95236315530252,23.102654443699976,0.0,234.40349735282086,243.25983256742217,244.23248739537217,253.21510889868213,340.31946011583796,295.42716984190736,240.10899153283418,214.90431881868687,435.9815293689084,375.80523451340923,324.462215198012,302.9686364367384,320.0,344.00688859888555,407.3818293265381,463.75509715779276,510.5102710345693,465.92923657480503,531.2749440684275,571.2023238061383,608.014041290659,467.2756877539996,547.7703126054308,599.227396256721,640.0,455.2157275765661,480.0421069700319,430.8232211066205,391.9700022170598,435.0863986484782,448.30883233574446,411.2767134907758,381.1650959522087,320.0,190.37730265420703,98.66098992951632,104.24480144115992,145.94636369806,131.0588342836882,62.908108971562285,23.770348835867253,0.0,240.78100379818775,244.34464294865313,243.2612245519805,250.68293973360517,347.7732241383211,290.6136702441745,234.82231341812428,211.04236177380494,442.3917825813365,372.5258479441449,321.8384761451003,302.79800907927074,320.0,341.8988926692132,405.28794174115,462.28324051950136,510.1181430282286,461.48922215586674,529.6437612203538,570.6271089561151,608.274450628549,463.7971019662499,547.7262228131715,599.789074499131,640.0,452.03057770363034,478.0931120069863,428.0358361414638,388.67995427024965,431.7035403447972,442.30462627937106,404.8683538380919,375.4375342625235,320.0,189.08651992783925,95.23602110039525,98.84285504199087,137.97077422374997,130.6350751973812,64.03685721309984,24.7164255508319,0.0,234.44919952985498,239.58259026548376,239.7601946139883,248.72777728508098,337.0301519214988,284.929769002536,233.74079383557722,213.10366427964425,429.8543066876668,367.20460625355724,321.61868186517796,306.52303070648605,320.0,341.85681397938475,405.14435025515763,462.3715071575634,508.59876864053945,460.2385181671344,529.6300793839035,570.5457087312888,608.5007555472612,463.1078797899583,545.2729183812339,598.3996494558577,640.0,453.5992915433904,475.7787231907773,425.29777472012614,385.9227419366323,436.8017262783537,448.79597976872213,410.9675636274133,380.23715424314594
320.0,189.66612219721978,103.84543921169961,115.99091535594215,156.29585632098568,127.00850209982448,65.92017240263323,25.36816414801956,0.0,237.15714606630343,247.20740478447766,243.84875171812473,252.22984987111687,343.4493662451788,302.6527655621171,247.25111463937466,225.45585038131898,439.57072581965497,380.529677392334,328.7972174946029,309.13101914781015,320.0,344.32964430149246,409.50861276104877,467.8189739850527,514.5519403980993,464.73265952974464,535.1589970904641,576.0177752770501,614.0574643640748,466.3867738353905,550.0346554556226,600.7988707333272,640.0,453.9275566433248,478.7675907278657,429.7283949697222,392.9626575189004,433.4651636216329,445.21579711739963,407.4882187287446,378.29873532406464,320.0,189.87537801620226,98.41233720616114,104.2380631088071,142.96460005935438,126.21976322955973,60.95236315530252,23.102654443699976,0.0,234.40349735282086,243.25983256742217,244.23248739537217,253.21510889868213,340.31946011583796,295.42716984190736,240.10899153283418,214.90431881868687,435.9815293689084,375.80523451340923,324.462215198012,302.9686364367384,320.0,344.00688859888555,407.3818293265381,463.75509715779276,510.5102710345693,465.92923657480503,531.2749440684275,571.2023238061383,608.014041290659,467.2756877539996,547.7703126054308,599.227396256721,640.0,455.2157275765661,480.0421069700319,430.8232211066205,391.9700022170598,435.0863986484782,448.30883233574446,411.2767134907758,381.1650959522087,320.0,190.37730265420703,98.66098992951632,104.24480144115992,145.94636369806,131.0588342836882,62.908108971562285,23.770348835867253,0.0,240.78100379818775,244.34464294865313,243.2612245519805,250.68293973360517,347.7732241383211,290.6136702441745,234.82231341812428,211.04236177380494,442.3917825813365,372.5258479441449,321.8384761451003,302.79800907927074,320.0,341.8988926692132,405.28794174115,462.28324051950136,510.1181430282286,461.48922215586674,529.6437612203538,570.6271089561151,608.274450628549,463.7971019662499,547.7262228131715,599.789074499131,640.0,452.03057770363034,478.0931120069863,428.0358361414638,388.67995427024965,431.7035403447972,442.30462627937106,404.8683538380919,375.4375342625235,320.0,189.08651992783925,95.23602110039525,98.84285504199087,137.97077422374997,130.6350751973812,64.03685721309984,24.7164255508319,0.0,234.44919952985498,239.58259026548376,239.7601946139883,248.72777728508098,337.0301519214988,284.929769002536,233.74079383557722,213.10366427964425,429.8543066876668,367.20460625355724,321.61868186517796,306.52303070648605,320.0,341.85681397938475,405.14435025515763,462.3715071575634,508.59876864053945,460.2385181671344,529.6300793839035,570.5457087312888,608.5007555472612,463.1078797899583,545.2729183812339,598.3996494558577,640.0,453.5992915433904,475.7787231907773,425.29777472012614,385.9227419366323,436.8017262783537,448.79597976872213,410.9675636274133,380.23715424314594,320.0,188.22760547752506,95.46137632955373,100.85899602347206,140.26051380776596,129.89064632241576,64.86745561346675,25.468954141836036,0.0,235.13701274852178,237.27320846681658,232.82874357448537,238.34539989314982,339.580968189235,284.70228331951046,233.98668446081672,214.29037822069645,434.66873469611267,367.88450215636055,321.8373294052444,307.0504849721311,320.0,342.23461481336415,406.0460586241297,463.1305931943855,509.97685896534364,460.5612574969145,529.8305680896619,570.9472156758625,609.1677613289994,463.66938524972625,545.7245551797879,598.719822085059,640.0,454.11880186064116,476.7169856456186,425.9859492411407,386.4568665361922,437.27980463004707,449.28670777181776,411.3369461352527,380.2544067990426
320.0,189.87537801620226,98.41233720616114,104.2380631088071,142.96460005935438,126.21976322955973,60.95236315530252,23.102654443699976,0.0,234.40349735282086,243.25983256742217,244.23248739537217,253.21510889868213,340.31946011583796,295.42716984190736,240.10899153283418,214.90431881868687,435.9815293689084,375.80523451340923,324.462215198012,302.9686364367384,320.0,344.00688859888555,407.3818293265381,463.75509715779276,510.5102710345693,465.92923657480503,531.2749440684275,571.2023238061383,608.014041290659,467.2756877539996,547.7703126054308,599.227396256721,640.0,455.2157275765661,480.0421069700319,430.8232211066205,391.9700022170598,435.0863986484782,448.30883233574446,411.2767134907758,381.1650959522087,320.0,190.37730265420703,98.66098992951632,104.24480144115992,145.94636369806,131.0588342836882,62.908108971562285,23.770348835867253,0.0,240.78100379818775,244.34464294865313,243.2612245519805,250.68293973360517,347.7732241383211,290.6136702441745,234.82231341812428,211.04236177380494,442.3917825813365,372.5258479441449,321.8384761451003,302.79800907927074,320.0,341.8988926692132,405.28794174115,462.28324051950136,510.1181430282286,461.48922215586674,529.6437612203538,570.6271089561151,608.274450628549,463.7971019662499,547.7262228131715,599.789074499131,640.0,452.03057770363034,478.0931120069863,428.0358361414638,388.67995427024965,431.7035403447972,442.30462627937106,404.8683538380919,375.4375342625235,320.0,189.08651992783925,95.23602110039525,98.84285504199087,137.97077422374997,130.6350751973812,64.03685721309984,24.7164255508319,0.0,234.44919952985498,239.58259026548376,239.7601946139883,248.72777728508098,337.0301519214988,284.929769002536,233.74079383557722,213.10366427964425,429.8543066876668,367.20460625355724,321.61868186517796,306.52303070648605,320.0,341.85681397938475,405.14435025515763,462.3715071575634,508.59876864053945,460.2385181671344,529.6300793839035,570.5457087312888,608.5007555472612,463.1078797899583,545.2729183812339,598.3996494558577,640.0,453.5992915433904,475.7787231907773,425.29777472012614,385.9227419366323,436.8017262783537,448.79597976872213,410.9675636274133,380.23715424314594,320.0,188.22760547752506,95.46137632955373,100.85899602347206,140.26051380776596,129.89064632241576,64.86745561346675,25.468954141836036,0.0,235.13701274852178,237.27320846681658,232.82874357448537,238.34539989314982,339.580968189235,284.70228331951046,233.98668446081672,214.29037822069645,434.66873469611267,367.88450215636055,321.8373294052444,307.0504849721311,320.0,342.23461481336415,406.0460586241297,463.1305931943855,509.97685896534364,460.5612574969145,529.8305680896619,570.9472156758625,609.1677613289994,463.66938524972625,545.7245551797879,598.719822085059,640.0,454.11880186064116,476.7169856456186,425.9859492411407,386.4568665361922,437.27980463004707,449.28670777181776,411.3369461352527,380.2544067990426,320.0,193.11604065750947,101.72998567902124,106.96447929382376,145.87235529356997,132.30891013744312,64.6669358407024,25.14095816195089,0.0,239.51804495498124,239.5770724984192,234.76331170235522,239.65031835524005,345.47674014870995,287.6427630810138,236.56221558394242,216.27167705129773,441.05931596021946,371.47300526078715,322.37602019512144,305.1443040434619,320.0,342.13221084624143,406.6789211456682,464.2187321751735,513.5183905444671,463.43778972547034,532.7104538153066,574.2812858719487,612.8078924676054,466.35534283077413,547.640972394753,599.7123736602646,640.0,456.0190472226006,478.8002589300981,427.8638504022664,387.4694061759096,437.87113511656463,450.26605673540996,411.9640880710103,380.14015632232844
320.0,190.37730265420703,98.66098992951632,104.24480144115992,145.94636369806,131.0588342836882,62.908108971562285,23.770348835867253,0.0,240.78100379818775,244.34464294865313,243.2612245519805,250.68293973360517,347.7732241383211,290.6136702441745,234.82231341812428,211.04236177380494,442.3917825813365,372.5258479441449,321.8384761451003,302.79800907927074,320.0,341.8988926692132,405.28794174115,462.28324051950136,510.1181430282286,461.48922215586674,529.6437612203538,570.6271089561151,608.274450628549,463.7971019662499,547.7262228131715,599.789074499131,640.0,452.03057770363034,478.0931120069863,428.0358361414638,388.67995427024965,431.7035403447972,442.30462627937106,404.8683538380919,375.4375342625235,320.0,189.08651992783925,95.23602110039525,98.84285504199087,137.97077422374997,130.6350751973812,64.03685721309984,24.7164255508319,0.0,234.44919952985498,239.58259026548376,239.7601946139883,248.72777728508098,337.0301519214988,284.929769002536,233.74079383557722,213.10366427964425,429.8543066876668,367.20460625355724,321.61868186517796,306.52303070648605,320.0,341.85681397938475,405.14435025515763,462.3715071575634,508.59876864053945,460.2385181671344,529.6300793839035,570.5457087312888,608.5007555472612,463.1078797899583,545.2729183812339,598.3996494558577,640.0,453.5992915433904,475.7787231907773,425.29777472012614,385.9227419366323,436.8017262783537,448.79597976872213,410.9675636274133,380.23715424314594,320.0,188.22760547752506,95.46137632955373,100.85899602347206,140.26051380776596,129.89064632241576,64.86745561346675,25.468954141836036,0.0,235.13701274852178,237.27320846681658,232.82874357448537,238.34539989314982,339.580968189235,284.70228331951046,233.98668446081672,214.29037822069645,434.66873469611267,367.88450215636055,321.8373294052444,307.0504849721311,320.0,342.23461481336415,406.0460586241297,463.1305931943855,509.97685896534364,460.5612574969145,529.8305680896619,570.9472156758625,609.1677613289994,463.66938524972625,545.7245551797879,598.719822085059,640.0,454.11880186064116,476.7169856456186,425.9859492411407,386.4568665361922,437.27980463004707,449.28670777181776,411.3369461352527,380.2544067990426,320.0,193.11604065750947,101.72998567902124,106.96447929382376,145.87235529356997,132.30891013744312,64.6669358407024,25.14095816195089,0.0,239.51804495498124,239.5770724984192,234.76331170235522,239.65031835524005,345.47674014870995,287.6427630810138,236.56221558394242,216.27167705129773,441.05931596021946,371.47300526078715,322.37602019512144,305.1443040434619,320.0,342.13221084624143,406.6789211456682,464.2187321751735,513.5183905444671,463.43778972547034,532.7104538153066,574.2812858719487,612.8078924676054,466.35534283077413,547.640972394753,599.7123736602646,640.0,456.0190472226006,478.8002589300981,427.8638504022664,387.4694061759096,437.87113511656463,450.26605673540996,411.9640880710103,380.14015632232844,320.0,190.70714420099313,98.23632581401341,101.96436771462785,140.64125987172662,132.8684604965979,62.60325578616704,24.382105926736358,0.0,240.3647579025083,239.1068478151351,234.17204111239212,237.3958703927113,346.0558122033578,281.85656672114675,227.91473289160785,204.49604150115334,440.5608683285318,366.3967986047395,316.34280894257836,297.2442535115572,320.0,340.7091852109419,404.80614215288585,462.07577713143183,509.82201336078657,460.8125697928873,530.6279214393169,572.373912360837,610.6929293216924,463.7821373836208,546.5081108984732,599.6071678479018,640.0,453.6237701462978,477.04901206122975,427.39778676949567,387.03396311787566,435.7720058304369,445.9324212183701,408.7660114631123,377.5382353014171
320.0,189.08651992783925,95.23602110039525,98.84285504199087,137.97077422374997,130.6350751973812,64.03685721309984,24.7164255508319,0.0,234.44919952985498,239.58259026548376,239.7601946139883,248.72777728508098,337.0301519214988,284.929769002536,233.74079383557722,213.10366427964425,429.8543066876668,367.20460625355724,321.61868186517796,306.52303070648605,320.0,341.85681397938475,405.14435025515763,462.3715071575634,508.59876864053945,460.2385181671344,529.6300793839035,570.5457087312888,608.5007555472612,463.1078797899583,545.2729183812339,598.3996494558577,640.0,453.5992915433904,475.7787231907773,425.29777472012614,385.9227419366323,436.8017262783537,448.79597976872213,410.9675636274133,380.23715424314594,320.0,188.22760547752506,95.46137632955373,100.85899602347206,140.26051380776596,129.89064632241576,64.86745561346675,25.468954141836036,0.0,235.13701274852178,237.27320846681658,232.82874357448537,238.34539989314982,339.580968189235,284.70228331951046,233.98668446081672,214.29037822069645,434.66873469611267,367.88450215636055,321.8373294052444,307.0504849721311,320.0,342.23461481336415,406.0460586241297,463.1305931943855,509.97685896534364,460.5612574969145,529.8305680896619,570.9472156758625,609.1677613289994,463.66938524972625,545.7245551797879,598.719822085059,640.0,454.11880186064116,476.7169856456186,425.9859492411407,386.4568665361922,437.27980463004707,449.28670777181776,411.3369461352527,380.2544067990426,320.0,193.11604065750947,101.72998567902124,106.96447929382376,145.87235529356997,132.30891013744312,64.6669358407024,25.14095816195089,0.0,239.51804495498124,239.5770724984192,234.76331170235522,239.65031835524005,345.47674014870995,287.6427630810138,236.56221558394242,216.27167705129773,441.05931596021946,371.47300526078715,322.37602019512144,305.1443040434619,320.0,342.13221084624143,406.6789211456682,464.2187321751735,513.5183905444671,463.43778972547034,532.7104538153066,574.2812858719487,612.8078924676054,466.35534283077413,547.640972394753,599.7123736602646,640.0,456.0190472226006,478.8002589300981,427.8638504022664,387.4694061759096,437.87113511656463,450.26605673540996,411.9640880710103,380.14015632232844,320.0,190.70714420099313,98.23632581401341,101.96436771462785,140.64125987172662,132.8684604965979,62.60325578616704,24.382105926736358,0.0,240.3647579025083,239.1068478151351,234.17204111239212,237.3958703927113,346.0558122033578,281.85656672114675,227.91473289160785,204.49604150115334,440.5608683285318,366.3967986047395,316.34280894257836,297.2442535115572,320.0,340.7091852109419,404.80614215288585,462.07577713143183,509.82201336078657,460.8125697928873,530.6279214393169,572.373912360837,610.6929293216924,463.7821373836208,546.5081108984732,599.6071678479018,640.0,453.6237701462978,477.04901206122975,427.39778676949567,387.03396311787566,435.7720058304369,445.9324212183701,408.7660114631123,377.5382353014171,320.0,190.21824618527114,94.46534822440981,97.16286213900025,138.09717919597836,130.49089978188786,60.8542740957638,23.161348488896465,0.0,237.10190510825637,239.1422411135604,235.5527637517435,239.94120532654722,341.83887936280155,278.4968400096859,226.18603957113842,204.74045904522097,435.5455082388494,361.6456432521496,311.99030692070494,292.73985858898146,320.0,340.2962914241011,403.7135633770976,460.0286663467706,506.6817551262135,460.0251031224566,528.6262035269187,569.802160774442,607.9200843365476,463.0079362017117,545.8171035284984,599.0380019426823,640.0,452.77104134453714,477.36184672386645,427.4522609512825,387.20087754756946,435.08642761125947,446.3587291615469,409.26676560483793,378.324512885743
320.0,188.22760547752506,95.46137632955373,100.85899602347206,140.26051380776596,129.89064632241576,64.86745561346675,25.468954141836036,0.0,235.13701274852178,237.27320846681658,232.82874357448537,238.34539989314982,339.580968189235,284.70228331951046,233.98668446081672,214.29037822069645,434.66873469611267,367.88450215636055,321.8373294052444,307.0504849721311,320.0,342.23461481336415,406.0460586241297,463.1305931943855,509.97685896534364,460.5612574969145,529.8305680896619,570.9472156758625,609.1677613289994,463.66938524972625,545.7245551797879,598.719822085059,640.0,454.11880186064116,476.7169856456186,425.9859492411407,386.4568665361922,437.27980463004707,449.28670777181776,411.3369461352527,380.2544067990426,320.0,193.11604065750947,101.72998567902124,106.96447929382376,145.87235529356997,132.30891013744312,64.6669358407024,25.14095816195089,0.0,239.51804495498124,239.5770724984192,234.76331170235522,239.65031835524005,345.47674014870995,287.6427630810138,236.56221558394242,216.27167705129773,441.05931596021946,371.47300526078715,322.37602019512144,305.1443040434619,320.0,342.13221084624143,406.6789211456682,464.2187321751735,513.5183905444671,463.43778972547034,532.7104538153066,574.2812858719487,612.8078924676054,466.35534283077413,547.640972394753,599.7123736602646,640.0,456.0190472226006,478.8002589300981,427.8638504022664,387.4694061759096,437.87113511656463,450.26605673540996,411.9640880710103,380.14015632232844,320.0,190.70714420099313,98.23632581401341,101.96436771462785,140.64125987172662,132.8684604965979,62.60325578616704,24.382105926736358,0.0,240.3647579025083,239.1068478151351,234.17204111239212,237.3958703927113,346.0558122033578,281.85656672114675,227.91473289160785,204.49604150115334,440.5608683285318,366.3967986047395,316.34280894257836,297.2442535115572,320.0,340.7091852109419,404.80614215288585,462.07577713143183,509.82201336078657,460.8125697928873,530.6279214393169,572.373912360837,610.6929293216924,463.7821373836208,546.5081108984732,599.6071678479018,640.0,453.6237701462978,477.04901206122975,427.39778676949567,387.03396311787566,435.7720058304369,445.9324212183701,408.7660114631123,377.5382353014171,320.0,190.21824618527114,94.46534822440981,97.16286213900025,138.09717919597836,130.49089978188786,60.8542740957638,23.161348488896465,0.0,237.10190510825637,239.1422411135604,235.5527637517435,239.94120532654722,341.83887936280155,278.4968400096859,226.18603957113842,204.74045904522097,435.5455082388494,361.6456432521496,311.99030692070494,292.73985858898146,320.0,340.2962914241011,403.7135633770976,460.0286663467706,506.6817551262135,460.0251031224566,528.6262035269187,569.802160774442,607.9200843365476,463.0079362017117,545.8171035284984,599.0380019426823,640.0,452.77104134453714,477.36184672386645,427.4522609512825,387.20087754756946,435.08642761125947,446.3587291615469,409.26676560483793,378.324512885743,320.0,187.7110592338271,97.37195354970885,106.76313059173441,152.49554634268463,132.84336118630614,66.39384221427466,25.915383723566265,0.0,242.91722102245657,248.60254579018152,242.29840843052554,245.04727549208854,351.13702663028647,298.68180613537174,242.80848758966093,216.80503997474077,448.6733357854912,384.2371684320289,330.63320542045534,306.65271639407024,320.0,342.2767127744186,405.18671820236983,461.85338855753514,508.5472194979767,462.74458537619205,531.7509136031462,572.7724619641476,610.5377446996112,464.63374933305977,547.605368744309,599.9579016460966,640.0,452.9585002894278,475.8050574653987,425.2020081141329,385.3285635404536,433.40257686760674,445.97110564678115,408.75021406852835,377.72795816669725
320.0,193.11604065750947,101.72998567902124,106.96447929382376,145.87235529356997,132.30891013744312,64.6669358407024,25.14095816195089,0.0,239.51804495498124,239.5770724984192,234.76331170235522,239.65031835524005,345.47674014870995,287.6427630810138,236.56221558394242,216.27167705129773,441.05931596021946,371.47300526078715,322.37602019512144,305.1443040434619,320.0,342.13221084624143,406.6789211456682,464.2187321751735,513.5183905444671,463.43778972547034,532.7104538153066,574.2812858719487,612.8078924676054,466.35534283077413,547.640972394753,599.7123736602646,640.0,456.0190472226006,478.8002589300981,427.8638504022664,387.4694061759096,437.87113511656463,450.26605673540996,411.9640880710103,380.14015632232844,320.0,190.70714420099313,98.23632581401341,101.96436771462785,140.64125987172662,132.8684604965979,62.60325578616704,24.382105926736358,0.0,240.3647579025083,239.1068478151351,234.17204111239212,237.3958703927113,346.0558122033578,281.85656672114675,227.91473289160785,204.49604150115334,440.5608683285318,366.3967986047395,316.34280894257836,297.2442535115572,320.0,340.7091852109419,404.80614215288585,462.07577713143183,509.82201336078657,460.8125697928873,530.6279214393169,572.373912360837,610.6929293216924,463.7821373836208,546.5081108984732,599.6071678479018,640.0,453.6237701462978,477.04901206122975,427.39778676949567,387.03396311787566,435.7720058304369,445.9324212183701,408.7660114631123,377.5382353014171,320.0,190.21824618527114,94.46534822440981,97.16286213900025,138.09717919597836,130.49089978188786,60.8542740957638,23.161348488896465,0.0,237.10190510825637,239.1422411135604,235.5527637517435,239.94120532654722,341.83887936280155,278.4968400096859,226.18603957113842,204.74045904522097,435.5455082388494,361.6456432521496,311.99030692070494,292.73985858898146,320.0,340.2962914241011,403.7135633770976,460.0286663467706,506.6817551262135,460.0251031224566,528.6262035269187,569.802160774442,607.9200843365476,463.0079362017117,545.8171035284984,599.0380019426823,640.0,452.77104134453714,477.36184672386645,427.4522609512825,387.20087754756946,435.08642761125947,446.3587291615469,409.26676560483793,378.324512885743,320.0,187.7110592338271,97.37195354970885,106.76313059173441,152.49554634268463,132.84336118630614,66.39384221427466,25.915383723566265,0.0,242.91722102245657,248.60254579018152,242.29840843052554,245.04727549208854,351.13702663028647,298.68180613537174,242.80848758966093,216.80503997474077,448.6733357854912,384.2371684320289,330.63320542045534,306.65271639407024,320.0,342.2767127744186,405.18671820236983,461.85338855753514,508.5472194979767,462.74458537619205,531.7509136031462,572.7724619641476,610.5377446996112,464.63374933305977,547.605368744309,599.9579016460966,640.0,452.9585002894278,475.8050574653987,425.2020081141329,385.3285635404536,433.40257686760674,445.97110564678115,408.75021406852835,377.72795816669725,320.0,186.3689458415339,92.12870312688011,100.68299432464846,148.83045191600786,123.78143161490055,58.992495849381896,22.256113945682728,0.0,235.40580073369898,244.67028175979254,243.40262351986792,250.45559308107437,343.3225300953141,287.4490826212385,229.97222720046517,205.64638008834714,438.08763443864234,365.6623496219639,315.3976583117968,296.689043643335,320.0,340.25164751624874,404.8550107934917,462.11849909657235,508.378887664888,462.6778093221028,531.7670723121794,573.1664013140005,611.2185683215641,466.44617921894894,546.7849261910499,599.187313103795,640.0,456.7146497217375,476.0312834488619,425.920424783841,386.5729734208837,439.52341994593354,443.13783628410334,404.0518257511611,373.6842458151816
320.0,190.70714420099313,98.23632581401341,101.96436771462785,140.64125987172662,132.8684604965979,62.60325578616704,24.382105926736358,0.0,240.3647579025083,239.1068478151351,234.17204111239212,237.3958703927113,346.0558122033578,281.85656672114675,227.91473289160785,204.49604150115334,440.5608683285318,366.3967986047395,316.34280894257836,297.2442535115572,320.0,340.7091852109419,404.80614215288585,462.07577713143183,509.82201336078657,460.8125697928873,530.6279214393169,572.373912360837,610.6929293216924,463.7821373836208,546.5081108984732,599.6071678479018,640.0,453.6237701462978,477.04901206122975,427.39778676949567,387.03396311787566,435.7720058304369,445.9324212183701,408.7660114631123,377.5382353014171,320.0,190.21824618527114,94.46534822440981,97.16286213900025,138.09717919597836,130.49089978188786,60.8542740957638,23.161348488896465,0.0,237.10190510825637,239.1422411135604,235.5527637517435,239.94120532654722,341.83887936280155,278.4968400096859,226.18603957113842,204.74045904522097,435.5455082388494,361.6456432521496,311.99030692070494,292.73985858898146,320.0,340.2962914241011,403.7135633770976,460.0286663467706,506.6817551262135,460.0251031224566,528.6262035269187,569.802160774442,607.9200843365476,463.0079362017117,545.8171035284984,599.0380019426823,640.0,452.77104134453714,477.36184672386645,427.4522609512825,387.20087754756946,435.08642761125947,446.3587291615469,409.26676560483793,378.324512885743,320.0,187.7110592338271,97.37195354970885,106.76313059173441,152.49554634268463,132.84336118630614,66.39384221427466,25.915383723566265,0.0,242.91722102245657,248.60254579018152,242.29840843052554,245.04727549208854,351.13702663028647,298.68180613537174,242.80848758966093,216.80503997474077,448.6733357854912,384.2371684320289,330.63320542045534,306.65271639407024,320.0,342.2767127744186,405.18671820236983,461.85338855753514,508.5472194979767,462.74458537619205,531.7509136031462,572.7724619641476,610.5377446996112,464.63374933305977,547.605368744309,599.9579016460966,640.0,452.9585002894278,475.8050574653987,425.2020081141329,385.3285635404536,433.40257686760674,445.97110564678115,408.75021406852835,377.72795816669725,320.0,186.3689458415339,92.12870312688011,100.68299432464846,148.83045191600786,123.78143161490055,58.992495849381896,22.256113945682728,0.0,235.40580073369898,244.67028175979254,243.40262351986792,250.45559308107437,343.3225300953141,287.4490826212385,229.97222720046517,205.64638008834714,438.08763443864234,365.6623496219639,315.3976583117968,296.689043643335,320.0,340.25164751624874,404.8550107934917,462.11849909657235,508.378887664888,462.6778093221028,531.7670723121794,573.1664013140005,611.2185683215641,466.44617921894894,546.7849261910499,599.187313103795,640.0,456.7146497217375,476.0312834488619,425.920424783841,386.5729734208837,439.52341994593354,443.13783628410334,404.0518257511611,373.6842458151816,320.0,186.4725970252441,94.1365489908014,103.87751621626717,151.1066777786001,124.95217746854775,60.99105513875588,23.4043427556461,0.0,236.4566232378844,245.25378096099223,243.21722650003056,249.47549437148086,345.2075650018226,289.24710828481057,231.78677958793605,206.77113906664357,441.37631071245846,367.58888665690006,317.1381592405027,297.95262473459377,320.0,340.64575250396035,405.46132752329515,462.5626509417481,508.253330629974,463.6985860967734,532.1979713533909,573.4692195150913,611.2830056777099,467.53786658030594,547.6567130357445,599.6884566251722,640.0,457.4475666030975,476.55371491503354,426.18420702559746,386.57280400439686,439.60858258039667,442.6531068819935,403.191763893456,372.50322902464256
320.0,190.21824618527114,94.46534822440981,97.16286213900025,138.09717919597836,130.49089978188786,60.8542740957638,23.161348488896465,0.0,237.10190510825637,239.1422411135604,235.5527637517435,239.94120532654722,341.83887936280155,278.4968400096859,226.18603957113842,204.74045904522097,435.5455082388494,361.6456432521496,311.99030692070494,292.73985858898146,320.0,340.2962914241011,403.7135633770976,460.0286663467706,506.6817551262135,460.0251031224566,528.6262035269187,569.802160774442,607.9200843365476,463.0079362017117,545.8171035284984,599.0380019426823,640.0,452.77104134453714,477.36184672386645,427.4522609512825,387.20087754756946,435.08642761125947,446.3587291615469,409.26676560483793,378.324512885743,320.0,187.7110592338271,97.37195354970885,106.76313059173441,152.49554634268463,132.84336118630614,66.39384221427466,25.915383723566265,0.0,242.91722102245657,248.60254579018152,242.29840843052554,245.04727549208854,351.13702663028647,298.68180613537174,242.80848758966093,216.80503997474077,448.6733357854912,384.2371684320289,330.63320542045534,306.65271639407024,320.0,342.2767127744186,405.18671820236983,461.85338855753514,508.5472194979767,462.74458537619205,531.7509136031462,572.7724619641476,610.5377446996112,464.63374933305977,547.605368744309,599.9579016460966,640.0,452.9585002894278,475.8050574653987,425.2020081141329,385.3285635404536,433.40257686760674,445.97110564678115,408.75021406852835,377.72795816669725,320.0,186.3689458415339,92.12870312688011,100.68299432464846,148.83045191600786,123.78143161490055,58.992495849381896,22.256113945682728,0.0,235.40580073369898,244.67028175979254,243.40262351986792,250.45559308107437,343.3225300953141,287.4490826212385,229.97222720046517,205.64638008834714,438.08763443864234,365.6623496219639,315.3976583117968,296.689043643335,320.0,340.25164751624874,404.8550107934917,462.11849909657235,508.378887664888,462.6778093221028,531.7670723121794,573.1664013140005,611.2185683215641,466.44617921894894,546.7849261910499,599.187313103795,640.0,456.7146497217375,476.0312834488619,425.920424783841,386.5729734208837,439.52341994593354,443.13783628410334,404.0518257511611,373.6842458151816,320.0,186.4725970252441,94.1365489908014,103.87751621626717,151.1066777786001,124.95217746854775,60.99105513875588,23.4043427556461,0.0,236.4566232378844,245.25378096099223,243.21722650003056,249.47549437148086,345.2075650018226,289.24710828481057,231.78677958793605,206.77113906664357,441.37631071245846,367.58888665690006,317.1381592405027,297.95262473459377,320.0,340.64575250396035,405.46132752329515,462.5626509417481,508.253330629974,463.6985860967734,532.1979713533909,573.4692195150913,611.2830056777099,467.53786658030594,547.6567130357445,599.6884566251722,640.0,457.4475666030975,476.55371491503354,426.18420702559746,386.57280400439686,439.60858258039667,442.6531068819935,403.191763893456,372.50322902464256,320.0,191.35955701111342,99.9664412189517,104.44185991004801,144.61295824988244,132.81042625584155,68.17019831010381,27.221644834457322,0.0,244.45571258185487,253.83385553132456,249.93612430606294,252.92388932415042,353.98336149981475,302.50193898011617,243.67343751339675,214.92899057401922,451.91388170726646,385.4266555715525,331.48230308431664,307.9896362179008,320.0,342.08484750307997,405.67030683773385,461.9303614956427,507.5964232106124,463.69520747777074,533.3781840536782,574.3865491592378,611.574866320954,465.2922070354185,547.4394474256521,599.2596141287582,640.0,453.1849710674049,476.4004484203911,427.23553047952566,389.12176613774955,433.34854892979286,443.82244917279354,406.0532950421524,375.6738839396458
320.0,187.7110592338271,97.37195354970885,106.76313059173441,152.49554634268463,132.84336118630614,66.39384221427466,25.915383723566265,0.0,242.91722102245657,248.60254579018152,242.29840843052554,245.04727549208854,351.13702663028647,298.68180613537174,242.80848758966093,216.80503997474077,448.6733357854912,384.2371684320289,330.63320542045534,306.65271639407024,320.0,342.2767127744186,405.18671820236983,461.85338855753514,508.5472194979767,462.74458537619205,531.7509136031462,572.7724619641476,610.5377446996112,464.63374933305977,547.605368744309,599.9579016460966,640.0,452.9585002894278,475.8050574653987,425.2020081141329,385.3285635404536,433.40257686760674,445.97110564678115,408.75021406852835,377.72795816669725,320.0,186.3689458415339,92.12870312688011,100.68299432464846,148.83045191600786,123.78143161490055,58.992495849381896,22.256113945682728,0.0,235.40580073369898,244.67028175979254,243.40262351986792,250.45559308107437,343.3225300953141,287.4490826212385,229.97222720046517,205.64638008834714,438.08763443864234,365.6623496219639,315.3976583117968,296.689043643335,320.0,340.25164751624874,404.8550107934917,462.11849909657235,508.378887664888,462.6778093221028,531.7670723121794,573.1664013140005,611.2185683215641,466.44617921894894,546.7849261910499,599.187313103795,640.0,456.7146497217375,476.0312834488619,425.920424783841,386.5729734208837,439.52341994593354,443.13783628410334,404.0518257511611,373.6842458151816,320.0,186.4725970252441,94.1365489908014,103.87751621626717,151.1066777786001,124.95217746854775,60.99105513875588,23.4043427556461,0.0,236.4566232378844,245.25378096099223,243.21722650003056,249.47549437148086,345.2075650018226,289.24710828481057,231.78677958793605,206.77113906664357,441.37631071245846,367.58888665690006,317.1381592405027,297.95262473459377,320.0,340.64575250396035,405.46132752329515,462.5626509417481,508.253330629974,463.6985860967734,532.1979713533909,573.4692195150913,611.2830056777099,467.53786658030594,547.6567130357445,599.6884566251722,640.0,457.4475666030975,476.55371491503354,426.18420702559746,386.57280400439686,439.60858258039667,442.6531068819935,403.191763893456,372.50322902464256,320.0,191.35955701111342,99.9664412189517,104.44185991004801,144.61295824988244,132.81042625584155,68.17019831010381,27.221644834457322,0.0,244.45571258185487,253.83385553132456,249.93612430606294,252.92388932415042,353.98336149981475,302.50193898011617,243.67343751339675,214.92899057401922,451.91388170726646,385.4266555715525,331.48230308431664,307.9896362179008,320.0,342.08484750307997,405.67030683773385,461.9303614956427,507.5964232106124,463.69520747777074,533.3781840536782,574.3865491592378,611.574866320954,465.2922070354185,547.4394474256521,599.2596141287582,640.0,453.1849710674049,476.4004484203911,427.23553047952566,389.12176613774955,433.34854892979286,443.82244917279354,406.0532950421524,375.6738839396458,320.0,180.7756109130516,86.1805195236766,101.29434040537228,154.54889193899368,124.24443264231707,63.944550102410176,25.92440109568639,0.0,244.62130786793074,250.98779607507416,243.08802836797412,241.81050019572683,360.65870267000673,300.3242503206429,240.68092543341527,215.29217403384544,462.1715565183873,386.2563317300488,329.2415984122073,305.84077421209304,320.0,342.3688641544998,405.2301649563784,459.4789421310069,500.02744183352723,465.4423073885505,535.7237283405905,576.740276629688,613.4335251594017,467.6857141352821,547.8402560956989,598.7816499849944,640.0,454.6558345486998,471.54913678269247,421.11546946490535,382.8807607053162,432.8194641155379,437.06269184800635,400.29055067946445,371.81119260355183
320.0,186.3689458415339,92.12870312688011,100.68299432464846,148.83045191600786,123.78143161490055,58.992495849381896,22.256113945682728,0.0,235.40580073369898,244.67028175979254,243.40262351986792,250.45559308107437,343.3225300953141,287.4490826212385,229.97222720046517,205.64638008834714,438.08763443864234,365.6623496219639,315.3976583117968,296.689043643335,320.0,340.25164751624874,404.8550107934917,462.11849909657235,508.378887664888,462.6778093221028,531.7670723121794,573.1664013140005,611.2185683215641,466.44617921894894,546.7849261910499,599.187313103795,640.0,456.7146497217375,476.0312834488619,425.920424783841,386.5729734208837,439.52341994593354,443.13783628410334,404.0518257511611,373.6842458151816,320.0,186.4725970252441,94.1365489908014,103.87751621626717,151.1066777786001,124.95217746854775,60.99105513875588,23.4043427556461,0.0,236.4566232378844,245.25378096099223,243.21722650003056,249.47549437148086,345.2075650018226,289.24710828481057,231.78677958793605,206.77113906664357,441.37631071245846,367.58888665690006,317.1381592405027,297.95262473459377,320.0,340.64575250396035,405.46132752329515,462.5626509417481,508.253330629974,463.6985860967734,532.1979713533909,573.4692195150913,611.2830056777099,467.53786658030594,547.6567130357445,599.6884566251722,640.0,457.4475666030975,476.55371491503354,426.18420702559746,386.57280400439686,439.60858258039667,442.6531068819935,403.191763893456,372.50322902464256,320.0,191.35955701111342,99.9664412189517,104.44185991004801,144.61295824988244,132.81042625584155,68.17019831010381,27.221644834457322,0.0,244.45571258185487,253.83385553132456,249.93612430606294,252.92388932415042,353.98336149981475,302.50193898011617,243.67343751339675,214.92899057401922,451.91388170726646,385.4266555715525,331.48230308431664,307.9896362179008,320.0,342.08484750307997,405.67030683773385,461.9303614956427,507.5964232106124,463.69520747777074,533.3781840536782,574.3865491592378,611.574866320954,465.2922070354185,547.4394474256521,599.2596141287582,640.0,453.1849710674049,476.4004484203911,427.23553047952566,389.12176613774955,433.34854892979286,443.82244917279354,406.0532950421524,375.6738839396458,320.0,180.7756109130516,86.1805195236766,101.29434040537228,154.54889193899368,124.24443264231707,63.944550102410176,25.92440109568639,0.0,244.62130786793074,250.98779607507416,243.08802836797412,241.81050019572683,360.65870267000673,300.3242503206429,240.68092543341527,215.29217403384544,462.1715565183873,386.2563317300488,329.2415984122073,305.84077421209304,320.0,342.3688641544998,405.2301649563784,459.4789421310069,500.02744183352723,465.4423073885505,535.7237283405905,576.740276629688,613.4335251594017,467.6857141352821,547.8402560956989,598.7816499849944,640.0,454.6558345486998,471.54913678269247,421.11546946490535,382.8807607053162,432.8194641155379,437.06269184800635,400.29055067946445,371.81119260355183,320.0,168.49536285902775,50.89417691194876,30.535296080518492,46.7379250116382,101.55651977063923,51.77948783724605,21.065093716289425,0.0,226.75246829579385,215.18243236683008,197.94155807323457,188.1372383192542,350.722018358469,277.5158476317595,216.01701043018176,184.51411071598847,458.3507629603095,372.9824412583671,309.09169883035406,277.95343389627664,320.0,353.19960886150534,418.5691662975815,481.31802659143887,537.6244991783102,499.44867723286035,569.5108393035973,606.1329320204129,634.8054290526534,503.90021720301365,574.832236042484,610.4399238176753,640.0,491.9015608565713,494.47810308843646,440.1890618104237,397.22286004683906,466.7934777734685,453.4466114048496,407.9827118673402,373.1564199971522
320.0,186.4725970252441,94.1365489908014,103.87751621626717,151.1066777786001,124.95217746854775,60.99105513875588,23.4043427556461,0.0,236.4566232378844,245.25378096099223,243.21722650003056,249.47549437148086,345.2075650018226,289.24710828481057,231.78677958793605,206.77113906664357,441.37631071245846,367.58888665690006,317.1381592405027,297.95262473459377,320.0,340.64575250396035,405.46132752329515,462.5626509417481,508.253330629974,463.6985860967734,532.1979713533909,573.4692195150913,611.2830056777099,467.53786658030594,547.6567130357445,599.6884566251722,640.0,457.4475666030975,476.55371491503354,426.18420702559746,386.57280400439686,439.60858258039667,442.6531068819935,403.191763893456,372.50322902464256,320.0,191.35955701111342,99.9664412189517,104.44185991004801,144.61295824988244,132.81042625584155,68.17019831010381,27.221644834457322,0.0,244.45571258185487,253.83385553132456,249.93612430606294,252.92388932415042,353.98336149981475,302.50193898011617,243.67343751339675,214.92899057401922,451.91388170726646,385.4266555715525,331.48230308431664,307.9896362179008,320.0,342.08484750307997,405.67030683773385,461.9303614956427,507.5964232106124,463.69520747777074,533.3781840536782,574.3865491592378,611.574866320954,465.2922070354185,547.4394474256521,599.2596141287582,640.0,453.1849710674049,476.4004484203911,427.23553047952566,389.12176613774955,433.34854892979286,443.82244917279354,406.0532950421524,375.6738839396458,320.0,180.7756109130516,86.1805195236766,101.29434040537228,154.54889193899368,124.24443264231707,63.944550102410176,25.92440109568639,0.0,244.62130786793074,250.98779607507416,243.08802836797412,241.81050019572683,360.65870267000673,300.3242503206429,240.68092543341527,215.29217403384544,462.1715565183873,386.2563317300488,329.2415984122073,305.84077421209304,320.0,342.3688641544998,405.2301649563784,459.4789421310069,500.02744183352723,465.4423073885505,535.7237283405905,576.740276629688,613.4335251594017,467.6857141352821,547.8402560956989,598.7816499849944,640.0,454.6558345486998,471.54913678269247,421.11546946490535,382.8807607053162,432.8194641155379,437.06269184800635,400.29055067946445,371.81119260355183,320.0,168.49536285902775,50.89417691194876,30.535296080518492,46.7379250116382,101.55651977063923,51.77948783724605,21.065093716289425,0.0,226.75246829579385,215.18243236683008,197.94155807323457,188.1372383192542,350.722018358469,277.5158476317595,216.01701043018176,184.51411071598847,458.3507629603095,372.9824412583671,309.09169883035406,277.95343389627664,320.0,353.19960886150534,418.5691662975815,481.31802659143887,537.6244991783102,499.44867723286035,569.5108393035973,606.1329320204129,634.8054290526534,503.90021720301365,574.832236042484,610.4399238176753,640.0,491.9015608565713,494.47810308843646,440.1890618104237,397.22286004683906,466.7934777734685,453.4466114048496,407.9827118673402,373.1564199971522,320.0,239.91033606438458,159.97347069899288,78.75427075511254,0.0,284.85632884854226,142.3345466024479,85.08278449247567,84.931006279983,291.8587888672594,130.87261312020613,84.01982682616134,97.58777866527646,279.98003925188647,129.80149259204347,98.52676286726901,118.00539195288496,258.73644638099836,146.34353212771688,120.92004381161007,132.85363765502663,320.0,294.80092301962094,325.3936708283127,362.1854006514417,387.2060896601823,528.9422397409032,603.7629699426627,534.0817471759965,493.4923663416036,584.1629862225385,633.1486389653892,551.6677622694147,498.820128339687,606.4237922983855,640.0,567.1291055811607,519.1535944608956,613.6672516733122,638.103838474033,585.3799315998555,547.0389496026847
320.0,175.27027400058523,81.72940706322623,86.54231128087065,111.10727764817898,121.99775513090185,63.06500649975811,26.028998136919995,0.0,230.82917888158295,241.47347669748584,244.14160087280646,251.2064069226565,333.0509537720893,292.0896605644109,247.48571688234142,229.07225242419108,426.3193787072085,382.69057286630203,343.20914357352075,327.4824213499537,320.0,340.49381243262576,405.2976906771361,464.1351348897791,508.7787510784901,467.0111002910926,535.776912839724,575.2030041077821,611.6373972742205,470.114241808304,551.6488260246014,600.0001389143345,640.0,457.1440297330292,486.239027823871,435.3400357875008,396.57410443055693,435.6639547704675,450.7739350159962,412.9253256855712,383.34236296816795,320.0,180.51024638642824,93.11609674424307,95.95599458161035,120.38961521498592,127.70539007178547,68.0536977276644,27.24151025541289,0.0,233.19298111561477,240.42351268751665,241.05931071080784,248.30905392926664,335.87909761519063,306.14443959068615,264.5386297469424,243.11418439612098,427.6839491017317,382.2558444696299,339.8350174661828,318.06580366797186,320.0,341.1021446155135,406.4553843174998,465.31668752804336,509.5647695951581,465.3720034731808,533.1921334603405,571.6858120950275,607.0004462793496,467.9269280034437,549.5158997731664,598.9109528444363,640.0,455.3783590608892,484.67170582887667,431.3029437657841,392.5280886194662,434.56388053716245,445.55464121470067,404.97236073808835,375.68809165662833,320.0,180.0753648273256,89.7398088709912,93.7159652223122,123.14501473286995,130.1002463939997,65.82712993581947,25.86075287079069,0.0,237.0695449666394,242.16072179273039,241.69984031867438,248.07186658059126,342.18420346591535,307.7609117873793,263.81756265160647,242.12166922534908,438.48431683816955,395.92962805531005,352.82478750402817,331.6892253448273,320.0,342.70298844298316,408.85718462666006,467.6910654587807,510.6984264371722,466.14556012853393,533.947345235986,572.9586911922888,609.1651781089556,468.25755969479485,549.5178041183914,599.0908518810045,640.0,455.79549976328303,485.7724476923241,432.50727335922215,392.7071806087644,435.2543908821847,450.5259570578935,411.29135164912833,381.18552124692246,320.0,178.05856558458953,87.3359529185197,91.3983806269118,122.33749359932094,124.6397769180449,65.00232616618138,26.395331608825018,0.0,225.6725905954708,231.21377616089862,229.07367452422432,233.04857143825248,322.04889086897373,286.7734550298325,246.31027535010315,226.6293508060877,408.0192122536541,357.54259512664333,317.86650260118876,296.87843181386233,320.0,338.4542093072875,405.33653483381187,465.41357776410496,510.0308421035453,462.6736355026426,529.9952551999643,568.395107972053,604.891982179208,467.35132061593634,548.6033600699814,598.055211309811,640.0,457.3000479899879,486.83512322719633,431.8960646102173,392.08236139405705,439.063789949226,447.4597121070447,405.55541109245,375.4914716148767,320.0,179.53046368152613,92.55047793175109,97.01549811537734,120.44828465903959,131.46453448531386,67.74255935130662,27.016045233459067,0.0,241.113202923581,243.66984169840546,245.2178043543472,252.9775738184922,345.53952236381843,299.07474995550734,260.46942731410513,245.39834912883498,441.59083491267387,383.1672435163887,347.1598974604288,334.1201576119323,320.0,341.5618417771512,408.5599303855297,467.4085358383332,513.0788742189927,465.3925172021274,533.9023069356062,572.5319098401931,608.1611442270578,468.34525399462274,551.7505166183406,600.5130847010885,640.0,456.8391811512992,493.33419449120083,438.81640002241295,396.8783084333854,438.0171412373653,450.1933431804332,407.5565747417305,375.8063147598405
320.0,180.51024638642824,93.11609674424307,95.95599458161035,120.38961521498592,127.70539007178547,68.0536977276644,27.24151025541289,0.0,233.19298111561477,240.42351268751665,241.05931071080784,248.30905392926664,335.87909761519063,306.14443959068615,264.5386297469424,243.11418439612098,427.6839491017317,382.2558444696299,339.8350174661828,318.06580366797186,320.0,341.1021446155135,406.4553843174998,465.31668752804336,509.5647695951581,465.3720034731808,533.1921334603405,571.6858120950275,607.0004462793496,467.9269280034437,549.5158997731664,598.9109528444363,640.0,455.3783590608892,484.67170582887667,431.3029437657841,392.5280886194662,434.56388053716245,445.55464121470067,404.97236073808835,375.68809165662833,320.0,180.0753648273256,89.7398088709912,93.7159652223122,123.14501473286995,130.1002463939997,65.82712993581947,25.86075287079069,0.0,237.0695449666394,242.16072179273039,241.69984031867438,248.07186658059126,342.18420346591535,307.7609117873793,263.81756265160647,242.12166922534908,438.48431683816955,395.92962805531005,352.82478750402817,331.6892253448273,320.0,342.70298844298316,408.85718462666006,467.6910654587807,510.6984264371722,466.14556012853393,533.947345235986,572.9586911922888,609.1651781089556,468.25755969479485,549.5178041183914,599.0908518810045,640.0,455.79549976328303,485.7724476923241,432.50727335922215,392.7071806087644,435.2543908821847,450.5259570578935,411.29135164912833,381.18552124692246,320.0,178.05856558458953,87.3359529185197,91.3983806269118,122.33749359932094,124.6397769180449,65.00232616618138,26.395331608825018,0.0,225.6725905954708,231.21377616089862,229.07367452422432,233.04857143825248,322.04889086897373,286.7734550298325,246.31027535010315,226.6293508060877,408.0192122536541,357.54259512664333,317.86650260118876,296.87843181386233,320.0,338.4542093072875,405.33653483381187,465.41357776410496,510.0308421035453,462.6736355026426,529.9952551999643,568.395107972053,604.891982179208,467.35132061593634,548.6033600699814,598.055211309811,640.0,457.3000479899879,486.83512322719633,431.8960646102173,392.08236139405705,439.063789949226,447.4597121070447,405.55541109245,375.4914716148767,320.0,179.53046368152613,92.55047793175109,97.01549811537734,120.44828465903959,131.46453448531386,67.74255935130662,27.016045233459067,0.0,241.113202923581,243.66984169840546,245.2178043543472,252.9775738184922,345.53952236381843,299.07474995550734,260.46942731410513,245.39834912883498,441.59083491267387,383.1672435163887,347.1598974604288,334.1201576119323,320.0,341.5618417771512,408.5599303855297,467.4085358383332,513.0788742189927,465.3925172021274,533.9023069356062,572.5319098401931,608.1611442270578,468.34525399462274,551.7505166183406,600.5130847010885,640.0,456.8391811512992,493.33419449120083,438.81640002241295,396.8783084333854,438.0171412373653,450.1933431804332,407.5565747417305,375.8063147598405,320.0,174.84982473193568,82.98344796332373,88.39733307541542,120.26962245089868,125.87119546954128,65.11136970726704,25.794171609362536,0.0,232.2084007640292,243.75209948587263,247.3617154600567,257.60762959928036,332.8857362937343,303.41718577383426,261.8881464861508,242.9751799961502,422.8131653064057,377.78244827179384,340.1739409377091,323.3026403294305,320.0,341.1743413742961,407.71209909656795,466.9254689163914,512.2983429456098,463.1313754850283,532.042933036527,571.4814247366605,608.458691678065,466.0572772271212,548.444193726873,598.328147220826,640.0,455.13142775630376,487.0564560917927,433.9695924067912,394.47494083911397,436.8362859377995,446.5911025129477,405.04171107333383,374.8188308735403
320.0,180.0753648273256,89.7398088709912,93.7159652223122,123.14501473286995,130.1002463939997,65.82712993581947,25.86075287079069,0.0,237.0695449666394,242.16072179273039,241.69984031867438,248.07186658059126,342.18420346591535,307.7609117873793,263.81756265160647,242.12166922534908,438.48431683816955,395.92962805531005,352.82478750402817,331.6892253448273,320.0,342.70298844298316,408.85718462666006,467.6910654587807,510.6984264371722,466.14556012853393,533.947345235986,572.9586911922888,609.1651781089556,468.25755969479485,549.5178041183914,599.0908518810045,640.0,455.79549976328303,485.7724476923241,432.50727335922215,392.7071806087644,435.2543908821847,450.5259570578935,411.29135164912833,381.18552124692246,320.0,178.05856558458953,87.3359529185197,91.3983806269118,122.33749359932094,124.6397769180449,65.00232616618138,26.395331608825018,0.0,225.6725905954708,231.21377616089862,229.07367452422432,233.04857143825248,322.04889086897373,286.7734550298325,246.31027535010315,226.6293508060877,408.0192122536541,357.54259512664333,317.86650260118876,296.87843181386233,320.0,338.4542093072875,405.33653483381187,465.41357776410496,510.0308421035453,462.6736355026426,529.9952551999643,568.395107972053,604.891982179208,467.35132061593634,548.6033600699814,598.055211309811,640.0,457.3000479899879,486.83512322719633,431.8960646102173,392.08236139405705,439.063789949226,447.4597121070447,405.55541109245,375.4914716148767,320.0,179.53046368152613,92.55047793175109,97.01549811537734,120.44828465903959,131.46453448531386,67.74255935130662,27.016045233459067,0.0,241.113202923581,243.66984169840546,245.2178043543472,252.9775738184922,345.53952236381843,299.07474995550734,260.46942731410513,245.39834912883498,441.59083491267387,383.1672435163887,347.1598974604288,334.1201576119323,320.0,341.5618417771512,408.5599303855297,467.4085358383332,513.0788742189927,465.3925172021274,533.9023069356062,572.5319098401931,608.1611442270578,468.34525399462274,551.7505166183406,600.5130847010885,640.0,456.8391811512992,493.33419449120083,438.81640002241295,396.8783084333854,438.0171412373653,450.1933431804332,407.5565747417305,375.8063147598405,320.0,174.84982473193568,82.98344796332373,88.39733307541542,120.26962245089868,125.87119546954128,65.11136970726704,25.794171609362536,0.0,232.2084007640292,243.75209948587263,247.3617154600567,257.60762959928036,332.8857362937343,303.41718577383426,261.8881464861508,242.9751799961502,422.8131653064057,377.78244827179384,340.1739409377091,323.3026403294305,320.0,341.1743413742961,407.71209909656795,466.9254689163914,512.2983429456098,463.1313754850283,532.042933036527,571.4814247366605,608.458691678065,466.0572772271212,548.444193726873,598.328147220826,640.0,455.13142775630376,487.0564560917927,433.9695924067912,394.47494083911397,436.8362859377995,446.5911025129477,405.04171107333383,374.8188308735403,320.0,177.60953223697965,88.12889300942538,93.50756163029638,121.84868291838171,133.00829340097022,69.19998563913254,27.681872995022275,0.0,240.22517840210006,246.59596332910252,246.99161367576963,253.81197823061441,343.0215518606827,308.02043466966836,268.63161629451605,251.63824974815685,437.4252992023383,388.3046446846839,350.2832850061984,334.0305675288115,320.0,342.4118909747605,410.3975970895086,470.5284647965478,514.6072483831806,465.82667740226555,534.1810577906853,572.8448648021339,608.2858357481418,468.5813135326054,550.9279481168824,599.8665112066078,640.0,456.9133152833301,491.51983186017674,437.4167065653578,396.7298355795824,437.73838911496625,450.89111508441295,410.05757059446034,379.7808105865056
320.0,178.05856558458953,87.3359529185197,91.3983806269118,122.33749359932094,124.6397769180449,65.00232616618138,26.395331608825018,0.0,225.6725905954708,231.21377616089862,229.07367452422432,233.04857143825248,322.04889086897373,286.7734550298325,246.31027535010315,226.6293508060877,408.0192122536541,357.54259512664333,317.86650260118876,296.87843181386233,320.0,338.4542093072875,405.33653483381187,465.41357776410496,510.0308421035453,462.6736355026426,529.9952551999643,568.395107972053,604.891982179208,467.35132061593634,548.6033600699814,598.055211309811,640.0,457.3000479899879,486.83512322719633,431.8960646102173,392.08236139405705,439.063789949226,447.4597121070447,405.55541109245,375.4914716148767,320.0,179.53046368152613,92.55047793175109,97.01549811537734,120.44828465903959,131.46453448531386,67.74255935130662,27.016045233459067,0.0,241.113202923581,243.66984169840546,245.2178043543472,252.9775738184922,345.53952236381843,299.07474995550734,260.46942731410513,245.39834912883498,441.59083491267387,383.1672435163887,347.1598974604288,334.1201576119323,320.0,341.5618417771512,408.5599303855297,467.4085358383332,513.0788742189927,465.3925172021274,533.9023069356062,572.5319098401931,608.1611442270578,468.34525399462274,551.7505166183406,600.5130847010885,640.0,456.8391811512992,493.33419449120083,438.81640002241295,396.8783084333854,438.0171412373653,450.1933431804332,407.5565747417305,375.8063147598405,320.0,174.84982473193568,82.98344796332373,88.39733307541542,120.26962245089868,125.87119546954128,65.11136970726704,25.794171609362536,0.0,232.2084007640292,243.75209948587263,247.3617154600567,257.60762959928036,332.8857362937343,303.41718577383426,261.8881464861508,242.9751799961502,422.8131653064057,377.78244827179384,340.1739409377091,323.3026403294305,320.0,341.1743413742961,407.71209909656795,466.9254689163914,512.2983429456098,463.1313754850283,532.042933036527,571.4814247366605,608.458691678065,466.0572772271212,548.444193726873,598.328147220826,640.0,455.13142775630376,487.0564560917927,433.9695924067912,394.47494083911397,436.8362859377995,446.5911025129477,405.04171107333383,374.8188308735403,320.0,177.60953223697965,88.12889300942538,93.50756163029638,121.84868291838171,133.00829340097022,69.19998563913254,27.681872995022275,0.0,240.22517840210006,246.59596332910252,246.99161367576963,253.81197823061441,343.0215518606827,308.02043466966836,268.63161629451605,251.63824974815685,437.4252992023383,388.3046446846839,350.2832850061984,334.0305675288115,320.0,342.4118909747605,410.3975970895086,470.5284647965478,514.6072483831806,465.82667740226555,534.1810577906853,572.8448648021339,608.2858357481418,468.5813135326054,550.9279481168824,599.8665112066078,640.0,456.9133152833301,491.51983186017674,437.4167065653578,396.7298355795824,437.73838911496625,450.89111508441295,410.05757059446034,379.7808105865056,320.0,175.9550421775294,86.48475105467585,90.4777275566266,113.06295865172157,128.36778019906671,68.03186807685802,27.118323299312067,0.0,235.78328203847886,244.43665745534855,247.96396919309404,257.5957509230856,338.69925035796564,307.8929189021697,268.561228440478,249.70030160149358,432.277235962456,385.4283664241646,346.75198277794004,328.26763642139554,320.0,342.20707442843786,410.67446049198236,470.8088220137347,514.6013253194712,465.86493079877886,533.7980225225516,572.7074838262553,608.9149902782502,468.9282339591739,550.4878804707179,599.2535481855682,640.0,457.6484526006611,489.13130454648075,434.5005377119852,394.0401435508653,438.6386354690853,448.45577192376237,406.3131058407706,375.8727699162311
320.0,179.53046368152613,92.55047793175109,97.01549811537734,120.44828465903959,131.46453448531386,67.74255935130662,27.016045233459067,0.0,241.113202923581,243.66984169840546,245.2178043543472,252.9775738184922,345.53952236381843,299.07474995550734,260.46942731410513,245.39834912883498,441.59083491267387,383.1672435163887,347.1598974604288,334.1201576119323,320.0,341.5618417771512,408.5599303855297,467.4085358383332,513.0788742189927,465.3925172021274,533.9023069356062,572.5319098401931,608.1611442270578,468.34525399462274,551.7505166183406,600.5130847010885,640.0,456.8391811512992,493.33419449120083,438.81640002241295,396.8783084333854,438.0171412373653,450.1933431804332,407.5565747417305,375.8063147598405,320.0,174.84982473193568,82.98344796332373,88.39733307541542,120.26962245089868,125.87119546954128,65.11136970726704,25.794171609362536,0.0,232.2084007640292,243.75209948587263,247.3617154600567,257.60762959928036,332.8857362937343,303.41718577383426,261.8881464861508,242.9751799961502,422.8131653064057,377.78244827179384,340.1739409377091,323.3026403294305,320.0,341.1743413742961,407.71209909656795,466.9254689163914,512.2983429456098,463.1313754850283,532.042933036527,571.4814247366605,608.458691678065,466.0572772271212,548.444193726873,598.328147220826,640.0,455.13142775630376,487.0564560917927,433.9695924067912,394.47494083911397,436.8362859377995,446.5911025129477,405.04171107333383,374.8188308735403,320.0,177.60953223697965,88.12889300942538,93.50756163029638,121.84868291838171,133.00829340097022,69.19998563913254,27.681872995022275,0.0,240.22517840210006,246.59596332910252,246.99161367576963,253.81197823061441,343.0215518606827,308.02043466966836,268.63161629451605,251.63824974815685,437.4252992023383,388.3046446846839,350.2832850061984,334.0305675288115,320.0,342.4118909747605,410.3975970895086,470.5284647965478,514.6072483831806,465.82667740226555,534.1810577906853,572.8448648021339,608.2858357481418,468.5813135326054,550.9279481168824,599.8665112066078,640.0,456.9133152833301,491.51983186017674,437.4167065653578,396.7298355795824,437.73838911496625,450.89111508441295,410.05757059446034,379.7808105865056,320.0,175.9550421775294,86.48475105467585,90.4777275566266,113.06295865172157,128.36778019906671,68.03186807685802,27.118323299312067,0.0,235.78328203847886,244.43665745534855,247.96396919309404,257.5957509230856,338.69925035796564,307.8929189021697,268.561228440478,249.70030160149358,432.277235962456,385.4283664241646,346.75198277794004,328.26763642139554,320.0,342.20707442843786,410.67446049198236,470.8088220137347,514.6013253194712,465.86493079877886,533.7980225225516,572.7074838262553,608.9149902782502,468.9282339591739,550.4878804707179,599.2535481855682,640.0,457.6484526006611,489.13130454648075,434.5005377119852,394.0401435508653,438.6386354690853,448.45577192376237,406.3131058407706,375.8727699162311,320.0,174.78324877936234,86.40915131903668,91.60131542836496,116.41961174530249,131.38876934333408,69.2640059250113,28.075619747860458,0.0,240.64793327830432,247.1496344539829,248.58761700027338,255.83814521018564,343.962026830061,306.48935599741463,266.5355635002868,248.86561212562412,437.66020629026764,387.28486672675257,349.2622065083468,333.2100276391664,320.0,342.77533170312114,410.16851739025367,469.73789047171937,513.8310294308569,465.24854090498656,533.6646660990584,572.3419477842616,608.135339055122,467.75277243855464,549.5905003590908,598.7268007175009,640.0,455.3842563125339,488.48782665226736,435.3480700754601,396.0022620044997,434.97307913174427,448.0176292422917,408.1215491910611,378.4625274058961
320.0,174.84982473193568,82.98344796332373,88.39733307541542,120.26962245089868,125.87119546954128,65.11136970726704,25.794171609362536,0.0,232.2084007640292,243.75209948587263,247.3617154600567,257.60762959928036,332.8857362937343,303.41718577383426,261.8881464861508,242.9751799961502,422.8131653064057,377.78244827179384,340.1739409377091,323.3026403294305,320.0,341.1743413742961,407.71209909656795,466.9254689163914,512.2983429456098,463.1313754850283,532.042933036527,571.4814247366605,608.458691678065,466.0572772271212,548.444193726873,598.328147220826,640.0,455.13142775630376,487.0564560917927,433.9695924067912,394.47494083911397,436.8362859377995,446.5911025129477,405.04171107333383,374.8188308735403,320.0,177.60953223697965,88.12889300942538,93.50756163029638,121.84868291838171,133.00829340097022,69.19998563913254,27.681872995022275,0.0,240.22517840210006,246.59596332910252,246.99161367576963,253.81197823061441,343.0215518606827,308.02043466966836,268.63161629451605,251.63824974815685,437.4252992023383,388.3046446846839,350.2832850061984,334.0305675288115,320.0,342.4118909747605,410.3975970895086,470.5284647965478,514.6072483831806,465.82667740226555,534.1810577906853,572.8448648021339,608.2858357481418,468.5813135326054,550.9279481168824,599.8665112066078,640.0,456.9133152833301,491.51983186017674,437.4167065653578,396.7298355795824,437.73838911496625,450.89111508441295,410.05757059446034,379.7808105865056,320.0,175.9550421775294,86.48475105467585,90.4777275566266,113.06295865172157,128.36778019906671,68.03186807685802,27.118323299312067,0.0,235.78328203847886,244.43665745534855,247.96396919309404,257.5957509230856,338.69925035796564,307.8929189021697,268.561228440478,249.70030160149358,432.277235962456,385.4283664241646,346.75198277794004,328.26763642139554,320.0,342.20707442843786,410.67446049198236,470.8088220137347,514.6013253194712,465.86493079877886,533.7980225225516,572.7074838262553,608.9149902782502,468.9282339591739,550.4878804707179,599.2535481855682,640.0,457.6484526006611,489.13130454648075,434.5005377119852,394.0401435508653,438.6386354690853,448.45577192376237,406.3131058407706,375.8727699162311,320.0,174.78324877936234,86.40915131903668,91.60131542836496,116.41961174530249,131.38876934333408,69.2640059250113,28.075619747860458,0.0,240.64793327830432,247.1496344539829,248.58761700027338,255.83814521018564,343.962026830061,306.48935599741463,266.5355635002868,248.86561212562412,437.66020629026764,387.28486672675257,349.2622065083468,333.2100276391664,320.0,342.77533170312114,410.16851739025367,469.73789047171937,513.8310294308569,465.24854090498656,533.6646660990584,572.3419477842616,608.135339055122,467.75277243855464,549.5905003590908,598.7268007175009,640.0,455.3842563125339,488.48782665226736,435.3480700754601,396.0022620044997,434.97307913174427,448.0176292422917,408.1215491910611,378.4625274058961,320.0,176.3525851274694,83.28198057077776,84.8709252791113,110.74535011634214,129.6794634574147,66.56284587919004,26.94859147432618,0.0,236.44221166665824,246.54591416873245,248.98570267443296,257.5408126883061,338.62934255283557,305.6480603728694,267.2232839745247,250.4793769400918,433.22417280483415,386.4759399042564,350.34023951104194,335.6339168183255,320.0,341.39240871596957,408.01105792330304,467.09439797455275,512.2455614214897,463.81519130388347,532.402367614471,571.6171180083879,608.0668869981253,466.6401254799463,549.3324160922114,599.4366427176743,640.0,455.30842951597526,490.22504827635476,436.5165403202256,395.64150249587556,436.4455845428671,451.2042695938031,410.2365032604119,379.002042226342
320.0,177.60953223697965,88.12889300942538,93.50756163029638,121.84868291838171,133.00829340097022,69.19998563913254,27.681872995022275,0.0,240.22517840210006,246.59596332910252,246.99161367576963,253.81197823061441,343.0215518606827,308.02043466966836,268.63161629451605,251.63824974815685,437.4252992023383,388.3046446846839,350.2832850061984,334.0305675288115,320.0,342.4118909747605,410.3975970895086,470.5284647965478,514.6072483831806,465.82667740226555,534.1810577906853,572.8448648021339,608.2858357481418,468.5813135326054,550.9279481168824,599.8665112066078,640.0,456.9133152833301,491.51983186017674,437.4167065653578,396.7298355795824,437.73838911496625,450.89111508441295,410.05757059446034,379.7808105865056,320.0,175.9550421775294,86.48475105467585,90.4777275566266,113.06295865172157,128.36778019906671,68.03186807685802,27.118323299312067,0.0,235.78328203847886,244.43665745534855,247.96396919309404,257.5957509230856,338.69925035796564,307.8929189021697,268.561228440478,249.70030160149358,432.277235962456,385.4283664241646,346.75198277794004,328.26763642139554,320.0,342.20707442843786,410.67446049198236,470.8088220137347,514.6013253194712,465.86493079877886,533.7980225225516,572.7074838262553,608.9149902782502,468.9282339591739,550.4878804707179,599.2535481855682,640.0,457.6484526006611,489.13130454648075,434.5005377119852,394.0401435508653,438.6386354690853,448.45577192376237,406.3131058407706,375.8727699162311,320.0,174.78324877936234,86.40915131903668,91.60131542836496,116.41961174530249,131.38876934333408,69.2640059250113,28.075619747860458,0.0,240.64793327830432,247.1496344539829,248.58761700027338,255.83814521018564,343.962026830061,306.48935599741463,266.5355635002868,248.86561212562412,437.66020629026764,387.28486672675257,349.2622065083468,333.2100276391664,320.0,342.77533170312114,410.16851739025367,469.73789047171937,513.8310294308569,465.24854090498656,533.6646660990584,572.3419477842616,608.135339055122,467.75277243855464,549.5905003590908,598.7268007175009,640.0,455.3842563125339,488.48782665226736,435.3480700754601,396.0022620044997,434.97307913174427,448.0176292422917,408.1215491910611,378.4625274058961,320.0,176.3525851274694,83.28198057077776,84.8709252791113,110.74535011634214,129.6794634574147,66.56284587919004,26.94859147432618,0.0,236.44221166665824,246.54591416873245,248.98570267443296,257.5408126883061,338.62934255283557,305.6480603728694,267.2232839745247,250.4793769400918,433.22417280483415,386.4759399042564,350.34023951104194,335.6339168183255,320.0,341.39240871596957,408.01105792330304,467.09439797455275,512.2455614214897,463.81519130388347,532.402367614471,571.6171180083879,608.0668869981253,466.6401254799463,549.3324160922114,599.4366427176743,640.0,455.30842951597526,490.22504827635476,436.5165403202256,395.64150249587556,436.4455845428671,451.2042695938031,410.2365032604119,379.002042226342,320.0,176.21410522863277,86.51191939002868,88.42353345373425,111.17023858721095,127.87956279696692,67.07366457123089,26.611177967815365,0.0,234.59354510781506,242.18559557275793,243.60243932862275,251.83243673109524,334.8363957535151,300.2638593567126,259.7805343719566,241.27302735131025,423.79958346086426,368.3400594512871,329.40631904388556,310.1329101125661,320.0,340.40972145665336,406.3487133621135,465.4584592477888,508.9712134313961,466.43759300516894,534.0619310500927,572.5085284877679,607.8401655850629,469.8077774143742,550.0995583364679,599.1014856776466,640.0,457.9241337860699,488.0939392951623,433.81758955507314,394.06299318148274,438.2970786381327,445.4187794840654,402.2219593345295,370.80451325265284
320.0,175.9550421775294,86.48475105467585,90.4777275566266,113.06295865172157,128.36778019906671,68.03186807685802,27.118323299312067,0.0,235.78328203847886,244.43665745534855,247.96396919309404,257.5957509230856,338.69925035796564,307.8929189021697,268.561228440478,249.70030160149358,432.277235962456,385.4283664241646,346.75198277794004,328.26763642139554,320.0,342.20707442843786,410.67446049198236,470.8088220137347,514.6013253194712,465.86493079877886,533.7980225225516,572.7074838262553,608.9149902782502,468.9282339591739,550.4878804707179,599.2535481855682,640.0,457.6484526006611,489.13130454648075,434.5005377119852,394.0401435508653,438.6386354690853,448.45577192376237,406.3131058407706,375.8727699162311,320.0,174.78324877936234,86.40915131903668,91.60131542836496,116.41961174530249,131.38876934333408,69.2640059250113,28.075619747860458,0.0,240.64793327830432,247.1496344539829,248.58761700027338,255.83814521018564,343.962026830061,306.48935599741463,266.5355635002868,248.86561212562412,437.66020629026764,387.28486672675257,349.2622065083468,333.2100276391664,320.0,342.77533170312114,410.16851739025367,469.73789047171937,513.8310294308569,465.24854090498656,533.6646660990584,572.3419477842616,608.135339055122,467.75277243855464,549.5905003590908,598.7268007175009,640.0,455.3842563125339,488.48782665226736,435.3480700754601,396.0022620044997,434.97307913174427,448.0176292422917,408.1215491910611,378.4625274058961,320.0,176.3525851274694,83.28198057077776,84.8709252791113,110.74535011634214,129.6794634574147,66.56284587919004,26.94859147432618,0.0,236.44221166665824,246.54591416873245,248.98570267443296,257.5408126883061,338.62934255283557,305.6480603728694,267.2232839745247,250.4793769400918,433.22417280483415,386.4759399042564,350.34023951104194,335.6339168183255,320.0,341.39240871596957,408.01105792330304,467.09439797455275,512.2455614214897,463.81519130388347,532.402367614471,571.6171180083879,608.0668869981253,466.6401254799463,549.3324160922114,599.4366427176743,640.0,455.30842951597526,490.22504827635476,436.5165403202256,395.64150249587556,436.4455845428671,451.2042695938031,410.2365032604119,379.002042226342,320.0,176.21410522863277,86.51191939002868,88.42353345373425,111.17023858721095,127.87956279696692,67.07366457123089,26.611177967815365,0.0,234.59354510781506,242.18559557275793,243.60243932862275,251.83243673109524,334.8363957535151,300.2638593567126,259.7805343719566,241.27302735131025,423.79958346086426,368.3400594512871,329.40631904388556,310.1329101125661,320.0,340.40972145665336,406.3487133621135,465.4584592477888,508.9712134313961,466.43759300516894,534.0619310500927,572.5085284877679,607.8401655850629,469.8077774143742,550.0995583364679,599.1014856776466,640.0,457.9241337860699,488.0939392951623,433.81758955507314,394.06299318148274,438.2970786381327,445.4187794840654,402.2219593345295,370.80451325265284,320.0,178.21717012550846,88.02859850080452,88.1597339016422,108.84777455694478,129.78866689756813,68.78590960102929,27.482917970687993,0.0,234.44629928368533,244.66996793381657,247.29643694049295,256.4410675969292,332.8416171840628,302.03265279801633,261.8023753730047,242.27521584608232,419.8999135679584,368.9803702536484,331.4053184308268,312.6246654788762,320.0,340.23164072562747,405.20130089388556,463.9597065068978,507.42919455114315,467.04862048796826,534.1875337795664,572.4791410224667,607.4563609798706,470.320287337884,550.4616377004916,599.4649060432307,640.0,457.8128059533309,486.8505186235009,433.7358183785979,394.92320926045494,437.0961672296137,445.02592354813913,402.96406214134475,372.0619187611269
320.0,174.78324877936234,86.40915131903668,91.60131542836496,116.41961174530249,131.38876934333408,69.2640059250113,28.075619747860458,0.0,240.64793327830432,247.1496344539829,248.58761700027338,255.83814521018564,343.962026830061,306.48935599741463,266.5355635002868,248.86561212562412,437.66020629026764,387.28486672675257,349.2622065083468,333.2100276391664,320.0,342.77533170312114,410.16851739025367,469.73789047171937,513.8310294308569,465.24854090498656,533.6646660990584,572.3419477842616,608.135339055122,467.75277243855464,549.5905003590908,598.7268007175009,640.0,455.3842563125339,488.48782665226736,435.3480700754601,396.0022620044997,434.97307913174427,448.0176292422917,408.1215491910611,378.4625274058961,320.0,176.3525851274694,83.28198057077776,84.8709252791113,110.74535011634214,129.6794634574147,66.56284587919004,26.94859147432618,0.0,236.44221166665824,246.54591416873245,248.98570267443296,257.5408126883061,338.62934255283557,305.6480603728694,267.2232839745247,250.4793769400918,433.22417280483415,386.4759399042564,350.34023951104194,335.6339168183255,320.0,341.39240871596957,408.01105792330304,467.09439797455275,512.2455614214897,463.81519130388347,532.402367614471,571.6171180083879,608.0668869981253,466.6401254799463,549.3324160922114,599.4366427176743,640.0,455.30842951597526,490.22504827635476,436.5165403202256,395.64150249587556,436.4455845428671,451.2042695938031,410.2365032604119,379.002042226342,320.0,176.21410522863277,86.51191939002868,88.42353345373425,111.17023858721095,127.87956279696692,67.07366457123089,26.611177967815365,0.0,234.59354510781506,242.18559557275793,243.60243932862275,251.83243673109524,334.8363957535151,300.2638593567126,259.7805343719566,241.27302735131025,423.79958346086426,368.3400594512871,329.40631904388556,310.1329101125661,320.0,340.40972145665336,406.3487133621135,465.4584592477888,508.9712134313961,466.43759300516894,534.0619310500927,572.5085284877679,607.8401655850629,469.8077774143742,550.0995583364679,599.1014856776466,640.0,457.9241337860699,488.0939392951623,433.81758955507314,394.06299318148274,438.2970786381327,445.4187794840654,402.2219593345295,370.80451325265284,320.0,178.21717012550846,88.02859850080452,88.1597339016422,108.84777455694478,129.78866689756813,68.78590960102929,27.482917970687993,0.0,234.44629928368533,244.66996793381657,247.29643694049295,256.4410675969292,332.8416171840628,302.03265279801633,261.8023753730047,242.27521584608232,419.8999135679584,368.9803702536484,331.4053184308268,312.6246654788762,320.0,340.23164072562747,405.20130089388556,463.9597065068978,507.42919455114315,467.04862048796826,534.1875337795664,572.4791410224667,607.4563609798706,470.320287337884,550.4616377004916,599.4649060432307,640.0,457.8128059533309,486.8505186235009,433.7358183785979,394.92320926045494,437.0961672296137,445.02592354813913,402.96406214134475,372.0619187611269,320.0,178.2621780750216,89.67583952744863,94.29107303294586,116.83876676408022,132.95796590653487,71.46240649298906,29.222532760672664,0.0,242.76404449473154,252.32528385354547,256.6787296185224,265.2047236427478,348.44261211167986,309.8394653692934,267.36355406791904,245.9822376541832,443.30156656797755,389.1987215056877,350.1270202893152,332.4776418693706,320.0,340.94776960787874,408.2104338792465,466.7919696492204,511.24495997265836,467.40491055630673,534.8777879598957,573.650647500403,608.5298393339249,469.0849890570471,552.1538374401478,600.7977294038426,640.0,455.48704974989266,489.9547226550833,437.64646879794043,397.9511190567131,434.07230336450414,443.7505500522096,402.46024496142496,372.5542899715498
320.0,176.3525851274694,83.28198057077776,84.8709252791113,110.74535011634214,129.6794634574147,66.56284587919004,26.94859147432618,0.0,236.44221166665824,246.54591416873245,248.98570267443296,257.5408126883061,338.62934255283557,305.6480603728694,267.2232839745247,250.4793769400918,433.22417280483415,386.4759399042564,350.34023951104194,335.6339168183255,320.0,341.39240871596957,408.01105792330304,467.09439797455275,512.2455614214897,463.81519130388347,532.402367614471,571.6171180083879,608.0668869981253,466.6401254799463,549.3324160922114,599.4366427176743,640.0,455.30842951597526,490.22504827635476,436.5165403202256,395.64150249587556,436.4455845428671,451.2042695938031,410.2365032604119,379.002042226342,320.0,176.21410522863277,86.51191939002868,88.42353345373425,111.17023858721095,127.87956279696692,67.07366457123089,26.611177967815365,0.0,234.59354510781506,242.18559557275793,243.60243932862275,251.83243673109524,334.8363957535151,300.2638593567126,259.7805343719566,241.27302735131025,423.79958346086426,368.3400594512871,329.40631904388556,310.1329101125661,320.0,340.40972145665336,406.3487133621135,465.4584592477888,508.9712134313961,466.43759300516894,534.0619310500927,572.5085284877679,607.8401655850629,469.8077774143742,550.0995583364679,599.1014856776466,640.0,457.9241337860699,488.0939392951623,433.81758955507314,394.06299318148274,438.2970786381327,445.4187794840654,402.2219593345295,370.80451325265284,320.0,178.21717012550846,88.02859850080452,88.1597339016422,108.84777455694478,129.78866689756813,68.78590960102929,27.482917970687993,0.0,234.44629928368533,244.66996793381657,247.29643694049295,256.4410675969292,332.8416171840628,302.03265279801633,261.8023753730047,242.27521584608232,419.8999135679584,368.9803702536484,331.4053184308268,312.6246654788762,320.0,340.23164072562747,405.20130089388556,463.9597065068978,507.42919455114315,467.04862048796826,534.1875337795664,572.4791410224667,607.4563609798706,470.320287337884,550.4616377004916,599.4649060432307,640.0,457.8128059533309,486.8505186235009,433.7358183785979,394.92320926045494,437.0961672296137,445.02592354813913,402.96406214134475,372.0619187611269,320.0,178.2621780750216,89.67583952744863,94.29107303294586,116.83876676408022,132.95796590653487,71.46240649298906,29.222532760672664,0.0,242.76404449473154,252.32528385354547,256.6787296185224,265.2047236427478,348.44261211167986,309.8394653692934,267.36355406791904,245.9822376541832,443.30156656797755,389.1987215056877,350.1270202893152,332.4776418693706,320.0,340.94776960787874,408.2104338792465,466.7919696492204,511.24495997265836,467.40491055630673,534.8777879598957,573.650647500403,608.5298393339249,469.0849890570471,552.1538374401478,600.7977294038426,640.0,455.48704974989266,489.9547226550833,437.64646879794043,397.9511190567131,434.07230336450414,443.7505500522096,402.46024496142496,372.5542899715498,320.0,173.9193841385727,83.77244175915956,87.88240822167171,112.08078866519205,130.02252797274392,67.61732552495599,26.58018874776343,0.0,237.75336168419756,248.24010125482863,251.72616650342127,263.0585470130073,339.4275331918265,305.482383430895,264.4866679097921,248.09387010386195,430.81410048592716,379.82878654635533,340.7417198106389,324.7450923892208,320.0,342.9358925487178,410.67026561364446,470.1292515732807,513.9047676582902,464.73373088487335,533.6057449439647,572.653810580445,608.9173158444487,467.45337488876635,549.7275066317325,599.5526173821165,640.0,455.7244292420886,487.1611956510576,433.80179653343595,393.96607380298065,436.2235753178127,446.6175017323154,405.31139812203116,374.9154587781422
320.0,176.21410522863277,86.51191939002868,88.42353345373425,111.17023858721095,127.87956279696692,67.07366457123089,26.611177967815365,0.0,234.59354510781506,242.18559557275793,243.60243932862275,251.83243673109524,334.8363957535151,300.2638593567126,259.7805343719566,241.27302735131025,423.79958346086426,368.3400594512871,329.40631904388556,310.1329101125661,320.0,340.40972145665336,406.3487133621135,465.4584592477888,508.9712134313961,466.43759300516894,534.0619310500927,572.5085284877679,607.8401655850629,469.8077774143742,550.0995583364679,599.1014856776466,640.0,457.9241337860699,488.0939392951623,433.81758955507314,394.06299318148274,438.2970786381327,445.4187794840654,402.2219593345295,370.80451325265284,320.0,178.21717012550846,88.02859850080452,88.1597339016422,108.84777455694478,129.78866689756813,68.78590960102929,27.482917970687993,0.0,234.44629928368533,244.66996793381657,247.29643694049295,256.4410675969292,332.8416171840628,302.03265279801633,261.8023753730047,242.27521584608232,419.8999135679584,368.9803702536484,331.4053184308268,312.6246654788762,320.0,340.23164072562747,405.20130089388556,463.9597065068978,507.42919455114315,467.04862048796826,534.1875337795664,572.4791410224667,607.4563609798706,470.320287337884,550.4616377004916,599.4649060432307,640.0,457.8128059533309,486.8505186235009,433.7358183785979,394.92320926045494,437.0961672296137,445.02592354813913,402.96406214134475,372.0619187611269,320.0,178.2621780750216,89.67583952744863,94.29107303294586,116.83876676408022,132.95796590653487,71.46240649298906,29.222532760672664,0.0,242.76404449473154,252.32528385354547,256.6787296185224,265.2047236427478,348.44261211167986,309.8394653692934,267.36355406791904,245.9822376541832,443.30156656797755,389.1987215056877,350.1270202893152,332.4776418693706,320.0,340.94776960787874,408.2104338792465,466.7919696492204,511.24495997265836,467.40491055630673,534.8777879598957,573.650647500403,608.5298393339249,469.0849890570471,552.1538374401478,600.7977294038426,640.0,455.48704974989266,489.9547226550833,437.64646879794043,397.9511190567131,434.07230336450414,443.7505500522096,402.46024496142496,372.5542899715498,320.0,173.9193841385727,83.77244175915956,87.88240822167171,112.08078866519205,130.02252797274392,67.61732552495599,26.58018874776343,0.0,237.75336168419756,248.24010125482863,251.72616650342127,263.0585470130073,339.4275331918265,305.482383430895,264.4866679097921,248.09387010386195,430.81410048592716,379.82878654635533,340.7417198106389,324.7450923892208,320.0,342.9358925487178,410.67026561364446,470.1292515732807,513.9047676582902,464.73373088487335,533.6057449439647,572.653810580445,608.9173158444487,467.45337488876635,549.7275066317325,599.5526173821165,640.0,455.7244292420886,487.1611956510576,433.80179653343595,393.96607380298065,436.2235753178127,446.6175017323154,405.31139812203116,374.9154587781422,320.0,176.39613353423465,88.21590549099298,94.37464727438663,115.55597535789047,130.7369364018871,69.47351395903866,27.727932720062483,0.0,241.91504048971956,250.54515286807302,254.21296011755618,264.047445139778,347.4828141622043,310.26692311988757,267.61950295259777,247.7234600999805,443.7488147233305,386.1110352735318,343.2662505016602,322.5593910680871,320.0,342.51256652105775,410.2424926949835,469.1135714544842,512.5701415649885,467.6529442889592,534.709436699301,573.2698385659006,608.2716215201301,470.4814049218272,551.7190651374634,600.5917588082125,640.0,458.1263705057754,490.49956812347193,437.82664249274353,397.4258193369303,437.81212163788155,446.2583282890106,404.41038935134077,373.47106791253856
320.0,178.21717012550846,88.02859850080452,88.1597339016422,108.84777455694478,129.78866689756813,68.78590960102929,27.482917970687993,0.0,234.44629928368533,244.66996793381657,247.29643694049295,256.4410675969292,332.8416171840628,302.03265279801633,261.8023753730047,242.27521584608232,419.8999135679584,368.9803702536484,331.4053184308268,312.6246654788762,320.0,340.23164072562747,405.20130089388556,463.9597065068978,507.42919455114315,467.04862048796826,534.1875337795664,572.4791410224667,607.4563609798706,470.320287337884,550.4616377004916,599.4649060432307,640.0,457.8128059533309,486.8505186235009,433.7358183785979,394.92320926045494,437.0961672296137,445.02592354813913,402.96406214134475,372.0619187611269,320.0,178.2621780750216,89.67583952744863,94.29107303294586,116.83876676408022,132.95796590653487,71.46240649298906,29.222532760672664,0.0,242.76404449473154,252.32528385354547,256.6787296185224,265.2047236427478,348.44261211167986,309.8394653692934,267.36355406791904,245.9822376541832,443.30156656797755,389.1987215056877,350.1270202893152,332.4776418693706,320.0,340.94776960787874,408.2104338792465,466.7919696492204,511.24495997265836,467.40491055630673,534.8777879598957,573.650647500403,608.5298393339249,469.0849890570471,552.1538374401478,600.7977294038426,640.0,455.48704974989266,489.9547226550833,437.64646879794043,397.9511190567131,434.07230336450414,443.7505500522096,402.46024496142496,372.5542899715498,320.0,173.9193841385727,83.77244175915956,87.88240822167171,112.08078866519205,130.02252797274392,67.61732552495599,26.58018874776343,0.0,237.75336168419756,248.24010125482863,251.72616650342127,263.0585470130073,339.4275331918265,305.482383430895,264.4866679097921,248.09387010386195,430.81410048592716,379.82878654635533,340.7417198106389,324.7450923892208,320.0,342.9358925487178,410.67026561364446,470.1292515732807,513.9047676582902,464.73373088487335,533.6057449439647,572.653810580445,608.9173158444487,467.45337488876635,549.7275066317325,599.5526173821165,640.0,455.7244292420886,487.1611956510576,433.80179653343595,393.96607380298065,436.2235753178127,446.6175017323154,405.31139812203116,374.9154587781422,320.0,176.39613353423465,88.21590549099298,94.37464727438663,115.55597535789047,130.7369364018871,69.47351395903866,27.727932720062483,0.0,241.91504048971956,250.54515286807302,254.21296011755618,264.047445139778,347.4828141622043,310.26692311988757,267.61950295259777,247.7234600999805,443.7488147233305,386.1110352735318,343.2662505016602,322.5593910680871,320.0,342.51256652105775,410.2424926949835,469.1135714544842,512.5701415649885,467.6529442889592,534.709436699301,573.2698385659006,608.2716215201301,470.4814049218272,551.7190651374634,600.5917588082125,640.0,458.1263705057754,490.49956812347193,437.82664249274353,397.4258193369303,437.81212163788155,446.2583282890106,404.41038935134077,373.47106791253856,320.0,176.8604565619445,81.97392980997398,83.43405206852364,115.95657135427092,130.0124722197985,65.6603347482203,25.931199197945602,0.0,236.28023315694296,247.58629184994328,251.51906162371534,263.0682002877678,337.478798081776,300.2243630870198,259.2899902309499,243.8738132999372,428.74980111172135,375.0246963638946,339.0760634321017,327.25855818401743,320.0,340.7400506425587,407.9369048050103,467.34466287650434,513.6770875275789,462.87998376111034,531.6862579303165,570.8222334240041,607.800709460066,465.96310959987136,549.1723794041504,599.5632304485467,640.0,455.2286909456524,488.158528412284,434.1202622039058,393.61786007050836,437.2034654167686,448.53703042911854,406.0198453690663,374.53380864405335
320.0,178.2621780750216,89.67583952744863,94.29107303294586,116.83876676408022,132.95796590653487,71.46240649298906,29.222532760672664,0.0,242.76404449473154,252.32528385354547,256.6787296185224,265.2047236427478,348.44261211167986,309.8394653692934,267.36355406791904,245.9822376541832,443.30156656797755,389.1987215056877,350.1270202893152,332.4776418693706,320.0,340.94776960787874,408.2104338792465,466.7919696492204,511.24495997265836,467.40491055630673,534.8777879598957,573.650647500403,608.5298393339249,469.0849890570471,552.1538374401478,600.7977294038426,640.0,455.48704974989266,489.9547226550833,437.64646879794043,397.9511190567131,434.07230336450414,443.7505500522096,402.46024496142496,372.5542899715498,320.0,173.9193841385727,83.77244175915956,87.88240822167171,112.08078866519205,130.02252797274392,67.61732552495599,26.58018874776343,0.0,237.75336168419756,248.24010125482863,251.72616650342127,263.0585470130073,339.4275331918265,305.482383430895,264.4866679097921,248.09387010386195,430.81410048592716,379.82878654635533,340.7417198106389,324.7450923892208,320.0,342.9358925487178,410.67026561364446,470.1292515732807,513.9047676582902,464.73373088487335,533.6057449439647,572.653810580445,608.9173158444487,467.45337488876635,549.7275066317325,599.5526173821165,640.0,455.7244292420886,487.1611956510576,433.80179653343595,393.96607380298065,436.2235753178127,446.6175017323154,405.31139812203116,374.9154587781422,320.0,176.39613353423465,88.21590549099298,94.37464727438663,115.55597535789047,130.7369364018871,69.47351395903866,27.727932720062483,0.0,241.91504048971956,250.54515286807302,254.21296011755618,264.047445139778,347.4828141622043,310.26692311988757,267.61950295259777,247.7234600999805,443.7488147233305,386.1110352735318,343.2662505016602,322.5593910680871,320.0,342.51256652105775,410.2424926949835,469.1135714544842,512.5701415649885,467.6529442889592,534.709436699301,573.2698385659006,608.2716215201301,470.4814049218272,551.7190651374634,600.5917588082125,640.0,458.1263705057754,490.49956812347193,437.82664249274353,397.4258193369303,437.81212163788155,446.2583282890106,404.41038935134077,373.47106791253856,320.0,176.8604565619445,81.97392980997398,83.43405206852364,115.95657135427092,130.0124722197985,65.6603347482203,25.931199197945602,0.0,236.28023315694296,247.58629184994328,251.51906162371534,263.0682002877678,337.478798081776,300.2243630870198,259.2899902309499,243.8738132999372,428.74980111172135,375.0246963638946,339.0760634321017,327.25855818401743,320.0,340.7400506425587,407.9369048050103,467.34466287650434,513.6770875275789,462.87998376111034,531.6862579303165,570.8222334240041,607.800709460066,465.96310959987136,549.1723794041504,599.5632304485467,640.0,455.2286909456524,488.158528412284,434.1202622039058,393.61786007050836,437.2034654167686,448.53703042911854,406.0198453690663,374.53380864405335,320.0,177.8133964740391,88.14568067320849,90.1525530256562,113.08907293018433,129.92464035427955,68.66227250005016,27.864185132125044,0.0,236.08707810057922,246.99477233375308,250.4388383435611,259.2994084446981,337.02757883717294,302.674652150077,262.7072915682589,244.37147945361235,428.15866708434476,376.61838183516545,339.0039176759473,321.92562899448,320.0,340.589374192472,407.4498605134811,466.13632042711197,510.19582432846653,466.7767168093865,533.9017037143378,572.467145977783,608.1296778424016,469.4449251351215,551.6012819567688,600.383578226911,640.0,457.05956986159987,490.2852974613065,437.17973390861016,397.452615323729,436.83953424306736,447.05309023749567,405.57042032196364,375.3622963477424
320.0,173.9193841385727,83.77244175915956,87.88240822167171,112.08078866519205,130.02252797274392,67.61732552495599,26.58018874776343,0.0,237.75336168419756,248.24010125482863,251.72616650342127,263.0585470130073,339.4275331918265,305.482383430895,264.4866679097921,248.09387010386195,430.81410048592716,379.82878654635533,340.7417198106389,324.7450923892208,320.0,342.9358925487178,410.67026561364446,470.1292515732807,513.9047676582902,464.73373088487335,533.6057449439647,572.653810580445,608.9173158444487,467.45337488876635,549.7275066317325,599.5526173821165,640.0,455.7244292420886,487.1611956510576,433.80179653343595,393.96607380298065,436.2235753178127,446.6175017323154,405.31139812203116,374.9154587781422,320.0,176.39613353423465,88.21590549099298,94.37464727438663,115.55597535789047,130.7369364018871,69.47351395903866,27.727932720062483,0.0,241.91504048971956,250.54515286807302,254.21296011755618,264.047445139778,347.4828141622043,310.26692311988757,267.61950295259777,247.7234600999805,443.7488147233305,386.1110352735318,343.2662505016602,322.5593910680871,320.0,342.51256652105775,410.2424926949835,469.1135714544842,512.5701415649885,467.6529442889592,534.709436699301,573.2698385659006,608.2716215201301,470.4814049218272,551.7190651374634,600.5917588082125,640.0,458.1263705057754,490.49956812347193,437.82664249274353,397.4258193369303,437.81212163788155,446.2583282890106,404.41038935134077,373.47106791253856,320.0,176.8604565619445,81.97392980997398,83.43405206852364,115.95657135427092,130.0124722197985,65.6603347482203,25.931199197945602,0.0,236.28023315694296,247.58629184994328,251.51906162371534,263.0682002877678,337.478798081776,300.2243630870198,259.2899902309499,243.8738132999372,428.74980111172135,375.0246963638946,339.0760634321017,327.25855818401743,320.0,340.7400506425587,407.9369048050103,467.34466287650434,513.6770875275789,462.87998376111034,531.6862579303165,570.8222334240041,607.800709460066,465.96310959987136,549.1723794041504,599.5632304485467,640.0,455.2286909456524,488.158528412284,434.1202622039058,393.61786007050836,437.2034654167686,448.53703042911854,406.0198453690663,374.53380864405335,320.0,177.8133964740391,88.14568067320849,90.1525530256562,113.08907293018433,129.92464035427955,68.66227250005016,27.864185132125044,0.0,236.08707810057922,246.99477233375308,250.4388383435611,259.2994084446981,337.02757883717294,302.674652150077,262.7072915682589,244.37147945361235,428.15866708434476,376.61838183516545,339.0039176759473,321.92562899448,320.0,340.589374192472,407.4498605134811,466.13632042711197,510.19582432846653,466.7767168093865,533.9017037143378,572.467145977783,608.1296778424016,469.4449251351215,551.6012819567688,600.383578226911,640.0,457.05956986159987,490.2852974613065,437.17973390861016,397.452615323729,436.83953424306736,447.05309023749567,405.57042032196364,375.3622963477424,320.0,177.95416011921705,88.86578601157186,90.44328317018923,113.69459013220819,130.82288110754575,68.73632698566749,27.80568737360693,0.0,237.254896199296,249.5149646503781,253.76835562769213,263.44574600126856,338.0062303781298,303.96726456636003,263.6653238647708,246.03659018019434,428.3444936367087,377.0037595141265,339.34608827781824,322.8541739971502,320.0,341.51571254529233,408.2034544152016,466.5870024791732,510.0448582006093,467.6421081591626,534.1419879529712,572.3166782895262,607.7340681669958,470.20600294394626,551.8630881464218,600.3985309222477,640.0,457.56493208940776,489.78843407464217,437.0171007768852,397.90674410340023,437.0591623436555,446.683817981235,405.28000107576815,375.3094096461637
320.0,176.39613353423465,88.21590549099298,94.37464727438663,115.55597535789047,130.7369364018871,69.47351395903866,27.727932720062483,0.0,241.91504048971956,250.54515286807302,254.21296011755618,264.047445139778,347.4828141622043,310.26692311988757,267.61950295259777,247.7234600999805,443.7488147233305,386.1110352735318,343.2662505016602,322.5593910680871,320.0,342.51256652105775,410.2424926949835,469.1135714544842,512.5701415649885,467.6529442889592,534.709436699301,573.2698385659006,608.2716215201301,470.4814049218272,551.7190651374634,600.5917588082125,640.0,458.1263705057754,490.49956812347193,437.82664249274353,397.4258193369303,437.81212163788155,446.2583282890106,404.41038935134077,373.47106791253856,320.0,176.8604565619445,81.97392980997398,83.43405206852364,115.95657135427092,130.0124722197985,65.6603347482203,25.931199197945602,0.0,236.28023315694296,247.58629184994328,251.51906162371534,263.0682002877678,337.478798081776,300.2243630870198,259.2899902309499,243.8738132999372,428.74980111172135,375.0246963638946,339.0760634321017,327.25855818401743,320.0,340.7400506425587,407.9369048050103,467.34466287650434,513.6770875275789,462.87998376111034,531.6862579303165,570.8222334240041,607.800709460066,465.96310959987136,549.1723794041504,599.5632304485467,640.0,455.2286909456524,488.158528412284,434.1202622039058,393.61786007050836,437.2034654167686,448.53703042911854,406.0198453690663,374.53380864405335,320.0,177.8133964740391,88.14568067320849,90.1525530256562,113.08907293018433,129.92464035427955,68.66227250005016,27.864185132125044,0.0,236.08707810057922,246.99477233375308,250.4388383435611,259.2994084446981,337.02757883717294,302.674652150077,262.7072915682589,244.37147945361235,428.15866708434476,376.61838183516545,339.0039176759473,321.92562899448,320.0,340.589374192472,407.4498605134811,466.13632042711197,510.19582432846653,466.7767168093865,533.9017037143378,572.467145977783,608.1296778424016,469.4449251351215,551.6012819567688,600.383578226911,640.0,457.05956986159987,490.2852974613065,437.17973390861016,397.452615323729,436.83953424306736,447.05309023749567,405.57042032196364,375.3622963477424,320.0,177.95416011921705,88.86578601157186,90.44328317018923,113.69459013220819,130.82288110754575,68.73632698566749,27.80568737360693,0.0,237.254896199296,249.5149646503781,253.76835562769213,263.44574600126856,338.0062303781298,303.96726456636003,263.6653238647708,246.03659018019434,428.3444936367087,377.0037595141265,339.34608827781824,322.8541739971502,320.0,341.51571254529233,408.2034544152016,466.5870024791732,510.0448582006093,467.6421081591626,534.1419879529712,572.3166782895262,607.7340681669958,470.20600294394626,551.8630881464218,600.3985309222477,640.0,457.56493208940776,489.78843407464217,437.0171007768852,397.90674410340023,437.0591623436555,446.683817981235,405.28000107576815,375.3094096461637,320.0,176.93043628415825,88.87081677626381,93.12063911494764,113.851892462817,125.98742239709648,66.91894049022565,26.89022933049324,0.0,232.04545611907116,243.6156590379831,247.34349386111177,257.4360246163995,333.2522186420696,303.1709801596319,262.7621503659918,243.80885719555084,424.4998763137338,377.3594251557513,338.57663229678155,320.95790030026706,320.0,341.01266059507793,406.6613277997335,465.54709239575834,511.24649995044206,465.2146710132886,533.1084759429148,571.673062749905,607.4285537443826,467.3286161880116,549.8037510939398,599.3317572515537,640.0,454.58012103965416,486.4657020631131,433.21075415507124,393.7594786756304,433.91490063282765,445.9779745497118,405.2091366895321,375.3733330896156
320.0,176.8604565619445,81.97392980997398,83.43405206852364,115.95657135427092,130.0124722197985,65.6603347482203,25.931199197945602,0.0,236.28023315694296,247.58629184994328,251.51906162371534,263.0682002877678,337.478798081776,300.2243630870198,259.2899902309499,243.8738132999372,428.74980111172135,375.0246963638946,339.0760634321017,327.25855818401743,320.0,340.7400506425587,407.9369048050103,467.34466287650434,513.6770875275789,462.87998376111034,531.6862579303165,570.8222334240041,607.800709460066,465.96310959987136,549.1723794041504,599.5632304485467,640.0,455.2286909456524,488.158528412284,434.1202622039058,393.61786007050836,437.2034654167686,448.53703042911854,406.0198453690663,374.53380864405335,320.0,177.8133964740391,88.14568067320849,90.1525530256562,113.08907293018433,129.92464035427955,68.66227250005016,27.864185132125044,0.0,236.08707810057922,246.99477233375308,250.4388383435611,259.2994084446981,337.02757883717294,302.674652150077,262.7072915682589,244.37147945361235,428.15866708434476,376.61838183516545,339.0039176759473,321.92562899448,320.0,340.589374192472,407.4498605134811,466.13632042711197,510.19582432846653,466.7767168093865,533.9017037143378,572.467145977783,608.1296778424016,469.4449251351215,551.6012819567688,600.383578226911,640.0,457.05956986159987,490.2852974613065,437.17973390861016,397.452615323729,436.83953424306736,447.05309023749567,405.57042032196364,375.3622963477424,320.0,177.95416011921705,88.86578601157186,90.44328317018923,113.69459013220819,130.82288110754575,68.73632698566749,27.80568737360693,0.0,237.254896199296,249.5149646503781,253.76835562769213,263.44574600126856,338.0062303781298,303.96726456636003,263.6653238647708,246.03659018019434,428.3444936367087,377.0037595141265,339.34608827781824,322.8541739971502,320.0,341.51571254529233,408.2034544152016,466.5870024791732,510.0448582006093,467.6421081591626,534.1419879529712,572.3166782895262,607.7340681669958,470.20600294394626,551.8630881464218,600.3985309222477,640.0,457.56493208940776,489.78843407464217,437.0171007768852,397.90674410340023,437.0591623436555,446.683817981235,405.28000107576815,375.3094096461637,320.0,176.93043628415825,88.87081677626381,93.12063911494764,113.851892462817,125.98742239709648,66.91894049022565,26.89022933049324,0.0,232.04545611907116,243.6156590379831,247.34349386111177,257.4360246163995,333.2522186420696,303.1709801596319,262.7621503659918,243.80885719555084,424.4998763137338,377.3594251557513,338.57663229678155,320.95790030026706,320.0,341.01266059507793,406.6613277997335,465.54709239575834,511.24649995044206,465.2146710132886,533.1084759429148,571.673062749905,607.4285537443826,467.3286161880116,549.8037510939398,599.3317572515537,640.0,454.58012103965416,486.4657020631131,433.21075415507124,393.7594786756304,433.91490063282765,445.9779745497118,405.2091366895321,375.3733330896156,320.0,180.30962915379737,93.48551924449379,98.26522109207332,124.00314077665047,130.80513158121587,68.91618302409796,27.39990051511205,0.0,239.2787196631221,245.4360381771661,246.54407080497407,255.3845950822453,343.7315346874261,306.43497798412625,262.0808092288942,241.78456392138182,436.36932519489903,382.68530443886925,342.4673231307047,325.52238612183686,320.0,342.62337361070365,409.1780550874344,468.0534012236237,513.2159353742657,464.0946851220651,533.6373321221206,572.5220937474719,608.7253708445382,466.49608321498994,549.1369817216699,598.734932536948,640.0,454.8871554598628,485.1451067234975,430.67301253741584,390.37842273986837,435.87952462501306,444.8718041188379,402.33710765140074,371.2922320265037
320.0,177.8133964740391,88.14568067320849,90.1525530256562,113.08907293018433,129.92464035427955,68.66227250005016,27.864185132125044,0.0,236.08707810057922,246.99477233375308,250.4388383435611,259.2994084446981,337.02757883717294,302.674652150077,262.7072915682589,244.37147945361235,428.15866708434476,376.61838183516545,339.0039176759473,321.92562899448,320.0,340.589374192472,407.4498605134811,466.13632042711197,510.19582432846653,466.7767168093865,533.9017037143378,572.467145977783,608.1296778424016,469.4449251351215,551.6012819567688,600.383578226911,640.0,457.05956986159987,490.2852974613065,437.17973390861016,397.452615323729,436.83953424306736,447.05309023749567,405.57042032196364,375.3622963477424,320.0,177.95416011921705,88.86578601157186,90.44328317018923,113.69459013220819,130.82288110754575,68.73632698566749,27.80568737360693,0.0,237.254896199296,249.5149646503781,253.76835562769213,263.44574600126856,338.0062303781298,303.96726456636003,263.6653238647708,246.03659018019434,428.3444936367087,377.0037595141265,339.34608827781824,322.8541739971502,320.0,341.51571254529233,408.2034544152016,466.5870024791732,510.0448582006093,467.6421081591626,534.1419879529712,572.3166782895262,607.7340681669958,470.20600294394626,551.8630881464218,600.3985309222477,640.0,457.56493208940776,489.78843407464217,437.0171007768852,397.90674410340023,437.0591623436555,446.683817981235,405.28000107576815,375.3094096461637,320.0,176.93043628415825,88.87081677626381,93.12063911494764,113.851892462817,125.98742239709648,66.91894049022565,26.89022933049324,0.0,232.04545611907116,243.6156590379831,247.34349386111177,257.4360246163995,333.2522186420696,303.1709801596319,262.7621503659918,243.80885719555084,424.4998763137338,377.3594251557513,338.57663229678155,320.95790030026706,320.0,341.01266059507793,406.6613277997335,465.54709239575834,511.24649995044206,465.2146710132886,533.1084759429148,571.673062749905,607.4285537443826,467.3286161880116,549.8037510939398,599.3317572515537,640.0,454.58012103965416,486.4657020631131,433.21075415507124,393.7594786756304,433.91490063282765,445.9779745497118,405.2091366895321,375.3733330896156,320.0,180.30962915379737,93.48551924449379,98.26522109207332,124.00314077665047,130.80513158121587,68.91618302409796,27.39990051511205,0.0,239.2787196631221,245.4360381771661,246.54407080497407,255.3845950822453,343.7315346874261,306.43497798412625,262.0808092288942,241.78456392138182,436.36932519489903,382.68530443886925,342.4673231307047,325.52238612183686,320.0,342.62337361070365,409.1780550874344,468.0534012236237,513.2159353742657,464.0946851220651,533.6373321221206,572.5220937474719,608.7253708445382,466.49608321498994,549.1369817216699,598.734932536948,640.0,454.8871554598628,485.1451067234975,430.67301253741584,390.37842273986837,435.87952462501306,444.8718041188379,402.33710765140074,371.2922320265037,320.0,177.96300189399363,92.59168218693736,101.03284748968292,122.12040386606873,128.52643662979162,69.1356382849365,28.042424679354326,0.0,240.1301443739158,247.79073742749986,250.2050880691371,258.9204290285249,347.7382270131289,311.50141933330514,266.80784735727735,244.4429028957253,443.8928957025919,388.23272980548063,345.646647562079,326.01917080843793,320.0,340.61912834766457,408.3689790788378,468.4532923940294,515.9188377774828,462.601379561082,532.0156824585314,571.8080455336772,608.5850224747586,465.57706658423507,548.2050807852531,598.2784658093287,640.0,454.37978294642085,483.6858373700746,430.3932929652135,391.24019035345316,435.44943847817166,441.3431459762721,398.3934035639096,368.2611574772025
320.0,177.95416011921705,88.86578601157186,90.44328317018923,113.69459013220819,130.82288110754575,68.73632698566749,27.80568737360693,0.0,237.254896199296,249.5149646503781,253.76835562769213,263.44574600126856,338.0062303781298,303.96726456636003,263.6653238647708,246.03659018019434,428.3444936367087,377.0037595141265,339.34608827781824,322.8541739971502,320.0,341.51571254529233,408.2034544152016,466.5870024791732,510.0448582006093,467.6421081591626,534.1419879529712,572.3166782895262,607.7340681669958,470.20600294394626,551.8630881464218,600.3985309222477,640.0,457.56493208940776,489.78843407464217,437.0171007768852,397.90674410340023,437.0591623436555,446.683817981235,405.28000107576815,375.3094096461637,320.0,176.93043628415825,88.87081677626381,93.12063911494764,113.851892462817,125.98742239709648,66.91894049022565,26.89022933049324,0.0,232.04545611907116,243.6156590379831,247.34349386111177,257.4360246163995,333.2522186420696,303.1709801596319,262.7621503659918,243.80885719555084,424.4998763137338,377.3594251557513,338.57663229678155,320.95790030026706,320.0,341.01266059507793,406.6613277997335,465.54709239575834,511.24649995044206,465.2146710132886,533.1084759429148,571.673062749905,607.4285537443826,467.3286161880116,549.8037510939398,599.3317572515537,640.0,454.58012103965416,486.4657020631131,433.21075415507124,393.7594786756304,433.91490063282765,445.9779745497118,405.2091366895321,375.3733330896156,320.0,180.30962915379737,93.48551924449379,98.26522109207332,124.00314077665047,130.80513158121587,68.91618302409796,27.39990051511205,0.0,239.2787196631221,245.4360381771661,246.54407080497407,255.3845950822453,343.7315346874261,306.43497798412625,262.0808092288942,241.78456392138182,436.36932519489903,382.68530443886925,342.4673231307047,325.52238612183686,320.0,342.62337361070365,409.1780550874344,468.0534012236237,513.2159353742657,464.0946851220651,533.6373321221206,572.5220937474719,608.7253708445382,466.49608321498994,549.1369817216699,598.734932536948,640.0,454.8871554598628,485.1451067234975,430.67301253741584,390.37842273986837,435.87952462501306,444.8718041188379,402.33710765140074,371.2922320265037,320.0,177.96300189399363,92.59168218693736,101.03284748968292,122.12040386606873,128.52643662979162,69.1356382849365,28.042424679354326,0.0,240.1301443739158,247.79073742749986,250.2050880691371,258.9204290285249,347.7382270131289,311.50141933330514,266.80784735727735,244.4429028957253,443.8928957025919,388.23272980548063,345.646647562079,326.01917080843793,320.0,340.61912834766457,408.3689790788378,468.4532923940294,515.9188377774828,462.601379561082,532.0156824585314,571.8080455336772,608.5850224747586,465.57706658423507,548.2050807852531,598.2784658093287,640.0,454.37978294642085,483.6858373700746,430.3932929652135,391.24019035345316,435.44943847817166,441.3431459762721,398.3934035639096,368.2611574772025,320.0,178.65339118771098,94.9270130826811,103.04140604891742,122.37081926643901,128.18267580895437,68.9788633681174,27.67905175640783,0.0,237.93815941668402,247.03044199847585,249.9448160389793,260.43301948159586,343.48030280743507,309.83211780560634,266.1060701498813,245.33074810396664,438.6093963688986,384.52852662632824,341.5483159262725,321.2927863453197,320.0,341.16032514184064,408.69220326340576,468.7715172964698,516.0375563830876,462.7724252559143,531.9100886221022,571.2769023589674,607.8578235626687,465.76528066594847,547.5241111957605,597.8492524303612,640.0,454.86396880333285,483.7944002137601,430.1933034869897,390.8627160108061,436.50815354489924,443.3772964201538,400.5327228717117,370.1271767436812
320.0,176.93043628415825,88.87081677626381,93.12063911494764,113.851892462817,125.98742239709648,66.91894049022565,26.89022933049324,0.0,232.04545611907116,243.6156590379831,247.34349386111177,257.4360246163995,333.2522186420696,303.1709801596319,262.7621503659918,243.80885719555084,424.4998763137338,377.3594251557513,338.57663229678155,320.95790030026706,320.0,341.01266059507793,406.6613277997335,465.54709239575834,511.24649995044206,465.2146710132886,533.1084759429148,571.673062749905,607.4285537443826,467.3286161880116,549.8037510939398,599.3317572515537,640.0,454.58012103965416,486.4657020631131,433.21075415507124,393.7594786756304,433.91490063282765,445.9779745497118,405.2091366895321,375.3733330896156,320.0,180.30962915379737,93.48551924449379,98.26522109207332,124.00314077665047,130.80513158121587,68.91618302409796,27.39990051511205,0.0,239.2787196631221,245.4360381771661,246.54407080497407,255.3845950822453,343.7315346874261,306.43497798412625,262.0808092288942,241.78456392138182,436.36932519489903,382.68530443886925,342.4673231307047,325.52238612183686,320.0,342.62337361070365,409.1780550874344,468.0534012236237,513.2159353742657,464.0946851220651,533.6373321221206,572.5220937474719,608.7253708445382,466.49608321498994,549.1369817216699,598.734932536948,640.0,454.8871554598628,485.1451067234975,430.67301253741584,390.37842273986837,435.87952462501306,444.8718041188379,402.33710765140074,371.2922320265037,320.0,177.96300189399363,92.59168218693736,101.03284748968292,122.12040386606873,128.52643662979162,69.1356382849365,28.042424679354326,0.0,240.1301443739158,247.79073742749986,250.2050880691371,258.9204290285249,347.7382270131289,311.50141933330514,266.80784735727735,244.4429028957253,443.8928957025919,388.23272980548063,345.646647562079,326.01917080843793,320.0,340.61912834766457,408.3689790788378,468.4532923940294,515.9188377774828,462.601379561082,532.0156824585314,571.8080455336772,608.5850224747586,465.57706658423507,548.2050807852531,598.2784658093287,640.0,454.37978294642085,483.6858373700746,430.3932929652135,391.24019035345316,435.44943847817166,441.3431459762721,398.3934035639096,368.2611574772025,320.0,178.65339118771098,94.9270130826811,103.04140604891742,122.37081926643901,128.18267580895437,68.9788633681174,27.67905175640783,0.0,237.93815941668402,247.03044199847585,249.9448160389793,260.43301948159586,343.48030280743507,309.83211780560634,266.1060701498813,245.33074810396664,438.6093963688986,384.52852662632824,341.5483159262725,321.2927863453197,320.0,341.16032514184064,408.69220326340576,468.7715172964698,516.0375563830876,462.7724252559143,531.9100886221022,571.2769023589674,607.8578235626687,465.76528066594847,547.5241111957605,597.8492524303612,640.0,454.86396880333285,483.7944002137601,430.1933034869897,390.8627160108061,436.50815354489924,443.3772964201538,400.5327228717117,370.1271767436812,320.0,179.9870884010803,93.11144511486151,97.33357132490687,117.47142849993577,123.4945058977982,65.60733725797007,26.13200858771461,0.0,228.5897497918964,240.33887108585878,243.3310257047581,253.11528189490224,331.3936019190573,300.0841756177633,256.5429944566869,234.69002987683936,425.8858708072752,376.82084405824565,337.78968106348873,319.4630509741251,320.0,340.0337078479962,406.2406408269176,465.4172286118728,514.1343942866977,460.95226474030596,530.4807186133187,570.1542186926395,607.7035166801518,463.76934045702876,546.6792267699172,597.4000879712598,640.0,453.5895092285764,483.97359639531805,428.4964036627589,388.22631783423196,436.75133813823106,445.97419856134286,401.4690503474987,370.0882408590739
320.0,180.30962915379737,93.48551924449379,98.26522109207332,124.00314077665047,130.80513158121587,68.91618302409796,27.39990051511205,0.0,239.2787196631221,245.4360381771661,246.54407080497407,255.3845950822453,343.7315346874261,306.43497798412625,262.0808092288942,241.78456392138182,436.36932519489903,382.68530443886925,342.4673231307047,325.52238612183686,320.0,342.62337361070365,409.1780550874344,468.0534012236237,513.2159353742657,464.0946851220651,533.6373321221206,572.5220937474719,608.7253708445382,466.49608321498994,549.1369817216699,598.734932536948,640.0,454.8871554598628,485.1451067234975,430.67301253741584,390.37842273986837,435.87952462501306,444.8718041188379,402.33710765140074,371.2922320265037,320.0,177.96300189399363,92.59168218693736,101.03284748968292,122.12040386606873,128.52643662979162,69.1356382849365,28.042424679354326,0.0,240.1301443739158,247.79073742749986,250.2050880691371,258.9204290285249,347.7382270131289,311.50141933330514,266.80784735727735,244.4429028957253,443.8928957025919,388.23272980548063,345.646647562079,326.01917080843793,320.0,340.61912834766457,408.3689790788378,468.4532923940294,515.9188377774828,462.601379561082,532.0156824585314,571.8080455336772,608.5850224747586,465.57706658423507,548.2050807852531,598.2784658093287,640.0,454.37978294642085,483.6858373700746,430.3932929652135,391.24019035345316,435.44943847817166,441.3431459762721,398.3934035639096,368.2611574772025,320.0,178.65339118771098,94.9270130826811,103.04140604891742,122.37081926643901,128.18267580895437,68.9788633681174,27.67905175640783,0.0,237.93815941668402,247.03044199847585,249.9448160389793,260.43301948159586,343.48030280743507,309.83211780560634,266.1060701498813,245.33074810396664,438.6093963688986,384.52852662632824,341.5483159262725,321.2927863453197,320.0,341.16032514184064,408.69220326340576,468.7715172964698,516.0375563830876,462.7724252559143,531.9100886221022,571.2769023589674,607.8578235626687,465.76528066594847,547.5241111957605,597.8492524303612,640.0,454.86396880333285,483.7944002137601,430.1933034869897,390.8627160108061,436.50815354489924,443.3772964201538,400.5327228717117,370.1271767436812,320.0,179.9870884010803,93.11144511486151,97.33357132490687,117.47142849993577,123.4945058977982,65.60733725797007,26.13200858771461,0.0,228.5897497918964,240.33887108585878,243.3310257047581,253.11528189490224,331.3936019190573,300.0841756177633,256.5429944566869,234.69002987683936,425.8858708072752,376.82084405824565,337.78968106348873,319.4630509741251,320.0,340.0337078479962,406.2406408269176,465.4172286118728,514.1343942866977,460.95226474030596,530.4807186133187,570.1542186926395,607.7035166801518,463.76934045702876,546.6792267699172,597.4000879712598,640.0,453.5895092285764,483.97359639531805,428.4964036627589,388.22631783423196,436.75133813823106,445.97419856134286,401.4690503474987,370.0882408590739,320.0,181.34258115001902,97.86999747709072,108.62429604416374,131.34775525214127,132.5297767439076,71.98470860397592,29.524641126842482,0.0,242.50717318703312,250.84006037877847,252.66360211582293,259.677666266137,347.03960112376365,310.07526821946743,265.14418640451214,241.60812804406112,439.0600238607354,383.14587119478995,342.9401044227883,323.0287226809546,320.0,340.6488202422672,407.37408067805836,465.66685173054304,511.0510159419311,462.7614076213025,531.9942542072656,571.68957444121,608.0734067126291,465.50364301667827,548.2811286742278,598.4359458673474,640.0,454.3257848813584,483.41939293173493,430.1263623981537,390.51709197087155,435.9116354261218,441.49766613889193,398.3988939251069,367.28062831633974
320.0,177.96300189399363,92.59168218693736,101.03284748968292,122.12040386606873,128.52643662979162,69.1356382849365,28.042424679354326,0.0,240.1301443739158,247.79073742749986,250.2050880691371,258.9204290285249,347.7382270131289,311.50141933330514,266.80784735727735,244.4429028957253,443.8928957025919,388.23272980548063,345.646647562079,326.01917080843793,320.0,340.61912834766457,408.3689790788378,468.4532923940294,515.9188377774828,462.601379561082,532.0156824585314,571.8080455336772,608.5850224747586,465.57706658423507,548.2050807852531,598.2784658093287,640.0,454.37978294642085,483.6858373700746,430.3932929652135,391.24019035345316,435.44943847817166,441.3431459762721,398.3934035639096,368.2611574772025,320.0,178.65339118771098,94.9270130826811,103.04140604891742,122.37081926643901,128.18267580895437,68.9788633681174,27.67905175640783,0.0,237.93815941668402,247.03044199847585,249.9448160389793,260.43301948159586,343.48030280743507,309.83211780560634,266.1060701498813,245.33074810396664,438.6093963688986,384.52852662632824,341.5483159262725,321.2927863453197,320.0,341.16032514184064,408.69220326340576,468.7715172964698,516.0375563830876,462.7724252559143,531.9100886221022,571.2769023589674,607.8578235626687,465.76528066594847,547.5241111957605,597.8492524303612,640.0,454.86396880333285,483.7944002137601,430.1933034869897,390.8627160108061,436.50815354489924,443.3772964201538,400.5327228717117,370.1271767436812,320.0,179.9870884010803,93.11144511486151,97.33357132490687,117.47142849993577,123.4945058977982,65.60733725797007,26.13200858771461,0.0,228.5897497918964,240.33887108585878,243.3310257047581,253.11528189490224,331.3936019190573,300.0841756177633,256.5429944566869,234.69002987683936,425.8858708072752,376.82084405824565,337.78968106348873,319.4630509741251,320.0,340.0337078479962,406.2406408269176,465.4172286118728,514.1343942866977,460.95226474030596,530.4807186133187,570.1542186926395,607.7035166801518,463.76934045702876,546.6792267699172,597.4000879712598,640.0,453.5895092285764,483.97359639531805,428.4964036627589,388.22631783423196,436.75133813823106,445.97419856134286,401.4690503474987,370.0882408590739,320.0,181.34258115001902,97.86999747709072,108.62429604416374,131.34775525214127,132.5297767439076,71.98470860397592,29.524641126842482,0.0,242.50717318703312,250.84006037877847,252.66360211582293,259.677666266137,347.03960112376365,310.07526821946743,265.14418640451214,241.60812804406112,439.0600238607354,383.14587119478995,342.9401044227883,323.0287226809546,320.0,340.6488202422672,407.37408067805836,465.66685173054304,511.0510159419311,462.7614076213025,531.9942542072656,571.68957444121,608.0734067126291,465.50364301667827,548.2811286742278,598.4359458673474,640.0,454.3257848813584,483.41939293173493,430.1263623981537,390.51709197087155,435.9116354261218,441.49766613889193,398.3988939251069,367.28062831633974,320.0,177.0734623268828,88.77698720009491,96.03408339096501,119.87234149186372,126.9038142701925,65.01429101059557,25.85786864435545,0.0,236.07432739082878,244.7991751586361,248.50074930087027,257.9270720466119,341.22210254445315,303.3130171455717,258.3746864169968,235.54193289853822,436.5849357220435,382.3687674006039,341.9795036173552,323.2964869065643,320.0,340.2452475176976,407.0558016774769,465.5246620325977,512.2597348400745,460.4114047415752,529.7866614591553,570.0016707161876,607.5692149506482,462.8968078620451,546.6981419544559,598.1047220470577,640.0,452.02375773010226,484.58018452780624,430.6219757787495,389.809341370605,433.9160541720604,444.1879772150304,401.10227385202705,369.33059241845046
320.0,178.65339118771098,94.9270130826811,103.04140604891742,122.37081926643901,128.18267580895437,68.9788633681174,27.67905175640783,0.0,237.93815941668402,247.03044199847585,249.9448160389793,260.43301948159586,343.48030280743507,309.83211780560634,266.1060701498813,245.33074810396664,438.6093963688986,384.52852662632824,341.5483159262725,321.2927863453197,320.0,341.16032514184064,408.69220326340576,468.7715172964698,516.0375563830876,462.7724252559143,531.9100886221022,571.2769023589674,607.8578235626687,465.76528066594847,547.5241111957605,597.8492524303612,640.0,454.86396880333285,483.7944002137601,430.1933034869897,390.8627160108061,436.50815354489924,443.3772964201538,400.5327228717117,370.1271767436812,320.0,179.9870884010803,93.11144511486151,97.33357132490687,117.47142849993577,123.4945058977982,65.60733725797007,26.13200858771461,0.0,228.5897497918964,240.33887108585878,243.3310257047581,253.11528189490224,331.3936019190573,300.0841756177633,256.5429944566869,234.69002987683936,425.8858708072752,376.82084405824565,337.78968106348873,319.4630509741251,320.0,340.0337078479962,406.2406408269176,465.4172286118728,514.1343942866977,460.95226474030596,530.4807186133187,570.1542186926395,607.7035166801518,463.76934045702876,546.6792267699172,597.4000879712598,640.0,453.5895092285764,483.97359639531805,428.4964036627589,388.22631783423196,436.75133813823106,445.97419856134286,401.4690503474987,370.0882408590739,320.0,181.34258115001902,97.86999747709072,108.62429604416374,131.34775525214127,132.5297767439076,71.98470860397592,29.524641126842482,0.0,242.50717318703312,250.84006037877847,252.66360211582293,259.677666266137,347.03960112376365,310.07526821946743,265.14418640451214,241.60812804406112,439.0600238607354,383.14587119478995,342.9401044227883,323.0287226809546,320.0,340.6488202422672,407.37408067805836,465.66685173054304,511.0510159419311,462.7614076213025,531.9942542072656,571.68957444121,608.0734067126291,465.50364301667827,548.2811286742278,598.4359458673474,640.0,454.3257848813584,483.41939293173493,430.1263623981537,390.51709197087155,435.9116354261218,441.49766613889193,398.3988939251069,367.28062831633974,320.0,177.0734623268828,88.77698720009491,96.03408339096501,119.87234149186372,126.9038142701925,65.01429101059557,25.85786864435545,0.0,236.07432739082878,244.7991751586361,248.50074930087027,257.9270720466119,341.22210254445315,303.3130171455717,258.3746864169968,235.54193289853822,436.5849357220435,382.3687674006039,341.9795036173552,323.2964869065643,320.0,340.2452475176976,407.0558016774769,465.5246620325977,512.2597348400745,460.4114047415752,529.7866614591553,570.0016707161876,607.5692149506482,462.8968078620451,546.6981419544559,598.1047220470577,640.0,452.02375773010226,484.58018452780624,430.6219757787495,389.809341370605,433.9160541720604,444.1879772150304,401.10227385202705,369.33059241845046,320.0,179.4801907730892,89.93828809403425,96.0445313865668,123.830318116135,125.85878021645968,66.70106930547502,27.24531711388812,0.0,235.1957116657684,245.46340345926882,246.97293677126078,254.39423047744987,339.18214094453964,300.6650901402419,260.81989346693206,242.81357396944878,432.50018484936163,371.83584692848746,334.1607347473633,317.6005911760394,320.0,339.44617805319814,407.84505745371854,466.79708362321946,513.7793225324452,461.511752497424,530.6155958248569,570.3148383536229,607.595535215416,465.09199542444713,548.1951126910924,598.913139841069,640.0,455.06253222995576,486.8621942496377,431.78060047771277,390.59056531954013,438.0805379503754,443.38375639584206,397.9921581520872,365.5983396496708
320.0,179.9870884010803,93.11144511486151,97.33357132490687,117.47142849993577,123.4945058977982,65.60733725797007,26.13200858771461,0.0,228.5897497918964,240.33887108585878,243.3310257047581,253.11528189490224,331.3936019190573,300.0841756177633,256.5429944566869,234.69002987683936,425.8858708072752,376.82084405824565,337.78968106348873,319.4630509741251,320.0,340.0337078479962,406.2406408269176,465.4172286118728,514.1343942866977,460.95226474030596,530.4807186133187,570.1542186926395,607.7035166801518,463.76934045702876,546.6792267699172,597.4000879712598,640.0,453.5895092285764,483.97359639531805,428.4964036627589,388.22631783423196,436.75133813823106,445.97419856134286,401.4690503474987,370.0882408590739,320.0,181.34258115001902,97.86999747709072,108.62429604416374,131.34775525214127,132.5297767439076,71.98470860397592,29.524641126842482,0.0,242.50717318703312,250.84006037877847,252.66360211582293,259.677666266137,347.03960112376365,310.07526821946743,265.14418640451214,241.60812804406112,439.0600238607354,383.14587119478995,342.9401044227883,323.0287226809546,320.0,340.6488202422672,407.37408067805836,465.66685173054304,511.0510159419311,462.7614076213025,531.9942542072656,571.68957444121,608.0734067126291,465.50364301667827,548.2811286742278,598.4359458673474,640.0,454.3257848813584,483.41939293173493,430.1263623981537,390.51709197087155,435.9116354261218,441.49766613889193,398.3988939251069,367.28062831633974,320.0,177.0734623268828,88.77698720009491,96.03408339096501,119.87234149186372,126.9038142701925,65.01429101059557,25.85786864435545,0.0,236.07432739082878,244.7991751586361,248.50074930087027,257.9270720466119,341.22210254445315,303.3130171455717,258.3746864169968,235.54193289853822,436.5849357220435,382.3687674006039,341.9795036173552,323.2964869065643,320.0,340.2452475176976,407.0558016774769,465.5246620325977,512.2597348400745,460.4114047415752,529.7866614591553,570.0016707161876,607.5692149506482,462.8968078620451,546.6981419544559,598.1047220470577,640.0,452.02375773010226,484.58018452780624,430.6219757787495,389.809341370605,433.9160541720604,444.1879772150304,401.10227385202705,369.33059241845046,320.0,179.4801907730892,89.93828809403425,96.0445313865668,123.830318116135,125.85878021645968,66.70106930547502,27.24531711388812,0.0,235.1957116657684,245.46340345926882,246.97293677126078,254.39423047744987,339.18214094453964,300.6650901402419,260.81989346693206,242.81357396944878,432.50018484936163,371.83584692848746,334.1607347473633,317.6005911760394,320.0,339.44617805319814,407.84505745371854,466.79708362321946,513.7793225324452,461.511752497424,530.6155958248569,570.3148383536229,607.595535215416,465.09199542444713,548.1951126910924,598.913139841069,640.0,455.06253222995576,486.8621942496377,431.78060047771277,390.59056531954013,438.0805379503754,443.38375639584206,397.9921581520872,365.5983396496708,320.0,182.16032155338596,94.73215708589402,100.43810027849406,123.09217881975695,129.71466621026397,69.13554423390553,27.7285355473075,0.0,236.33154961558387,244.81781048383107,245.96639587755524,254.34682521187042,339.68624840559045,303.2680412219214,259.974657861126,238.50934836093958,434.4555576817859,380.04918960100764,337.08199101888744,315.48562152553444,320.0,340.9441466400747,407.8145702323884,466.76469750816625,513.508042062167,463.9210910951436,532.3696536810872,571.8822139081124,608.2235586114397,466.65829688866904,547.9226400824791,598.6041761803237,640.0,455.4682442321423,484.03491404745523,429.73822040711383,389.1995452751915,436.95148636674855,445.45540239882854,402.89562384194073,371.52417738764433
320.0,181.34258115001902,97.86999747709072,108.62429604416374,131.34775525214127,132.5297767439076,71.98470860397592,29.524641126842482,0.0,242.50717318703312,250.84006037877847,252.66360211582293,259.677666266137,347.03960112376365,310.07526821946743,265.14418640451214,241.60812804406112,439.0600238607354,383.14587119478995,342.9401044227883,323.0287226809546,320.0,340.6488202422672,407.37408067805836,465.66685173054304,511.0510159419311,462.7614076213025,531.9942542072656,571.68957444121,608.0734067126291,465.50364301667827,548.2811286742278,598.4359458673474,640.0,454.3257848813584,483.41939293173493,430.1263623981537,390.51709197087155,435.9116354261218,441.49766613889193,398.3988939251069,367.28062831633974,320.0,177.0734623268828,88.77698720009491,96.03408339096501,119.87234149186372,126.9038142701925,65.01429101059557,25.85786864435545,0.0,236.07432739082878,244.7991751586361,248.50074930087027,257.9270720466119,341.22210254445315,303.3130171455717,258.3746864169968,235.54193289853822,436.5849357220435,382.3687674006039,341.9795036173552,323.2964869065643,320.0,340.2452475176976,407.0558016774769,465.5246620325977,512.2597348400745,460.4114047415752,529.7866614591553,570.0016707161876,607.5692149506482,462.8968078620451,546.6981419544559,598.1047220470577,640.0,452.02375773010226,484.58018452780624,430.6219757787495,389.809341370605,433.9160541720604,444.1879772150304,401.10227385202705,369.33059241845046,320.0,179.4801907730892,89.93828809403425,96.0445313865668,123.830318116135,125.85878021645968,66.70106930547502,27.24531711388812,0.0,235.1957116657684,245.46340345926882,246.97293677126078,254.39423047744987,339.18214094453964,300.6650901402419,260.81989346693206,242.81357396944878,432.50018484936163,371.83584692848746,334.1607347473633,317.6005911760394,320.0,339.44617805319814,407.84505745371854,466.79708362321946,513.7793225324452,461.511752497424,530.6155958248569,570.3148383536229,607.595535215416,465.09199542444713,548.1951126910924,598.913139841069,640.0,455.06253222995576,486.8621942496377,431.78060047771277,390.59056531954013,438.0805379503754,443.38375639584206,397.9921581520872,365.5983396496708,320.0,182.16032155338596,94.73215708589402,100.43810027849406,123.09217881975695,129.71466621026397,69.13554423390553,27.7285355473075,0.0,236.33154961558387,244.81781048383107,245.96639587755524,254.34682521187042,339.68624840559045,303.2680412219214,259.974657861126,238.50934836093958,434.4555576817859,380.04918960100764,337.08199101888744,315.48562152553444,320.0,340.9441466400747,407.8145702323884,466.76469750816625,513.508042062167,463.9210910951436,532.3696536810872,571.8822139081124,608.2235586114397,466.65829688866904,547.9226400824791,598.6041761803237,640.0,455.4682442321423,484.03491404745523,429.73822040711383,389.1995452751915,436.95148636674855,445.45540239882854,402.89562384194073,371.52417738764433,320.0,177.11960137753576,88.93105279809416,97.7345624776753,128.22794154651265,128.8302945037793,68.10359747713198,27.405503839019218,0.0,236.59228824009665,247.13149897676374,248.3165447363087,257.5457737024271,338.0901121066914,302.301176264936,261.1657723967364,243.98166861505214,428.9769229314445,374.9932145753123,337.10101825712513,322.1332806783095,320.0,340.7620590356728,407.2616585849994,465.89055797266826,512.0052437730501,460.69805042369376,530.1802705725352,569.5939067513456,606.3359538766788,463.8339986345969,546.7625501509673,598.0013243750582,640.0,453.59414461623714,484.1315812898993,430.7331696852185,390.8779937488423,436.3333786351171,447.102377024889,405.1307408258088,373.8393261732094
320.0,177.0734623268828,88.77698720009491,96.03408339096501,119.87234149186372,126.9038142701925,65.01429101059557,25.85786864435545,0.0,236.07432739082878,244.7991751586361,248.50074930087027,257.9270720466119,341.22210254445315,303.3130171455717,258.3746864169968,235.54193289853822,436.5849357220435,382.3687674006039,341.9795036173552,323.2964869065643,320.0,340.2452475176976,407.0558016774769,465.5246620325977,512.2597348400745,460.4114047415752,529.7866614591553,570.0016707161876,607.5692149506482,462.8968078620451,546.6981419544559,598.1047220470577,640.0,452.02375773010226,484.58018452780624,430.6219757787495,389.809341370605,433.9160541720604,444.1879772150304,401.10227385202705,369.33059241845046,320.0,179.4801907730892,89.93828809403425,96.0445313865668,123.830318116135,125.85878021645968,66.70106930547502,27.24531711388812,0.0,235.1957116657684,245.46340345926882,246.97293677126078,254.39423047744987,339.18214094453964,300.6650901402419,260.81989346693206,242.81357396944878,432.50018484936163,371.83584692848746,334.1607347473633,317.6005911760394,320.0,339.44617805319814,407.84505745371854,466.79708362321946,513.7793225324452,461.511752497424,530.6155958248569,570.3148383536229,607.595535215416,465.09199542444713,548.1951126910924,598.913139841069,640.0,455.06253222995576,486.8621942496377,431.78060047771277,390.59056531954013,438.0805379503754,443.38375639584206,397.9921581520872,365.5983396496708,320.0,182.16032155338596,94.73215708589402,100.43810027849406,123.09217881975695,129.71466621026397,69.13554423390553,27.7285355473075,0.0,236.33154961558387,244.81781048383107,245.96639587755524,254.34682521187042,339.68624840559045,303.2680412219214,259.974657861126,238.50934836093958,434.4555576817859,380.04918960100764,337.08199101888744,315.48562152553444,320.0,340.9441466400747,407.8145702323884,466.76469750816625,513.508042062167,463.9210910951436,532.3696536810872,571.8822139081124,608.2235586114397,466.65829688866904,547.9226400824791,598.6041761803237,640.0,455.4682442321423,484.03491404745523,429.73822040711383,389.1995452751915,436.95148636674855,445.45540239882854,402.89562384194073,371.52417738764433,320.0,177.11960137753576,88.93105279809416,97.7345624776753,128.22794154651265,128.8302945037793,68.10359747713198,27.405503839019218,0.0,236.59228824009665,247.13149897676374,248.3165447363087,257.5457737024271,338.0901121066914,302.301176264936,261.1657723967364,243.98166861505214,428.9769229314445,374.9932145753123,337.10101825712513,322.1332806783095,320.0,340.7620590356728,407.2616585849994,465.89055797266826,512.0052437730501,460.69805042369376,530.1802705725352,569.5939067513456,606.3359538766788,463.8339986345969,546.7625501509673,598.0013243750582,640.0,453.59414461623714,484.1315812898993,430.7331696852185,390.8779937488423,436.3333786351171,447.102377024889,405.1307408258088,373.8393261732094,320.0,180.95767710814593,95.40516327825887,101.5119500573746,120.20093595137328,128.48924748264233,68.34925112307897,27.66238807330899,0.0,236.70177715151027,243.65778662939664,243.86945474951065,250.91444984512205,339.7234904540547,299.6658852726911,255.94484047800017,235.29660686015103,432.6583252567565,371.9039132993779,332.0559360634766,314.8029270980779,320.0,340.48345347079766,408.65939972267455,468.71950953602146,517.2099598140472,463.6370076275817,533.3874569159894,572.8848459575175,609.2181583527031,466.8596442158143,549.8672658035052,599.9273260747891,640.0,455.9947394891773,486.64703292278045,433.076859984894,392.6310817240369,437.8232685370039,445.5849269312674,402.27217761159915,370.390908285225
320.0,179.4801907730892,89.93828809403425,96.0445313865668,123.830318116135,125.85878021645968,66.70106930547502,27.24531711388812,0.0,235.1957116657684,245.46340345926882,246.97293677126078,254.39423047744987,339.18214094453964,300.6650901402419,260.81989346693206,242.81357396944878,432.50018484936163,371.83584692848746,334.1607347473633,317.6005911760394,320.0,339.44617805319814,407.84505745371854,466.79708362321946,513.7793225324452,461.511752497424,530.6155958248569,570.3148383536229,607.595535215416,465.09199542444713,548.1951126910924,598.913139841069,640.0,455.06253222995576,486.8621942496377,431.78060047771277,390.59056531954013,438.0805379503754,443.38375639584206,397.9921581520872,365.5983396496708,320.0,182.16032155338596,94.73215708589402,100.43810027849406,123.09217881975695,129.71466621026397,69.13554423390553,27.7285355473075,0.0,236.33154961558387,244.81781048383107,245.96639587755524,254.34682521187042,339.68624840559045,303.2680412219214,259.974657861126,238.50934836093958,434.4555576817859,380.04918960100764,337.08199101888744,315.48562152553444,320.0,340.9441466400747,407.8145702323884,466.76469750816625,513.508042062167,463.9210910951436,532.3696536810872,571.8822139081124,608.2235586114397,466.65829688866904,547.9226400824791,598.6041761803237,640.0,455.4682442321423,484.03491404745523,429.73822040711383,389.1995452751915,436.95148636674855,445.45540239882854,402.89562384194073,371.52417738764433,320.0,177.11960137753576,88.93105279809416,97.7345624776753,128.22794154651265,128.8302945037793,68.10359747713198,27.405503839019218,0.0,236.59228824009665,247.13149897676374,248.3165447363087,257.5457737024271,338.0901121066914,302.301176264936,261.1657723967364,243.98166861505214,428.9769229314445,374.9932145753123,337.10101825712513,322.1332806783095,320.0,340.7620590356728,407.2616585849994,465.89055797266826,512.0052437730501,460.69805042369376,530.1802705725352,569.5939067513456,606.3359538766788,463.8339986345969,546.7625501509673,598.0013243750582,640.0,453.59414461623714,484.1315812898993,430.7331696852185,390.8779937488423,436.3333786351171,447.102377024889,405.1307408258088,373.8393261732094,320.0,180.95767710814593,95.40516327825887,101.5119500573746,120.20093595137328,128.48924748264233,68.34925112307897,27.66238807330899,0.0,236.70177715151027,243.65778662939664,243.86945474951065,250.91444984512205,339.7234904540547,299.6658852726911,255.94484047800017,235.29660686015103,432.6583252567565,371.9039132993779,332.0559360634766,314.8029270980779,320.0,340.48345347079766,408.65939972267455,468.71950953602146,517.2099598140472,463.6370076275817,533.3874569159894,572.8848459575175,609.2181583527031,466.8596442158143,549.8672658035052,599.9273260747891,640.0,455.9947394891773,486.64703292278045,433.076859984894,392.6310817240369,437.8232685370039,445.5849269312674,402.27217761159915,370.390908285225,320.0,179.55991832134345,93.59814959140493,98.54648442121731,120.8208224920912,124.72858500202963,66.02490336611143,26.463850736992015,0.0,231.2666797940488,243.2780390155143,245.11311958641525,254.1333049543972,333.3788161013077,300.08760509605827,255.66671913371175,234.84106627479946,425.83365142807014,373.10456852015534,332.5615027411376,313.98947727741495,320.0,340.89103264761025,407.6196582766991,467.58180459486516,517.0841750586893,462.25077166890105,532.4091073961182,572.1344795814632,609.4746034464846,465.1663963907761,549.0498232636184,599.31611389214,640.0,454.3627509808616,486.6600797727949,432.64591571274514,392.3755559904495,436.1757941294929,445.70373896366664,402.40164678044096,370.94723204565787
320.0,182.16032155338596,94.73215708589402,100.43810027849406,123.09217881975695,129.71466621026397,69.13554423390553,27.7285355473075,0.0,236.33154961558387,244.81781048383107,245.96639587755524,254.34682521187042,339.68624840559045,303.2680412219214,259.974657861126,238.50934836093958,434.4555576817859,380.04918960100764,337.08199101888744,315.48562152553444,320.0,340.9441466400747,407.8145702323884,466.76469750816625,513.508042062167,463.9210910951436,532.3696536810872,571.8822139081124,608.2235586114397,466.65829688866904,547.9226400824791,598.6041761803237,640.0,455.4682442321423,484.03491404745523,429.73822040711383,389.1995452751915,436.95148636674855,445.45540239882854,402.89562384194073,371.52417738764433,320.0,177.11960137753576,88.93105279809416,97.7345624776753,128.22794154651265,128.8302945037793,68.10359747713198,27.405503839019218,0.0,236.59228824009665,247.13149897676374,248.3165447363087,257.5457737024271,338.0901121066914,302.301176264936,261.1657723967364,243.98166861505214,428.9769229314445,374.9932145753123,337.10101825712513,322.1332806783095,320.0,340.7620590356728,407.2616585849994,465.89055797266826,512.0052437730501,460.69805042369376,530.1802705725352,569.5939067513456,606.3359538766788,463.8339986345969,546.7625501509673,598.0013243750582,640.0,453.59414461623714,484.1315812898993,430.7331696852185,390.8779937488423,436.3333786351171,447.102377024889,405.1307408258088,373.8393261732094,320.0,180.95767710814593,95.40516327825887,101.5119500573746,120.20093595137328,128.48924748264233,68.34925112307897,27.66238807330899,0.0,236.70177715151027,243.65778662939664,243.86945474951065,250.91444984512205,339.7234904540547,299.6658852726911,255.94484047800017,235.29660686015103,432.6583252567565,371.9039132993779,332.0559360634766,314.8029270980779,320.0,340.48345347079766,408.65939972267455,468.71950953602146,517.2099598140472,463.6370076275817,533.3874569159894,572.8848459575175,609.2181583527031,466.8596442158143,549.8672658035052,599.9273260747891,640.0,455.9947394891773,486.64703292278045,433.076859984894,392.6310817240369,437.8232685370039,445.5849269312674,402.27217761159915,370.390908285225,320.0,179.55991832134345,93.59814959140493,98.54648442121731,120.8208224920912,124.72858500202963,66.02490336611143,26.463850736992015,0.0,231.2666797940488,243.2780390155143,245.11311958641525,254.1333049543972,333.3788161013077,300.08760509605827,255.66671913371175,234.84106627479946,425.83365142807014,373.10456852015534,332.5615027411376,313.98947727741495,320.0,340.89103264761025,407.6196582766991,467.58180459486516,517.0841750586893,462.25077166890105,532.4091073961182,572.1344795814632,609.4746034464846,465.1663963907761,549.0498232636184,599.31611389214,640.0,454.3627509808616,486.6600797727949,432.64591571274514,392.3755559904495,436.1757941294929,445.70373896366664,402.40164678044096,370.94723204565787,320.0,182.9458302481177,95.61737274978302,103.24919572077275,125.32325681998529,130.36699973725905,68.80557541594015,27.448065669312655,0.0,238.1305074084985,244.30907040130361,245.27699318200519,253.6300787957441,340.825711457363,303.03592438368673,260.33790290262397,240.0828966260347,434.72723190471265,380.2857623601037,339.1223942865787,319.29996894879736,320.0,341.03846737207874,407.2750699322852,466.11705421644956,510.9004476684362,464.3466494724436,533.5283658375581,572.4172139065905,607.9677560477803,467.49882012555764,549.4189878121654,599.3433182246029,640.0,456.7791632609516,485.1863422702446,431.1949443292459,390.5341214168846,438.9647770909752,446.86512435891956,404.68291445516235,373.36500681613234
320.0,177.11960137753576,88.93105279809416,97.7345624776753,128.22794154651265,128.8302945037793,68.10359747713198,27.405503839019218,0.0,236.59228824009665,247.13149897676374,248.3165447363087,257.5457737024271,338.0901121066914,302.301176264936,261.1657723967364,243.98166861505214,428.9769229314445,374.9932145753123,337.10101825712513,322.1332806783095,320.0,340.7620590356728,407.2616585849994,465.89055797266826,512.0052437730501,460.69805042369376,530.1802705725352,569.5939067513456,606.3359538766788,463.8339986345969,546.7625501509673,598.0013243750582,640.0,453.59414461623714,484.1315812898993,430.7331696852185,390.8779937488423,436.3333786351171,447.102377024889,405.1307408258088,373.8393261732094,320.0,180.95767710814593,95.40516327825887,101.5119500573746,120.20093595137328,128.48924748264233,68.34925112307897,27.66238807330899,0.0,236.70177715151027,243.65778662939664,243.86945474951065,250.91444984512205,339.7234904540547,299.6658852726911,255.94484047800017,235.29660686015103,432.6583252567565,371.9039132993779,332.0559360634766,314.8029270980779,320.0,340.48345347079766,408.65939972267455,468.71950953602146,517.2099598140472,463.6370076275817,533.3874569159894,572.8848459575175,609.2181583527031,466.8596442158143,549.8672658035052,599.9273260747891,640.0,455.9947394891773,486.64703292278045,433.076859984894,392.6310817240369,437.8232685370039,445.5849269312674,402.27217761159915,370.390908285225,320.0,179.55991832134345,93.59814959140493,98.54648442121731,120.8208224920912,124.72858500202963,66.02490336611143,26.463850736992015,0.0,231.2666797940488,243.2780390155143,245.11311958641525,254.1333049543972,333.3788161013077,300.08760509605827,255.66671913371175,234.84106627479946,425.83365142807014,373.10456852015534,332.5615027411376,313.98947727741495,320.0,340.89103264761025,407.6196582766991,467.58180459486516,517.0841750586893,462.25077166890105,532.4091073961182,572.1344795814632,609.4746034464846,465.1663963907761,549.0498232636184,599.31611389214,640.0,454.3627509808616,486.6600797727949,432.64591571274514,392.3755559904495,436.1757941294929,445.70373896366664,402.40164678044096,370.94723204565787,320.0,182.9458302481177,95.61737274978302,103.24919572077275,125.32325681998529,130.36699973725905,68.80557541594015,27.448065669312655,0.0,238.1305074084985,244.30907040130361,245.27699318200519,253.6300787957441,340.825711457363,303.03592438368673,260.33790290262397,240.0828966260347,434.72723190471265,380.2857623601037,339.1223942865787,319.29996894879736,320.0,341.03846737207874,407.2750699322852,466.11705421644956,510.9004476684362,464.3466494724436,533.5283658375581,572.4172139065905,607.9677560477803,467.49882012555764,549.4189878121654,599.3433182246029,640.0,456.7791632609516,485.1863422702446,431.1949443292459,390.5341214168846,438.9647770909752,446.86512435891956,404.68291445516235,373.36500681613234,320.0,176.14535909528468,88.83382656218217,98.18677329601985,123.18529658842243,128.0406090333651,68.12764541314195,27.232428669065143,0.0,238.0212969322783,245.35080529503938,246.3240194363658,254.27897091779718,343.6157462139686,306.87240139891446,264.0619417130319,244.01198048192586,438.73355513736783,384.37757413114696,343.02894432003785,324.75974775961754,320.0,341.0806046624884,410.11485120461765,470.5022471394923,515.6500260471638,464.7170428492571,533.7411541075675,573.0420920571281,608.9546239194049,467.3207894055348,550.1179656928746,599.7812885302064,640.0,455.66902356619215,486.729150805989,432.9532204968683,392.54423675119466,436.5078766660195,445.50867652602096,403.24580009048833,372.5017129992319
320.0,180.95767710814593,95.40516327825887,101.5119500573746,120.20093595137328,128.48924748264233,68.34925112307897,27.66238807330899,0.0,236.70177715151027,243.65778662939664,243.86945474951065,250.91444984512205,339.7234904540547,299.6658852726911,255.94484047800017,235.29660686015103,432.6583252567565,371.9039132993779,332.0559360634766,314.8029270980779,320.0,340.48345347079766,408.65939972267455,468.71950953602146,517.2099598140472,463.6370076275817,533.3874569159894,572.8848459575175,609.2181583527031,466.8596442158143,549.8672658035052,599.9273260747891,640.0,455.9947394891773,486.64703292278045,433.076859984894,392.6310817240369,437.8232685370039,445.5849269312674,402.27217761159915,370.390908285225,320.0,179.55991832134345,93.59814959140493,98.54648442121731,120.8208224920912,124.72858500202963,66.02490336611143,26.463850736992015,0.0,231.2666797940488,243.2780390155143,245.11311958641525,254.1333049543972,333.3788161013077,300.08760509605827,255.66671913371175,234.84106627479946,425.83365142807014,373.10456852015534,332.5615027411376,313.98947727741495,320.0,340.89103264761025,407.6196582766991,467.58180459486516,517.0841750586893,462.25077166890105,532.4091073961182,572.1344795814632,609.4746034464846,465.1663963907761,549.0498232636184,599.31611389214,640.0,454.3627509808616,486.6600797727949,432.64591571274514,392.3755559904495,436.1757941294929,445.70373896366664,402.40164678044096,370.94723204565787,320.0,182.9458302481177,95.61737274978302,103.24919572077275,125.32325681998529,130.36699973725905,68.80557541594015,27.448065669312655,0.0,238.1305074084985,244.30907040130361,245.27699318200519,253.6300787957441,340.825711457363,303.03592438368673,260.33790290262397,240.0828966260347,434.72723190471265,380.2857623601037,339.1223942865787,319.29996894879736,320.0,341.03846737207874,407.2750699322852,466.11705421644956,510.9004476684362,464.3466494724436,533.5283658375581,572.4172139065905,607.9677560477803,467.49882012555764,549.4189878121654,599.3433182246029,640.0,456.7791632609516,485.1863422702446,431.1949443292459,390.5341214168846,438.9647770909752,446.86512435891956,404.68291445516235,373.36500681613234,320.0,176.14535909528468,88.83382656218217,98.18677329601985,123.18529658842243,128.0406090333651,68.12764541314195,27.232428669065143,0.0,238.0212969322783,245.35080529503938,246.3240194363658,254.27897091779718,343.6157462139686,306.87240139891446,264.0619417130319,244.01198048192586,438.73355513736783,384.37757413114696,343.02894432003785,324.75974775961754,320.0,341.0806046624884,410.11485120461765,470.5022471394923,515.6500260471638,464.7170428492571,533.7411541075675,573.0420920571281,608.9546239194049,467.3207894055348,550.1179656928746,599.7812885302064,640.0,455.66902356619215,486.729150805989,432.9532204968683,392.54423675119466,436.5078766660195,445.50867652602096,403.24580009048833,372.5017129992319,320.0,176.76098665402264,88.97303351444356,96.54392053673251,121.5076058355086,127.99098147893358,67.41244901914783,27.087296304651545,0.0,236.98252167860056,245.2803852962218,246.94548040431377,255.92433508905725,342.38784319844973,304.701414960794,261.59473879537404,242.24795051661812,437.701556411798,381.51774995454895,341.51975044522726,325.39012895223016,320.0,341.0206279225051,409.2752468600082,469.28458860009204,516.0154077542315,462.3768489268376,531.5025936908266,571.0295953078921,607.8658234469847,465.34530061293856,548.6125118148055,599.0780304440899,640.0,454.59708301841454,485.0826504214671,431.9599866211014,392.00779636474675,436.5388779586561,444.73831260966085,402.1873863019946,371.370351059069
320.0,179.55991832134345,93.59814959140493,98.54648442121731,120.8208224920912,124.72858500202963,66.02490336611143,26.463850736992015,0.0,231.2666797940488,243.2780390155143,245.11311958641525,254.1333049543972,333.3788161013077,300.08760509605827,255.66671913371175,234.84106627479946,425.83365142807014,373.10456852015534,332.5615027411376,313.98947727741495,320.0,340.89103264761025,407.6196582766991,467.58180459486516,517.0841750586893,462.25077166890105,532.4091073961182,572.1344795814632,609.4746034464846,465.1663963907761,549.0498232636184,599.31611389214,640.0,454.3627509808616,486.6600797727949,432.64591571274514,392.3755559904495,436.1757941294929,445.70373896366664,402.40164678044096,370.94723204565787,320.0,182.9458302481177,95.61737274978302,103.24919572077275,125.32325681998529,130.36699973725905,68.80557541594015,27.448065669312655,0.0,238.1305074084985,244.30907040130361,245.27699318200519,253.6300787957441,340.825711457363,303.03592438368673,260.33790290262397,240.0828966260347,434.72723190471265,380.2857623601037,339.1223942865787,319.29996894879736,320.0,341.03846737207874,407.2750699322852,466.11705421644956,510.9004476684362,464.3466494724436,533.5283658375581,572.4172139065905,607.9677560477803,467.49882012555764,549.4189878121654,599.3433182246029,640.0,456.7791632609516,485.1863422702446,431.1949443292459,390.5341214168846,438.9647770909752,446.86512435891956,404.68291445516235,373.36500681613234,320.0,176.14535909528468,88.83382656218217,98.18677329601985,123.18529658842243,128.0406090333651,68.12764541314195,27.232428669065143,0.0,238.0212969322783,245.35080529503938,246.3240194363658,254.27897091779718,343.6157462139686,306.87240139891446,264.0619417130319,244.01198048192586,438.73355513736783,384.37757413114696,343.02894432003785,324.75974775961754,320.0,341.0806046624884,410.11485120461765,470.5022471394923,515.6500260471638,464.7170428492571,533.7411541075675,573.0420920571281,608.9546239194049,467.3207894055348,550.1179656928746,599.7812885302064,640.0,455.66902356619215,486.729150805989,432.9532204968683,392.54423675119466,436.5078766660195,445.50867652602096,403.24580009048833,372.5017129992319,320.0,176.76098665402264,88.97303351444356,96.54392053673251,121.5076058355086,127.99098147893358,67.41244901914783,27.087296304651545,0.0,236.98252167860056,245.2803852962218,246.94548040431377,255.92433508905725,342.38784319844973,304.701414960794,261.59473879537404,242.24795051661812,437.701556411798,381.51774995454895,341.51975044522726,325.39012895223016,320.0,341.0206279225051,409.2752468600082,469.28458860009204,516.0154077542315,462.3768489268376,531.5025936908266,571.0295953078921,607.8658234469847,465.34530061293856,548.6125118148055,599.0780304440899,640.0,454.59708301841454,485.0826504214671,431.9599866211014,392.00779636474675,436.5388779586561,444.73831260966085,402.1873863019946,371.370351059069,320.0,175.09215338128647,86.88073404388155,94.6870024277053,125.7554192045572,128.54629041152376,67.77399243328881,27.415622845403448,0.0,238.74172532488916,249.95848725298362,250.5200361708033,257.89325558580333,343.2595259450895,301.99951734880864,257.6792500316484,239.09782615024858,436.80165731808546,378.5458051723904,336.34664966101195,317.88779071485214,320.0,341.8529869432311,408.6345684473266,467.51115709986493,512.7552310013349,463.1276214247913,532.0707972290899,570.7423717032251,606.9096610611291,465.95184872157404,549.3021382137582,599.4382745791897,640.0,454.79040449917454,485.5942686076729,431.6448922204406,391.1304413077306,436.44911967520005,444.555374760073,401.8515651535138,370.6159509008618
320.0,182.9458302481177,95.61737274978302,103.24919572077275,125.32325681998529,130.36699973725905,68.80557541594015,27.448065669312655,0.0,238.1305074084985,244.30907040130361,245.27699318200519,253.6300787957441,340.825711457363,303.03592438368673,260.33790290262397,240.0828966260347,434.72723190471265,380.2857623601037,339.1223942865787,319.29996894879736,320.0,341.03846737207874,407.2750699322852,466.11705421644956,510.9004476684362,464.3466494724436,533.5283658375581,572.4172139065905,607.9677560477803,467.49882012555764,549.4189878121654,599.3433182246029,640.0,456.7791632609516,485.1863422702446,431.1949443292459,390.5341214168846,438.9647770909752,446.86512435891956,404.68291445516235,373.36500681613234,320.0,176.14535909528468,88.83382656218217,98.18677329601985,123.18529658842243,128.0406090333651,68.12764541314195,27.232428669065143,0.0,238.0212969322783,245.35080529503938,246.3240194363658,254.27897091779718,343.6157462139686,306.87240139891446,264.0619417130319,244.01198048192586,438.73355513736783,384.37757413114696,343.02894432003785,324.75974775961754,320.0,341.0806046624884,410.11485120461765,470.5022471394923,515.6500260471638,464.7170428492571,533.7411541075675,573.0420920571281,608.9546239194049,467.3207894055348,550.1179656928746,599.7812885302064,640.0,455.66902356619215,486.729150805989,432.9532204968683,392.54423675119466,436.5078766660195,445.50867652602096,403.24580009048833,372.5017129992319,320.0,176.76098665402264,88.97303351444356,96.54392053673251,121.5076058355086,127.99098147893358,67.41244901914783,27.087296304651545,0.0,236.98252167860056,245.2803852962218,246.94548040431377,255.92433508905725,342.38784319844973,304.701414960794,261.59473879537404,242.24795051661812,437.701556411798,381.51774995454895,341.51975044522726,325.39012895223016,320.0,341.0206279225051,409.2752468600082,469.28458860009204,516.0154077542315,462.3768489268376,531.5025936908266,571.0295953078921,607.8658234469847,465.34530061293856,548.6125118148055,599.0780304440899,640.0,454.59708301841454,485.0826504214671,431.9599866211014,392.00779636474675,436.5388779586561,444.73831260966085,402.1873863019946,371.370351059069,320.0,175.09215338128647,86.88073404388155,94.6870024277053,125.7554192045572,128.54629041152376,67.77399243328881,27.415622845403448,0.0,238.74172532488916,249.95848725298362,250.5200361708033,257.89325558580333,343.2595259450895,301.99951734880864,257.6792500316484,239.09782615024858,436.80165731808546,378.5458051723904,336.34664966101195,317.88779071485214,320.0,341.8529869432311,408.6345684473266,467.51115709986493,512.7552310013349,463.1276214247913,532.0707972290899,570.7423717032251,606.9096610611291,465.95184872157404,549.3021382137582,599.4382745791897,640.0,454.79040449917454,485.5942686076729,431.6448922204406,391.1304413077306,436.44911967520005,444.555374760073,401.8515651535138,370.6159509008618,320.0,174.41179714010633,86.39041162789965,93.93543926675673,124.52125880691779,129.92031745188686,66.79625564491192,26.470071670632876,0.0,242.1812934381964,254.37312389526716,256.28961003127796,266.1665551150002,351.3508944313138,311.2084623829326,262.1670430316367,240.88786424394752,450.3519886428851,394.1619604166376,345.6933659991421,324.7718967219114,320.0,343.881081329226,409.0376813821487,466.9905905279412,513.6842902396502,463.1555434539773,531.2787278692233,570.1542041755271,606.5942390919213,464.4253925016369,547.2003858646389,597.8969016061876,640.0,451.94313668825464,483.95857721323546,430.02463933306194,389.4146925657765,431.67746249949187,444.71723233192773,403.6705398522729,372.7347283928826
320.0,176.14535909528468,88.83382656218217,98.18677329601985,123.18529658842243,128.0406090333651,68.12764541314195,27.232428669065143,0.0,238.0212969322783,245.35080529503938,246.3240194363658,254.27897091779718,343.6157462139686,306.87240139891446,264.0619417130319,244.01198048192586,438.73355513736783,384.37757413114696,343.02894432003785,324.75974775961754,320.0,341.0806046624884,410.11485120461765,470.5022471394923,515.6500260471638,464.7170428492571,533.7411541075675,573.0420920571281,608.9546239194049,467.3207894055348,550.1179656928746,599.7812885302064,640.0,455.66902356619215,486.729150805989,432.9532204968683,392.54423675119466,436.5078766660195,445.50867652602096,403.24580009048833,372.5017129992319,320.0,176.76098665402264,88.97303351444356,96.54392053673251,121.5076058355086,127.99098147893358,67.41244901914783,27.087296304651545,0.0,236.98252167860056,245.2803852962218,246.94548040431377,255.92433508905725,342.38784319844973,304.701414960794,261.59473879537404,242.24795051661812,437.701556411798,381.51774995454895,341.51975044522726,325.39012895223016,320.0,341.0206279225051,409.2752468600082,469.28458860009204,516.0154077542315,462.3768489268376,531.5025936908266,571.0295953078921,607.8658234469847,465.34530061293856,548.6125118148055,599.0780304440899,640.0,454.59708301841454,485.0826504214671,431.9599866211014,392.00779636474675,436.5388779586561,444.73831260966085,402.1873863019946,371.370351059069,320.0,175.09215338128647,86.88073404388155,94.6870024277053,125.7554192045572,128.54629041152376,67.77399243328881,27.415622845403448,0.0,238.74172532488916,249.95848725298362,250.5200361708033,257.89325558580333,343.2595259450895,301.99951734880864,257.6792500316484,239.09782615024858,436.80165731808546,378.5458051723904,336.34664966101195,317.88779071485214,320.0,341.8529869432311,408.6345684473266,467.51115709986493,512.7552310013349,463.1276214247913,532.0707972290899,570.7423717032251,606.9096610611291,465.95184872157404,549.3021382137582,599.4382745791897,640.0,454.79040449917454,485.5942686076729,431.6448922204406,391.1304413077306,436.44911967520005,444.555374760073,401.8515651535138,370.6159509008618,320.0,174.41179714010633,86.39041162789965,93.93543926675673,124.52125880691779,129.92031745188686,66.79625564491192,26.470071670632876,0.0,242.1812934381964,254.37312389526716,256.28961003127796,266.1665551150002,351.3508944313138,311.2084623829326,262.1670430316367,240.88786424394752,450.3519886428851,394.1619604166376,345.6933659991421,324.7718967219114,320.0,343.881081329226,409.0376813821487,466.9905905279412,513.6842902396502,463.1555434539773,531.2787278692233,570.1542041755271,606.5942390919213,464.4253925016369,547.2003858646389,597.8969016061876,640.0,451.94313668825464,483.95857721323546,430.02463933306194,389.4146925657765,431.67746249949187,444.71723233192773,403.6705398522729,372.7347283928826,320.0,174.7336602794118,87.29933450449354,94.92538505021747,121.79395225306263,129.81714632252192,66.0351602914211,25.99460607756157,0.0,242.80079822925444,253.99958886479888,257.0672212819638,267.7608681605782,351.7216134316495,311.4019473555245,263.25047820120795,241.11826068384886,451.6351803181934,393.0389375256043,343.77401591699896,320.3597602154863,320.0,342.6597885252677,408.92187795852266,467.54709066113907,513.32706826314,463.6032115575865,531.5864386857884,570.765629894586,607.3076992935498,465.64024016268286,547.1544265159268,598.0059759513863,640.0,453.569743940759,485.22738746324126,430.2963268724486,388.5844350078587,433.6460444342266,444.9403288141725,402.83097572123575,371.1533874796628
320.0,176.76098665402264,88.97303351444356,96.54392053673251,121.5076058355086,127.99098147893358,67.41244901914783,27.087296304651545,0.0,236.98252167860056,245.2803852962218,246.94548040431377,255.92433508905725,342.38784319844973,304.701414960794,261.59473879537404,242.24795051661812,437.701556411798,381.51774995454895,341.51975044522726,325.39012895223016,320.0,341.0206279225051,409.2752468600082,469.28458860009204,516.0154077542315,462.3768489268376,531.5025936908266,571.0295953078921,607.8658234469847,465.34530061293856,548.6125118148055,599.0780304440899,640.0,454.59708301841454,485.0826504214671,431.9599866211014,392.00779636474675,436.5388779586561,444.73831260966085,402.1873863019946,371.370351059069,320.0,175.09215338128647,86.88073404388155,94.6870024277053,125.7554192045572,128.54629041152376,67.77399243328881,27.415622845403448,0.0,238.74172532488916,249.95848725298362,250.5200361708033,257.89325558580333,343.2595259450895,301.99951734880864,257.6792500316484,239.09782615024858,436.80165731808546,378.5458051723904,336.34664966101195,317.88779071485214,320.0,341.8529869432311,408.6345684473266,467.51115709986493,512.7552310013349,463.1276214247913,532.0707972290899,570.7423717032251,606.9096610611291,465.95184872157404,549.3021382137582,599.4382745791897,640.0,454.79040449917454,485.5942686076729,431.6448922204406,391.1304413077306,436.44911967520005,444.555374760073,401.8515651535138,370.6159509008618,320.0,174.41179714010633,86.39041162789965,93.93543926675673,124.52125880691779,129.92031745188686,66.79625564491192,26.470071670632876,0.0,242.1812934381964,254.37312389526716,256.28961003127796,266.1665551150002,351.3508944313138,311.2084623829326,262.1670430316367,240.88786424394752,450.3519886428851,394.1619604166376,345.6933659991421,324.7718967219114,320.0,343.881081329226,409.0376813821487,466.9905905279412,513.6842902396502,463.1555434539773,531.2787278692233,570.1542041755271,606.5942390919213,464.4253925016369,547.2003858646389,597.8969016061876,640.0,451.94313668825464,483.95857721323546,430.02463933306194,389.4146925657765,431.67746249949187,444.71723233192773,403.6705398522729,372.7347283928826,320.0,174.7336602794118,87.29933450449354,94.92538505021747,121.79395225306263,129.81714632252192,66.0351602914211,25.99460607756157,0.0,242.80079822925444,253.99958886479888,257.0672212819638,267.7608681605782,351.7216134316495,311.4019473555245,263.25047820120795,241.11826068384886,451.6351803181934,393.0389375256043,343.77401591699896,320.3597602154863,320.0,342.6597885252677,408.92187795852266,467.54709066113907,513.32706826314,463.6032115575865,531.5864386857884,570.765629894586,607.3076992935498,465.64024016268286,547.1544265159268,598.0059759513863,640.0,453.569743940759,485.22738746324126,430.2963268724486,388.5844350078587,433.6460444342266,444.9403288141725,402.83097572123575,371.1533874796628,320.0,180.21394134855166,87.58575298435306,90.3703422220448,117.81771882854227,122.71150068709983,65.17015461187344,26.282980952273192,0.0,226.8667927221429,238.7041491351423,241.45546894964136,251.0810918707027,326.4692290925564,291.3300574849691,247.80104782458235,227.71109826883293,417.9440034447857,364.811897746906,324.6202484489818,305.76977277351153,320.0,339.77819698840443,404.6064295468842,462.69250528529034,509.5258732772818,462.0086074994392,529.2117331523891,568.0468103928357,604.679328051081,465.8807347833921,547.7705009062712,598.4183797281943,640.0,455.47989345221686,485.48497134863595,431.65695790231666,391.3064330065499,437.37261331118157,446.4590296840556,403.43672029644495,371.80794564927197
320.0,175.09215338128647,86.88073404388155,94.6870024277053,125.7554192045572,128.54629041152376,67.77399243328881,27.415622845403448,0.0,238.74172532488916,249.95848725298362,250.5200361708033,257.89325558580333,343.2595259450895,301.99951734880864,257.6792500316484,239.09782615024858,436.80165731808546,378.5458051723904,336.34664966101195,317.88779071485214,320.0,341.8529869432311,408.6345684473266,467.51115709986493,512.7552310013349,463.1276214247913,532.0707972290899,570.7423717032251,606.9096610611291,465.95184872157404,549.3021382137582,599.4382745791897,640.0,454.79040449917454,485.5942686076729,431.6448922204406,391.1304413077306,436.44911967520005,444.555374760073,401.8515651535138,370.6159509008618,320.0,174.41179714010633,86.39041162789965,93.93543926675673,124.52125880691779,129.92031745188686,66.79625564491192,26.470071670632876,0.0,242.1812934381964,254.37312389526716,256.28961003127796,266.1665551150002,351.3508944313138,311.2084623829326,262.1670430316367,240.88786424394752,450.3519886428851,394.1619604166376,345.6933659991421,324.7718967219114,320.0,343.881081329226,409.0376813821487,466.9905905279412,513.6842902396502,463.1555434539773,531.2787278692233,570.1542041755271,606.5942390919213,464.4253925016369,547.2003858646389,597.8969016061876,640.0,451.94313668825464,483.95857721323546,430.02463933306194,389.4146925657765,431.67746249949187,444.71723233192773,403.6705398522729,372.7347283928826,320.0,174.7336602794118,87.29933450449354,94.92538505021747,121.79395225306263,129.81714632252192,66.0351602914211,25.99460607756157,0.0,242.80079822925444,253.99958886479888,257.0672212819638,267.7608681605782,351.7216134316495,311.4019473555245,263.25047820120795,241.11826068384886,451.6351803181934,393.0389375256043,343.77401591699896,320.3597602154863,320.0,342.6597885252677,408.92187795852266,467.54709066113907,513.32706826314,463.6032115575865,531.5864386857884,570.765629894586,607.3076992935498,465.64024016268286,547.1544265159268,598.0059759513863,640.0,453.569743940759,485.22738746324126,430.2963268724486,388.5844350078587,433.6460444342266,444.9403288141725,402.83097572123575,371.1533874796628,320.0,180.21394134855166,87.58575298435306,90.3703422220448,117.81771882854227,122.71150068709983,65.17015461187344,26.282980952273192,0.0,226.8667927221429,238.7041491351423,241.45546894964136,251.0810918707027,326.4692290925564,291.3300574849691,247.80104782458235,227.71109826883293,417.9440034447857,364.811897746906,324.6202484489818,305.76977277351153,320.0,339.77819698840443,404.6064295468842,462.69250528529034,509.5258732772818,462.0086074994392,529.2117331523891,568.0468103928357,604.679328051081,465.8807347833921,547.7705009062712,598.4183797281943,640.0,455.47989345221686,485.48497134863595,431.65695790231666,391.3064330065499,437.37261331118157,446.4590296840556,403.43672029644495,371.80794564927197,320.0,178.98886844474137,78.91885208313283,78.88450289583486,110.78678163197137,132.50333063470583,72.89506264401328,32.30425118749042,0.0,243.19601433480722,246.89891469883884,235.44005480289638,226.47665611748653,350.42660431516197,286.4142125197443,230.53888231530914,202.85499538591318,446.2678299072087,371.7129551103135,315.6736691331744,287.1010150991038,320.0,343.19814234376616,404.5199097301509,457.769364627732,500.95941404563763,470.0652258288601,531.9092253285428,568.4217837236582,602.434587866155,473.4521860066467,553.1415387909504,600.6314234157616,640.0,460.34820855321027,488.15053117412685,438.8618070025521,399.3231776103143,437.5061098962267,446.0457922948763,409.7483578099394,380.7045075294432
320.0,174.41179714010633,86.39041162789965,93.93543926675673,124.52125880691779,129.92031745188686,66.79625564491192,26.470071670632876,0.0,242.1812934381964,254.37312389526716,256.28961003127796,266.1665551150002,351.3508944313138,311.2084623829326,262.1670430316367,240.88786424394752,450.3519886428851,394.1619604166376,345.6933659991421,324.7718967219114,320.0,343.881081329226,409.0376813821487,466.9905905279412,513.6842902396502,463.1555434539773,531.2787278692233,570.1542041755271,606.5942390919213,464.4253925016369,547.2003858646389,597.8969016061876,640.0,451.94313668825464,483.95857721323546,430.02463933306194,389.4146925657765,431.67746249949187,444.71723233192773,403.6705398522729,372.7347283928826,320.0,174.7336602794118,87.29933450449354,94.92538505021747,121.79395225306263,129.81714632252192,66.0351602914211,25.99460607756157,0.0,242.80079822925444,253.99958886479888,257.0672212819638,267.7608681605782,351.7216134316495,311.4019473555245,263.25047820120795,241.11826068384886,451.6351803181934,393.0389375256043,343.77401591699896,320.3597602154863,320.0,342.6597885252677,408.92187795852266,467.54709066113907,513.32706826314,463.6032115575865,531.5864386857884,570.765629894586,607.3076992935498,465.64024016268286,547.1544265159268,598.0059759513863,640.0,453.569743940759,485.22738746324126,430.2963268724486,388.5844350078587,433.6460444342266,444.9403288141725,402.83097572123575,371.1533874796628,320.0,180.21394134855166,87.58575298435306,90.3703422220448,117.81771882854227,122.71150068709983,65.17015461187344,26.282980952273192,0.0,226.8667927221429,238.7041491351423,241.45546894964136,251.0810918707027,326.4692290925564,291.3300574849691,247.80104782458235,227.71109826883293,417.9440034447857,364.811897746906,324.6202484489818,305.76977277351153,320.0,339.77819698840443,404.6064295468842,462.69250528529034,509.5258732772818,462.0086074994392,529.2117331523891,568.0468103928357,604.679328051081,465.8807347833921,547.7705009062712,598.4183797281943,640.0,455.47989345221686,485.48497134863595,431.65695790231666,391.3064330065499,437.37261331118157,446.4590296840556,403.43672029644495,371.80794564927197,320.0,178.98886844474137,78.91885208313283,78.88450289583486,110.78678163197137,132.50333063470583,72.89506264401328,32.30425118749042,0.0,243.19601433480722,246.89891469883884,235.44005480289638,226.47665611748653,350.42660431516197,286.4142125197443,230.53888231530914,202.85499538591318,446.2678299072087,371.7129551103135,315.6736691331744,287.1010150991038,320.0,343.19814234376616,404.5199097301509,457.769364627732,500.95941404563763,470.0652258288601,531.9092253285428,568.4217837236582,602.434587866155,473.4521860066467,553.1415387909504,600.6314234157616,640.0,460.34820855321027,488.15053117412685,438.8618070025521,399.3231776103143,437.5061098962267,446.0457922948763,409.7483578099394,380.7045075294432,320.0,187.75956236487153,97.56450730066288,104.46059948762945,132.96594623186164,126.46839141661764,61.37397988074406,26.30315638787704,0.0,233.17847849732414,254.96707487186495,267.8206029380016,281.53083128043454,332.2484335819104,308.989358364039,268.35467403069134,251.11048920413918,423.84387453535675,393.1699882556503,360.22800563399255,348.16744287925803,320.0,338.51998799972705,391.19850018249514,438.3524159574748,477.180319985617,461.37163697224884,523.9964374641012,567.0324487524446,605.7405753271645,466.2564498759358,545.9704245981045,598.818944979615,640.0,454.8235717996474,480.7459635363548,438.51415248794467,405.41301553067814,433.8530443111161,453.95652536501734,424.5293030130288,399.0597273511997
320.0,174.7336602794118,87.29933450449354,94.92538505021747,121.79395225306263,129.81714632252192,66.0351602914211,25.99460607756157,0.0,242.80079822925444,253.99958886479888,257.0672212819638,267.7608681605782,351.7216134316495,311.4019473555245,263.25047820120795,241.11826068384886,451.6351803181934,393.0389375256043,343.77401591699896,320.3597602154863,320.0,342.6597885252677,408.92187795852266,467.54709066113907,513.32706826314,463.6032115575865,531.5864386857884,570.765629894586,607.3076992935498,465.64024016268286,547.1544265159268,598.0059759513863,640.0,453.569743940759,485.22738746324126,430.2963268724486,388.5844350078587,433.6460444342266,444.9403288141725,402.83097572123575,371.1533874796628,320.0,180.21394134855166,87.58575298435306,90.3703422220448,117.81771882854227,122.71150068709983,65.17015461187344,26.282980952273192,0.0,226.8667927221429,238.7041491351423,241.45546894964136,251.0810918707027,326.4692290925564,291.3300574849691,247.80104782458235,227.71109826883293,417.9440034447857,364.811897746906,324.6202484489818,305.76977277351153,320.0,339.77819698840443,404.6064295468842,462.69250528529034,509.5258732772818,462.0086074994392,529.2117331523891,568.0468103928357,604.679328051081,465.8807347833921,547.7705009062712,598.4183797281943,640.0,455.47989345221686,485.48497134863595,431.65695790231666,391.3064330065499,437.37261331118157,446.4590296840556,403.43672029644495,371.80794564927197,320.0,178.98886844474137,78.91885208313283,78.88450289583486,110.78678163197137,132.50333063470583,72.89506264401328,32.30425118749042,0.0,243.19601433480722,246.89891469883884,235.44005480289638,226.47665611748653,350.42660431516197,286.4142125197443,230.53888231530914,202.85499538591318,446.2678299072087,371.7129551103135,315.6736691331744,287.1010150991038,320.0,343.19814234376616,404.5199097301509,457.769364627732,500.95941404563763,470.0652258288601,531.9092253285428,568.4217837236582,602.434587866155,473.4521860066467,553.1415387909504,600.6314234157616,640.0,460.34820855321027,488.15053117412685,438.8618070025521,399.3231776103143,437.5061098962267,446.0457922948763,409.7483578099394,380.7045075294432,320.0,187.75956236487153,97.56450730066288,104.46059948762945,132.96594623186164,126.46839141661764,61.37397988074406,26.30315638787704,0.0,233.17847849732414,254.96707487186495,267.8206029380016,281.53083128043454,332.2484335819104,308.989358364039,268.35467403069134,251.11048920413918,423.84387453535675,393.1699882556503,360.22800563399255,348.16744287925803,320.0,338.51998799972705,391.19850018249514,438.3524159574748,477.180319985617,461.37163697224884,523.9964374641012,567.0324487524446,605.7405753271645,466.2564498759358,545.9704245981045,598.818944979615,640.0,454.8235717996474,480.7459635363548,438.51415248794467,405.41301553067814,433.8530443111161,453.95652536501734,424.5293030130288,399.0597273511997,320.0,183.81762402039752,85.15224909596816,88.84137480426728,127.58568118750165,112.72779160893253,53.5576608951323,21.239997446556004,0.0,214.14825746225222,233.15511796535577,247.03789235731693,260.82100733364126,309.68791657748386,291.1289601850496,262.3764302102461,250.20416286466372,397.23003901512163,368.41033093384704,342.69876495923876,331.8672809952423,320.0,335.88515218602373,388.20156548156615,436.33046757348654,473.742164566754,460.2927387461659,524.3533830464023,563.9473566838359,597.8456660057891,466.6520722474885,546.656776703398,598.8983277875109,640.0,456.9423479723539,477.37986805364784,439.82649193893184,410.0601948769725,438.42120050555855,448.5878251749185,420.0155508403675,396.489998627867
320.0,180.21394134855166,87.58575298435306,90.3703422220448,117.81771882854227,122.71150068709983,65.17015461187344,26.282980952273192,0.0,226.8667927221429,238.7041491351423,241.45546894964136,251.0810918707027,326.4692290925564,291.3300574849691,247.80104782458235,227.71109826883293,417.9440034447857,364.811897746906,324.6202484489818,305.76977277351153,320.0,339.77819698840443,404.6064295468842,462.69250528529034,509.5258732772818,462.0086074994392,529.2117331523891,568.0468103928357,604.679328051081,465.8807347833921,547.7705009062712,598.4183797281943,640.0,455.47989345221686,485.48497134863595,431.65695790231666,391.3064330065499,437.37261331118157,446.4590296840556,403.43672029644495,371.80794564927197,320.0,178.98886844474137,78.91885208313283,78.88450289583486,110.78678163197137,132.50333063470583,72.89506264401328,32.30425118749042,0.0,243.19601433480722,246.89891469883884,235.44005480289638,226.47665611748653,350.42660431516197,286.4142125197443,230.53888231530914,202.85499538591318,446.2678299072087,371.7129551103135,315.6736691331744,287.1010150991038,320.0,343.19814234376616,404.5199097301509,457.769364627732,500.95941404563763,470.0652258288601,531.9092253285428,568.4217837236582,602.434587866155,473.4521860066467,553.1415387909504,600.6314234157616,640.0,460.34820855321027,488.15053117412685,438.8618070025521,399.3231776103143,437.5061098962267,446.0457922948763,409.7483578099394,380.7045075294432,320.0,187.75956236487153,97.56450730066288,104.46059948762945,132.96594623186164,126.46839141661764,61.37397988074406,26.30315638787704,0.0,233.17847849732414,254.96707487186495,267.8206029380016,281.53083128043454,332.2484335819104,308.989358364039,268.35467403069134,251.11048920413918,423.84387453535675,393.1699882556503,360.22800563399255,348.16744287925803,320.0,338.51998799972705,391.19850018249514,438.3524159574748,477.180319985617,461.37163697224884,523.9964374641012,567.0324487524446,605.7405753271645,466.2564498759358,545.9704245981045,598.818944979615,640.0,454.8235717996474,480.7459635363548,438.51415248794467,405.41301553067814,433.8530443111161,453.95652536501734,424.5293030130288,399.0597273511997,320.0,183.81762402039752,85.15224909596816,88.84137480426728,127.58568118750165,112.72779160893253,53.5576608951323,21.239997446556004,0.0,214.14825746225222,233.15511796535577,247.03789235731693,260.82100733364126,309.68791657748386,291.1289601850496,262.3764302102461,250.20416286466372,397.23003901512163,368.41033093384704,342.69876495923876,331.8672809952423,320.0,335.88515218602373,388.20156548156615,436.33046757348654,473.742164566754,460.2927387461659,524.3533830464023,563.9473566838359,597.8456660057891,466.6520722474885,546.656776703398,598.8983277875109,640.0,456.9423479723539,477.37986805364784,439.82649193893184,410.0601948769725,438.42120050555855,448.5878251749185,420.0155508403675,396.489998627867,320.0,179.9842603151149,85.05557072418611,98.02523167852496,143.77326823314007,124.42919550937154,63.08425549684404,26.619420843839862,0.0,236.11799945392931,235.76361563047072,228.9035221560156,227.25438864172943,346.0441193003871,291.1909159532949,245.69158248076707,226.95139970769156,445.9216950676967,393.57748582625317,343.5783691759151,321.6399787996081,320.0,345.3295518025047,401.7267282607283,451.7063526615251,493.0025700452277,459.9859541277185,525.5594764425565,564.1245389494834,599.2809799183159,463.491490786956,546.6754342725153,598.2988142628355,640.0,453.42501956988326,479.29818156966326,432.43835644007436,395.10908471645575,435.2482241055959,453.87663419531196,420.8990616099477,391.9882120890377
320.0,178.98886844474137,78.91885208313283,78.88450289583486,110.78678163197137,132.50333063470583,72.89506264401328,32.30425118749042,0.0,243.19601433480722,246.89891469883884,235.44005480289638,226.47665611748653,350.42660431516197,286.4142125197443,230.53888231530914,202.85499538591318,446.2678299072087,371.7129551103135,315.6736691331744,287.1010150991038,320.0,343.19814234376616,404.5199097301509,457.769364627732,500.95941404563763,470.0652258288601,531.9092253285428,568.4217837236582,602.434587866155,473.4521860066467,553.1415387909504,600.6314234157616,640.0,460.34820855321027,488.15053117412685,438.8618070025521,399.3231776103143,437.5061098962267,446.0457922948763,409.7483578099394,380.7045075294432,320.0,187.75956236487153,97.56450730066288,104.46059948762945,132.96594623186164,126.46839141661764,61.37397988074406,26.30315638787704,0.0,233.17847849732414,254.96707487186495,267.8206029380016,281.53083128043454,332.2484335819104,308.989358364039,268.35467403069134,251.11048920413918,423.84387453535675,393.1699882556503,360.22800563399255,348.16744287925803,320.0,338.51998799972705,391.19850018249514,438.3524159574748,477.180319985617,461.37163697224884,523.9964374641012,567.0324487524446,605.7405753271645,466.2564498759358,545.9704245981045,598.818944979615,640.0,454.8235717996474,480.7459635363548,438.51415248794467,405.41301553067814,433.8530443111161,453.95652536501734,424.5293030130288,399.0597273511997,320.0,183.81762402039752,85.15224909596816,88.84137480426728,127.58568118750165,112.72779160893253,53.5576608951323,21.239997446556004,0.0,214.14825746225222,233.15511796535577,247.03789235731693,260.82100733364126,309.68791657748386,291.1289601850496,262.3764302102461,250.20416286466372,397.23003901512163,368.41033093384704,342.69876495923876,331.8672809952423,320.0,335.88515218602373,388.20156548156615,436.33046757348654,473.742164566754,460.2927387461659,524.3533830464023,563.9473566838359,597.8456660057891,466.6520722474885,546.656776703398,598.8983277875109,640.0,456.9423479723539,477.37986805364784,439.82649193893184,410.0601948769725,438.42120050555855,448.5878251749185,420.0155508403675,396.489998627867,320.0,179.9842603151149,85.05557072418611,98.02523167852496,143.77326823314007,124.42919550937154,63.08425549684404,26.619420843839862,0.0,236.11799945392931,235.76361563047072,228.9035221560156,227.25438864172943,346.0441193003871,291.1909159532949,245.69158248076707,226.95139970769156,445.9216950676967,393.57748582625317,343.5783691759151,321.6399787996081,320.0,345.3295518025047,401.7267282607283,451.7063526615251,493.0025700452277,459.9859541277185,525.5594764425565,564.1245389494834,599.2809799183159,463.491490786956,546.6754342725153,598.2988142628355,640.0,453.42501956988326,479.29818156966326,432.43835644007436,395.10908471645575,435.2482241055959,453.87663419531196,420.8990616099477,391.9882120890377,320.0,186.05610838050768,97.94422915171438,110.80137589747733,152.07902609251104,123.28680167350655,62.668990678848104,25.31673134522015,0.0,228.53508293584076,218.5667038980435,212.22625184077552,213.867239140672,330.7529055445112,272.79470328467846,233.5799919609261,218.96738731005874,421.3278989435786,348.5987059450131,313.44795516265515,304.9520876640139,320.0,336.6039997852366,399.3744274320653,456.6459263022447,503.97721265483256,456.1140309301286,524.4332259096007,563.608573880206,600.602756064296,461.64413684126566,545.794093811493,597.2574495337658,640.0,453.61344530746976,476.40128392598626,421.41020179204037,381.77545089440105,438.16228175129703,439.22064453398525,393.92533721141,362.9569325176251
320.0,187.75956236487153,97.56450730066288,104.46059948762945,132.96594623186164,126.46839141661764,61.37397988074406,26.30315638787704,0.0,233.17847849732414,254.96707487186495,267.8206029380016,281.53083128043454,332.2484335819104,308.989358364039,268.35467403069134,251.11048920413918,423.84387453535675,393.1699882556503,360.22800563399255,348.16744287925803,320.0,338.51998799972705,391.19850018249514,438.3524159574748,477.180319985617,461.37163697224884,523.9964374641012,567.0324487524446,605.7405753271645,466.2564498759358,545.9704245981045,598.818944979615,640.0,454.8235717996474,480.7459635363548,438.51415248794467,405.41301553067814,433.8530443111161,453.95652536501734,424.5293030130288,399.0597273511997,320.0,183.81762402039752,85.15224909596816,88.84137480426728,127.58568118750165,112.72779160893253,53.5576608951323,21.239997446556004,0.0,214.14825746225222,233.15511796535577,247.03789235731693,260.82100733364126,309.68791657748386,291.1289601850496,262.3764302102461,250.20416286466372,397.23003901512163,368.41033093384704,342.69876495923876,331.8672809952423,320.0,335.88515218602373,388.20156548156615,436.33046757348654,473.742164566754,460.2927387461659,524.3533830464023,563.9473566838359,597.8456660057891,466.6520722474885,546.656776703398,598.8983277875109,640.0,456.9423479723539,477.37986805364784,439.82649193893184,410.0601948769725,438.42120050555855,448.5878251749185,420.0155508403675,396.489998627867,320.0,179.9842603151149,85.05557072418611,98.02523167852496,143.77326823314007,124.42919550937154,63.08425549684404,26.619420843839862,0.0,236.11799945392931,235.76361563047072,228.9035221560156,227.25438864172943,346.0441193003871,291.1909159532949,245.69158248076707,226.95139970769156,445.9216950676967,393.57748582625317,343.5783691759151,321.6399787996081,320.0,345.3295518025047,401.7267282607283,451.7063526615251,493.0025700452277,459.9859541277185,525.5594764425565,564.1245389494834,599.2809799183159,463.491490786956,546.6754342725153,598.2988142628355,640.0,453.42501956988326,479.29818156966326,432.43835644007436,395.10908471645575,435.2482241055959,453.87663419531196,420.8990616099477,391.9882120890377,320.0,186.05610838050768,97.94422915171438,110.80137589747733,152.07902609251104,123.28680167350655,62.668990678848104,25.31673134522015,0.0,228.53508293584076,218.5667038980435,212.22625184077552,213.867239140672,330.7529055445112,272.79470328467846,233.5799919609261,218.96738731005874,421.3278989435786,348.5987059450131,313.44795516265515,304.9520876640139,320.0,336.6039997852366,399.3744274320653,456.6459263022447,503.97721265483256,456.1140309301286,524.4332259096007,563.608573880206,600.602756064296,461.64413684126566,545.794093811493,597.2574495337658,640.0,453.61344530746976,476.40128392598626,421.41020179204037,381.77545089440105,438.16228175129703,439.22064453398525,393.92533721141,362.9569325176251,320.0,192.29309078753698,107.78957175283188,113.5522873456008,148.23126964529294,122.2873175649811,60.78945853124645,24.290787536999176,0.0,217.8884670336484,211.59546897998135,204.53824032090233,206.1288116585884,312.3890250543194,273.0040274535387,241.9123880588968,232.7260242509853,397.7471794346469,346.3184761452903,318.2050863449376,312.04597012028444,320.0,338.1561967022868,400.58715652862173,458.7455840947963,505.6735575731909,452.509024372188,520.7607702300058,559.6418407936284,596.0257359532957,458.7607379937373,544.319149327667,597.1327008843721,640.0,451.8200240573851,471.5608986615815,417.7149420952462,379.65519459651676,437.71105947919597,440.60659528377687,398.443884002495,369.89448612891914
320.0,183.81762402039752,85.15224909596816,88.84137480426728,127.58568118750165,112.72779160893253,53.5576608951323,21.239997446556004,0.0,214.14825746225222,233.15511796535577,247.03789235731693,260.82100733364126,309.68791657748386,291.1289601850496,262.3764302102461,250.20416286466372,397.23003901512163,368.41033093384704,342.69876495923876,331.8672809952423,320.0,335.88515218602373,388.20156548156615,436.33046757348654,473.742164566754,460.2927387461659,524.3533830464023,563.9473566838359,597.8456660057891,466.6520722474885,546.656776703398,598.8983277875109,640.0,456.9423479723539,477.37986805364784,439.82649193893184,410.0601948769725,438.42120050555855,448.5878251749185,420.0155508403675,396.489998627867,320.0,179.9842603151149,85.05557072418611,98.02523167852496,143.77326823314007,124.42919550937154,63.08425549684404,26.619420843839862,0.0,236.11799945392931,235.76361563047072,228.9035221560156,227.25438864172943,346.0441193003871,291.1909159532949,245.69158248076707,226.95139970769156,445.9216950676967,393.57748582625317,343.5783691759151,321.6399787996081,320.0,345.3295518025047,401.7267282607283,451.7063526615251,493.0025700452277,459.9859541277185,525.5594764425565,564.1245389494834,599.2809799183159,463.491490786956,546.6754342725153,598.2988142628355,640.0,453.42501956988326,479.29818156966326,432.43835644007436,395.10908471645575,435.2482241055959,453.87663419531196,420.8990616099477,391.9882120890377,320.0,186.05610838050768,97.94422915171438,110.80137589747733,152.07902609251104,123.28680167350655,62.668990678848104,25.31673134522015,0.0,228.53508293584076,218.5667038980435,212.22625184077552,213.867239140672,330.7529055445112,272.79470328467846,233.5799919609261,218.96738731005874,421.3278989435786,348.5987059450131,313.44795516265515,304.9520876640139,320.0,336.6039997852366,399.3744274320653,456.6459263022447,503.97721265483256,456.1140309301286,524.4332259096007,563.608573880206,600.602756064296,461.64413684126566,545.794093811493,597.2574495337658,640.0,453.61344530746976,476.40128392598626,421.41020179204037,381.77545089440105,438.16228175129703,439.22064453398525,393.92533721141,362.9569325176251,320.0,192.29309078753698,107.78957175283188,113.5522873456008,148.23126964529294,122.2873175649811,60.78945853124645,24.290787536999176,0.0,217.8884670336484,211.59546897998135,204.53824032090233,206.1288116585884,312.3890250543194,273.0040274535387,241.9123880588968,232.7260242509853,397.7471794346469,346.3184761452903,318.2050863449376,312.04597012028444,320.0,338.1561967022868,400.58715652862173,458.7455840947963,505.6735575731909,452.509024372188,520.7607702300058,559.6418407936284,596.0257359532957,458.7607379937373,544.319149327667,597.1327008843721,640.0,451.8200240573851,471.5608986615815,417.7149420952462,379.65519459651676,437.71105947919597,440.60659528377687,398.443884002495,369.89448612891914,320.0,195.31710963996545,114.25226209155585,123.36168832478958,155.22719134819127,127.21220260128058,64.15222699424453,26.060004208129953,0.0,225.30205304859948,217.58378402227606,208.8312284923654,208.34338695040725,320.5931999901559,277.08526917287634,240.30240003086257,227.27250434947254,405.66493219877896,351.5304844426678,322.3381061685908,316.44505696606245,320.0,338.90147916832683,401.6280311026085,459.7452603951978,507.24146372365624,454.53878968589527,523.6739970566838,563.0817334951564,599.7534127046462,460.1667496994481,546.114793919134,598.0082451838598,640.0,452.4183178150893,475.2171283346644,422.69928584163995,384.90926112672713,437.5224546821603,443.26172639771687,402.04213631785063,373.11292668482497
320.0,179.9842603151149,85.05557072418611,98.02523167852496,143.77326823314007,124.42919550937154,63.08425549684404,26.619420843839862,0.0,236.11799945392931,235.76361563047072,228.9035221560156,227.25438864172943,346.0441193003871,291.1909159532949,245.69158248076707,226.95139970769156,445.9216950676967,393.57748582625317,343.5783691759151,321.6399787996081,320.0,345.3295518025047,401.7267282607283,451.7063526615251,493.0025700452277,459.9859541277185,525.5594764425565,564.1245389494834,599.2809799183159,463.491490786956,546.6754342725153,598.2988142628355,640.0,453.42501956988326,479.29818156966326,432.43835644007436,395.10908471645575,435.2482241055959,453.87663419531196,420.8990616099477,391.9882120890377,320.0,186.05610838050768,97.94422915171438,110.80137589747733,152.07902609251104,123.28680167350655,62.668990678848104,25.31673134522015,0.0,228.53508293584076,218.5667038980435,212.22625184077552,213.867239140672,330.7529055445112,272.79470328467846,233.5799919609261,218.96738731005874,421.3278989435786,348.5987059450131,313.44795516265515,304.9520876640139,320.0,336.6039997852366,399.3744274320653,456.6459263022447,503.97721265483256,456.1140309301286,524.4332259096007,563.608573880206,600.602756064296,461.64413684126566,545.794093811493,597.2574495337658,640.0,453.61344530746976,476.40128392598626,421.41020179204037,381.77545089440105,438.16228175129703,439.22064453398525,393.92533721141,362.9569325176251,320.0,192.29309078753698,107.78957175283188,113.5522873456008,148.23126964529294,122.2873175649811,60.78945853124645,24.290787536999176,0.0,217.8884670336484,211.59546897998135,204.53824032090233,206.1288116585884,312.3890250543194,273.0040274535387,241.9123880588968,232.7260242509853,397.7471794346469,346.3184761452903,318.2050863449376,312.04597012028444,320.0,338.1561967022868,400.58715652862173,458.7455840947963,505.6735575731909,452.509024372188,520.7607702300058,559.6418407936284,596.0257359532957,458.7607379937373,544.319149327667,597.1327008843721,640.0,451.8200240573851,471.5608986615815,417.7149420952462,379.65519459651676,437.71105947919597,440.60659528377687,398.443884002495,369.89448612891914,320.0,195.31710963996545,114.25226209155585,123.36168832478958,155.22719134819127,127.21220260128058,64.15222699424453,26.060004208129953,0.0,225.30205304859948,217.58378402227606,208.8312284923654,208.34338695040725,320.5931999901559,277.08526917287634,240.30240003086257,227.27250434947254,405.66493219877896,351.5304844426678,322.3381061685908,316.44505696606245,320.0,338.90147916832683,401.6280311026085,459.7452603951978,507.24146372365624,454.53878968589527,523.6739970566838,563.0817334951564,599.7534127046462,460.1667496994481,546.114793919134,598.0082451838598,640.0,452.4183178150893,475.2171283346644,422.69928584163995,384.90926112672713,437.5224546821603,443.26172639771687,402.04213631785063,373.11292668482497,320.0,200.37611494495457,125.6508104772806,136.31825903857572,159.38973553864133,132.89613824068877,68.80612584368498,28.643506797408463,0.0,222.03728122993743,211.30603522231235,202.6855825021004,202.98768596512568,308.79227084271434,275.52950672168924,246.17881489799257,237.04430942083678,387.9359673408628,345.9841843552873,317.6882125357149,310.17886645148457,320.0,342.48617488569715,405.00309164425744,462.31312495773284,506.8324736630784,460.4295324421672,522.7500861479521,559.7299949345444,593.8187006996432,466.95274779327013,547.5080731156629,598.8980162279418,640.0,458.75840446804574,479.54575494138635,430.3122846759627,392.8587198524343,442.3533346702342,454.1185469169302,416.38961377698297,386.69945447698694
320.0,186.05610838050768,97.94422915171438,110.80137589747733,152.07902609251104,123.28680167350655,62.668990678848104,25.31673134522015,0.0,228.53508293584076,218.5667038980435,212.22625184077552,213.867239140672,330.7529055445112,272.79470328467846,233.5799919609261,218.96738731005874,421.3278989435786,348.5987059450131,313.44795516265515,304.9520876640139,320.0,336.6039997852366,399.3744274320653,456.6459263022447,503.97721265483256,456.1140309301286,524.4332259096007,563.608573880206,600.602756064296,461.64413684126566,545.794093811493,597.2574495337658,640.0,453.61344530746976,476.40128392598626,421.41020179204037,381.77545089440105,438.16228175129703,439.22064453398525,393.92533721141,362.9569325176251,320.0,192.29309078753698,107.78957175283188,113.5522873456008,148.23126964529294,122.2873175649811,60.78945853124645,24.290787536999176,0.0,217.8884670336484,211.59546897998135,204.53824032090233,206.1288116585884,312.3890250543194,273.0040274535387,241.9123880588968,232.7260242509853,397.7471794346469,346.3184761452903,318.2050863449376,312.04597012028444,320.0,338.1561967022868,400.58715652862173,458.7455840947963,505.6735575731909,452.509024372188,520.7607702300058,559.6418407936284,596.0257359532957,458.7607379937373,544.319149327667,597.1327008843721,640.0,451.8200240573851,471.5608986615815,417.7149420952462,379.65519459651676,437.71105947919597,440.60659528377687,398.443884002495,369.89448612891914,320.0,195.31710963996545,114.25226209155585,123.36168832478958,155.22719134819127,127.21220260128058,64.15222699424453,26.060004208129953,0.0,225.30205304859948,217.58378402227606,208.8312284923654,208.34338695040725,320.5931999901559,277.08526917287634,240.30240003086257,227.27250434947254,405.66493219877896,351.5304844426678,322.3381061685908,316.44505696606245,320.0,338.90147916832683,401.6280311026085,459.7452603951978,507.24146372365624,454.53878968589527,523.6739970566838,563.0817334951564,599.7534127046462,460.1667496994481,546.114793919134,598.0082451838598,640.0,452.4183178150893,475.2171283346644,422.69928584163995,384.90926112672713,437.5224546821603,443.26172639771687,402.04213631785063,373.11292668482497,320.0,200.37611494495457,125.6508104772806,136.31825903857572,159.38973553864133,132.89613824068877,68.80612584368498,28.643506797408463,0.0,222.03728122993743,211.30603522231235,202.6855825021004,202.98768596512568,308.79227084271434,275.52950672168924,246.17881489799257,237.04430942083678,387.9359673408628,345.9841843552873,317.6882125357149,310.17886645148457,320.0,342.48617488569715,405.00309164425744,462.31312495773284,506.8324736630784,460.4295324421672,522.7500861479521,559.7299949345444,593.8187006996432,466.95274779327013,547.5080731156629,598.8980162279418,640.0,458.75840446804574,479.54575494138635,430.3122846759627,392.8587198524343,442.3533346702342,454.1185469169302,416.38961377698297,386.69945447698694,320.0,219.98346273351248,146.32471045664846,145.59459911081464,158.88107353369628,143.24438046875076,78.03532756112529,34.40245753480451,0.0,211.03609064069784,185.64319435673255,165.82935653821662,155.7455706004742,281.107378949568,239.94198336240697,236.4792166292214,253.00856330088888,350.70703956685514,305.38331543291065,293.6269069099397,303.570581206184,320.0,335.7581027377548,383.78568235675925,429.9541115309015,462.8712440833022,458.4518428255638,517.3000875640656,554.0979125461548,589.0345786208966,471.8751324176867,548.1704988702398,596.9412096087785,640.0,468.8838459607248,488.35843707327825,444.3055557256489,414.68034217342586,456.60753540833633,464.2853976204618,431.95537294331604,410.0063560489624
320.0,192.29309078753698,107.78957175283188,113.5522873456008,148.23126964529294,122.2873175649811,60.78945853124645,24.290787536999176,0.0,217.8884670336484,211.59546897998135,204.53824032090233,206.1288116585884,312.3890250543194,273.0040274535387,241.9123880588968,232.7260242509853,397.7471794346469,346.3184761452903,318.2050863449376,312.04597012028444,320.0,338.1561967022868,400.58715652862173,458.7455840947963,505.6735575731909,452.509024372188,520.7607702300058,559.6418407936284,596.0257359532957,458.7607379937373,544.319149327667,597.1327008843721,640.0,451.8200240573851,471.5608986615815,417.7149420952462,379.65519459651676,437.71105947919597,440.60659528377687,398.443884002495,369.89448612891914,320.0,195.31710963996545,114.25226209155585,123.36168832478958,155.22719134819127,127.21220260128058,64.15222699424453,26.060004208129953,0.0,225.30205304859948,217.58378402227606,208.8312284923654,208.34338695040725,320.5931999901559,277.08526917287634,240.30240003086257,227.27250434947254,405.66493219877896,351.5304844426678,322.3381061685908,316.44505696606245,320.0,338.90147916832683,401.6280311026085,459.7452603951978,507.24146372365624,454.53878968589527,523.6739970566838,563.0817334951564,599.7534127046462,460.1667496994481,546.114793919134,598.0082451838598,640.0,452.4183178150893,475.2171283346644,422.69928584163995,384.90926112672713,437.5224546821603,443.26172639771687,402.04213631785063,373.11292668482497,320.0,200.37611494495457,125.6508104772806,136.31825903857572,159.38973553864133,132.89613824068877,68.80612584368498,28.643506797408463,0.0,222.03728122993743,211.30603522231235,202.6855825021004,202.98768596512568,308.79227084271434,275.52950672168924,246.17881489799257,237.04430942083678,387.9359673408628,345.9841843552873,317.6882125357149,310.17886645148457,320.0,342.48617488569715,405.00309164425744,462.31312495773284,506.8324736630784,460.4295324421672,522.7500861479521,559.7299949345444,593.8187006996432,466.95274779327013,547.5080731156629,598.8980162279418,640.0,458.75840446804574,479.54575494138635,430.3122846759627,392.8587198524343,442.3533346702342,454.1185469169302,416.38961377698297,386.69945447698694,320.0,219.98346273351248,146.32471045664846,145.59459911081464,158.88107353369628,143.24438046875076,78.03532756112529,34.40245753480451,0.0,211.03609064069784,185.64319435673255,165.82935653821662,155.7455706004742,281.107378949568,239.94198336240697,236.4792166292214,253.00856330088888,350.70703956685514,305.38331543291065,293.6269069099397,303.570581206184,320.0,335.7581027377548,383.78568235675925,429.9541115309015,462.8712440833022,458.4518428255638,517.3000875640656,554.0979125461548,589.0345786208966,471.8751324176867,548.1704988702398,596.9412096087785,640.0,468.8838459607248,488.35843707327825,444.3055557256489,414.68034217342586,456.60753540833633,464.2853976204618,431.95537294331604,410.0063560489624,320.0,204.21204956202234,130.86006385468482,129.64981050664792,138.35046879740344,134.01335843859403,79.7372615682441,37.148305635681595,0.0,202.48204989911346,179.31869073818135,160.044399712991,147.2467362358482,272.17452650739915,250.66623647421977,244.4935206275673,246.03681997890772,338.9681641537328,312.6240134065945,301.8553975507924,301.4199721659066,320.0,335.60631329582293,397.77304474090397,464.97859034920305,509.58379185972944,449.6627385969755,509.83513905956636,546.0288974793326,579.6799136910184,467.10773591322743,546.4852076541717,596.3553047115533,640.0,466.99470713924666,478.37862583456524,426.4015503915233,391.6315922216444,455.9385766556074,461.7560546712934,422.7460158295702,394.83191304983876
320.0,195.31710963996545,114.25226209155585,123.36168832478958,155.22719134819127,127.21220260128058,64.15222699424453,26.060004208129953,0.0,225.30205304859948,217.58378402227606,208.8312284923654,208.34338695040725,320.5931999901559,277.08526917287634,240.30240003086257,227.27250434947254,405.66493219877896,351.5304844426678,322.3381061685908,316.44505696606245,320.0,338.90147916832683,401.6280311026085,459.7452603951978,507.24146372365624,454.53878968589527,523.6739970566838,563.0817334951564,599.7534127046462,460.1667496994481,546.114793919134,598.0082451838598,640.0,452.4183178150893,475.2171283346644,422.69928584163995,384.90926112672713,437.5224546821603,443.26172639771687,402.04213631785063,373.11292668482497,320.0,200.37611494495457,125.6508104772806,136.31825903857572,159.38973553864133,132.89613824068877,68.80612584368498,28.643506797408463,0.0,222.03728122993743,211.30603522231235,202.6855825021004,202.98768596512568,308.79227084271434,275.52950672168924,246.17881489799257,237.04430942083678,387.9359673408628,345.9841843552873,317.6882125357149,310.17886645148457,320.0,342.48617488569715,405.00309164425744,462.31312495773284,506.8324736630784,460.4295324421672,522.7500861479521,559.7299949345444,593.8187006996432,466.95274779327013,547.5080731156629,598.8980162279418,640.0,458.75840446804574,479.54575494138635,430.3122846759627,392.8587198524343,442.3533346702342,454.1185469169302,416.38961377698297,386.69945447698694,320.0,219.98346273351248,146.32471045664846,145.59459911081464,158.88107353369628,143.24438046875076,78.03532756112529,34.40245753480451,0.0,211.03609064069784,185.64319435673255,165.82935653821662,155.7455706004742,281.107378949568,239.94198336240697,236.4792166292214,253.00856330088888,350.70703956685514,305.38331543291065,293.6269069099397,303.570581206184,320.0,335.7581027377548,383.78568235675925,429.9541115309015,462.8712440833022,458.4518428255638,517.3000875640656,554.0979125461548,589.0345786208966,471.8751324176867,548.1704988702398,596.9412096087785,640.0,468.8838459607248,488.35843707327825,444.3055557256489,414.68034217342586,456.60753540833633,464.2853976204618,431.95537294331604,410.0063560489624,320.0,204.21204956202234,130.86006385468482,129.64981050664792,138.35046879740344,134.01335843859403,79.7372615682441,37.148305635681595,0.0,202.48204989911346,179.31869073818135,160.044399712991,147.2467362358482,272.17452650739915,250.66623647421977,244.4935206275673,246.03681997890772,338.9681641537328,312.6240134065945,301.8553975507924,301.4199721659066,320.0,335.60631329582293,397.77304474090397,464.97859034920305,509.58379185972944,449.6627385969755,509.83513905956636,546.0288974793326,579.6799136910184,467.10773591322743,546.4852076541717,596.3553047115533,640.0,466.99470713924666,478.37862583456524,426.4015503915233,391.6315922216444,455.9385766556074,461.7560546712934,422.7460158295702,394.83191304983876,320.0,215.05903140356543,139.5720147205571,135.03514018854017,146.85552158479166,137.30612646876082,78.55635421449085,36.04584170332083,0.0,210.2705923416606,187.7588574623115,167.9524145392295,152.50918876174393,282.3317802691817,268.68741699410396,261.4792682591247,259.6778103967917,350.2212051912992,335.6070578727607,323.12824293264083,317.48889658098983,320.0,334.8604583794355,394.34552126918453,460.0688176783713,504.8866430114729,450.99399576354415,512.4065414947991,552.2620780677918,588.7379233453023,465.87783237030976,544.0152388058225,595.1477630015247,640.0,464.9517922977898,480.67032658015705,423.2705834806484,382.65080044710294,453.6395790675558,457.2856781508817,413.70952156876047,382.575646455183
320.0,200.37611494495457,125.6508104772806,136.31825903857572,159.38973553864133,132.89613824068877,68.80612584368498,28.643506797408463,0.0,222.03728122993743,211.30603522231235,202.6855825021004,202.98768596512568,308.79227084271434,275.52950672168924,246.17881489799257,237.04430942083678,387.9359673408628,345.9841843552873,317.6882125357149,310.17886645148457,320.0,342.48617488569715,405.00309164425744,462.31312495773284,506.8324736630784,460.4295324421672,522.7500861479521,559.7299949345444,593.8187006996432,466.95274779327013,547.5080731156629,598.8980162279418,640.0,458.75840446804574,479.54575494138635,430.3122846759627,392.8587198524343,442.3533346702342,454.1185469169302,416.38961377698297,386.69945447698694,320.0,219.98346273351248,146.32471045664846,145.59459911081464,158.88107353369628,143.24438046875076,78.03532756112529,34.40245753480451,0.0,211.03609064069784,185.64319435673255,165.82935653821662,155.7455706004742,281.107378949568,239.94198336240697,236.4792166292214,253.00856330088888,350.70703956685514,305.38331543291065,293.6269069099397,303.570581206184,320.0,335.7581027377548,383.78568235675925,429.9541115309015,462.8712440833022,458.4518428255638,517.3000875640656,554.0979125461548,589.0345786208966,471.8751324176867,548.1704988702398,596.9412096087785,640.0,468.8838459607248,488.35843707327825,444.3055557256489,414.68034217342586,456.60753540833633,464.2853976204618,431.95537294331604,410.0063560489624,320.0,204.21204956202234,130.86006385468482,129.64981050664792,138.35046879740344,134.01335843859403,79.7372615682441,37.148305635681595,0.0,202.48204989911346,179.31869073818135,160.044399712991,147.2467362358482,272.17452650739915,250.66623647421977,244.4935206275673,246.03681997890772,338.9681641537328,312.6240134065945,301.8553975507924,301.4199721659066,320.0,335.60631329582293,397.77304474090397,464.97859034920305,509.58379185972944,449.6627385969755,509.83513905956636,546.0288974793326,579.6799136910184,467.10773591322743,546.4852076541717,596.3553047115533,640.0,466.99470713924666,478.37862583456524,426.4015503915233,391.6315922216444,455.9385766556074,461.7560546712934,422.7460158295702,394.83191304983876,320.0,215.05903140356543,139.5720147205571,135.03514018854017,146.85552158479166,137.30612646876082,78.55635421449085,36.04584170332083,0.0,210.2705923416606,187.7588574623115,167.9524145392295,152.50918876174393,282.3317802691817,268.68741699410396,261.4792682591247,259.6778103967917,350.2212051912992,335.6070578727607,323.12824293264083,317.48889658098983,320.0,334.8604583794355,394.34552126918453,460.0688176783713,504.8866430114729,450.99399576354415,512.4065414947991,552.2620780677918,588.7379233453023,465.87783237030976,544.0152388058225,595.1477630015247,640.0,464.9517922977898,480.67032658015705,423.2705834806484,382.65080044710294,453.6395790675558,457.2856781508817,413.70952156876047,382.575646455183,320.0,219.42625771886475,145.99610873444365,142.64300225991946,151.79209149182526,137.4390213147883,74.1437604983922,31.722452794680578,0.0,206.49061462141503,183.7091571271574,164.02074700228673,152.64471217769034,278.7220194114297,270.1241155402954,262.74837284487313,260.9738601240616,347.3470691382583,332.4383354526304,323.9837789590901,321.0973794526193,320.0,331.4640686959162,390.9708557872166,452.2263735469253,497.3845861689614,448.87837356633236,505.3645761688815,540.1347762586321,572.2142345951515,462.53074457408195,542.874019151308,595.343614541677,640.0,460.0263539075719,474.2422609228187,414.90885775156187,374.1209739069254,447.56720277181387,450.3885127412868,406.20235654473936,375.8810973136795
320.0,219.98346273351248,146.32471045664846,145.59459911081464,158.88107353369628,143.24438046875076,78.03532756112529,34.40245753480451,0.0,211.03609064069784,185.64319435673255,165.82935653821662,155.7455706004742,281.107378949568,239.94198336240697,236.4792166292214,253.00856330088888,350.70703956685514,305.38331543291065,293.6269069099397,303.570581206184,320.0,335.7581027377548,383.78568235675925,429.9541115309015,462.8712440833022,458.4518428255638,517.3000875640656,554.0979125461548,589.0345786208966,471.8751324176867,548.1704988702398,596.9412096087785,640.0,468.8838459607248,488.35843707327825,444.3055557256489,414.68034217342586,456.60753540833633,464.2853976204618,431.95537294331604,410.0063560489624,320.0,204.21204956202234,130.86006385468482,129.64981050664792,138.35046879740344,134.01335843859403,79.7372615682441,37.148305635681595,0.0,202.48204989911346,179.31869073818135,160.044399712991,147.2467362358482,272.17452650739915,250.66623647421977,244.4935206275673,246.03681997890772,338.9681641537328,312.6240134065945,301.8553975507924,301.4199721659066,320.0,335.60631329582293,397.77304474090397,464.97859034920305,509.58379185972944,449.6627385969755,509.83513905956636,546.0288974793326,579.6799136910184,467.10773591322743,546.4852076541717,596.3553047115533,640.0,466.99470713924666,478.37862583456524,426.4015503915233,391.6315922216444,455.9385766556074,461.7560546712934,422.7460158295702,394.83191304983876,320.0,215.05903140356543,139.5720147205571,135.03514018854017,146.85552158479166,137.30612646876082,78.55635421449085,36.04584170332083,0.0,210.2705923416606,187.7588574623115,167.9524145392295,152.50918876174393,282.3317802691817,268.68741699410396,261.4792682591247,259.6778103967917,350.2212051912992,335.6070578727607,323.12824293264083,317.48889658098983,320.0,334.8604583794355,394.34552126918453,460.0688176783713,504.8866430114729,450.99399576354415,512.4065414947991,552.2620780677918,588.7379233453023,465.87783237030976,544.0152388058225,595.1477630015247,640.0,464.9517922977898,480.67032658015705,423.2705834806484,382.65080044710294,453.6395790675558,457.2856781508817,413.70952156876047,382.575646455183,320.0,219.42625771886475,145.99610873444365,142.64300225991946,151.79209149182526,137.4390213147883,74.1437604983922,31.722452794680578,0.0,206.49061462141503,183.7091571271574,164.02074700228673,152.64471217769034,278.7220194114297,270.1241155402954,262.74837284487313,260.9738601240616,347.3470691382583,332.4383354526304,323.9837789590901,321.0973794526193,320.0,331.4640686959162,390.9708557872166,452.2263735469253,497.3845861689614,448.87837356633236,505.3645761688815,540.1347762586321,572.2142345951515,462.53074457408195,542.874019151308,595.343614541677,640.0,460.0263539075719,474.2422609228187,414.90885775156187,374.1209739069254,447.56720277181387,450.3885127412868,406.20235654473936,375.8810973136795,320.0,227.3506602763294,154.49225399834975,151.5348227734766,162.25009532838257,143.13164445848915,75.79911869524764,32.14622215199876,0.0,212.1446351012096,188.35112024016433,169.58929232281736,159.519806183178,283.5702126016046,268.9577500395007,263.47798107477047,264.6189947507944,351.41243728164886,330.6299706816945,321.9563252049648,321.20236091360755,320.0,330.27759042355126,388.545806932943,449.7700009714827,497.1780605960189,446.8514046666533,508.2708329566934,545.6851790743286,579.9333100627796,459.7032136873239,542.3923890852493,595.6900894658097,640.0,456.9299888103999,475.12998299607256,417.8197557201094,376.10853958467555,444.56557670544714,450.33216033583767,407.1975121036349,375.6267795202438
320.0,204.21204956202234,130.86006385468482,129.64981050664792,138.35046879740344,134.01335843859403,79.7372615682441,37.148305635681595,0.0,202.48204989911346,179.31869073818135,160.044399712991,147.2467362358482,272.17452650739915,250.66623647421977,244.4935206275673,246.03681997890772,338.9681641537328,312.6240134065945,301.8553975507924,301.4199721659066,320.0,335.60631329582293,397.77304474090397,464.97859034920305,509.58379185972944,449.6627385969755,509.83513905956636,546.0288974793326,579.6799136910184,467.10773591322743,546.4852076541717,596.3553047115533,640.0,466.99470713924666,478.37862583456524,426.4015503915233,391.6315922216444,455.9385766556074,461.7560546712934,422.7460158295702,394.83191304983876,320.0,215.05903140356543,139.5720147205571,135.03514018854017,146.85552158479166,137.30612646876082,78.55635421449085,36.04584170332083,0.0,210.2705923416606,187.7588574623115,167.9524145392295,152.50918876174393,282.3317802691817,268.68741699410396,261.4792682591247,259.6778103967917,350.2212051912992,335.6070578727607,323.12824293264083,317.48889658098983,320.0,334.8604583794355,394.34552126918453,460.0688176783713,504.8866430114729,450.99399576354415,512.4065414947991,552.2620780677918,588.7379233453023,465.87783237030976,544.0152388058225,595.1477630015247,640.0,464.9517922977898,480.67032658015705,423.2705834806484,382.65080044710294,453.6395790675558,457.2856781508817,413.70952156876047,382.575646455183,320.0,219.42625771886475,145.99610873444365,142.64300225991946,151.79209149182526,137.4390213147883,74.1437604983922,31.722452794680578,0.0,206.49061462141503,183.7091571271574,164.02074700228673,152.64471217769034,278.7220194114297,270.1241155402954,262.74837284487313,260.9738601240616,347.3470691382583,332.4383354526304,323.9837789590901,321.0973794526193,320.0,331.4640686959162,390.9708557872166,452.2263735469253,497.3845861689614,448.87837356633236,505.3645761688815,540.1347762586321,572.2142345951515,462.53074457408195,542.874019151308,595.343614541677,640.0,460.0263539075719,474.2422609228187,414.90885775156187,374.1209739069254,447.56720277181387,450.3885127412868,406.20235654473936,375.8810973136795,320.0,227.3506602763294,154.49225399834975,151.5348227734766,162.25009532838257,143.13164445848915,75.79911869524764,32.14622215199876,0.0,212.1446351012096,188.35112024016433,169.58929232281736,159.519806183178,283.5702126016046,268.9577500395007,263.47798107477047,264.6189947507944,351.41243728164886,330.6299706816945,321.9563252049648,321.20236091360755,320.0,330.27759042355126,388.545806932943,449.7700009714827,497.1780605960189,446.8514046666533,508.2708329566934,545.6851790743286,579.9333100627796,459.7032136873239,542.3923890852493,595.6900894658097,640.0,456.9299888103999,475.12998299607256,417.8197557201094,376.10853958467555,444.56557670544714,450.33216033583767,407.1975121036349,375.6267795202438,320.0,228.41354877145451,154.6218544501503,149.2835768829127,163.41827176825828,143.74654836144856,78.52705926058485,35.892329264231876,0.0,211.51160815209636,190.03776132216728,170.40146605445153,155.76769651404328,282.31981823824293,265.64575938313357,256.629162070145,254.62552411673164,349.0635328016092,329.2341949499045,318.4147946459112,316.1148650944486,320.0,333.97396196074794,388.93205240336033,446.8316884013241,492.7893812889163,446.8652611804514,507.22924474113887,543.8347015714476,578.320618061139,458.09867084654803,541.1170801183889,595.1161292855523,640.0,454.3238869201759,471.9344354240328,417.9485619890552,378.8865278996195,441.06470843050886,448.69746920763157,407.3786264523543,376.6148120752471
320.0,215.05903140356543,139.5720147205571,135.03514018854017,146.85552158479166,137.30612646876082,78.55635421449085,36.04584170332083,0.0,210.2705923416606,187.7588574623115,167.9524145392295,152.50918876174393,282.3317802691817,268.68741699410396,261.4792682591247,259.6778103967917,350.2212051912992,335.6070578727607,323.12824293264083,317.48889658098983,320.0,334.8604583794355,394.34552126918453,460.0688176783713,504.8866430114729,450.99399576354415,512.4065414947991,552.2620780677918,588.7379233453023,465.87783237030976,544.0152388058225,595.1477630015247,640.0,464.9517922977898,480.67032658015705,423.2705834806484,382.65080044710294,453.6395790675558,457.2856781508817,413.70952156876047,382.575646455183,320.0,219.42625771886475,145.99610873444365,142.64300225991946,151.79209149182526,137.4390213147883,74.1437604983922,31.722452794680578,0.0,206.49061462141503,183.7091571271574,164.02074700228673,152.64471217769034,278.7220194114297,270.1241155402954,262.74837284487313,260.9738601240616,347.3470691382583,332.4383354526304,323.9837789590901,321.0973794526193,320.0,331.4640686959162,390.9708557872166,452.2263735469253,497.3845861689614,448.87837356633236,505.3645761688815,540.1347762586321,572.2142345951515,462.53074457408195,542.874019151308,595.343614541677,640.0,460.0263539075719,474.2422609228187,414.90885775156187,374.1209739069254,447.56720277181387,450.3885127412868,406.20235654473936,375.8810973136795,320.0,227.3506602763294,154.49225399834975,151.5348227734766,162.25009532838257,143.13164445848915,75.79911869524764,32.14622215199876,0.0,212.1446351012096,188.35112024016433,169.58929232281736,159.519806183178,283.5702126016046,268.9577500395007,263.47798107477047,264.6189947507944,351.41243728164886,330.6299706816945,321.9563252049648,321.20236091360755,320.0,330.27759042355126,388.545806932943,449.7700009714827,497.1780605960189,446.8514046666533,508.2708329566934,545.6851790743286,579.9333100627796,459.7032136873239,542.3923890852493,595.6900894658097,640.0,456.9299888103999,475.12998299607256,417.8197557201094,376.10853958467555,444.56557670544714,450.33216033583767,407.1975121036349,375.6267795202438,320.0,228.41354877145451,154.6218544501503,149.2835768829127,163.41827176825828,143.74654836144856,78.52705926058485,35.892329264231876,0.0,211.51160815209636,190.03776132216728,170.40146605445153,155.76769651404328,282.31981823824293,265.64575938313357,256.629162070145,254.62552411673164,349.0635328016092,329.2341949499045,318.4147946459112,316.1148650944486,320.0,333.97396196074794,388.93205240336033,446.8316884013241,492.7893812889163,446.8652611804514,507.22924474113887,543.8347015714476,578.320618061139,458.09867084654803,541.1170801183889,595.1161292855523,640.0,454.3238869201759,471.9344354240328,417.9485619890552,378.8865278996195,441.06470843050886,448.69746920763157,407.3786264523543,376.6148120752471,320.0,225.9831144101838,151.5397018755562,146.45269288578584,159.69022953599386,140.73342578738834,75.48298507326624,33.71329139094735,0.0,209.6238973600455,187.34763598323977,168.21051264140172,155.39998153957654,281.1946856771044,267.79077730917675,259.3567340092279,256.9814928557022,349.09973528664364,333.5053267437978,323.7404920272622,320.3095425575435,320.0,333.2393759690531,388.51040268826495,446.3369228337077,491.46766658856865,446.7775907956204,507.4424951879483,544.2504305695885,578.5724347895548,458.57320752535037,541.5309139439038,595.2989722146,640.0,455.34692595205763,473.3649428620035,416.77236145986905,376.0552492724686,443.1214862998155,450.03591550307874,407.5570298736584,376.5861214378367
320.0,219.42625771886475,145.99610873444365,142.64300225991946,151.79209149182526,137.4390213147883,74.1437604983922,31.722452794680578,0.0,206.49061462141503,183.7091571271574,164.02074700228673,152.64471217769034,278.7220194114297,270.1241155402954,262.74837284487313,260.9738601240616,347.3470691382583,332.4383354526304,323.9837789590901,321.0973794526193,320.0,331.4640686959162,390.9708557872166,452.2263735469253,497.3845861689614,448.87837356633236,505.3645761688815,540.1347762586321,572.2142345951515,462.53074457408195,542.874019151308,595.343614541677,640.0,460.0263539075719,474.2422609228187,414.90885775156187,374.1209739069254,447.56720277181387,450.3885127412868,406.20235654473936,375.8810973136795,320.0,227.3506602763294,154.49225399834975,151.5348227734766,162.25009532838257,143.13164445848915,75.79911869524764,32.14622215199876,0.0,212.1446351012096,188.35112024016433,169.58929232281736,159.519806183178,283.5702126016046,268.9577500395007,263.47798107477047,264.6189947507944,351.41243728164886,330.6299706816945,321.9563252049648,321.20236091360755,320.0,330.27759042355126,388.545806932943,449.7700009714827,497.1780605960189,446.8514046666533,508.2708329566934,545.6851790743286,579.9333100627796,459.7032136873239,542.3923890852493,595.6900894658097,640.0,456.9299888103999,475.12998299607256,417.8197557201094,376.10853958467555,444.56557670544714,450.33216033583767,407.1975121036349,375.6267795202438,320.0,228.41354877145451,154.6218544501503,149.2835768829127,163.41827176825828,143.74654836144856,78.52705926058485,35.892329264231876,0.0,211.51160815209636,190.03776132216728,170.40146605445153,155.76769651404328,282.31981823824293,265.64575938313357,256.629162070145,254.62552411673164,349.0635328016092,329.2341949499045,318.4147946459112,316.1148650944486,320.0,333.97396196074794,388.93205240336033,446.8316884013241,492.7893812889163,446.8652611804514,507.22924474113887,543.8347015714476,578.320618061139,458.09867084654803,541.1170801183889,595.1161292855523,640.0,454.3238869201759,471.9344354240328,417.9485619890552,378.8865278996195,441.06470843050886,448.69746920763157,407.3786264523543,376.6148120752471,320.0,225.9831144101838,151.5397018755562,146.45269288578584,159.69022953599386,140.73342578738834,75.48298507326624,33.71329139094735,0.0,209.6238973600455,187.34763598323977,168.21051264140172,155.39998153957654,281.1946856771044,267.79077730917675,259.3567340092279,256.9814928557022,349.09973528664364,333.5053267437978,323.7404920272622,320.3095425575435,320.0,333.2393759690531,388.51040268826495,446.3369228337077,491.46766658856865,446.7775907956204,507.4424951879483,544.2504305695885,578.5724347895548,458.57320752535037,541.5309139439038,595.2989722146,640.0,455.34692595205763,473.3649428620035,416.77236145986905,376.0552492724686,443.1214862998155,450.03591550307874,407.5570298736584,376.5861214378367,320.0,297.4456731975068,229.0698783573455,161.22113093317128,110.6358071512764,144.92353636565656,75.70422654184586,34.609741548887314,0.0,135.4617729478623,52.97321227836636,27.723210437330465,19.428031308872505,148.48712336196542,92.12890023448298,71.50306066797981,58.50200326361511,172.83353613606857,140.18757772961723,148.22093989862609,158.76667057977033,320.0,387.88714854156547,443.6870238143363,456.76199101471815,465.69045373324445,464.6547990982442,536.9890501764253,595.2236725442069,640.0,403.3105028923263,406.39849726538023,398.6584169228933,384.72276473258506,341.21233396666304,327.85466449637664,319.34240660277766,309.08280427587823,285.68738908008794,280.2729938066204,276.65963032102,270.0996491627249
320.0,227.3506602763294,154.49225399834975,151.5348227734766,162.25009532838257,143.13164445848915,75.79911869524764,32.14622215199876,0.0,212.1446351012096,188.35112024016433,169.58929232281736,159.519806183178,283.5702126016046,268.9577500395007,263.47798107477047,264.6189947507944,351.41243728164886,330.6299706816945,321.9563252049648,321.20236091360755,320.0,330.27759042355126,388.545806932943,449.7700009714827,497.1780605960189,446.8514046666533,508.2708329566934,545.6851790743286,579.9333100627796,459.7032136873239,542.3923890852493,595.6900894658097,640.0,456.9299888103999,475.12998299607256,417.8197557201094,376.10853958467555,444.56557670544714,450.33216033583767,407.1975121036349,375.6267795202438,320.0,228.41354877145451,154.6218544501503,149.2835768829127,163.41827176825828,143.74654836144856,78.52705926058485,35.892329264231876,0.0,211.51160815209636,190.03776132216728,170.40146605445153,155.76769651404328,282.31981823824293,265.64575938313357,256.629162070145,254.62552411673164,349.0635328016092,329.2341949499045,318.4147946459112,316.1148650944486,320.0,333.97396196074794,388.93205240336033,446.8316884013241,492.7893812889163,446.8652611804514,507.22924474113887,543.8347015714476,578.320618061139,458.09867084654803,541.1170801183889,595.1161292855523,640.0,454.3238869201759,471.9344354240328,417.9485619890552,378.8865278996195,441.06470843050886,448.69746920763157,407.3786264523543,376.6148120752471,320.0,225.9831144101838,151.5397018755562,146.45269288578584,159.69022953599386,140.73342578738834,75.48298507326624,33.71329139094735,0.0,209.6238973600455,187.34763598323977,168.21051264140172,155.39998153957654,281.1946856771044,267.79077730917675,259.3567340092279,256.9814928557022,349.09973528664364,333.5053267437978,323.7404920272622,320.3095425575435,320.0,333.2393759690531,388.51040268826495,446.3369228337077,491.46766658856865,446.7775907956204,507.4424951879483,544.2504305695885,578.5724347895548,458.57320752535037,541.5309139439038,595.2989722146,640.0,455.34692595205763,473.3649428620035,416.77236145986905,376.0552492724686,443.1214862998155,450.03591550307874,407.5570298736584,376.5861214378367,320.0,297.4456731975068,229.0698783573455,161.22113093317128,110.6358071512764,144.92353636565656,75.70422654184586,34.609741548887314,0.0,135.4617729478623,52.97321227836636,27.723210437330465,19.428031308872505,148.48712336196542,92.12890023448298,71.50306066797981,58.50200326361511,172.83353613606857,140.18757772961723,148.22093989862609,158.76667057977033,320.0,387.88714854156547,443.6870238143363,456.76199101471815,465.69045373324445,464.6547990982442,536.9890501764253,595.2236725442069,640.0,403.3105028923263,406.39849726538023,398.6584169228933,384.72276473258506,341.21233396666304,327.85466449637664,319.34240660277766,309.08280427587823,285.68738908008794,280.2729938066204,276.65963032102,270.0996491627249,320.0,216.98455574840995,134.4583942229984,59.884433840422275,0.0,167.21194116351168,151.86906381434835,148.4662811294392,147.35524985199433,230.08971786584422,260.36296871186664,265.4139378892757,261.61314017280887,302.17200486681867,320.3222693768679,327.22267714216326,333.11627813072835,370.49633118118925,385.1037108601431,391.4314657995543,396.1570778186249,320.0,321.25276091100665,351.462227416032,376.75999849663094,377.10033327593726,452.6135948263128,537.3344672698206,596.1575076239164,640.0,480.45671651966575,494.23199606327086,469.03099999388166,443.944791394436,484.90875861050245,486.3330294546704,467.76005880620266,443.1719897875792,480.7472093712334,479.0116921904349,460.73732559389634,442.5549232276634
320.0,228.41354877145451,154.6218544501503,149.2835768829127,163.41827176825828,143.74654836144856,78.52705926058485,35.892329264231876,0.0,211.51160815209636,190.03776132216728,170.40146605445153,155.76769651404328,282.31981823824293,265.64575938313357,256.629162070145,254.62552411673164,349.0635328016092,329.2341949499045,318.4147946459112,316.1148650944486,320.0,333.97396196074794,388.93205240336033,446.8316884013241,492.7893812889163,446.8652611804514,507.22924474113887,543.8347015714476,578.320618061139,458.09867084654803,541.1170801183889,595.1161292855523,640.0,454.3238869201759,471.9344354240328,417.9485619890552,378.8865278996195,441.06470843050886,448.69746920763157,407.3786264523543,376.6148120752471,320.0,225.9831144101838,151.5397018755562,146.45269288578584,159.69022953599386,140.73342578738834,75.48298507326624,33.71329139094735,0.0,209.6238973600455,187.34763598323977,168.21051264140172,155.39998153957654,281.1946856771044,267.79077730917675,259.3567340092279,256.9814928557022,349.09973528664364,333.5053267437978,323.7404920272622,320.3095425575435,320.0,333.2393759690531,388.51040268826495,446.3369228337077,491.46766658856865,446.7775907956204,507.4424951879483,544.2504305695885,578.5724347895548,458.57320752535037,541.5309139439038,595.2989722146,640.0,455.34692595205763,473.3649428620035,416.77236145986905,376.0552492724686,443.1214862998155,450.03591550307874,407.5570298736584,376.5861214378367,320.0,297.4456731975068,229.0698783573455,161.22113093317128,110.6358071512764,144.92353636565656,75.70422654184586,34.609741548887314,0.0,135.4617729478623,52.97321227836636,27.723210437330465,19.428031308872505,148.48712336196542,92.12890023448298,71.50306066797981,58.50200326361511,172.83353613606857,140.18757772961723,148.22093989862609,158.76667057977033,320.0,387.88714854156547,443.6870238143363,456.76199101471815,465.69045373324445,464.6547990982442,536.9890501764253,595.2236725442069,640.0,403.3105028923263,406.39849726538023,398.6584169228933,384.72276473258506,341.21233396666304,327.85466449637664,319.34240660277766,309.08280427587823,285.68738908008794,280.2729938066204,276.65963032102,270.0996491627249,320.0,216.98455574840995,134.4583942229984,59.884433840422275,0.0,167.21194116351168,151.86906381434835,148.4662811294392,147.35524985199433,230.08971786584422,260.36296871186664,265.4139378892757,261.61314017280887,302.17200486681867,320.3222693768679,327.22267714216326,333.11627813072835,370.49633118118925,385.1037108601431,391.4314657995543,396.1570778186249,320.0,321.25276091100665,351.462227416032,376.75999849663094,377.10033327593726,452.6135948263128,537.3344672698206,596.1575076239164,640.0,480.45671651966575,494.23199606327086,469.03099999388166,443.944791394436,484.90875861050245,486.3330294546704,467.76005880620266,443.1719897875792,480.7472093712334,479.0116921904349,460.73732559389634,442.5549232276634,320.0,173.87467292861592,109.0302362158128,173.76521465422644,250.21598317313703,131.15607139887328,63.16134229228766,25.738203111010648,0.0,258.1030191322412,282.655954829076,304.38591183854294,329.77353829891763,372.8092504893636,368.66261027579344,320.0229364467587,296.30558938148624,473.3740604907971,458.5949079659769,425.7535484917603,410.63332855490694,320.0,339.7891489530514,397.02987126226026,442.29391230384533,469.6178941678104,466.3669584821817,538.2001877609717,585.2182540806467,625.5546984615588,468.60848549713654,544.1837656919008,596.8670315480565,640.0,452.87185171140936,449.05365678690896,397.2517989995732,361.75990016687604,425.826476118566,417.3216393871974,381.6951053416652,357.6782874913925
320.0,225.9831144101838,151.5397018755562,146.45269288578584,159.69022953599386,140.73342578738834,75.48298507326624,33.71329139094735,0.0,209.6238973600455,187.34763598323977,168.21051264140172,155.39998153957654,281.1946856771044,267.79077730917675,259.3567340092279,256.9814928557022,349.09973528664364,333.5053267437978,323.7404920272622,320.3095425575435,320.0,333.2393759690531,388.51040268826495,446.3369228337077,491.46766658856865,446.7775907956204,507.4424951879483,544.2504305695885,578.5724347895548,458.57320752535037,541.5309139439038,595.2989722146,640.0,455.34692595205763,473.3649428620035,416.77236145986905,376.0552492724686,443.1214862998155,450.03591550307874,407.5570298736584,376.5861214378367,320.0,297.4456731975068,229.0698783573455,161.22113093317128,110.6358071512764,144.92353636565656,75.70422654184586,34.609741548887314,0.0,135.4617729478623,52.97321227836636,27.723210437330465,19.428031308872505,148.48712336196542,92.12890023448298,71.50306066797981,58.50200326361511,172.83353613606857,140.18757772961723,148.22093989862609,158.76667057977033,320.0,387.88714854156547,443.6870238143363,456.76199101471815,465.69045373324445,464.6547990982442,536.9890501764253,595.2236725442069,640.0,403.3105028923263,406.39849726538023,398.6584169228933,384.72276473258506,341.21233396666304,327.85466449637664,319.34240660277766,309.08280427587823,285.68738908008794,280.2729938066204,276.65963032102,270.0996491627249,320.0,216.98455574840995,134.4583942229984,59.884433840422275,0.0,167.21194116351168,151.86906381434835,148.4662811294392,147.35524985199433,230.08971786584422,260.36296871186664,265.4139378892757,261.61314017280887,302.17200486681867,320.3222693768679,327.22267714216326,333.11627813072835,370.49633118118925,385.1037108601431,391.4314657995543,396.1570778186249,320.0,321.25276091100665,351.462227416032,376.75999849663094,377.10033327593726,452.6135948263128,537.3344672698206,596.1575076239164,640.0,480.45671651966575,494.23199606327086,469.03099999388166,443.944791394436,484.90875861050245,486.3330294546704,467.76005880620266,443.1719897875792,480.7472093712334,479.0116921904349,460.73732559389634,442.5549232276634,320.0,173.87467292861592,109.0302362158128,173.76521465422644,250.21598317313703,131.15607139887328,63.16134229228766,25.738203111010648,0.0,258.1030191322412,282.655954829076,304.38591183854294,329.77353829891763,372.8092504893636,368.66261027579344,320.0229364467587,296.30558938148624,473.3740604907971,458.5949079659769,425.7535484917603,410.63332855490694,320.0,339.7891489530514,397.02987126226026,442.29391230384533,469.6178941678104,466.3669584821817,538.2001877609717,585.2182540806467,625.5546984615588,468.60848549713654,544.1837656919008,596.8670315480565,640.0,452.87185171140936,449.05365678690896,397.2517989995732,361.75990016687604,425.826476118566,417.3216393871974,381.6951053416652,357.6782874913925,320.0,171.19675751402278,108.78078463455194,179.28184068827966,247.7456915681462,142.84699251939662,84.79964922974915,36.837977296181634,0.0,286.6003411454574,323.65921814594395,344.6433211953994,368.18744819989627,414.0437286449895,403.7868642957592,350.5004999545496,323.90706727195925,522.7321580391088,497.76484490714745,451.68762198088945,428.56878251709736,320.0,343.39030120508,398.695096697175,443.7074982100402,474.7188795868252,470.36727128550393,532.2682157835695,573.7580761319504,608.7569645797158,469.3802601176501,545.1370711129805,598.5318696780748,640.0,452.1236602188768,459.5655489894187,409.37749795953107,372.8451999239816,425.40000863010465,428.7446070043136,393.7914764731936,367.1229945991021
320.0,297.4456731975068,229.0698783573455,161.22113093317128,110.6358071512764,144.92353636565656,75.70422654184586,34.609741548887314,0.0,135.4617729478623,52.97321227836636,27.723210437330465,19.428031308872505,148.48712336196542,92.12890023448298,71.50306066797981,58.50200326361511,172.83353613606857,140.18757772961723,148.22093989862609,158.76667057977033,320.0,387.88714854156547,443.6870238143363,456.76199101471815,465.69045373324445,464.6547990982442,536.9890501764253,595.2236725442069,640.0,403.3105028923263,406.39849726538023,398.6584169228933,384.72276473258506,341.21233396666304,327.85466449637664,319.34240660277766,309.08280427587823,285.68738908008794,280.2729938066204,276.65963032102,270.0996491627249,320.0,216.98455574840995,134.4583942229984,59.884433840422275,0.0,167.21194116351168,151.86906381434835,148.4662811294392,147.35524985199433,230.08971786584422,260.36296871186664,265.4139378892757,261.61314017280887,302.17200486681867,320.3222693768679,327.22267714216326,333.11627813072835,370.49633118118925,385.1037108601431,391.4314657995543,396.1570778186249,320.0,321.25276091100665,351.462227416032,376.75999849663094,377.10033327593726,452.6135948263128,537.3344672698206,596.1575076239164,640.0,480.45671651966575,494.23199606327086,469.03099999388166,443.944791394436,484.90875861050245,486.3330294546704,467.76005880620266,443.1719897875792,480.7472093712334,479.0116921904349,460.73732559389634,442.5549232276634,320.0,173.87467292861592,109.0302362158128,173.76521465422644,250.21598317313703,131.15607139887328,63.16134229228766,25.738203111010648,0.0,258.1030191322412,282.655954829076,304.38591183854294,329.77353829891763,372.8092504893636,368.66261027579344,320.0229364467587,296.30558938148624,473.3740604907971,458.5949079659769,425.7535484917603,410.63332855490694,320.0,339.7891489530514,397.02987126226026,442.29391230384533,469.6178941678104,466.3669584821817,538.2001877609717,585.2182540806467,625.5546984615588,468.60848549713654,544.1837656919008,596.8670315480565,640.0,452.87185171140936,449.05365678690896,397.2517989995732,361.75990016687604,425.826476118566,417.3216393871974,381.6951053416652,357.6782874913925,320.0,171.19675751402278,108.78078463455194,179.28184068827966,247.7456915681462,142.84699251939662,84.79964922974915,36.837977296181634,0.0,286.6003411454574,323.65921814594395,344.6433211953994,368.18744819989627,414.0437286449895,403.7868642957592,350.5004999545496,323.90706727195925,522.7321580391088,497.76484490714745,451.68762198088945,428.56878251709736,320.0,343.39030120508,398.695096697175,443.7074982100402,474.7188795868252,470.36727128550393,532.2682157835695,573.7580761319504,608.7569645797158,469.3802601176501,545.1370711129805,598.5318696780748,640.0,452.1236602188768,459.5655489894187,409.37749795953107,372.8451999239816,425.40000863010465,428.7446070043136,393.7914764731936,367.1229945991021,320.0,179.58239856410592,93.9055250983981,114.7587984072556,146.99251751075164,127.29415821234949,65.72950188411286,25.558826190898515,0.0,273.75889719969103,314.7958469541905,337.5494328843766,364.6860157785633,407.53428194364847,416.63545065539233,367.5314150259143,338.03169493781473,525.2466033527994,511.00287051521775,462.82191598104623,431.2694385185895,320.0,342.6182742311655,395.4044077255911,440.4219197361674,473.6679882461148,468.0006364273322,533.7885401173983,574.858581133884,607.7397248477682,471.06877823423497,545.6894377622131,597.6300754318097,640.0,457.11656014881805,449.0507303339384,401.07951903353575,368.0605648025219,432.52837047681004,417.36736325283755,382.37574791558546,358.60982534123565
320.0,216.98455574840995,134.4583942229984,59.884433840422275,0.0,167.21194116351168,151.86906381434835,148.4662811294392,147.35524985199433,230.08971786584422,260.36296871186664,265.4139378892757,261.61314017280887,302.17200486681867,320.3222693768679,327.22267714216326,333.11627813072835,370.49633118118925,385.1037108601431,391.4314657995543,396.1570778186249,320.0,321.25276091100665,351.462227416032,376.75999849663094,377.10033327593726,452.6135948263128,537.3344672698206,596.1575076239164,640.0,480.45671651966575,494.23199606327086,469.03099999388166,443.944791394436,484.90875861050245,486.3330294546704,467.76005880620266,443.1719897875792,480.7472093712334,479.0116921904349,460.73732559389634,442.5549232276634,320.0,173.87467292861592,109.0302362158128,173.76521465422644,250.21598317313703,131.15607139887328,63.16134229228766,25.738203111010648,0.0,258.1030191322412,282.655954829076,304.38591183854294,329.77353829891763,372.8092504893636,368.66261027579344,320.0229364467587,296.30558938148624,473.3740604907971,458.5949079659769,425.7535484917603,410.63332855490694,320.0,339.7891489530514,397.02987126226026,442.29391230384533,469.6178941678104,466.3669584821817,538.2001877609717,585.2182540806467,625.5546984615588,468.60848549713654,544.1837656919008,596.8670315480565,640.0,452.87185171140936,449.05365678690896,397.2517989995732,361.75990016687604,425.826476118566,417.3216393871974,381.6951053416652,357.6782874913925,320.0,171.19675751402278,108.78078463455194,179.28184068827966,247.7456915681462,142.84699251939662,84.79964922974915,36.837977296181634,0.0,286.6003411454574,323.65921814594395,344.6433211953994,368.18744819989627,414.0437286449895,403.7868642957592,350.5004999545496,323.90706727195925,522.7321580391088,497.76484490714745,451.68762198088945,428.56878251709736,320.0,343.39030120508,398.695096697175,443.7074982100402,474.7188795868252,470.36727128550393,532.2682157835695,573.7580761319504,608.7569645797158,469.3802601176501,545.1370711129805,598.5318696780748,640.0,452.1236602188768,459.5655489894187,409.37749795953107,372.8451999239816,425.40000863010465,428.7446070043136,393.7914764731936,367.1229945991021,320.0,179.58239856410592,93.9055250983981,114.7587984072556,146.99251751075164,127.29415821234949,65.72950188411286,25.558826190898515,0.0,273.75889719969103,314.7958469541905,337.5494328843766,364.6860157785633,407.53428194364847,416.63545065539233,367.5314150259143,338.03169493781473,525.2466033527994,511.00287051521775,462.82191598104623,431.2694385185895,320.0,342.6182742311655,395.4044077255911,440.4219197361674,473.6679882461148,468.0006364273322,533.7885401173983,574.858581133884,607.7397248477682,471.06877823423497,545.6894377622131,597.6300754318097,640.0,457.11656014881805,449.0507303339384,401.07951903353575,368.0605648025219,432.52837047681004,417.36736325283755,382.37574791558546,358.60982534123565,320.0,150.5803888183469,49.60242706132914,105.10232407888526,191.87627653062626,114.37663534314112,54.55941364325872,18.03236033593231,0.0,269.91183691049775,316.72292374746246,346.07040819350004,383.77863905629056,411.4717441468031,434.36484114325685,382.7547174992827,350.58476539153924,534.9042899234028,532.6921605427644,479.74993983657225,445.0400258431733,320.0,345.33899676902394,404.1022805485012,453.04324268121076,487.20627561555125,469.0429261695552,533.4698965330153,574.8111629222035,608.5651431407075,471.40186437909796,545.9460815639922,598.1111298477005,640.0,458.04574799641125,453.79910725378613,404.3159645149905,368.85008082868154,434.2985732609892,424.50083916600147,387.70002897336116,360.93115220133615
320.0,173.87467292861592,109.0302362158128,173.76521465422644,250.21598317313703,131.15607139887328,63.16134229228766,25.738203111010648,0.0,258.1030191322412,282.655954829076,304.38591183854294,329.77353829891763,372.8092504893636,368.66261027579344,320.0229364467587,296.30558938148624,473.3740604907971,458.5949079659769,425.7535484917603,410.63332855490694,320.0,339.7891489530514,397.02987126226026,442.29391230384533,469.6178941678104,466.3669584821817,538.2001877609717,585.2182540806467,625.5546984615588,468.60848549713654,544.1837656919008,596.8670315480565,640.0,452.87185171140936,449.05365678690896,397.2517989995732,361.75990016687604,425.826476118566,417.3216393871974,381.6951053416652,357.6782874913925,320.0,171.19675751402278,108.78078463455194,179.28184068827966,247.7456915681462,142.84699251939662,84.79964922974915,36.837977296181634,0.0,286.6003411454574,323.65921814594395,344.6433211953994,368.18744819989627,414.0437286449895,403.7868642957592,350.5004999545496,323.90706727195925,522.7321580391088,497.76484490714745,451.68762198088945,428.56878251709736,320.0,343.39030120508,398.695096697175,443.7074982100402,474.7188795868252,470.36727128550393,532.2682157835695,573.7580761319504,608.7569645797158,469.3802601176501,545.1370711129805,598.5318696780748,640.0,452.1236602188768,459.5655489894187,409.37749795953107,372.8451999239816,425.40000863010465,428.7446070043136,393.7914764731936,367.1229945991021,320.0,179.58239856410592,93.9055250983981,114.7587984072556,146.99251751075164,127.29415821234949,65.72950188411286,25.558826190898515,0.0,273.75889719969103,314.7958469541905,337.5494328843766,364.6860157785633,407.53428194364847,416.63545065539233,367.5314150259143,338.03169493781473,525.2466033527994,511.00287051521775,462.82191598104623,431.2694385185895,320.0,342.6182742311655,395.4044077255911,440.4219197361674,473.6679882461148,468.0006364273322,533.7885401173983,574.858581133884,607.7397248477682,471.06877823423497,545.6894377622131,597.6300754318097,640.0,457.11656014881805,449.0507303339384,401.07951903353575,368.0605648025219,432.52837047681004,417.36736325283755,382.37574791558546,358.60982534123565,320.0,150.5803888183469,49.60242706132914,105.10232407888526,191.87627653062626,114.37663534314112,54.55941364325872,18.03236033593231,0.0,269.91183691049775,316.72292374746246,346.07040819350004,383.77863905629056,411.4717441468031,434.36484114325685,382.7547174992827,350.58476539153924,534.9042899234028,532.6921605427644,479.74993983657225,445.0400258431733,320.0,345.33899676902394,404.1022805485012,453.04324268121076,487.20627561555125,469.0429261695552,533.4698965330153,574.8111629222035,608.5651431407075,471.40186437909796,545.9460815639922,598.1111298477005,640.0,458.04574799641125,453.79910725378613,404.3159645149905,368.85008082868154,434.2985732609892,424.50083916600147,387.70002897336116,360.93115220133615,320.0,151.78300389009593,59.678837075987815,113.27223358504543,191.0097028287532,116.42837764834383,64.98003052628351,26.026982969919572,0.0,280.6178387674364,343.8727332347245,372.16677636312596,399.7357848722685,430.00535507446386,442.0177543129581,387.9836375345898,354.1215908581566,560.3980212174184,543.2807969860603,488.1033836049795,452.9019077747661,320.0,344.40901845528487,402.2140211119244,453.11973084339945,492.4518832416204,465.13448541077594,529.4645106395627,569.3984476307605,601.2228716230024,469.9369837666319,545.3358326800105,597.7184668031523,640.0,457.82155556463806,448.5284260432419,398.0248349353675,364.26260603335845,433.78870240806725,416.870051312157,378.0521630247792,353.11939644121765
320.0,171.19675751402278,108.78078463455194,179.28184068827966,247.7456915681462,142.84699251939662,84.79964922974915,36.837977296181634,0.0,286.6003411454574,323.65921814594395,344.6433211953994,368.18744819989627,414.0437286449895,403.7868642957592,350.5004999545496,323.90706727195925,522.7321580391088,497.76484490714745,451.68762198088945,428.56878251709736,320.0,343.39030120508,398.695096697175,443.7074982100402,474.7188795868252,470.36727128550393,532.2682157835695,573.7580761319504,608.7569645797158,469.3802601176501,545.1370711129805,598.5318696780748,640.0,452.1236602188768,459.5655489894187,409.37749795953107,372.8451999239816,425.40000863010465,428.7446070043136,393.7914764731936,367.1229945991021,320.0,179.58239856410592,93.9055250983981,114.7587984072556,146.99251751075164,127.29415821234949,65.72950188411286,25.558826190898515,0.0,273.75889719969103,314.7958469541905,337.5494328843766,364.6860157785633,407.53428194364847,416.63545065539233,367.5314150259143,338.03169493781473,525.2466033527994,511.00287051521775,462.82191598104623,431.2694385185895,320.0,342.6182742311655,395.4044077255911,440.4219197361674,473.6679882461148,468.0006364273322,533.7885401173983,574.858581133884,607.7397248477682,471.06877823423497,545.6894377622131,597.6300754318097,640.0,457.11656014881805,449.0507303339384,401.07951903353575,368.0605648025219,432.52837047681004,417.36736325283755,382.37574791558546,358.60982534123565,320.0,150.5803888183469,49.60242706132914,105.10232407888526,191.87627653062626,114.37663534314112,54.55941364325872,18.03236033593231,0.0,269.91183691049775,316.72292374746246,346.07040819350004,383.77863905629056,411.4717441468031,434.36484114325685,382.7547174992827,350.58476539153924,534.9042899234028,532.6921605427644,479.74993983657225,445.0400258431733,320.0,345.33899676902394,404.1022805485012,453.04324268121076,487.20627561555125,469.0429261695552,533.4698965330153,574.8111629222035,608.5651431407075,471.40186437909796,545.9460815639922,598.1111298477005,640.0,458.04574799641125,453.79910725378613,404.3159645149905,368.85008082868154,434.2985732609892,424.50083916600147,387.70002897336116,360.93115220133615,320.0,151.78300389009593,59.678837075987815,113.27223358504543,191.0097028287532,116.42837764834383,64.98003052628351,26.026982969919572,0.0,280.6178387674364,343.8727332347245,372.16677636312596,399.7357848722685,430.00535507446386,442.0177543129581,387.9836375345898,354.1215908581566,560.3980212174184,543.2807969860603,488.1033836049795,452.9019077747661,320.0,344.40901845528487,402.2140211119244,453.11973084339945,492.4518832416204,465.13448541077594,529.4645106395627,569.3984476307605,601.2228716230024,469.9369837666319,545.3358326800105,597.7184668031523,640.0,457.82155556463806,448.5284260432419,398.0248349353675,364.26260603335845,433.78870240806725,416.870051312157,378.0521630247792,353.11939644121765,320.0,161.34174352543707,71.42464825568715,119.79738497235775,203.41935251590084,134.48158272720062,77.50012513424491,32.8987325876796,0.0,291.7668574854134,356.26154491470527,387.48428065079173,419.1534368303306,438.23243122519455,444.35385212966776,387.278352126887,354.7977991593906,566.438790620698,548.2629405640145,487.32748671015776,451.20447638124057,320.0,346.7439328639491,401.77732913566865,449.29314657086434,484.7957238735676,464.18947027222254,527.4489069712927,565.5928479814381,597.807871105527,465.40547065503677,544.2678788358687,597.5920003212905,640.0,451.2360200874947,450.36714109240495,400.97281762403935,366.91572873849884,426.2429520448234,419.3011623141008,382.4654070064694,356.61151729742244
320.0,179.58239856410592,93.9055250983981,114.7587984072556,146.99251751075164,127.29415821234949,65.72950188411286,25.558826190898515,0.0,273.75889719969103,314.7958469541905,337.5494328843766,364.6860157785633,407.53428194364847,416.63545065539233,367.5314150259143,338.03169493781473,525.2466033527994,511.00287051521775,462.82191598104623,431.2694385185895,320.0,342.6182742311655,395.4044077255911,440.4219197361674,473.6679882461148,468.0006364273322,533.7885401173983,574.858581133884,607.7397248477682,471.06877823423497,545.6894377622131,597.6300754318097,640.0,457.11656014881805,449.0507303339384,401.07951903353575,368.0605648025219,432.52837047681004,417.36736325283755,382.37574791558546,358.60982534123565,320.0,150.5803888183469,49.60242706132914,105.10232407888526,191.87627653062626,114.37663534314112,54.55941364325872,18.03236033593231,0.0,269.91183691049775,316.72292374746246,346.07040819350004,383.77863905629056,411.4717441468031,434.36484114325685,382.7547174992827,350.58476539153924,534.9042899234028,532.6921605427644,479.74993983657225,445.0400258431733,320.0,345.33899676902394,404.1022805485012,453.04324268121076,487.20627561555125,469.0429261695552,533.4698965330153,574.8111629222035,608.5651431407075,471.40186437909796,545.9460815639922,598.1111298477005,640.0,458.04574799641125,453.79910725378613,404.3159645149905,368.85008082868154,434.2985732609892,424.50083916600147,387.70002897336116,360.93115220133615,320.0,151.78300389009593,59.678837075987815,113.27223358504543,191.0097028287532,116.42837764834383,64.98003052628351,26.026982969919572,0.0,280.6178387674364,343.8727332347245,372.16677636312596,399.7357848722685,430.00535507446386,442.0177543129581,387.9836375345898,354.1215908581566,560.3980212174184,543.2807969860603,488.1033836049795,452.9019077747661,320.0,344.40901845528487,402.2140211119244,453.11973084339945,492.4518832416204,465.13448541077594,529.4645106395627,569.3984476307605,601.2228716230024,469.9369837666319,545.3358326800105,597.7184668031523,640.0,457.82155556463806,448.5284260432419,398.0248349353675,364.26260603335845,433.78870240806725,416.870051312157,378.0521630247792,353.11939644121765,320.0,161.34174352543707,71.42464825568715,119.79738497235775,203.41935251590084,134.48158272720062,77.50012513424491,32.8987325876796,0.0,291.7668574854134,356.26154491470527,387.48428065079173,419.1534368303306,438.23243122519455,444.35385212966776,387.278352126887,354.7977991593906,566.438790620698,548.2629405640145,487.32748671015776,451.20447638124057,320.0,346.7439328639491,401.77732913566865,449.29314657086434,484.7957238735676,464.18947027222254,527.4489069712927,565.5928479814381,597.807871105527,465.40547065503677,544.2678788358687,597.5920003212905,640.0,451.2360200874947,450.36714109240495,400.97281762403935,366.91572873849884,426.2429520448234,419.3011623141008,382.4654070064694,356.61151729742244,320.0,154.04333334420733,64.12957713230284,115.54153928005522,186.75420446251772,112.98824153242944,61.171528784653844,22.574549526639316,0.0,274.31964799034864,339.98039711704166,378.85097449460295,422.97709369021453,424.41208403557226,434.89284696435567,374.03885522722294,339.79685956476857,557.9864250776924,533.2583461276002,467.5931841280113,426.274695999618,320.0,345.68682122358166,403.18678589355136,452.0840146403068,491.2460973189857,465.08315888117716,529.1626588299415,568.2616406442161,602.6404526042924,468.21205730685386,544.222719595305,597.258625376322,640.0,456.5732113464152,452.2601807558727,400.18950856585883,364.9336559246401,434.8197170061716,422.65861595879494,383.10809633272,356.9724378275859
320.0,150.5803888183469,49.60242706132914,105.10232407888526,191.87627653062626,114.37663534314112,54.55941364325872,18.03236033593231,0.0,269.91183691049775,316.72292374746246,346.07040819350004,383.77863905629056,411.4717441468031,434.36484114325685,382.7547174992827,350.58476539153924,534.9042899234028,532.6921605427644,479.74993983657225,445.0400258431733,320.0,345.33899676902394,404.1022805485012,453.04324268121076,487.20627561555125,469.0429261695552,533.4698965330153,574.8111629222035,608.5651431407075,471.40186437909796,545.9460815639922,598.1111298477005,640.0,458.04574799641125,453.79910725378613,404.3159645149905,368.85008082868154,434.2985732609892,424.50083916600147,387.70002897336116,360.93115220133615,320.0,151.78300389009593,59.678837075987815,113.27223358504543,191.0097028287532,116.42837764834383,64.98003052628351,26.026982969919572,0.0,280.6178387674364,343.8727332347245,372.16677636312596,399.7357848722685,430.00535507446386,442.0177543129581,387.9836375345898,354.1215908581566,560.3980212174184,543.2807969860603,488.1033836049795,452.9019077747661,320.0,344.40901845528487,402.2140211119244,453.11973084339945,492.4518832416204,465.13448541077594,529.4645106395627,569.3984476307605,601.2228716230024,469.9369837666319,545.3358326800105,597.7184668031523,640.0,457.82155556463806,448.5284260432419,398.0248349353675,364.26260603335845,433.78870240806725,416.870051312157,378.0521630247792,353.11939644121765,320.0,161.34174352543707,71.42464825568715,119.79738497235775,203.41935251590084,134.48158272720062,77.50012513424491,32.8987325876796,0.0,291.7668574854134,356.26154491470527,387.48428065079173,419.1534368303306,438.23243122519455,444.35385212966776,387.278352126887,354.7977991593906,566.438790620698,548.2629405640145,487.32748671015776,451.20447638124057,320.0,346.7439328639491,401.77732913566865,449.29314657086434,484.7957238735676,464.18947027222254,527.4489069712927,565.5928479814381,597.807871105527,465.40547065503677,544.2678788358687,597.5920003212905,640.0,451.2360200874947,450.36714109240495,400.97281762403935,366.91572873849884,426.2429520448234,419.3011623141008,382.4654070064694,356.61151729742244,320.0,154.04333334420733,64.12957713230284,115.54153928005522,186.75420446251772,112.98824153242944,61.171528784653844,22.574549526639316,0.0,274.31964799034864,339.98039711704166,378.85097449460295,422.97709369021453,424.41208403557226,434.89284696435567,374.03885522722294,339.79685956476857,557.9864250776924,533.2583461276002,467.5931841280113,426.274695999618,320.0,345.68682122358166,403.18678589355136,452.0840146403068,491.2460973189857,465.08315888117716,529.1626588299415,568.2616406442161,602.6404526042924,468.21205730685386,544.222719595305,597.258625376322,640.0,456.5732113464152,452.2601807558727,400.18950856585883,364.9336559246401,434.8197170061716,422.65861595879494,383.10809633272,356.9724378275859,320.0,162.4089406844531,77.39415877797683,124.39163889572129,191.06380243194397,126.38746110072347,73.2792730433546,30.754329256391657,0.0,285.8306229906424,344.3075170561855,374.79307435067506,406.4478454027204,434.1185411238544,434.4812532514317,379.44169625152097,348.4742718788251,561.6672754144963,534.1664428303073,475.0362397232991,440.1562515644964,320.0,344.3101986933623,397.9005010397509,445.4456576274378,485.8093993122641,462.07651906815966,525.35799334528,564.1342439556028,596.7178411963548,465.1519059743343,541.3841373209584,595.5137657723047,640.0,452.89833355945154,447.2856828808557,398.3882430212801,366.90266223587236,430.26231168647246,417.6307010819671,380.6063895052433,357.1894059084065
320.0,151.78300389009593,59.678837075987815,113.27223358504543,191.0097028287532,116.42837764834383,64.98003052628351,26.026982969919572,0.0,280.6178387674364,343.8727332347245,372.16677636312596,399.7357848722685,430.00535507446386,442.0177543129581,387.9836375345898,354.1215908581566,560.3980212174184,543.2807969860603,488.1033836049795,452.9019077747661,320.0,344.40901845528487,402.2140211119244,453.11973084339945,492.4518832416204,465.13448541077594,529.4645106395627,569.3984476307605,601.2228716230024,469.9369837666319,545.3358326800105,597.7184668031523,640.0,457.82155556463806,448.5284260432419,398.0248349353675,364.26260603335845,433.78870240806725,416.870051312157,378.0521630247792,353.11939644121765,320.0,161.34174352543707,71.42464825568715,119.79738497235775,203.41935251590084,134.48158272720062,77.50012513424491,32.8987325876796,0.0,291.7668574854134,356.26154491470527,387.48428065079173,419.1534368303306,438.23243122519455,444.35385212966776,387.278352126887,354.7977991593906,566.438790620698,548.2629405640145,487.32748671015776,451.20447638124057,320.0,346.7439328639491,401.77732913566865,449.29314657086434,484.7957238735676,464.18947027222254,527.4489069712927,565.5928479814381,597.807871105527,465.40547065503677,544.2678788358687,597.5920003212905,640.0,451.2360200874947,450.36714109240495,400.97281762403935,366.91572873849884,426.2429520448234,419.3011623141008,382.4654070064694,356.61151729742244,320.0,154.04333334420733,64.12957713230284,115.54153928005522,186.75420446251772,112.98824153242944,61.171528784653844,22.574549526639316,0.0,274.31964799034864,339.98039711704166,378.85097449460295,422.97709369021453,424.41208403557226,434.89284696435567,374.03885522722294,339.79685956476857,557.9864250776924,533.2583461276002,467.5931841280113,426.274695999618,320.0,345.68682122358166,403.18678589355136,452.0840146403068,491.2460973189857,465.08315888117716,529.1626588299415,568.2616406442161,602.6404526042924,468.21205730685386,544.222719595305,597.258625376322,640.0,456.5732113464152,452.2601807558727,400.18950856585883,364.9336559246401,434.8197170061716,422.65861595879494,383.10809633272,356.9724378275859,320.0,162.4089406844531,77.39415877797683,124.39163889572129,191.06380243194397,126.38746110072347,73.2792730433546,30.754329256391657,0.0,285.8306229906424,344.3075170561855,374.79307435067506,406.4478454027204,434.1185411238544,434.4812532514317,379.44169625152097,348.4742718788251,561.6672754144963,534.1664428303073,475.0362397232991,440.1562515644964,320.0,344.3101986933623,397.9005010397509,445.4456576274378,485.8093993122641,462.07651906815966,525.35799334528,564.1342439556028,596.7178411963548,465.1519059743343,541.3841373209584,595.5137657723047,640.0,452.89833355945154,447.2856828808557,398.3882430212801,366.90266223587236,430.26231168647246,417.6307010819671,380.6063895052433,357.1894059084065,320.0,164.06957371555538,84.96438150980003,134.30190525948586,192.84629819636334,122.72733860204653,67.9766768167494,27.042549101958514,0.0,277.99838475054617,336.5636702379089,374.668824821849,415.739175713347,423.0264598472027,432.89692515586336,376.2842967860576,345.3277204122356,550.0000922246834,530.0053124345369,472.7975274416009,441.6203144920257,320.0,346.8968518354587,403.7668764821812,454.791798092558,498.22587393364483,466.46692726654334,532.9542987331864,573.3154454347654,608.1598449446265,469.60027581965494,547.0947710743455,597.9226586778361,640.0,456.8899842987798,456.3420350085961,407.6237484450201,375.2820488927611,433.4815615492492,424.18871282607984,386.7337827827035,362.8169200449139
320.0,161.34174352543707,71.42464825568715,119.79738497235775,203.41935251590084,134.48158272720062,77.50012513424491,32.8987325876796,0.0,291.7668574854134,356.26154491470527,387.48428065079173,419.1534368303306,438.23243122519455,444.35385212966776,387.278352126887,354.7977991593906,566.438790620698,548.2629405640145,487.32748671015776,451.20447638124057,320.0,346.7439328639491,401.77732913566865,449.29314657086434,484.7957238735676,464.18947027222254,527.4489069712927,565.5928479814381,597.807871105527,465.40547065503677,544.2678788358687,597.5920003212905,640.0,451.2360200874947,450.36714109240495,400.97281762403935,366.91572873849884,426.2429520448234,419.3011623141008,382.4654070064694,356.61151729742244,320.0,154.04333334420733,64.12957713230284,115.54153928005522,186.75420446251772,112.98824153242944,61.171528784653844,22.574549526639316,0.0,274.31964799034864,339.98039711704166,378.85097449460295,422.97709369021453,424.41208403557226,434.89284696435567,374.03885522722294,339.79685956476857,557.9864250776924,533.2583461276002,467.5931841280113,426.274695999618,320.0,345.68682122358166,403.18678589355136,452.0840146403068,491.2460973189857,465.08315888117716,529.1626588299415,568.2616406442161,602.6404526042924,468.21205730685386,544.222719595305,597.258625376322,640.0,456.5732113464152,452.2601807558727,400.18950856585883,364.9336559246401,434.8197170061716,422.65861595879494,383.10809633272,356.9724378275859,320.0,162.4089406844531,77.39415877797683,124.39163889572129,191.06380243194397,126.38746110072347,73.2792730433546,30.754329256391657,0.0,285.8306229906424,344.3075170561855,374.79307435067506,406.4478454027204,434.1185411238544,434.4812532514317,379.44169625152097,348.4742718788251,561.6672754144963,534.1664428303073,475.0362397232991,440.1562515644964,320.0,344.3101986933623,397.9005010397509,445.4456576274378,485.8093993122641,462.07651906815966,525.35799334528,564.1342439556028,596.7178411963548,465.1519059743343,541.3841373209584,595.5137657723047,640.0,452.89833355945154,447.2856828808557,398.3882430212801,366.90266223587236,430.26231168647246,417.6307010819671,380.6063895052433,357.1894059084065,320.0,164.06957371555538,84.96438150980003,134.30190525948586,192.84629819636334,122.72733860204653,67.9766768167494,27.042549101958514,0.0,277.99838475054617,336.5636702379089,374.668824821849,415.739175713347,423.0264598472027,432.89692515586336,376.2842967860576,345.3277204122356,550.0000922246834,530.0053124345369,472.7975274416009,441.6203144920257,320.0,346.8968518354587,403.7668764821812,454.791798092558,498.22587393364483,466.46692726654334,532.9542987331864,573.3154454347654,608.1598449446265,469.60027581965494,547.0947710743455,597.9226586778361,640.0,456.8899842987798,456.3420350085961,407.6237484450201,375.2820488927611,433.4815615492492,424.18871282607984,386.7337827827035,362.8169200449139,320.0,162.21002324128276,78.76995558655241,118.06436731110426,159.24292866851602,113.26061163477766,61.52439293531876,22.443585741768516,0.0,264.9380357105411,316.7106685391866,351.9247269270255,391.9229261638715,409.1602768658685,432.73659542263016,378.7044095674488,341.5771077837401,538.8766024115855,533.0894306201004,473.9970885707117,431.56796465811675,320.0,344.12577180411876,399.9271471021886,450.17209901262953,493.117109111354,462.5904499487814,526.84557099534,567.1131764688251,600.7967853847597,464.91147436000466,542.5749879839736,596.147103961751,640.0,452.3070490418038,453.95234120470053,404.4749689997101,371.62868565119715,429.60440032234925,422.0157100929646,384.0437602432228,359.28532455797813
320.0,154.04333334420733,64.12957713230284,115.54153928005522,186.75420446251772,112.98824153242944,61.171528784653844,22.574549526639316,0.0,274.31964799034864,339.98039711704166,378.85097449460295,422.97709369021453,424.41208403557226,434.89284696435567,374.03885522722294,339.79685956476857,557.9864250776924,533.2583461276002,467.5931841280113,426.274695999618,320.0,345.68682122358166,403.18678589355136,452.0840146403068,491.2460973189857,465.08315888117716,529.1626588299415,568.2616406442161,602.6404526042924,468.21205730685386,544.222719595305,597.258625376322,640.0,456.5732113464152,452.2601807558727,400.18950856585883,364.9336559246401,434.8197170061716,422.65861595879494,383.10809633272,356.9724378275859,320.0,162.4089406844531,77.39415877797683,124.39163889572129,191.06380243194397,126.38746110072347,73.2792730433546,30.754329256391657,0.0,285.8306229906424,344.3075170561855,374.79307435067506,406.4478454027204,434.1185411238544,434.4812532514317,379.44169625152097,348.4742718788251,561.6672754144963,534.1664428303073,475.0362397232991,440.1562515644964,320.0,344.3101986933623,397.9005010397509,445.4456576274378,485.8093993122641,462.07651906815966,525.35799334528,564.1342439556028,596.7178411963548,465.1519059743343,541.3841373209584,595.5137657723047,640.0,452.89833355945154,447.2856828808557,398.3882430212801,366.90266223587236,430.26231168647246,417.6307010819671,380.6063895052433,357.1894059084065,320.0,164.06957371555538,84.96438150980003,134.30190525948586,192.84629819636334,122.72733860204653,67.9766768167494,27.042549101958514,0.0,277.99838475054617,336.5636702379089,374.668824821849,415.739175713347,423.0264598472027,432.89692515586336,376.2842967860576,345.3277204122356,550.0000922246834,530.0053124345369,472.7975274416009,441.6203144920257,320.0,346.8968518354587,403.7668764821812,454.791798092558,498.22587393364483,466.46692726654334,532.9542987331864,573.3154454347654,608.1598449446265,469.60027581965494,547.0947710743455,597.9226586778361,640.0,456.8899842987798,456.3420350085961,407.6237484450201,375.2820488927611,433.4815615492492,424.18871282607984,386.7337827827035,362.8169200449139,320.0,162.21002324128276,78.76995558655241,118.06436731110426,159.24292866851602,113.26061163477766,61.52439293531876,22.443585741768516,0.0,264.9380357105411,316.7106685391866,351.9247269270255,391.9229261638715,409.1602768658685,432.73659542263016,378.7044095674488,341.5771077837401,538.8766024115855,533.0894306201004,473.9970885707117,431.56796465811675,320.0,344.12577180411876,399.9271471021886,450.17209901262953,493.117109111354,462.5904499487814,526.84557099534,567.1131764688251,600.7967853847597,464.91147436000466,542.5749879839736,596.147103961751,640.0,452.3070490418038,453.95234120470053,404.4749689997101,371.62868565119715,429.60440032234925,422.0157100929646,384.0437602432228,359.28532455797813,320.0,170.3385078433732,86.92765229948253,123.89982945279658,172.4534370171806,121.57660308146845,66.222928570737,26.21464050226359,0.0,263.93906222552346,315.2042513697029,348.24449801996496,384.77060225432143,398.10321632937604,418.71791105264833,369.4854121972372,339.50115012165145,515.9996071743246,509.8481562782257,456.71949065448354,422.18960478140775,320.0,344.52792153442385,398.09600311035865,446.2616828882287,488.30704955102874,462.0116372559027,527.2165684798995,566.9732150942091,600.8888692101366,463.60806285398576,542.5516592450065,596.2617838813102,640.0,450.64895928911824,453.76338964277716,405.90502097089956,373.6466667461678,427.6887972939332,423.15453887158094,387.026704910141,362.6073127093289
320.0,162.4089406844531,77.39415877797683,124.39163889572129,191.06380243194397,126.38746110072347,73.2792730433546,30.754329256391657,0.0,285.8306229906424,344.3075170561855,374.79307435067506,406.4478454027204,434.1185411238544,434.4812532514317,379.44169625152097,348.4742718788251,561.6672754144963,534.1664428303073,475.0362397232991,440.1562515644964,320.0,344.3101986933623,397.9005010397509,445.4456576274378,485.8093993122641,462.07651906815966,525.35799334528,564.1342439556028,596.7178411963548,465.1519059743343,541.3841373209584,595.5137657723047,640.0,452.89833355945154,447.2856828808557,398.3882430212801,366.90266223587236,430.26231168647246,417.6307010819671,380.6063895052433,357.1894059084065,320.0,164.06957371555538,84.96438150980003,134.30190525948586,192.84629819636334,122.72733860204653,67.9766768167494,27.042549101958514,0.0,277.99838475054617,336.5636702379089,374.668824821849,415.739175713347,423.0264598472027,432.89692515586336,376.2842967860576,345.3277204122356,550.0000922246834,530.0053124345369,472.7975274416009,441.6203144920257,320.0,346.8968518354587,403.7668764821812,454.791798092558,498.22587393364483,466.46692726654334,532.9542987331864,573.3154454347654,608.1598449446265,469.60027581965494,547.0947710743455,597.9226586778361,640.0,456.8899842987798,456.3420350085961,407.6237484450201,375.2820488927611,433.4815615492492,424.18871282607984,386.7337827827035,362.8169200449139,320.0,162.21002324128276,78.76995558655241,118.06436731110426,159.24292866851602,113.26061163477766,61.52439293531876,22.443585741768516,0.0,264.9380357105411,316.7106685391866,351.9247269270255,391.9229261638715,409.1602768658685,432.73659542263016,378.7044095674488,341.5771077837401,538.8766024115855,533.0894306201004,473.9970885707117,431.56796465811675,320.0,344.12577180411876,399.9271471021886,450.17209901262953,493.117109111354,462.5904499487814,526.84557099534,567.1131764688251,600.7967853847597,464.91147436000466,542.5749879839736,596.147103961751,640.0,452.3070490418038,453.95234120470053,404.4749689997101,371.62868565119715,429.60440032234925,422.0157100929646,384.0437602432228,359.28532455797813,320.0,170.3385078433732,86.92765229948253,123.89982945279658,172.4534370171806,121.57660308146845,66.222928570737,26.21464050226359,0.0,263.93906222552346,315.2042513697029,348.24449801996496,384.77060225432143,398.10321632937604,418.71791105264833,369.4854121972372,339.50115012165145,515.9996071743246,509.8481562782257,456.71949065448354,422.18960478140775,320.0,344.52792153442385,398.09600311035865,446.2616828882287,488.30704955102874,462.0116372559027,527.2165684798995,566.9732150942091,600.8888692101366,463.60806285398576,542.5516592450065,596.2617838813102,640.0,450.64895928911824,453.76338964277716,405.90502097089956,373.6466667461678,427.6887972939332,423.15453887158094,387.026704910141,362.6073127093289,320.0,172.35955759605326,92.88385331275987,131.53796339452816,175.28473299739213,123.63077253552899,64.93997829506253,24.00737244185143,0.0,270.05229230043335,312.49191808410706,342.1601036369124,378.0429658972872,408.14899500510745,424.23451900646637,375.3840162864569,346.5468558712315,531.2056865902371,520.6773158131583,468.1363189540276,434.7026053104441,320.0,347.0473943901969,402.33364963179184,451.10096875046304,492.2208715494377,468.7281708130214,535.2863311058098,576.0594775444888,611.0028573545319,470.57026774733663,547.6975933855888,598.1994813969684,640.0,457.32261198121176,458.17781030982826,409.42130184178166,376.56572419209056,433.7243272236957,427.4038329209204,390.95234838269937,366.38945013261423
320.0,164.06957371555538,84.96438150980003,134.30190525948586,192.84629819636334,122.72733860204653,67.9766768167494,27.042549101958514,0.0,277.99838475054617,336.5636702379089,374.668824821849,415.739175713347,423.0264598472027,432.89692515586336,376.2842967860576,345.3277204122356,550.0000922246834,530.0053124345369,472.7975274416009,441.6203144920257,320.0,346.8968518354587,403.7668764821812,454.791798092558,498.22587393364483,466.46692726654334,532.9542987331864,573.3154454347654,608.1598449446265,469.60027581965494,547.0947710743455,597.9226586778361,640.0,456.8899842987798,456.3420350085961,407.6237484450201,375.2820488927611,433.4815615492492,424.18871282607984,386.7337827827035,362.8169200449139,320.0,162.21002324128276,78.76995558655241,118.06436731110426,159.24292866851602,113.26061163477766,61.52439293531876,22.443585741768516,0.0,264.9380357105411,316.7106685391866,351.9247269270255,391.9229261638715,409.1602768658685,432.73659542263016,378.7044095674488,341.5771077837401,538.8766024115855,533.0894306201004,473.9970885707117,431.56796465811675,320.0,344.12577180411876,399.9271471021886,450.17209901262953,493.117109111354,462.5904499487814,526.84557099534,567.1131764688251,600.7967853847597,464.91147436000466,542.5749879839736,596.147103961751,640.0,452.3070490418038,453.95234120470053,404.4749689997101,371.62868565119715,429.60440032234925,422.0157100929646,384.0437602432228,359.28532455797813,320.0,170.3385078433732,86.92765229948253,123.89982945279658,172.4534370171806,121.57660308146845,66.222928570737,26.21464050226359,0.0,263.93906222552346,315.2042513697029,348.24449801996496,384.77060225432143,398.10321632937604,418.71791105264833,369.4854121972372,339.50115012165145,515.9996071743246,509.8481562782257,456.71949065448354,422.18960478140775,320.0,344.52792153442385,398.09600311035865,446.2616828882287,488.30704955102874,462.0116372559027,527.2165684798995,566.9732150942091,600.8888692101366,463.60806285398576,542.5516592450065,596.2617838813102,640.0,450.64895928911824,453.76338964277716,405.90502097089956,373.6466667461678,427.6887972939332,423.15453887158094,387.026704910141,362.6073127093289,320.0,172.35955759605326,92.88385331275987,131.53796339452816,175.28473299739213,123.63077253552899,64.93997829506253,24.00737244185143,0.0,270.05229230043335,312.49191808410706,342.1601036369124,378.0429658972872,408.14899500510745,424.23451900646637,375.3840162864569,346.5468558712315,531.2056865902371,520.6773158131583,468.1363189540276,434.7026053104441,320.0,347.0473943901969,402.33364963179184,451.10096875046304,492.2208715494377,468.7281708130214,535.2863311058098,576.0594775444888,611.0028573545319,470.57026774733663,547.6975933855888,598.1994813969684,640.0,457.32261198121176,458.17781030982826,409.42130184178166,376.56572419209056,433.7243272236957,427.4038329209204,390.95234838269937,366.38945013261423,320.0,172.991263346078,91.89668739909038,129.24389169412723,175.32484059868392,124.99887900017964,64.7593522750152,23.49645345378684,0.0,265.71467560951595,305.8611757823457,331.5450206816965,364.9232140129407,401.5776247006916,419.45888788529993,368.39111447958817,338.2698421612248,524.9939748938908,516.5800374581125,460.47651280318973,424.0935769782503,320.0,346.20979046832684,401.1144498007253,448.66896564636113,490.13186941839575,465.883319868242,531.7842908952678,572.0353980623065,607.0291331806948,465.90025057156527,545.3410728577173,597.3185026944798,640.0,452.0905603034255,460.66578142281895,411.06898289937345,376.80920230176037,429.216497576876,429.2132555273035,392.865803557865,367.583637413726
320.0,162.21002324128276,78.76995558655241,118.06436731110426,159.24292866851602,113.26061163477766,61.52439293531876,22.443585741768516,0.0,264.9380357105411,316.7106685391866,351.9247269270255,391.9229261638715,409.1602768658685,432.73659542263016,378.7044095674488,341.5771077837401,538.8766024115855,533.0894306201004,473.9970885707117,431.56796465811675,320.0,344.12577180411876,399.9271471021886,450.17209901262953,493.117109111354,462.5904499487814,526.84557099534,567.1131764688251,600.7967853847597,464.91147436000466,542.5749879839736,596.147103961751,640.0,452.3070490418038,453.95234120470053,404.4749689997101,371.62868565119715,429.60440032234925,422.0157100929646,384.0437602432228,359.28532455797813,320.0,170.3385078433732,86.92765229948253,123.89982945279658,172.4534370171806,121.57660308146845,66.222928570737,26.21464050226359,0.0,263.93906222552346,315.2042513697029,348.24449801996496,384.77060225432143,398.10321632937604,418.71791105264833,369.4854121972372,339.50115012165145,515.9996071743246,509.8481562782257,456.71949065448354,422.18960478140775,320.0,344.52792153442385,398.09600311035865,446.2616828882287,488.30704955102874,462.0116372559027,527.2165684798995,566.9732150942091,600.8888692101366,463.60806285398576,542.5516592450065,596.2617838813102,640.0,450.64895928911824,453.76338964277716,405.90502097089956,373.6466667461678,427.6887972939332,423.15453887158094,387.026704910141,362.6073127093289,320.0,172.35955759605326,92.88385331275987,131.53796339452816,175.28473299739213,123.63077253552899,64.93997829506253,24.00737244185143,0.0,270.05229230043335,312.49191808410706,342.1601036369124,378.0429658972872,408.14899500510745,424.23451900646637,375.3840162864569,346.5468558712315,531.2056865902371,520.6773158131583,468.1363189540276,434.7026053104441,320.0,347.0473943901969,402.33364963179184,451.10096875046304,492.2208715494377,468.7281708130214,535.2863311058098,576.0594775444888,611.0028573545319,470.57026774733663,547.6975933855888,598.1994813969684,640.0,457.32261198121176,458.17781030982826,409.42130184178166,376.56572419209056,433.7243272236957,427.4038329209204,390.95234838269937,366.38945013261423,320.0,172.991263346078,91.89668739909038,129.24389169412723,175.32484059868392,124.99887900017964,64.7593522750152,23.49645345378684,0.0,265.71467560951595,305.8611757823457,331.5450206816965,364.9232140129407,401.5776247006916,419.45888788529993,368.39111447958817,338.2698421612248,524.9939748938908,516.5800374581125,460.47651280318973,424.0935769782503,320.0,346.20979046832684,401.1144498007253,448.66896564636113,490.13186941839575,465.883319868242,531.7842908952678,572.0353980623065,607.0291331806948,465.90025057156527,545.3410728577173,597.3185026944798,640.0,452.0905603034255,460.66578142281895,411.06898289937345,376.80920230176037,429.216497576876,429.2132555273035,392.865803557865,367.583637413726,320.0,176.49677682596695,98.51366021123283,138.1343166723638,183.2147075863423,127.55403965490049,70.12549754976473,28.11278619802306,0.0,264.9976010807236,306.5016136034994,331.1398412791566,362.4423306759334,395.4100733471307,412.66600451859046,359.8701774421485,329.7841417668117,513.0673819571788,503.44095418300594,449.27807966303317,417.1050926900688,320.0,347.3579156951566,403.2407637375155,452.14748844081294,494.4799435725798,465.1541496531155,531.7076582602728,571.7505267687334,606.9843007070081,465.39384084227606,545.7558368052826,597.2446710868624,640.0,451.3307162174576,462.7731866134457,412.8358222674743,378.63871415485085,427.94114228996267,429.9390081759951,393.156046802479,367.89906286766444
320.0,170.3385078433732,86.92765229948253,123.89982945279658,172.4534370171806,121.57660308146845,66.222928570737,26.21464050226359,0.0,263.93906222552346,315.2042513697029,348.24449801996496,384.77060225432143,398.10321632937604,418.71791105264833,369.4854121972372,339.50115012165145,515.9996071743246,509.8481562782257,456.71949065448354,422.18960478140775,320.0,344.52792153442385,398.09600311035865,446.2616828882287,488.30704955102874,462.0116372559027,527.2165684798995,566.9732150942091,600.8888692101366,463.60806285398576,542.5516592450065,596.2617838813102,640.0,450.64895928911824,453.76338964277716,405.90502097089956,373.6466667461678,427.6887972939332,423.15453887158094,387.026704910141,362.6073127093289,320.0,172.35955759605326,92.88385331275987,131.53796339452816,175.28473299739213,123.63077253552899,64.93997829506253,24.00737244185143,0.0,270.05229230043335,312.49191808410706,342.1601036369124,378.0429658972872,408.14899500510745,424.23451900646637,375.3840162864569,346.5468558712315,531.2056865902371,520.6773158131583,468.1363189540276,434.7026053104441,320.0,347.0473943901969,402.33364963179184,451.10096875046304,492.2208715494377,468.7281708130214,535.2863311058098,576.0594775444888,611.0028573545319,470.57026774733663,547.6975933855888,598.1994813969684,640.0,457.32261198121176,458.17781030982826,409.42130184178166,376.56572419209056,433.7243272236957,427.4038329209204,390.95234838269937,366.38945013261423,320.0,172.991263346078,91.89668739909038,129.24389169412723,175.32484059868392,124.99887900017964,64.7593522750152,23.49645345378684,0.0,265.71467560951595,305.8611757823457,331.5450206816965,364.9232140129407,401.5776247006916,419.45888788529993,368.39111447958817,338.2698421612248,524.9939748938908,516.5800374581125,460.47651280318973,424.0935769782503,320.0,346.20979046832684,401.1144498007253,448.66896564636113,490.13186941839575,465.883319868242,531.7842908952678,572.0353980623065,607.0291331806948,465.90025057156527,545.3410728577173,597.3185026944798,640.0,452.0905603034255,460.66578142281895,411.06898289937345,376.80920230176037,429.216497576876,429.2132555273035,392.865803557865,367.583637413726,320.0,176.49677682596695,98.51366021123283,138.1343166723638,183.2147075863423,127.55403965490049,70.12549754976473,28.11278619802306,0.0,264.9976010807236,306.5016136034994,331.1398412791566,362.4423306759334,395.4100733471307,412.66600451859046,359.8701774421485,329.7841417668117,513.0673819571788,503.44095418300594,449.27807966303317,417.1050926900688,320.0,347.3579156951566,403.2407637375155,452.14748844081294,494.4799435725798,465.1541496531155,531.7076582602728,571.7505267687334,606.9843007070081,465.39384084227606,545.7558368052826,597.2446710868624,640.0,451.3307162174576,462.7731866134457,412.8358222674743,378.63871415485085,427.94114228996267,429.9390081759951,393.156046802479,367.89906286766444,320.0,179.95454953675085,83.68868270860392,95.53895352592971,123.9882335084512,107.41552615975098,55.05827312398668,21.484298477299205,0.0,230.4358024023516,250.38241097533626,268.26336059275724,291.9337349682335,346.48172764279946,353.9126630536682,313.53487905523536,288.03858720170837,450.28340102234654,433.915268025909,389.6060347123055,358.47691054493816,320.0,344.81800286303485,397.4403139039463,444.91804673120697,485.8875582353886,471.3960878939815,542.7946698295044,584.2619909629507,622.9449205600292,473.3017374923667,552.5212512292999,599.4277290207929,640.0,460.3412208725115,472.4619121642527,421.20866259778,386.9539289902681,438.3361781409676,438.6945976742797,400.11046293255663,373.82119335704465
320.0,172.35955759605326,92.88385331275987,131.53796339452816,175.28473299739213,123.63077253552899,64.93997829506253,24.00737244185143,0.0,270.05229230043335,312.49191808410706,342.1601036369124,378.0429658972872,408.14899500510745,424.23451900646637,375.3840162864569,346.5468558712315,531.2056865902371,520.6773158131583,468.1363189540276,434.7026053104441,320.0,347.0473943901969,402.33364963179184,451.10096875046304,492.2208715494377,468.7281708130214,535.2863311058098,576.0594775444888,611.0028573545319,470.57026774733663,547.6975933855888,598.1994813969684,640.0,457.32261198121176,458.17781030982826,409.42130184178166,376.56572419209056,433.7243272236957,427.4038329209204,390.95234838269937,366.38945013261423,320.0,172.991263346078,91.89668739909038,129.24389169412723,175.32484059868392,124.99887900017964,64.7593522750152,23.49645345378684,0.0,265.71467560951595,305.8611757823457,331.5450206816965,364.9232140129407,401.5776247006916,419.45888788529993,368.39111447958817,338.2698421612248,524.9939748938908,516.5800374581125,460.47651280318973,424.0935769782503,320.0,346.20979046832684,401.1144498007253,448.66896564636113,490.13186941839575,465.883319868242,531.7842908952678,572.0353980623065,607.0291331806948,465.90025057156527,545.3410728577173,597.3185026944798,640.0,452.0905603034255,460.66578142281895,411.06898289937345,376.80920230176037,429.216497576876,429.2132555273035,392.865803557865,367.583637413726,320.0,176.49677682596695,98.51366021123283,138.1343166723638,183.2147075863423,127.55403965490049,70.12549754976473,28.11278619802306,0.0,264.9976010807236,306.5016136034994,331.1398412791566,362.4423306759334,395.4100733471307,412.66600451859046,359.8701774421485,329.7841417668117,513.0673819571788,503.44095418300594,449.27807966303317,417.1050926900688,320.0,347.3579156951566,403.2407637375155,452.14748844081294,494.4799435725798,465.1541496531155,531.7076582602728,571.7505267687334,606.9843007070081,465.39384084227606,545.7558368052826,597.2446710868624,640.0,451.3307162174576,462.7731866134457,412.8358222674743,378.63871415485085,427.94114228996267,429.9390081759951,393.156046802479,367.89906286766444,320.0,179.95454953675085,83.68868270860392,95.53895352592971,123.9882335084512,107.41552615975098,55.05827312398668,21.484298477299205,0.0,230.4358024023516,250.38241097533626,268.26336059275724,291.9337349682335,346.48172764279946,353.9126630536682,313.53487905523536,288.03858720170837,450.28340102234654,433.915268025909,389.6060347123055,358.47691054493816,320.0,344.81800286303485,397.4403139039463,444.91804673120697,485.8875582353886,471.3960878939815,542.7946698295044,584.2619909629507,622.9449205600292,473.3017374923667,552.5212512292999,599.4277290207929,640.0,460.3412208725115,472.4619121642527,421.20866259778,386.9539289902681,438.3361781409676,438.6945976742797,400.11046293255663,373.82119335704465,320.0,197.826789990039,89.02382994116073,29.873458270383367,9.553212223518926,113.53565492971055,45.90328911316408,13.220303905310118,0.0,199.545878688026,184.43184895976273,183.63925124152706,189.82979898914186,289.3801947751034,270.65889341898423,265.3087778370659,271.24276881906684,378.73121737589,351.12399253869,335.76380796754887,331.4773879656233,320.0,354.24763521292124,415.00054865977955,468.5982535493213,510.8164374664223,463.8896997213569,557.0757765755891,576.089229205953,576.2565165241738,466.9460328092205,576.3540574500704,618.4355267673029,640.0,461.153631715453,530.324521159556,505.01825165914084,475.04288109178856,449.1679336584698,499.0473109645058,484.7139833397714,464.2609108767203
