320.0,193.23998815377365,99.4408038137206,161.20521776994286,266.65883622390976,136.88919906738622,66.60990266082536,30.64290918379197,0.0,237.82548336475062,229.90971023506916,229.26756029583385,227.31802139862904,329.1752140340574,362.327351056079,371.5660399463199,371.6917024626173,413.6279068130383,398.15404016152297,364.63995969467305,339.3924132864781,320.0,332.52950441434166,362.7048646054633,399.82757935927145,418.33625295690047,466.26617869305585,530.5746470581203,569.8613106656755,606.2345568816743,479.59429532078275,556.1428151492801,600.3643393370799,640.0,471.79353389614937,533.1871556352445,574.1759714636858,617.1995333549642,440.98372555510986,480.29756660472856,458.5385500939103,428.3390908117681,320.0,189.56123869567077,100.49532070910342,172.3367504187281,279.9440036518937,136.52615301560343,66.39131181812448,29.07363645436692,0.0,239.67310814771997,227.37776776788144,223.72386347736548,220.71689921551467,327.06986518296804,355.83511090887254,366.76736117572034,368.1924696849565,401.32313000543485,382.6460811860052,351.1327709371897,325.878060291528,320.0,335.550483113229,367.2903751741628,402.9010362045366,418.2305614149166,466.3315032116358,529.7596012743575,567.4130245773268,603.2214709273657,480.2097700246296,557.1467087925995,600.6549996604738,640.0,472.46754293829457,533.6553518390513,573.1528045172001,616.0408842111808,442.26406205718996,476.42824565064836,451.9847453441999,421.8519882206933,320.0,186.26622680988083,96.56348680850002,170.69918936965777,279.6706526034102,135.0900905605983,65.23579205939441,28.531742321507295,0.0,241.30864612071127,231.0168737167907,229.53394933324705,227.73120568875555,334.07204748170614,368.392412444968,381.2241514290802,383.9370307425042,415.24679017746024,400.7508986127391,365.7720630477245,338.93773516215794,320.0,339.09929534827404,369.92648650629695,404.6171778846511,421.29408119435334,468.1941934365059,529.6219807626728,566.9840875364396,602.9965330864893,480.8553490043433,557.3929217020867,600.1370233044081,640.0,472.2497044472785,533.3573739175133,572.4723602947014,614.9329613463119,440.7681528424725,478.1506762785309,456.1515300492032,427.4590999641331,320.0,188.09475583878486,100.15859470684342,177.38788638381664,287.03130768079865,134.77341196655482,65.7631966148819,28.598192909526915,0.0,242.44743395709105,231.2827996594632,229.96700642654162,229.28380763631432,334.4706780736966,364.06299379149414,375.8189210437347,379.3493562055361,413.6120281561868,393.267155718389,359.70083487650027,334.93301414901765,320.0,337.81428956304273,369.0088431561792,403.91575486663254,420.2010982233628,467.21023989288926,529.6235499942135,567.1517146480608,603.0757924852148,480.3858519692963,557.5081833022148,600.2196339443201,640.0,472.1614096266934,533.6201636244723,573.0849906121173,615.7304840194112,441.0477898948807,477.48832532537085,454.63077479501345,425.10583612368214,320.0,182.93761133555958,94.3780751226322,173.49528741067377,288.46184294781403,136.4604653624498,66.2704038059523,28.025294494901516,0.0,242.0246131566857,228.73610270067857,226.70896496475405,224.3669505741554,333.6812316169756,364.05426553256075,375.2638744389582,376.2344260669764,412.7570964655145,391.44487683109645,357.0599485691525,328.4337644582479,320.0,338.78958154214376,371.1010038389248,405.8633263904128,420.3060507599307,466.588180087448,525.9402994102848,563.8544920536135,599.9785916623398,480.44377133688994,556.0295181378638,599.41998167474,640.0,472.63030899926946,534.095911431197,575.1658966300255,618.3144038488108,441.19001471856524,474.17921315432295,450.90629828550766,421.351003605762
320.0,189.56123869567077,100.49532070910342,172.3367504187281,279.9440036518937,136.52615301560343,66.39131181812448,29.07363645436692,0.0,239.67310814771997,227.37776776788144,223.72386347736548,220.71689921551467,327.06986518296804,355.83511090887254,366.76736117572034,368.1924696849565,401.32313000543485,382.6460811860052,351.1327709371897,325.878060291528,320.0,335.550483113229,367.2903751741628,402.9010362045366,418.2305614149166,466.3315032116358,529.7596012743575,567.4130245773268,603.2214709273657,480.2097700246296,557.1467087925995,600.6549996604738,640.0,472.46754293829457,533.6553518390513,573.1528045172001,616.0408842111808,442.26406205718996,476.42824565064836,451.9847453441999,421.8519882206933,320.0,186.26622680988083,96.56348680850002,170.69918936965777,279.6706526034102,135.0900905605983,65.23579205939441,28.531742321507295,0.0,241.30864612071127,231.0168737167907,229.53394933324705,227.73120568875555,334.07204748170614,368.392412444968,381.2241514290802,383.9370307425042,415.24679017746024,400.7508986127391,365.7720630477245,338.93773516215794,320.0,339.09929534827404,369.92648650629695,404.6171778846511,421.29408119435334,468.1941934365059,529.6219807626728,566.9840875364396,602.9965330864893,480.8553490043433,557.3929217020867,600.1370233044081,640.0,472.2497044472785,533.3573739175133,572.4723602947014,614.9329613463119,440.7681528424725,478.1506762785309,456.1515300492032,427.4590999641331,320.0,188.09475583878486,100.15859470684342,177.38788638381664,287.03130768079865,134.77341196655482,65.7631966148819,28.598192909526915,0.0,242.44743395709105,231.2827996594632,229.96700642654162,229.28380763631432,334.4706780736966,364.06299379149414,375.8189210437347,379.3493562055361,413.6120281561868,393.267155718389,359.70083487650027,334.93301414901765,320.0,337.81428956304273,369.0088431561792,403.91575486663254,420.2010982233628,467.21023989288926,529.6235499942135,567.1517146480608,603.0757924852148,480.3858519692963,557.5081833022148,600.2196339443201,640.0,472.1614096266934,533.6201636244723,573.0849906121173,615.7304840194112,441.0477898948807,477.48832532537085,454.63077479501345,425.10583612368214,320.0,182.93761133555958,94.3780751226322,173.49528741067377,288.46184294781403,136.4604653624498,66.2704038059523,28.025294494901516,0.0,242.0246131566857,228.73610270067857,226.70896496475405,224.3669505741554,333.6812316169756,364.05426553256075,375.2638744389582,376.2344260669764,412.7570964655145,391.44487683109645,357.0599485691525,328.4337644582479,320.0,338.78958154214376,371.1010038389248,405.8633263904128,420.3060507599307,466.588180087448,525.9402994102848,563.8544920536135,599.9785916623398,480.44377133688994,556.0295181378638,599.41998167474,640.0,472.63030899926946,534.095911431197,575.1658966300255,618.3144038488108,441.19001471856524,474.17921315432295,450.90629828550766,421.351003605762,320.0,189.65687341664747,103.71182196147831,177.0256027345786,286.43457981308865,134.79789088352587,65.31934690117455,27.54678723378464,0.0,238.44066958387373,225.0556637050146,221.97687729548238,219.5893768409314,328.2853464890484,357.4596928447618,366.1887004690966,366.86710869222657,405.37082873731805,381.04595692068995,347.83017491121103,322.8373677256694,320.0,338.451435303108,371.46289228190466,406.21265866068336,421.36168899135856,467.811987862997,527.5449530570578,564.6178257279416,600.0054827367578,481.3199622270813,557.1648773543429,600.0082905786667,640.0,473.04797487725995,534.3830691387197,575.582108037833,618.490165440651,441.7790816043679,473.1654362637835,448.3230124314807,417.1577965939229
320.0,186.26622680988083,96.56348680850002,170.69918936965777,279.6706526034102,135.0900905605983,65.23579205939441,28.531742321507295,0.0,241.30864612071127,231.0168737167907,229.53394933324705,227.73120568875555,334.07204748170614,368.392412444968,381.2241514290802,383.9370307425042,415.24679017746024,400.7508986127391,365.7720630477245,338.93773516215794,320.0,339.09929534827404,369.92648650629695,404.6171778846511,421.29408119435334,468.1941934365059,529.6219807626728,566.9840875364396,602.9965330864893,480.8553490043433,557.3929217020867,600.1370233044081,640.0,472.2497044472785,533.3573739175133,572.4723602947014,614.9329613463119,440.7681528424725,478.1506762785309,456.1515300492032,427.4590999641331,320.0,188.09475583878486,100.15859470684342,177.38788638381664,287.03130768079865,134.77341196655482,65.7631966148819,28.598192909526915,0.0,242.44743395709105,231.2827996594632,229.96700642654162,229.28380763631432,334.4706780736966,364.06299379149414,375.8189210437347,379.3493562055361,413.6120281561868,393.267155718389,359.70083487650027,334.93301414901765,320.0,337.81428956304273,369.0088431561792,403.91575486663254,420.2010982233628,467.21023989288926,529.6235499942135,567.1517146480608,603.0757924852148,480.3858519692963,557.5081833022148,600.2196339443201,640.0,472.1614096266934,533.6201636244723,573.0849906121173,615.7304840194112,441.0477898948807,477.48832532537085,454.63077479501345,425.10583612368214,320.0,182.93761133555958,94.3780751226322,173.49528741067377,288.46184294781403,136.4604653624498,66.2704038059523,28.025294494901516,0.0,242.0246131566857,228.73610270067857,226.70896496475405,224.3669505741554,333.6812316169756,364.05426553256075,375.2638744389582,376.2344260669764,412.7570964655145,391.44487683109645,357.0599485691525,328.4337644582479,320.0,338.78958154214376,371.1010038389248,405.8633263904128,420.3060507599307,466.588180087448,525.9402994102848,563.8544920536135,599.9785916623398,480.44377133688994,556.0295181378638,599.41998167474,640.0,472.63030899926946,534.095911431197,575.1658966300255,618.3144038488108,441.19001471856524,474.17921315432295,450.90629828550766,421.351003605762,320.0,189.65687341664747,103.71182196147831,177.0256027345786,286.43457981308865,134.79789088352587,65.31934690117455,27.54678723378464,0.0,238.44066958387373,225.0556637050146,221.97687729548238,219.5893768409314,328.2853464890484,357.4596928447618,366.1887004690966,366.86710869222657,405.37082873731805,381.04595692068995,347.83017491121103,322.8373677256694,320.0,338.451435303108,371.46289228190466,406.21265866068336,421.36168899135856,467.811987862997,527.5449530570578,564.6178257279416,600.0054827367578,481.3199622270813,557.1648773543429,600.0082905786667,640.0,473.04797487725995,534.3830691387197,575.582108037833,618.490165440651,441.7790816043679,473.1654362637835,448.3230124314807,417.1577965939229,320.0,191.821592948594,99.955270786862,167.58914892152492,274.9600416597043,130.0359511962693,64.29892248566003,28.013378388468936,0.0,230.9288669304693,217.55651045980125,214.94539460578824,212.9950744355886,321.1862411091872,344.56657781630474,351.1568667368616,348.9417612997205,401.322622644754,373.9273100425232,338.6331151355242,311.827381721148,320.0,337.6544349802278,369.09247321351586,404.9891887847858,422.0916784340328,467.9411024453643,529.0193736305655,565.986913816582,600.8901879121723,480.91076562191245,557.0439651612155,600.0734994888786,640.0,472.81958975422225,535.5515927293613,575.3792601136445,617.6839609206022,441.8746221107048,475.9102774817065,450.0157405925653,417.66112870764294
320.0,188.09475583878486,100.15859470684342,177.38788638381664,287.03130768079865,134.77341196655482,65.7631966148819,28.598192909526915,0.0,242.44743395709105,231.2827996594632,229.96700642654162,229.28380763631432,334.4706780736966,364.06299379149414,375.8189210437347,379.3493562055361,413.6120281561868,393.267155718389,359.70083487650027,334.93301414901765,320.0,337.81428956304273,369.0088431561792,403.91575486663254,420.2010982233628,467.21023989288926,529.6235499942135,567.1517146480608,603.0757924852148,480.3858519692963,557.5081833022148,600.2196339443201,640.0,472.1614096266934,533.6201636244723,573.0849906121173,615.7304840194112,441.0477898948807,477.48832532537085,454.63077479501345,425.10583612368214,320.0,182.93761133555958,94.3780751226322,173.49528741067377,288.46184294781403,136.4604653624498,66.2704038059523,28.025294494901516,0.0,242.0246131566857,228.73610270067857,226.70896496475405,224.3669505741554,333.6812316169756,364.05426553256075,375.2638744389582,376.2344260669764,412.7570964655145,391.44487683109645,357.0599485691525,328.4337644582479,320.0,338.78958154214376,371.1010038389248,405.8633263904128,420.3060507599307,466.588180087448,525.9402994102848,563.8544920536135,599.9785916623398,480.44377133688994,556.0295181378638,599.41998167474,640.0,472.63030899926946,534.095911431197,575.1658966300255,618.3144038488108,441.19001471856524,474.17921315432295,450.90629828550766,421.351003605762,320.0,189.65687341664747,103.71182196147831,177.0256027345786,286.43457981308865,134.79789088352587,65.31934690117455,27.54678723378464,0.0,238.44066958387373,225.0556637050146,221.97687729548238,219.5893768409314,328.2853464890484,357.4596928447618,366.1887004690966,366.86710869222657,405.37082873731805,381.04595692068995,347.83017491121103,322.8373677256694,320.0,338.451435303108,371.46289228190466,406.21265866068336,421.36168899135856,467.811987862997,527.5449530570578,564.6178257279416,600.0054827367578,481.3199622270813,557.1648773543429,600.0082905786667,640.0,473.04797487725995,534.3830691387197,575.582108037833,618.490165440651,441.7790816043679,473.1654362637835,448.3230124314807,417.1577965939229,320.0,191.821592948594,99.955270786862,167.58914892152492,274.9600416597043,130.0359511962693,64.29892248566003,28.013378388468936,0.0,230.9288669304693,217.55651045980125,214.94539460578824,212.9950744355886,321.1862411091872,344.56657781630474,351.1568667368616,348.9417612997205,401.322622644754,373.9273100425232,338.6331151355242,311.827381721148,320.0,337.6544349802278,369.09247321351586,404.9891887847858,422.0916784340328,467.9411024453643,529.0193736305655,565.986913816582,600.8901879121723,480.91076562191245,557.0439651612155,600.0734994888786,640.0,472.81958975422225,535.5515927293613,575.3792601136445,617.6839609206022,441.8746221107048,475.9102774817065,450.0157405925653,417.66112870764294,320.0,195.29518900935338,104.44978850160419,166.11900921945517,267.7290754334713,138.72963215923505,71.9664663601805,32.985331902299436,0.0,235.2537119833786,220.432409474669,214.77309120545476,209.40648442028777,322.08601891337076,344.4374678352168,349.6995402707868,345.84003413054165,398.69821828624123,371.90712054165016,335.66278106520195,308.9762176702079,320.0,337.9993971491469,368.9961997070469,405.09700543189126,423.51105457811065,469.0933033351246,529.857709369183,566.088324419823,600.9843400207506,481.595708806549,557.2345648162864,599.872016520017,640.0,472.86566701384993,534.7127754847088,573.5829040238518,616.3866497961374,441.4067243810004,476.8524348599009,452.05881073492776,421.1878279895058
320.0,182.93761133555958,94.3780751226322,173.49528741067377,288.46184294781403,136.4604653624498,66.2704038059523,28.025294494901516,0.0,242.0246131566857,228.73610270067857,226.70896496475405,224.3669505741554,333.6812316169756,364.05426553256075,375.2638744389582,376.2344260669764,412.7570964655145,391.44487683109645,357.0599485691525,328.4337644582479,320.0,338.78958154214376,371.1010038389248,405.8633263904128,420.3060507599307,466.588180087448,525.9402994102848,563.8544920536135,599.9785916623398,480.44377133688994,556.0295181378638,599.41998167474,640.0,472.63030899926946,534.095911431197,575.1658966300255,618.3144038488108,441.19001471856524,474.17921315432295,450.90629828550766,421.351003605762,320.0,189.65687341664747,103.71182196147831,177.0256027345786,286.43457981308865,134.79789088352587,65.31934690117455,27.54678723378464,0.0,238.44066958387373,225.0556637050146,221.97687729548238,219.5893768409314,328.2853464890484,357.4596928447618,366.1887004690966,366.86710869222657,405.37082873731805,381.04595692068995,347.83017491121103,322.8373677256694,320.0,338.451435303108,371.46289228190466,406.21265866068336,421.36168899135856,467.811987862997,527.5449530570578,564.6178257279416,600.0054827367578,481.3199622270813,557.1648773543429,600.0082905786667,640.0,473.04797487725995,534.3830691387197,575.582108037833,618.490165440651,441.7790816043679,473.1654362637835,448.3230124314807,417.1577965939229,320.0,191.821592948594,99.955270786862,167.58914892152492,274.9600416597043,130.0359511962693,64.29892248566003,28.013378388468936,0.0,230.9288669304693,217.55651045980125,214.94539460578824,212.9950744355886,321.1862411091872,344.56657781630474,351.1568667368616,348.9417612997205,401.322622644754,373.9273100425232,338.6331151355242,311.827381721148,320.0,337.6544349802278,369.09247321351586,404.9891887847858,422.0916784340328,467.9411024453643,529.0193736305655,565.986913816582,600.8901879121723,480.91076562191245,557.0439651612155,600.0734994888786,640.0,472.81958975422225,535.5515927293613,575.3792601136445,617.6839609206022,441.8746221107048,475.9102774817065,450.0157405925653,417.66112870764294,320.0,195.29518900935338,104.44978850160419,166.11900921945517,267.7290754334713,138.72963215923505,71.9664663601805,32.985331902299436,0.0,235.2537119833786,220.432409474669,214.77309120545476,209.40648442028777,322.08601891337076,344.4374678352168,349.6995402707868,345.84003413054165,398.69821828624123,371.90712054165016,335.66278106520195,308.9762176702079,320.0,337.9993971491469,368.9961997070469,405.09700543189126,423.51105457811065,469.0933033351246,529.857709369183,566.088324419823,600.9843400207506,481.595708806549,557.2345648162864,599.872016520017,640.0,472.86566701384993,534.7127754847088,573.5829040238518,616.3866497961374,441.4067243810004,476.8524348599009,452.05881073492776,421.1878279895058,320.0,186.04496370539854,92.92288259667188,161.6368605887416,271.8049192241774,136.51891131808355,66.58355312892047,28.752274550667607,0.0,240.153951762654,228.64258240886562,224.6819809252517,223.1589020108715,331.0006411299197,361.7484464057189,367.1622622770336,365.54965684692,409.6040355426714,390.67848467709564,350.75562172226734,321.750642263103,320.0,338.8479341345333,371.23964812482484,406.81400070649903,423.4148384125031,469.90917514626574,532.1881606651827,569.0387640346893,604.10207515303,481.94512714298446,558.3274655259606,600.8765097658998,640.0,472.6506061611441,532.6033415901383,573.3010791826515,617.0044655463611,440.68803128351976,475.4635889936469,453.2030282825094,424.25482067486763
320.0,189.65687341664747,103.71182196147831,177.0256027345786,286.43457981308865,134.79789088352587,65.31934690117455,27.54678723378464,0.0,238.44066958387373,225.0556637050146,221.97687729548238,219.5893768409314,328.2853464890484,357.4596928447618,366.1887004690966,366.86710869222657,405.37082873731805,381.04595692068995,347.83017491121103,322.8373677256694,320.0,338.451435303108,371.46289228190466,406.21265866068336,421.36168899135856,467.811987862997,527.5449530570578,564.6178257279416,600.0054827367578,481.3199622270813,557.1648773543429,600.0082905786667,640.0,473.04797487725995,534.3830691387197,575.582108037833,618.490165440651,441.7790816043679,473.1654362637835,448.3230124314807,417.1577965939229,320.0,191.821592948594,99.955270786862,167.58914892152492,274.9600416597043,130.0359511962693,64.29892248566003,28.013378388468936,0.0,230.9288669304693,217.55651045980125,214.94539460578824,212.9950744355886,321.1862411091872,344.56657781630474,351.1568667368616,348.9417612997205,401.322622644754,373.9273100425232,338.6331151355242,311.827381721148,320.0,337.6544349802278,369.09247321351586,404.9891887847858,422.0916784340328,467.9411024453643,529.0193736305655,565.986913816582,600.8901879121723,480.91076562191245,557.0439651612155,600.0734994888786,640.0,472.81958975422225,535.5515927293613,575.3792601136445,617.6839609206022,441.8746221107048,475.9102774817065,450.0157405925653,417.66112870764294,320.0,195.29518900935338,104.44978850160419,166.11900921945517,267.7290754334713,138.72963215923505,71.9664663601805,32.985331902299436,0.0,235.2537119833786,220.432409474669,214.77309120545476,209.40648442028777,322.08601891337076,344.4374678352168,349.6995402707868,345.84003413054165,398.69821828624123,371.90712054165016,335.66278106520195,308.9762176702079,320.0,337.9993971491469,368.9961997070469,405.09700543189126,423.51105457811065,469.0933033351246,529.857709369183,566.088324419823,600.9843400207506,481.595708806549,557.2345648162864,599.872016520017,640.0,472.86566701384993,534.7127754847088,573.5829040238518,616.3866497961374,441.4067243810004,476.8524348599009,452.05881073492776,421.1878279895058,320.0,186.04496370539854,92.92288259667188,161.6368605887416,271.8049192241774,136.51891131808355,66.58355312892047,28.752274550667607,0.0,240.153951762654,228.64258240886562,224.6819809252517,223.1589020108715,331.0006411299197,361.7484464057189,367.1622622770336,365.54965684692,409.6040355426714,390.67848467709564,350.75562172226734,321.750642263103,320.0,338.8479341345333,371.23964812482484,406.81400070649903,423.4148384125031,469.90917514626574,532.1881606651827,569.0387640346893,604.10207515303,481.94512714298446,558.3274655259606,600.8765097658998,640.0,472.6506061611441,532.6033415901383,573.3010791826515,617.0044655463611,440.68803128351976,475.4635889936469,453.2030282825094,424.25482067486763,320.0,191.44688646064205,98.36227276493932,167.92702341316306,276.7830077130927,138.3021782871271,71.15250263057291,31.789808523331658,0.0,242.5709941750616,228.76414519711085,225.35919869356348,223.02023068929145,332.8076844023486,357.29090168504376,367.80960835694776,370.23902350729537,410.31720340869174,384.19560296887346,349.92294417877935,325.16285768719376,320.0,336.9100894475556,370.09204505074086,406.45517700858,423.40125649139463,469.42856982187345,530.7233702525756,567.6637138235208,603.3649718948352,482.42534276893514,558.0650857293887,600.1835384685008,640.0,474.1326388113434,535.398390142158,574.4623600197838,617.0736620155437,443.6851118275199,478.21000988922617,453.8238475222173,423.5675390233472
320.0,191.821592948594,99.955270786862,167.58914892152492,274.9600416597043,130.0359511962693,64.29892248566003,28.013378388468936,0.0,230.9288669304693,217.55651045980125,214.94539460578824,212.9950744355886,321.1862411091872,344.56657781630474,351.1568667368616,348.9417612997205,401.322622644754,373.9273100425232,338.6331151355242,311.827381721148,320.0,337.6544349802278,369.09247321351586,404.9891887847858,422.0916784340328,467.9411024453643,529.0193736305655,565.986913816582,600.8901879121723,480.91076562191245,557.0439651612155,600.0734994888786,640.0,472.81958975422225,535.5515927293613,575.3792601136445,617.6839609206022,441.8746221107048,475.9102774817065,450.0157405925653,417.66112870764294,320.0,195.29518900935338,104.44978850160419,166.11900921945517,267.7290754334713,138.72963215923505,71.9664663601805,32.985331902299436,0.0,235.2537119833786,220.432409474669,214.77309120545476,209.40648442028777,322.08601891337076,344.4374678352168,349.6995402707868,345.84003413054165,398.69821828624123,371.90712054165016,335.66278106520195,308.9762176702079,320.0,337.9993971491469,368.9961997070469,405.09700543189126,423.51105457811065,469.0933033351246,529.857709369183,566.088324419823,600.9843400207506,481.595708806549,557.2345648162864,599.872016520017,640.0,472.86566701384993,534.7127754847088,573.5829040238518,616.3866497961374,441.4067243810004,476.8524348599009,452.05881073492776,421.1878279895058,320.0,186.04496370539854,92.92288259667188,161.6368605887416,271.8049192241774,136.51891131808355,66.58355312892047,28.752274550667607,0.0,240.153951762654,228.64258240886562,224.6819809252517,223.1589020108715,331.0006411299197,361.7484464057189,367.1622622770336,365.54965684692,409.6040355426714,390.67848467709564,350.75562172226734,321.750642263103,320.0,338.8479341345333,371.23964812482484,406.81400070649903,423.4148384125031,469.90917514626574,532.1881606651827,569.0387640346893,604.10207515303,481.94512714298446,558.3274655259606,600.8765097658998,640.0,472.6506061611441,532.6033415901383,573.3010791826515,617.0044655463611,440.68803128351976,475.4635889936469,453.2030282825094,424.25482067486763,320.0,191.44688646064205,98.36227276493932,167.92702341316306,276.7830077130927,138.3021782871271,71.15250263057291,31.789808523331658,0.0,242.5709941750616,228.76414519711085,225.35919869356348,223.02023068929145,332.8076844023486,357.29090168504376,367.80960835694776,370.23902350729537,410.31720340869174,384.19560296887346,349.92294417877935,325.16285768719376,320.0,336.9100894475556,370.09204505074086,406.45517700858,423.40125649139463,469.42856982187345,530.7233702525756,567.6637138235208,603.3649718948352,482.42534276893514,558.0650857293887,600.1835384685008,640.0,474.1326388113434,535.398390142158,574.4623600197838,617.0736620155437,443.6851118275199,478.21000988922617,453.8238475222173,423.5675390233472,320.0,190.29507828136323,97.84770917354393,169.01748307199395,278.40004496736856,135.4173032025198,67.70399426666049,29.54179455934991,0.0,240.36102373032426,227.3313271998378,225.5403411497594,225.5213906158723,331.2750858696067,356.70445397770504,367.08219994820723,370.2699045848649,409.86054093335395,384.1576748658507,349.79529809952646,325.4905959983057,320.0,337.6416218279702,370.49616363895365,406.62691834819043,423.19821677150117,469.23362648724213,530.9862563817512,568.0882257074954,603.7918125260053,482.1680315675869,558.1185855536279,600.4069619738702,640.0,473.87293933583913,535.6618390120669,574.9573789824663,617.5984307417518,443.1243197739255,478.1113959815121,453.50722082529313,422.61532489488604
320.0,195.29518900935338,104.44978850160419,166.11900921945517,267.7290754334713,138.72963215923505,71.9664663601805,32.985331902299436,0.0,235.2537119833786,220.432409474669,214.77309120545476,209.40648442028777,322.08601891337076,344.4374678352168,349.6995402707868,345.84003413054165,398.69821828624123,371.90712054165016,335.66278106520195,308.9762176702079,320.0,337.9993971491469,368.9961997070469,405.09700543189126,423.51105457811065,469.0933033351246,529.857709369183,566.088324419823,600.9843400207506,481.595708806549,557.2345648162864,599.872016520017,640.0,472.86566701384993,534.7127754847088,573.5829040238518,616.3866497961374,441.4067243810004,476.8524348599009,452.05881073492776,421.1878279895058,320.0,186.04496370539854,92.92288259667188,161.6368605887416,271.8049192241774,136.51891131808355,66.58355312892047,28.752274550667607,0.0,240.153951762654,228.64258240886562,224.6819809252517,223.1589020108715,331.0006411299197,361.7484464057189,367.1622622770336,365.54965684692,409.6040355426714,390.67848467709564,350.75562172226734,321.750642263103,320.0,338.8479341345333,371.23964812482484,406.81400070649903,423.4148384125031,469.90917514626574,532.1881606651827,569.0387640346893,604.10207515303,481.94512714298446,558.3274655259606,600.8765097658998,640.0,472.6506061611441,532.6033415901383,573.3010791826515,617.0044655463611,440.68803128351976,475.4635889936469,453.2030282825094,424.25482067486763,320.0,191.44688646064205,98.36227276493932,167.92702341316306,276.7830077130927,138.3021782871271,71.15250263057291,31.789808523331658,0.0,242.5709941750616,228.76414519711085,225.35919869356348,223.02023068929145,332.8076844023486,357.29090168504376,367.80960835694776,370.23902350729537,410.31720340869174,384.19560296887346,349.92294417877935,325.16285768719376,320.0,336.9100894475556,370.09204505074086,406.45517700858,423.40125649139463,469.42856982187345,530.7233702525756,567.6637138235208,603.3649718948352,482.42534276893514,558.0650857293887,600.1835384685008,640.0,474.1326388113434,535.398390142158,574.4623600197838,617.0736620155437,443.6851118275199,478.21000988922617,453.8238475222173,423.5675390233472,320.0,190.29507828136323,97.84770917354393,169.01748307199395,278.40004496736856,135.4173032025198,67.70399426666049,29.54179455934991,0.0,240.36102373032426,227.3313271998378,225.5403411497594,225.5213906158723,331.2750858696067,356.70445397770504,367.08219994820723,370.2699045848649,409.86054093335395,384.1576748658507,349.79529809952646,325.4905959983057,320.0,337.6416218279702,370.49616363895365,406.62691834819043,423.19821677150117,469.23362648724213,530.9862563817512,568.0882257074954,603.7918125260053,482.1680315675869,558.1185855536279,600.4069619738702,640.0,473.87293933583913,535.6618390120669,574.9573789824663,617.5984307417518,443.1243197739255,478.1113959815121,453.50722082529313,422.61532489488604,320.0,185.28001462527118,97.23043651183391,171.50612092882142,282.52204244245917,132.7924057501432,62.81717341351299,26.22163314879947,0.0,234.39906569411207,218.66616359882804,214.8983670067885,211.7298175633559,324.30434178014053,352.06209516733975,360.39352092707105,359.1003513371329,403.6104193388094,380.398402500299,347.616168315089,321.4618269725397,320.0,338.8619875441569,370.6801238508797,405.85934864412445,420.6730950611438,466.12517707143377,525.4705584490258,563.3050931291277,599.1985978198603,480.2238319092636,556.4386931337201,599.6559590987183,640.0,472.63383903684354,535.7003110957022,576.9783413150926,620.1790959654747,441.3228756334088,475.59634908774586,452.22111224156185,421.8003500644339
320.0,186.04496370539854,92.92288259667188,161.6368605887416,271.8049192241774,136.51891131808355,66.58355312892047,28.752274550667607,0.0,240.153951762654,228.64258240886562,224.6819809252517,223.1589020108715,331.0006411299197,361.7484464057189,367.1622622770336,365.54965684692,409.6040355426714,390.67848467709564,350.75562172226734,321.750642263103,320.0,338.8479341345333,371.23964812482484,406.81400070649903,423.4148384125031,469.90917514626574,532.1881606651827,569.0387640346893,604.10207515303,481.94512714298446,558.3274655259606,600.8765097658998,640.0,472.6506061611441,532.6033415901383,573.3010791826515,617.0044655463611,440.68803128351976,475.4635889936469,453.2030282825094,424.25482067486763,320.0,191.44688646064205,98.36227276493932,167.92702341316306,276.7830077130927,138.3021782871271,71.15250263057291,31.789808523331658,0.0,242.5709941750616,228.76414519711085,225.35919869356348,223.02023068929145,332.8076844023486,357.29090168504376,367.80960835694776,370.23902350729537,410.31720340869174,384.19560296887346,349.92294417877935,325.16285768719376,320.0,336.9100894475556,370.09204505074086,406.45517700858,423.40125649139463,469.42856982187345,530.7233702525756,567.6637138235208,603.3649718948352,482.42534276893514,558.0650857293887,600.1835384685008,640.0,474.1326388113434,535.398390142158,574.4623600197838,617.0736620155437,443.6851118275199,478.21000988922617,453.8238475222173,423.5675390233472,320.0,190.29507828136323,97.84770917354393,169.01748307199395,278.40004496736856,135.4173032025198,67.70399426666049,29.54179455934991,0.0,240.36102373032426,227.3313271998378,225.5403411497594,225.5213906158723,331.2750858696067,356.70445397770504,367.08219994820723,370.2699045848649,409.86054093335395,384.1576748658507,349.79529809952646,325.4905959983057,320.0,337.6416218279702,370.49616363895365,406.62691834819043,423.19821677150117,469.23362648724213,530.9862563817512,568.0882257074954,603.7918125260053,482.1680315675869,558.1185855536279,600.4069619738702,640.0,473.87293933583913,535.6618390120669,574.9573789824663,617.5984307417518,443.1243197739255,478.1113959815121,453.50722082529313,422.61532489488604,320.0,185.28001462527118,97.23043651183391,171.50612092882142,282.52204244245917,132.7924057501432,62.81717341351299,26.22163314879947,0.0,234.39906569411207,218.66616359882804,214.8983670067885,211.7298175633559,324.30434178014053,352.06209516733975,360.39352092707105,359.1003513371329,403.6104193388094,380.398402500299,347.616168315089,321.4618269725397,320.0,338.8619875441569,370.6801238508797,405.85934864412445,420.6730950611438,466.12517707143377,525.4705584490258,563.3050931291277,599.1985978198603,480.2238319092636,556.4386931337201,599.6559590987183,640.0,472.63383903684354,535.7003110957022,576.9783413150926,620.1790959654747,441.3228756334088,475.59634908774586,452.22111224156185,421.8003500644339,320.0,191.92334877424622,100.26661400122572,165.87834522819708,271.2612789888619,133.00774714069078,66.2551444077283,29.341527794721742,0.0,234.3398392569571,217.0642452068417,212.3385445116051,208.29575607783715,322.61230813405433,344.8593408495035,354.3409609541521,354.5351583762139,398.2155427444527,373.33603051975086,342.68159930052116,319.84346092479143,320.0,337.074331135029,368.9558460704764,404.5936038228857,420.20587486475085,467.89122956958084,530.0592574414983,567.0124222697302,602.555018890723,481.4029497291256,557.6796683812944,600.1156445219724,640.0,473.7624650665848,536.0995393386202,574.7874821366365,617.167453329602,443.9410983650695,476.60444752837,450.8064539201281,419.8151296769877
320.0,191.44688646064205,98.36227276493932,167.92702341316306,276.7830077130927,138.3021782871271,71.15250263057291,31.789808523331658,0.0,242.5709941750616,228.76414519711085,225.35919869356348,223.02023068929145,332.8076844023486,357.29090168504376,367.80960835694776,370.23902350729537,410.31720340869174,384.19560296887346,349.92294417877935,325.16285768719376,320.0,336.9100894475556,370.09204505074086,406.45517700858,423.40125649139463,469.42856982187345,530.7233702525756,567.6637138235208,603.3649718948352,482.42534276893514,558.0650857293887,600.1835384685008,640.0,474.1326388113434,535.398390142158,574.4623600197838,617.0736620155437,443.6851118275199,478.21000988922617,453.8238475222173,423.5675390233472,320.0,190.29507828136323,97.84770917354393,169.01748307199395,278.40004496736856,135.4173032025198,67.70399426666049,29.54179455934991,0.0,240.36102373032426,227.3313271998378,225.5403411497594,225.5213906158723,331.2750858696067,356.70445397770504,367.08219994820723,370.2699045848649,409.86054093335395,384.1576748658507,349.79529809952646,325.4905959983057,320.0,337.6416218279702,370.49616363895365,406.62691834819043,423.19821677150117,469.23362648724213,530.9862563817512,568.0882257074954,603.7918125260053,482.1680315675869,558.1185855536279,600.4069619738702,640.0,473.87293933583913,535.6618390120669,574.9573789824663,617.5984307417518,443.1243197739255,478.1113959815121,453.50722082529313,422.61532489488604,320.0,185.28001462527118,97.23043651183391,171.50612092882142,282.52204244245917,132.7924057501432,62.81717341351299,26.22163314879947,0.0,234.39906569411207,218.66616359882804,214.8983670067885,211.7298175633559,324.30434178014053,352.06209516733975,360.39352092707105,359.1003513371329,403.6104193388094,380.398402500299,347.616168315089,321.4618269725397,320.0,338.8619875441569,370.6801238508797,405.85934864412445,420.6730950611438,466.12517707143377,525.4705584490258,563.3050931291277,599.1985978198603,480.2238319092636,556.4386931337201,599.6559590987183,640.0,472.63383903684354,535.7003110957022,576.9783413150926,620.1790959654747,441.3228756334088,475.59634908774586,452.22111224156185,421.8003500644339,320.0,191.92334877424622,100.26661400122572,165.87834522819708,271.2612789888619,133.00774714069078,66.2551444077283,29.341527794721742,0.0,234.3398392569571,217.0642452068417,212.3385445116051,208.29575607783715,322.61230813405433,344.8593408495035,354.3409609541521,354.5351583762139,398.2155427444527,373.33603051975086,342.68159930052116,319.84346092479143,320.0,337.074331135029,368.9558460704764,404.5936038228857,420.20587486475085,467.89122956958084,530.0592574414983,567.0124222697302,602.555018890723,481.4029497291256,557.6796683812944,600.1156445219724,640.0,473.7624650665848,536.0995393386202,574.7874821366365,617.167453329602,443.9410983650695,476.60444752837,450.8064539201281,419.8151296769877,320.0,188.4950764820477,94.6208489327324,159.32335464860859,265.07701949043525,133.51632026262706,67.77237869695281,30.604771012409003,0.0,234.1061168380813,219.4883051964797,213.2486047443868,207.31089781043852,323.93672375886473,351.42547074314524,359.81723002007277,358.1185559258487,402.39642270217337,381.95821456588186,348.04800300573487,322.7507601856495,320.0,338.26986824902616,368.64500071294543,403.52488781987984,420.51797191463663,468.34894293290347,530.3668234700292,567.2885112695583,602.967754114833,480.8592511864014,557.1661805472341,599.8651227772336,640.0,472.4401704910219,533.862224135311,572.9851767602555,615.9280494148157,441.57554911859194,476.6867920334877,453.13087200922746,423.4696435875413
320.0,190.29507828136323,97.84770917354393,169.01748307199395,278.40004496736856,135.4173032025198,67.70399426666049,29.54179455934991,0.0,240.36102373032426,227.3313271998378,225.5403411497594,225.5213906158723,331.2750858696067,356.70445397770504,367.08219994820723,370.2699045848649,409.86054093335395,384.1576748658507,349.79529809952646,325.4905959983057,320.0,337.6416218279702,370.49616363895365,406.62691834819043,423.19821677150117,469.23362648724213,530.9862563817512,568.0882257074954,603.7918125260053,482.1680315675869,558.1185855536279,600.4069619738702,640.0,473.87293933583913,535.6618390120669,574.9573789824663,617.5984307417518,443.1243197739255,478.1113959815121,453.50722082529313,422.61532489488604,320.0,185.28001462527118,97.23043651183391,171.50612092882142,282.52204244245917,132.7924057501432,62.81717341351299,26.22163314879947,0.0,234.39906569411207,218.66616359882804,214.8983670067885,211.7298175633559,324.30434178014053,352.06209516733975,360.39352092707105,359.1003513371329,403.6104193388094,380.398402500299,347.616168315089,321.4618269725397,320.0,338.8619875441569,370.6801238508797,405.85934864412445,420.6730950611438,466.12517707143377,525.4705584490258,563.3050931291277,599.1985978198603,480.2238319092636,556.4386931337201,599.6559590987183,640.0,472.63383903684354,535.7003110957022,576.9783413150926,620.1790959654747,441.3228756334088,475.59634908774586,452.22111224156185,421.8003500644339,320.0,191.92334877424622,100.26661400122572,165.87834522819708,271.2612789888619,133.00774714069078,66.2551444077283,29.341527794721742,0.0,234.3398392569571,217.0642452068417,212.3385445116051,208.29575607783715,322.61230813405433,344.8593408495035,354.3409609541521,354.5351583762139,398.2155427444527,373.33603051975086,342.68159930052116,319.84346092479143,320.0,337.074331135029,368.9558460704764,404.5936038228857,420.20587486475085,467.89122956958084,530.0592574414983,567.0124222697302,602.555018890723,481.4029497291256,557.6796683812944,600.1156445219724,640.0,473.7624650665848,536.0995393386202,574.7874821366365,617.167453329602,443.9410983650695,476.60444752837,450.8064539201281,419.8151296769877,320.0,188.4950764820477,94.6208489327324,159.32335464860859,265.07701949043525,133.51632026262706,67.77237869695281,30.604771012409003,0.0,234.1061168380813,219.4883051964797,213.2486047443868,207.31089781043852,323.93672375886473,351.42547074314524,359.81723002007277,358.1185559258487,402.39642270217337,381.95821456588186,348.04800300573487,322.7507601856495,320.0,338.26986824902616,368.64500071294543,403.52488781987984,420.51797191463663,468.34894293290347,530.3668234700292,567.2885112695583,602.967754114833,480.8592511864014,557.1661805472341,599.8651227772336,640.0,472.4401704910219,533.862224135311,572.9851767602555,615.9280494148157,441.57554911859194,476.6867920334877,453.13087200922746,423.4696435875413,320.0,191.7037892137563,102.35227112009818,168.56668870957262,272.1160042964554,135.84566398201912,69.49898895688636,31.019337871878463,0.0,236.88468757047679,220.28454461012726,213.11542710360038,206.07191593625652,324.9129432630891,348.3717427784,357.24468772337553,356.3402915015041,400.40311760591106,377.0189326901392,347.4366903532344,325.4411320624897,320.0,336.3993581590542,367.5699880325643,403.8870231137872,421.16409339966407,467.41407864161556,529.6848432158592,566.7396304584655,602.4181518630023,481.24740392510427,557.4043436961666,599.9527313122857,640.0,473.1873413509786,533.5060937323909,572.370357252105,615.3227397377898,442.34815041403033,474.04770874588786,449.08803846752426,419.03356785214044
320.0,185.28001462527118,97.23043651183391,171.50612092882142,282.52204244245917,132.7924057501432,62.81717341351299,26.22163314879947,0.0,234.39906569411207,218.66616359882804,214.8983670067885,211.7298175633559,324.30434178014053,352.06209516733975,360.39352092707105,359.1003513371329,403.6104193388094,380.398402500299,347.616168315089,321.4618269725397,320.0,338.8619875441569,370.6801238508797,405.85934864412445,420.6730950611438,466.12517707143377,525.4705584490258,563.3050931291277,599.1985978198603,480.2238319092636,556.4386931337201,599.6559590987183,640.0,472.63383903684354,535.7003110957022,576.9783413150926,620.1790959654747,441.3228756334088,475.59634908774586,452.22111224156185,421.8003500644339,320.0,191.92334877424622,100.26661400122572,165.87834522819708,271.2612789888619,133.00774714069078,66.2551444077283,29.341527794721742,0.0,234.3398392569571,217.0642452068417,212.3385445116051,208.29575607783715,322.61230813405433,344.8593408495035,354.3409609541521,354.5351583762139,398.2155427444527,373.33603051975086,342.68159930052116,319.84346092479143,320.0,337.074331135029,368.9558460704764,404.5936038228857,420.20587486475085,467.89122956958084,530.0592574414983,567.0124222697302,602.555018890723,481.4029497291256,557.6796683812944,600.1156445219724,640.0,473.7624650665848,536.0995393386202,574.7874821366365,617.167453329602,443.9410983650695,476.60444752837,450.8064539201281,419.8151296769877,320.0,188.4950764820477,94.6208489327324,159.32335464860859,265.07701949043525,133.51632026262706,67.77237869695281,30.604771012409003,0.0,234.1061168380813,219.4883051964797,213.2486047443868,207.31089781043852,323.93672375886473,351.42547074314524,359.81723002007277,358.1185559258487,402.39642270217337,381.95821456588186,348.04800300573487,322.7507601856495,320.0,338.26986824902616,368.64500071294543,403.52488781987984,420.51797191463663,468.34894293290347,530.3668234700292,567.2885112695583,602.967754114833,480.8592511864014,557.1661805472341,599.8651227772336,640.0,472.4401704910219,533.862224135311,572.9851767602555,615.9280494148157,441.57554911859194,476.6867920334877,453.13087200922746,423.4696435875413,320.0,191.7037892137563,102.35227112009818,168.56668870957262,272.1160042964554,135.84566398201912,69.49898895688636,31.019337871878463,0.0,236.88468757047679,220.28454461012726,213.11542710360038,206.07191593625652,324.9129432630891,348.3717427784,357.24468772337553,356.3402915015041,400.40311760591106,377.0189326901392,347.4366903532344,325.4411320624897,320.0,336.3993581590542,367.5699880325643,403.8870231137872,421.16409339966407,467.41407864161556,529.6848432158592,566.7396304584655,602.4181518630023,481.24740392510427,557.4043436961666,599.9527313122857,640.0,473.1873413509786,533.5060937323909,572.370357252105,615.3227397377898,442.34815041403033,474.04770874588786,449.08803846752426,419.03356785214044,320.0,191.587632308043,100.70742589502481,168.54484304545142,272.67436286798124,138.73689081994993,69.60638936008851,31.771246644837674,0.0,239.33676383682644,222.72754908989253,217.25199334116502,211.9785042415376,328.68033122295714,355.55258773183004,365.1214748415613,364.4560062251859,407.77184130715074,387.34785794386613,351.8689214114735,324.8937744930862,320.0,339.25114257010665,369.6687947795144,404.3574819343539,421.2258192028003,468.96225831443854,530.212144092166,567.3424147842296,603.0649721429991,481.15827637217757,556.7329009175298,599.758421134227,640.0,472.5754682517663,534.0932015366559,572.7655963110623,614.9366723930541,441.48500004333994,478.9635360158623,455.84759741513926,425.9106309059366
320.0,191.92334877424622,100.26661400122572,165.87834522819708,271.2612789888619,133.00774714069078,66.2551444077283,29.341527794721742,0.0,234.3398392569571,217.0642452068417,212.3385445116051,208.29575607783715,322.61230813405433,344.8593408495035,354.3409609541521,354.5351583762139,398.2155427444527,373.33603051975086,342.68159930052116,319.84346092479143,320.0,337.074331135029,368.9558460704764,404.5936038228857,420.20587486475085,467.89122956958084,530.0592574414983,567.0124222697302,602.555018890723,481.4029497291256,557.6796683812944,600.1156445219724,640.0,473.7624650665848,536.0995393386202,574.7874821366365,617.167453329602,443.9410983650695,476.60444752837,450.8064539201281,419.8151296769877,320.0,188.4950764820477,94.6208489327324,159.32335464860859,265.07701949043525,133.51632026262706,67.77237869695281,30.604771012409003,0.0,234.1061168380813,219.4883051964797,213.2486047443868,207.31089781043852,323.93672375886473,351.42547074314524,359.81723002007277,358.1185559258487,402.39642270217337,381.95821456588186,348.04800300573487,322.7507601856495,320.0,338.26986824902616,368.64500071294543,403.52488781987984,420.51797191463663,468.34894293290347,530.3668234700292,567.2885112695583,602.967754114833,480.8592511864014,557.1661805472341,599.8651227772336,640.0,472.4401704910219,533.862224135311,572.9851767602555,615.9280494148157,441.57554911859194,476.6867920334877,453.13087200922746,423.4696435875413,320.0,191.7037892137563,102.35227112009818,168.56668870957262,272.1160042964554,135.84566398201912,69.49898895688636,31.019337871878463,0.0,236.88468757047679,220.28454461012726,213.11542710360038,206.07191593625652,324.9129432630891,348.3717427784,357.24468772337553,356.3402915015041,400.40311760591106,377.0189326901392,347.4366903532344,325.4411320624897,320.0,336.3993581590542,367.5699880325643,403.8870231137872,421.16409339966407,467.41407864161556,529.6848432158592,566.7396304584655,602.4181518630023,481.24740392510427,557.4043436961666,599.9527313122857,640.0,473.1873413509786,533.5060937323909,572.370357252105,615.3227397377898,442.34815041403033,474.04770874588786,449.08803846752426,419.03356785214044,320.0,191.587632308043,100.70742589502481,168.54484304545142,272.67436286798124,138.73689081994993,69.60638936008851,31.771246644837674,0.0,239.33676383682644,222.72754908989253,217.25199334116502,211.9785042415376,328.68033122295714,355.55258773183004,365.1214748415613,364.4560062251859,407.77184130715074,387.34785794386613,351.8689214114735,324.8937744930862,320.0,339.25114257010665,369.6687947795144,404.3574819343539,421.2258192028003,468.96225831443854,530.212144092166,567.3424147842296,603.0649721429991,481.15827637217757,556.7329009175298,599.758421134227,640.0,472.5754682517663,534.0932015366559,572.7655963110623,614.9366723930541,441.48500004333994,478.9635360158623,455.84759741513926,425.9106309059366,320.0,189.57321355529314,102.7349061918764,175.54745201546618,283.56316516558235,131.03300841996403,61.89684579349091,25.80352388229028,0.0,232.26358886496416,216.0439289049416,211.30436124809953,208.4686624528258,323.5530550346137,352.47821691247407,359.8157795219683,358.97509512012533,403.9140870397382,381.12739536786216,346.22560255608806,320.29203614950643,320.0,339.379855002646,370.95149980838363,405.5960283800404,419.91284619969457,465.73822026596656,525.396450353723,562.6974442597187,598.5693147160389,479.2424812031321,555.748071887069,599.386602179793,640.0,471.4332885620763,534.436739645738,574.9594078871438,618.5195335683995,440.18497792516945,474.9729512973533,450.2459272486187,419.14980132022725
320.0,188.4950764820477,94.6208489327324,159.32335464860859,265.07701949043525,133.51632026262706,67.77237869695281,30.604771012409003,0.0,234.1061168380813,219.4883051964797,213.2486047443868,207.31089781043852,323.93672375886473,351.42547074314524,359.81723002007277,358.1185559258487,402.39642270217337,381.95821456588186,348.04800300573487,322.7507601856495,320.0,338.26986824902616,368.64500071294543,403.52488781987984,420.51797191463663,468.34894293290347,530.3668234700292,567.2885112695583,602.967754114833,480.8592511864014,557.1661805472341,599.8651227772336,640.0,472.4401704910219,533.862224135311,572.9851767602555,615.9280494148157,441.57554911859194,476.6867920334877,453.13087200922746,423.4696435875413,320.0,191.7037892137563,102.35227112009818,168.56668870957262,272.1160042964554,135.84566398201912,69.49898895688636,31.019337871878463,0.0,236.88468757047679,220.28454461012726,213.11542710360038,206.07191593625652,324.9129432630891,348.3717427784,357.24468772337553,356.3402915015041,400.40311760591106,377.0189326901392,347.4366903532344,325.4411320624897,320.0,336.3993581590542,367.5699880325643,403.8870231137872,421.16409339966407,467.41407864161556,529.6848432158592,566.7396304584655,602.4181518630023,481.24740392510427,557.4043436961666,599.9527313122857,640.0,473.1873413509786,533.5060937323909,572.370357252105,615.3227397377898,442.34815041403033,474.04770874588786,449.08803846752426,419.03356785214044,320.0,191.587632308043,100.70742589502481,168.54484304545142,272.67436286798124,138.73689081994993,69.60638936008851,31.771246644837674,0.0,239.33676383682644,222.72754908989253,217.25199334116502,211.9785042415376,328.68033122295714,355.55258773183004,365.1214748415613,364.4560062251859,407.77184130715074,387.34785794386613,351.8689214114735,324.8937744930862,320.0,339.25114257010665,369.6687947795144,404.3574819343539,421.2258192028003,468.96225831443854,530.212144092166,567.3424147842296,603.0649721429991,481.15827637217757,556.7329009175298,599.758421134227,640.0,472.5754682517663,534.0932015366559,572.7655963110623,614.9366723930541,441.48500004333994,478.9635360158623,455.84759741513926,425.9106309059366,320.0,189.57321355529314,102.7349061918764,175.54745201546618,283.56316516558235,131.03300841996403,61.89684579349091,25.80352388229028,0.0,232.26358886496416,216.0439289049416,211.30436124809953,208.4686624528258,323.5530550346137,352.47821691247407,359.8157795219683,358.97509512012533,403.9140870397382,381.12739536786216,346.22560255608806,320.29203614950643,320.0,339.379855002646,370.95149980838363,405.5960283800404,419.91284619969457,465.73822026596656,525.396450353723,562.6974442597187,598.5693147160389,479.2424812031321,555.748071887069,599.386602179793,640.0,471.4332885620763,534.436739645738,574.9594078871438,618.5195335683995,440.18497792516945,474.9729512973533,450.2459272486187,419.14980132022725,320.0,194.20520085114785,104.45933437764273,171.96737663054404,276.42412283362296,136.10456415544746,68.2116451203513,30.58126166373478,0.0,235.98381915130233,216.67786385202683,209.97099008381832,204.8411519755646,323.5500620281726,345.41602646218183,353.6739018991444,353.5785961769712,399.6086718120909,375.1859715229433,343.6553826537591,321.2765790422089,320.0,337.3173796306603,368.6580965156875,404.2134857810529,419.7628966171364,467.26253014770623,529.9106108567688,567.1451557017365,602.8879635136755,480.7315224242544,557.1298728908966,600.0135283008606,640.0,473.13416549398676,535.2927686528262,573.9213431662504,616.6902725984694,443.06244705903106,477.009705660573,451.1656587476754,419.84161839314413
320.0,191.7037892137563,102.35227112009818,168.56668870957262,272.1160042964554,135.84566398201912,69.49898895688636,31.019337871878463,0.0,236.88468757047679,220.28454461012726,213.11542710360038,206.07191593625652,324.9129432630891,348.3717427784,357.24468772337553,356.3402915015041,400.40311760591106,377.0189326901392,347.4366903532344,325.4411320624897,320.0,336.3993581590542,367.5699880325643,403.8870231137872,421.16409339966407,467.41407864161556,529.6848432158592,566.7396304584655,602.4181518630023,481.24740392510427,557.4043436961666,599.9527313122857,640.0,473.1873413509786,533.5060937323909,572.370357252105,615.3227397377898,442.34815041403033,474.04770874588786,449.08803846752426,419.03356785214044,320.0,191.587632308043,100.70742589502481,168.54484304545142,272.67436286798124,138.73689081994993,69.60638936008851,31.771246644837674,0.0,239.33676383682644,222.72754908989253,217.25199334116502,211.9785042415376,328.68033122295714,355.55258773183004,365.1214748415613,364.4560062251859,407.77184130715074,387.34785794386613,351.8689214114735,324.8937744930862,320.0,339.25114257010665,369.6687947795144,404.3574819343539,421.2258192028003,468.96225831443854,530.212144092166,567.3424147842296,603.0649721429991,481.15827637217757,556.7329009175298,599.758421134227,640.0,472.5754682517663,534.0932015366559,572.7655963110623,614.9366723930541,441.48500004333994,478.9635360158623,455.84759741513926,425.9106309059366,320.0,189.57321355529314,102.7349061918764,175.54745201546618,283.56316516558235,131.03300841996403,61.89684579349091,25.80352388229028,0.0,232.26358886496416,216.0439289049416,211.30436124809953,208.4686624528258,323.5530550346137,352.47821691247407,359.8157795219683,358.97509512012533,403.9140870397382,381.12739536786216,346.22560255608806,320.29203614950643,320.0,339.379855002646,370.95149980838363,405.5960283800404,419.91284619969457,465.73822026596656,525.396450353723,562.6974442597187,598.5693147160389,479.2424812031321,555.748071887069,599.386602179793,640.0,471.4332885620763,534.436739645738,574.9594078871438,618.5195335683995,440.18497792516945,474.9729512973533,450.2459272486187,419.14980132022725,320.0,194.20520085114785,104.45933437764273,171.96737663054404,276.42412283362296,136.10456415544746,68.2116451203513,30.58126166373478,0.0,235.98381915130233,216.67786385202683,209.97099008381832,204.8411519755646,323.5500620281726,345.41602646218183,353.6739018991444,353.5785961769712,399.6086718120909,375.1859715229433,343.6553826537591,321.2765790422089,320.0,337.3173796306603,368.6580965156875,404.2134857810529,419.7628966171364,467.26253014770623,529.9106108567688,567.1451557017365,602.8879635136755,480.7315224242544,557.1298728908966,600.0135283008606,640.0,473.13416549398676,535.2927686528262,573.9213431662504,616.6902725984694,443.06244705903106,477.009705660573,451.1656587476754,419.84161839314413,320.0,194.17303937097222,105.32572422825424,171.12686937650412,271.4742341643775,136.14838700526238,68.28170079574093,30.638833858941553,0.0,235.50352953413932,215.9538914709623,208.94705935196527,203.43052751523632,322.37593202869016,343.71203918657596,352.75536285880446,353.35957749608747,398.05580115460447,373.0776119261848,342.7830601273753,321.6386494626503,320.0,337.0418444258377,368.0246933476671,404.108501632374,420.2144832679071,467.23590705274785,529.9303256048036,567.138222067466,602.764349066239,481.00999954059074,557.1722912424626,600.0168918162093,640.0,473.3403499682058,534.5472401440499,573.1935329353971,616.1904514160672,442.8069223278046,476.77462873279217,451.5449371461939,420.6620642374505
320.0,191.587632308043,100.70742589502481,168.54484304545142,272.67436286798124,138.73689081994993,69.60638936008851,31.771246644837674,0.0,239.33676383682644,222.72754908989253,217.25199334116502,211.9785042415376,328.68033122295714,355.55258773183004,365.1214748415613,364.4560062251859,407.77184130715074,387.34785794386613,351.8689214114735,324.8937744930862,320.0,339.25114257010665,369.6687947795144,404.3574819343539,421.2258192028003,468.96225831443854,530.212144092166,567.3424147842296,603.0649721429991,481.15827637217757,556.7329009175298,599.758421134227,640.0,472.5754682517663,534.0932015366559,572.7655963110623,614.9366723930541,441.48500004333994,478.9635360158623,455.84759741513926,425.9106309059366,320.0,189.57321355529314,102.7349061918764,175.54745201546618,283.56316516558235,131.03300841996403,61.89684579349091,25.80352388229028,0.0,232.26358886496416,216.0439289049416,211.30436124809953,208.4686624528258,323.5530550346137,352.47821691247407,359.8157795219683,358.97509512012533,403.9140870397382,381.12739536786216,346.22560255608806,320.29203614950643,320.0,339.379855002646,370.95149980838363,405.5960283800404,419.91284619969457,465.73822026596656,525.396450353723,562.6974442597187,598.5693147160389,479.2424812031321,555.748071887069,599.386602179793,640.0,471.4332885620763,534.436739645738,574.9594078871438,618.5195335683995,440.18497792516945,474.9729512973533,450.2459272486187,419.14980132022725,320.0,194.20520085114785,104.45933437764273,171.96737663054404,276.42412283362296,136.10456415544746,68.2116451203513,30.58126166373478,0.0,235.98381915130233,216.67786385202683,209.97099008381832,204.8411519755646,323.5500620281726,345.41602646218183,353.6739018991444,353.5785961769712,399.6086718120909,375.1859715229433,343.6553826537591,321.2765790422089,320.0,337.3173796306603,368.6580965156875,404.2134857810529,419.7628966171364,467.26253014770623,529.9106108567688,567.1451557017365,602.8879635136755,480.7315224242544,557.1298728908966,600.0135283008606,640.0,473.13416549398676,535.2927686528262,573.9213431662504,616.6902725984694,443.06244705903106,477.009705660573,451.1656587476754,419.84161839314413,320.0,194.17303937097222,105.32572422825424,171.12686937650412,271.4742341643775,136.14838700526238,68.28170079574093,30.638833858941553,0.0,235.50352953413932,215.9538914709623,208.94705935196527,203.43052751523632,322.37593202869016,343.71203918657596,352.75536285880446,353.35957749608747,398.05580115460447,373.0776119261848,342.7830601273753,321.6386494626503,320.0,337.0418444258377,368.0246933476671,404.108501632374,420.2144832679071,467.23590705274785,529.9303256048036,567.138222067466,602.764349066239,481.00999954059074,557.1722912424626,600.0168918162093,640.0,473.3403499682058,534.5472401440499,573.1935329353971,616.1904514160672,442.8069223278046,476.77462873279217,451.5449371461939,420.6620642374505,320.0,192.57446333447263,105.06418464242759,172.82329467100837,276.23435560079093,139.23078928693158,70.8833962799028,32.00453575581628,0.0,238.4656933690644,219.30212504521296,211.1755372580958,203.82419964151978,324.4748492624419,347.3928553312908,357.15398388498295,357.1573212303996,398.50703094297546,376.56337803827614,348.166816072921,327.9983275348537,320.0,337.52009038596066,368.42398323439886,404.6079394604473,420.57531030948576,467.95180780564203,530.2292132966928,567.208421307929,602.8233193544643,481.59673708490385,557.4595875322796,600.041342242685,640.0,473.4869559586508,533.7648712469436,572.4699756150975,615.8088789553332,442.2741531069775,476.69940724435975,452.49877636694873,422.6467093146498
320.0,189.57321355529314,102.7349061918764,175.54745201546618,283.56316516558235,131.03300841996403,61.89684579349091,25.80352388229028,0.0,232.26358886496416,216.0439289049416,211.30436124809953,208.4686624528258,323.5530550346137,352.47821691247407,359.8157795219683,358.97509512012533,403.9140870397382,381.12739536786216,346.22560255608806,320.29203614950643,320.0,339.379855002646,370.95149980838363,405.5960283800404,419.91284619969457,465.73822026596656,525.396450353723,562.6974442597187,598.5693147160389,479.2424812031321,555.748071887069,599.386602179793,640.0,471.4332885620763,534.436739645738,574.9594078871438,618.5195335683995,440.18497792516945,474.9729512973533,450.2459272486187,419.14980132022725,320.0,194.20520085114785,104.45933437764273,171.96737663054404,276.42412283362296,136.10456415544746,68.2116451203513,30.58126166373478,0.0,235.98381915130233,216.67786385202683,209.97099008381832,204.8411519755646,323.5500620281726,345.41602646218183,353.6739018991444,353.5785961769712,399.6086718120909,375.1859715229433,343.6553826537591,321.2765790422089,320.0,337.3173796306603,368.6580965156875,404.2134857810529,419.7628966171364,467.26253014770623,529.9106108567688,567.1451557017365,602.8879635136755,480.7315224242544,557.1298728908966,600.0135283008606,640.0,473.13416549398676,535.2927686528262,573.9213431662504,616.6902725984694,443.06244705903106,477.009705660573,451.1656587476754,419.84161839314413,320.0,194.17303937097222,105.32572422825424,171.12686937650412,271.4742341643775,136.14838700526238,68.28170079574093,30.638833858941553,0.0,235.50352953413932,215.9538914709623,208.94705935196527,203.43052751523632,322.37593202869016,343.71203918657596,352.75536285880446,353.35957749608747,398.05580115460447,373.0776119261848,342.7830601273753,321.6386494626503,320.0,337.0418444258377,368.0246933476671,404.108501632374,420.2144832679071,467.23590705274785,529.9303256048036,567.138222067466,602.764349066239,481.00999954059074,557.1722912424626,600.0168918162093,640.0,473.3403499682058,534.5472401440499,573.1935329353971,616.1904514160672,442.8069223278046,476.77462873279217,451.5449371461939,420.6620642374505,320.0,192.57446333447263,105.06418464242759,172.82329467100837,276.23435560079093,139.23078928693158,70.8833962799028,32.00453575581628,0.0,238.4656933690644,219.30212504521296,211.1755372580958,203.82419964151978,324.4748492624419,347.3928553312908,357.15398388498295,357.1573212303996,398.50703094297546,376.56337803827614,348.166816072921,327.9983275348537,320.0,337.52009038596066,368.42398323439886,404.6079394604473,420.57531030948576,467.95180780564203,530.2292132966928,567.208421307929,602.8233193544643,481.59673708490385,557.4595875322796,600.041342242685,640.0,473.4869559586508,533.7648712469436,572.4699756150975,615.8088789553332,442.2741531069775,476.69940724435975,452.49877636694873,422.6467093146498,320.0,194.51905013242458,106.55610776753252,173.16266795135653,272.8496901039914,134.25878235487903,66.78430080635542,29.125657547493972,0.0,233.5767206637879,214.633666195535,208.8159103173113,204.54257837729972,321.8077853623286,343.9092876701653,353.20779740629615,354.17471546126626,398.1615143281887,373.6378426184058,342.88690124064675,320.66720746442604,320.0,335.9499680264787,368.0360018773493,404.47110873685665,421.33684228406906,466.2190257766369,527.5232271147231,564.8368200142875,601.212883195731,480.265728651873,556.3807552171143,599.683718275091,640.0,473.1750943857546,535.1388557665828,574.1851099023754,617.0952473878483,443.7587164794645,475.5847355827908,449.6007663479926,418.8871395555594
320.0,194.20520085114785,104.45933437764273,171.96737663054404,276.42412283362296,136.10456415544746,68.2116451203513,30.58126166373478,0.0,235.98381915130233,216.67786385202683,209.97099008381832,204.8411519755646,323.5500620281726,345.41602646218183,353.6739018991444,353.5785961769712,399.6086718120909,375.1859715229433,343.6553826537591,321.2765790422089,320.0,337.3173796306603,368.6580965156875,404.2134857810529,419.7628966171364,467.26253014770623,529.9106108567688,567.1451557017365,602.8879635136755,480.7315224242544,557.1298728908966,600.0135283008606,640.0,473.13416549398676,535.2927686528262,573.9213431662504,616.6902725984694,443.06244705903106,477.009705660573,451.1656587476754,419.84161839314413,320.0,194.17303937097222,105.32572422825424,171.12686937650412,271.4742341643775,136.14838700526238,68.28170079574093,30.638833858941553,0.0,235.50352953413932,215.9538914709623,208.94705935196527,203.43052751523632,322.37593202869016,343.71203918657596,352.75536285880446,353.35957749608747,398.05580115460447,373.0776119261848,342.7830601273753,321.6386494626503,320.0,337.0418444258377,368.0246933476671,404.108501632374,420.2144832679071,467.23590705274785,529.9303256048036,567.138222067466,602.764349066239,481.00999954059074,557.1722912424626,600.0168918162093,640.0,473.3403499682058,534.5472401440499,573.1935329353971,616.1904514160672,442.8069223278046,476.77462873279217,451.5449371461939,420.6620642374505,320.0,192.57446333447263,105.06418464242759,172.82329467100837,276.23435560079093,139.23078928693158,70.8833962799028,32.00453575581628,0.0,238.4656933690644,219.30212504521296,211.1755372580958,203.82419964151978,324.4748492624419,347.3928553312908,357.15398388498295,357.1573212303996,398.50703094297546,376.56337803827614,348.166816072921,327.9983275348537,320.0,337.52009038596066,368.42398323439886,404.6079394604473,420.57531030948576,467.95180780564203,530.2292132966928,567.208421307929,602.8233193544643,481.59673708490385,557.4595875322796,600.041342242685,640.0,473.4869559586508,533.7648712469436,572.4699756150975,615.8088789553332,442.2741531069775,476.69940724435975,452.49877636694873,422.6467093146498,320.0,194.51905013242458,106.55610776753252,173.16266795135653,272.8496901039914,134.25878235487903,66.78430080635542,29.125657547493972,0.0,233.5767206637879,214.633666195535,208.8159103173113,204.54257837729972,321.8077853623286,343.9092876701653,353.20779740629615,354.17471546126626,398.1615143281887,373.6378426184058,342.88690124064675,320.66720746442604,320.0,335.9499680264787,368.0360018773493,404.47110873685665,421.33684228406906,466.2190257766369,527.5232271147231,564.8368200142875,601.212883195731,480.265728651873,556.3807552171143,599.683718275091,640.0,473.1750943857546,535.1388557665828,574.1851099023754,617.0952473878483,443.7587164794645,475.5847355827908,449.6007663479926,418.8871395555594,320.0,192.17562305571477,104.67164309349786,173.52622058070892,274.6369496154472,135.40779105611097,68.51065214776452,30.774487675678472,0.0,235.0467430347713,215.8540939955047,208.5058502496468,201.9225139681933,322.2813638711412,344.2210382571657,353.5864188358935,353.51766395675463,397.8816931172007,372.67763367366433,342.56744945153173,320.898341741372,320.0,336.49786508006474,368.0365387020283,404.3076303227541,420.6628354428992,466.8748238389445,529.2501643055878,566.5334786044482,602.4398141597362,481.18235590919625,557.0861382361911,599.9817851891505,640.0,473.959184841096,535.016278835522,573.5606472928328,616.4206185616622,444.07412623280993,476.2728000111754,450.45917538345714,419.7007041629853
320.0,194.17303937097222,105.32572422825424,171.12686937650412,271.4742341643775,136.14838700526238,68.28170079574093,30.638833858941553,0.0,235.50352953413932,215.9538914709623,208.94705935196527,203.43052751523632,322.37593202869016,343.71203918657596,352.75536285880446,353.35957749608747,398.05580115460447,373.0776119261848,342.7830601273753,321.6386494626503,320.0,337.0418444258377,368.0246933476671,404.108501632374,420.2144832679071,467.23590705274785,529.9303256048036,567.138222067466,602.764349066239,481.00999954059074,557.1722912424626,600.0168918162093,640.0,473.3403499682058,534.5472401440499,573.1935329353971,616.1904514160672,442.8069223278046,476.77462873279217,451.5449371461939,420.6620642374505,320.0,192.57446333447263,105.06418464242759,172.82329467100837,276.23435560079093,139.23078928693158,70.8833962799028,32.00453575581628,0.0,238.4656933690644,219.30212504521296,211.1755372580958,203.82419964151978,324.4748492624419,347.3928553312908,357.15398388498295,357.1573212303996,398.50703094297546,376.56337803827614,348.166816072921,327.9983275348537,320.0,337.52009038596066,368.42398323439886,404.6079394604473,420.57531030948576,467.95180780564203,530.2292132966928,567.208421307929,602.8233193544643,481.59673708490385,557.4595875322796,600.041342242685,640.0,473.4869559586508,533.7648712469436,572.4699756150975,615.8088789553332,442.2741531069775,476.69940724435975,452.49877636694873,422.6467093146498,320.0,194.51905013242458,106.55610776753252,173.16266795135653,272.8496901039914,134.25878235487903,66.78430080635542,29.125657547493972,0.0,233.5767206637879,214.633666195535,208.8159103173113,204.54257837729972,321.8077853623286,343.9092876701653,353.20779740629615,354.17471546126626,398.1615143281887,373.6378426184058,342.88690124064675,320.66720746442604,320.0,335.9499680264787,368.0360018773493,404.47110873685665,421.33684228406906,466.2190257766369,527.5232271147231,564.8368200142875,601.212883195731,480.265728651873,556.3807552171143,599.683718275091,640.0,473.1750943857546,535.1388557665828,574.1851099023754,617.0952473878483,443.7587164794645,475.5847355827908,449.6007663479926,418.8871395555594,320.0,192.17562305571477,104.67164309349786,173.52622058070892,274.6369496154472,135.40779105611097,68.51065214776452,30.774487675678472,0.0,235.0467430347713,215.8540939955047,208.5058502496468,201.9225139681933,322.2813638711412,344.2210382571657,353.5864188358935,353.51766395675463,397.8816931172007,372.67763367366433,342.56744945153173,320.898341741372,320.0,336.49786508006474,368.0365387020283,404.3076303227541,420.6628354428992,466.8748238389445,529.2501643055878,566.5334786044482,602.4398141597362,481.18235590919625,557.0861382361911,599.9817851891505,640.0,473.959184841096,535.016278835522,573.5606472928328,616.4206185616622,444.07412623280993,476.2728000111754,450.45917538345714,419.7007041629853,320.0,190.38654728106573,104.077272441248,176.3555805612209,281.03205125832375,134.87764703269534,67.10672524901815,29.45998867342064,0.0,233.45368132335904,214.65800022949279,208.0568253744989,202.8963469930893,319.76088332512836,342.0834983583863,352.1553444057432,353.7587586661287,394.91229304007607,371.22930400761027,342.81602451871294,322.81158272289485,320.0,336.9391018038063,368.8277443670087,405.45167258893656,420.79889397354424,466.0971745452021,527.6244098837981,564.9181295437239,600.9140586029982,480.5284825131546,557.0031572037665,600.036956894077,640.0,473.80123420158446,536.308111352076,575.4085267284813,618.2711903749109,444.42471694659076,478.5164492755371,453.8004247308845,423.5904206915721
320.0,192.57446333447263,105.06418464242759,172.82329467100837,276.23435560079093,139.23078928693158,70.8833962799028,32.00453575581628,0.0,238.4656933690644,219.30212504521296,211.1755372580958,203.82419964151978,324.4748492624419,347.3928553312908,357.15398388498295,357.1573212303996,398.50703094297546,376.56337803827614,348.166816072921,327.9983275348537,320.0,337.52009038596066,368.42398323439886,404.6079394604473,420.57531030948576,467.95180780564203,530.2292132966928,567.208421307929,602.8233193544643,481.59673708490385,557.4595875322796,600.041342242685,640.0,473.4869559586508,533.7648712469436,572.4699756150975,615.8088789553332,442.2741531069775,476.69940724435975,452.49877636694873,422.6467093146498,320.0,194.51905013242458,106.55610776753252,173.16266795135653,272.8496901039914,134.25878235487903,66.78430080635542,29.125657547493972,0.0,233.5767206637879,214.633666195535,208.8159103173113,204.54257837729972,321.8077853623286,343.9092876701653,353.20779740629615,354.17471546126626,398.1615143281887,373.6378426184058,342.88690124064675,320.66720746442604,320.0,335.9499680264787,368.0360018773493,404.47110873685665,421.33684228406906,466.2190257766369,527.5232271147231,564.8368200142875,601.212883195731,480.265728651873,556.3807552171143,599.683718275091,640.0,473.1750943857546,535.1388557665828,574.1851099023754,617.0952473878483,443.7587164794645,475.5847355827908,449.6007663479926,418.8871395555594,320.0,192.17562305571477,104.67164309349786,173.52622058070892,274.6369496154472,135.40779105611097,68.51065214776452,30.774487675678472,0.0,235.0467430347713,215.8540939955047,208.5058502496468,201.9225139681933,322.2813638711412,344.2210382571657,353.5864188358935,353.51766395675463,397.8816931172007,372.67763367366433,342.56744945153173,320.898341741372,320.0,336.49786508006474,368.0365387020283,404.3076303227541,420.6628354428992,466.8748238389445,529.2501643055878,566.5334786044482,602.4398141597362,481.18235590919625,557.0861382361911,599.9817851891505,640.0,473.959184841096,535.016278835522,573.5606472928328,616.4206185616622,444.07412623280993,476.2728000111754,450.45917538345714,419.7007041629853,320.0,190.38654728106573,104.077272441248,176.3555805612209,281.03205125832375,134.87764703269534,67.10672524901815,29.45998867342064,0.0,233.45368132335904,214.65800022949279,208.0568253744989,202.8963469930893,319.76088332512836,342.0834983583863,352.1553444057432,353.7587586661287,394.91229304007607,371.22930400761027,342.81602451871294,322.81158272289485,320.0,336.9391018038063,368.8277443670087,405.45167258893656,420.79889397354424,466.0971745452021,527.6244098837981,564.9181295437239,600.9140586029982,480.5284825131546,557.0031572037665,600.036956894077,640.0,473.80123420158446,536.308111352076,575.4085267284813,618.2711903749109,444.42471694659076,478.5164492755371,453.8004247308845,423.5904206915721,320.0,195.00873955753076,110.85848678193318,176.69917922169054,272.8919483685398,139.98905385266923,71.66440830043246,32.84407039524001,0.0,236.37362727728748,216.50719220356544,207.6025470350834,198.60112257400755,319.8713507893013,340.9407290791988,349.5196578369572,347.9611749839417,392.28411739605957,370.73391268117564,343.6813227477936,323.8803087215576,320.0,336.1790328615528,366.83065950600883,403.5914057117898,420.5021060705899,466.75414616756177,529.1666769262557,566.4685727377205,602.4189862705288,481.2229715588134,557.4973168944384,600.199382176471,640.0,474.01322469945205,534.6379962005619,573.3449454038201,616.1447105216814,443.9003495932653,477.897622862147,453.9458539930231,424.2450182558235
320.0,194.51905013242458,106.55610776753252,173.16266795135653,272.8496901039914,134.25878235487903,66.78430080635542,29.125657547493972,0.0,233.5767206637879,214.633666195535,208.8159103173113,204.54257837729972,321.8077853623286,343.9092876701653,353.20779740629615,354.17471546126626,398.1615143281887,373.6378426184058,342.88690124064675,320.66720746442604,320.0,335.9499680264787,368.0360018773493,404.47110873685665,421.33684228406906,466.2190257766369,527.5232271147231,564.8368200142875,601.212883195731,480.265728651873,556.3807552171143,599.683718275091,640.0,473.1750943857546,535.1388557665828,574.1851099023754,617.0952473878483,443.7587164794645,475.5847355827908,449.6007663479926,418.8871395555594,320.0,192.17562305571477,104.67164309349786,173.52622058070892,274.6369496154472,135.40779105611097,68.51065214776452,30.774487675678472,0.0,235.0467430347713,215.8540939955047,208.5058502496468,201.9225139681933,322.2813638711412,344.2210382571657,353.5864188358935,353.51766395675463,397.8816931172007,372.67763367366433,342.56744945153173,320.898341741372,320.0,336.49786508006474,368.0365387020283,404.3076303227541,420.6628354428992,466.8748238389445,529.2501643055878,566.5334786044482,602.4398141597362,481.18235590919625,557.0861382361911,599.9817851891505,640.0,473.959184841096,535.016278835522,573.5606472928328,616.4206185616622,444.07412623280993,476.2728000111754,450.45917538345714,419.7007041629853,320.0,190.38654728106573,104.077272441248,176.3555805612209,281.03205125832375,134.87764703269534,67.10672524901815,29.45998867342064,0.0,233.45368132335904,214.65800022949279,208.0568253744989,202.8963469930893,319.76088332512836,342.0834983583863,352.1553444057432,353.7587586661287,394.91229304007607,371.22930400761027,342.81602451871294,322.81158272289485,320.0,336.9391018038063,368.8277443670087,405.45167258893656,420.79889397354424,466.0971745452021,527.6244098837981,564.9181295437239,600.9140586029982,480.5284825131546,557.0031572037665,600.036956894077,640.0,473.80123420158446,536.308111352076,575.4085267284813,618.2711903749109,444.42471694659076,478.5164492755371,453.8004247308845,423.5904206915721,320.0,195.00873955753076,110.85848678193318,176.69917922169054,272.8919483685398,139.98905385266923,71.66440830043246,32.84407039524001,0.0,236.37362727728748,216.50719220356544,207.6025470350834,198.60112257400755,319.8713507893013,340.9407290791988,349.5196578369572,347.9611749839417,392.28411739605957,370.73391268117564,343.6813227477936,323.8803087215576,320.0,336.1790328615528,366.83065950600883,403.5914057117898,420.5021060705899,466.75414616756177,529.1666769262557,566.4685727377205,602.4189862705288,481.2229715588134,557.4973168944384,600.199382176471,640.0,474.01322469945205,534.6379962005619,573.3449454038201,616.1447105216814,443.9003495932653,477.897622862147,453.9458539930231,424.2450182558235,320.0,191.68409677632206,107.1464857542673,176.90456321450415,280.33287723182843,135.91378562803075,66.19523442803023,29.066267446567508,0.0,232.55235026221078,214.64636988332768,209.2593278389579,204.13413813596878,317.6150541351313,340.5585504419877,349.065244585859,347.76518862533226,392.094072134055,367.5427849163663,337.1893933910869,314.34233823674793,320.0,336.7842586815551,367.6360265767108,404.16415934142265,420.93762588485765,464.9834250210048,526.3408843504094,563.8129437671254,599.9885761791923,479.92762415308346,556.3542058959014,599.8298204013702,640.0,473.14172470251356,535.3930043283647,576.0039485521218,619.8095369632069,442.68793831350894,475.8447270421485,450.2305293848883,418.5099515451199
320.0,192.17562305571477,104.67164309349786,173.52622058070892,274.6369496154472,135.40779105611097,68.51065214776452,30.774487675678472,0.0,235.0467430347713,215.8540939955047,208.5058502496468,201.9225139681933,322.2813638711412,344.2210382571657,353.5864188358935,353.51766395675463,397.8816931172007,372.67763367366433,342.56744945153173,320.898341741372,320.0,336.49786508006474,368.0365387020283,404.3076303227541,420.6628354428992,466.8748238389445,529.2501643055878,566.5334786044482,602.4398141597362,481.18235590919625,557.0861382361911,599.9817851891505,640.0,473.959184841096,535.016278835522,573.5606472928328,616.4206185616622,444.07412623280993,476.2728000111754,450.45917538345714,419.7007041629853,320.0,190.38654728106573,104.077272441248,176.3555805612209,281.03205125832375,134.87764703269534,67.10672524901815,29.45998867342064,0.0,233.45368132335904,214.65800022949279,208.0568253744989,202.8963469930893,319.76088332512836,342.0834983583863,352.1553444057432,353.7587586661287,394.91229304007607,371.22930400761027,342.81602451871294,322.81158272289485,320.0,336.9391018038063,368.8277443670087,405.45167258893656,420.79889397354424,466.0971745452021,527.6244098837981,564.9181295437239,600.9140586029982,480.5284825131546,557.0031572037665,600.036956894077,640.0,473.80123420158446,536.308111352076,575.4085267284813,618.2711903749109,444.42471694659076,478.5164492755371,453.8004247308845,423.5904206915721,320.0,195.00873955753076,110.85848678193318,176.69917922169054,272.8919483685398,139.98905385266923,71.66440830043246,32.84407039524001,0.0,236.37362727728748,216.50719220356544,207.6025470350834,198.60112257400755,319.8713507893013,340.9407290791988,349.5196578369572,347.9611749839417,392.28411739605957,370.73391268117564,343.6813227477936,323.8803087215576,320.0,336.1790328615528,366.83065950600883,403.5914057117898,420.5021060705899,466.75414616756177,529.1666769262557,566.4685727377205,602.4189862705288,481.2229715588134,557.4973168944384,600.199382176471,640.0,474.01322469945205,534.6379962005619,573.3449454038201,616.1447105216814,443.9003495932653,477.897622862147,453.9458539930231,424.2450182558235,320.0,191.68409677632206,107.1464857542673,176.90456321450415,280.33287723182843,135.91378562803075,66.19523442803023,29.066267446567508,0.0,232.55235026221078,214.64636988332768,209.2593278389579,204.13413813596878,317.6150541351313,340.5585504419877,349.065244585859,347.76518862533226,392.094072134055,367.5427849163663,337.1893933910869,314.34233823674793,320.0,336.7842586815551,367.6360265767108,404.16415934142265,420.93762588485765,464.9834250210048,526.3408843504094,563.8129437671254,599.9885761791923,479.92762415308346,556.3542058959014,599.8298204013702,640.0,473.14172470251356,535.3930043283647,576.0039485521218,619.8095369632069,442.68793831350894,475.8447270421485,450.2305293848883,418.5099515451199,320.0,196.95023591277743,109.26603948596113,171.240648404703,268.8720118895834,134.46581219048022,68.28007447904213,30.644477775832343,0.0,230.07064354518778,209.12383809357058,200.45150062103966,192.41822368490227,314.8437023562934,333.67247233207814,341.10179792919735,339.50432944861643,388.86398431789183,362.5374258101059,333.97382627621704,313.5361041865432,320.0,334.9189747199565,365.63205088647214,401.7145866231217,419.69669869839623,466.40130634812374,528.1276953272078,565.5052411733849,601.6973238773612,481.0438187196348,556.8755156969382,599.7171876098816,640.0,474.1876472308239,535.1449893655645,574.0267332985862,616.5781606615726,444.9280334218387,475.5641876761681,449.69417712080525,419.0618129718915
320.0,190.38654728106573,104.077272441248,176.3555805612209,281.03205125832375,134.87764703269534,67.10672524901815,29.45998867342064,0.0,233.45368132335904,214.65800022949279,208.0568253744989,202.8963469930893,319.76088332512836,342.0834983583863,352.1553444057432,353.7587586661287,394.91229304007607,371.22930400761027,342.81602451871294,322.81158272289485,320.0,336.9391018038063,368.8277443670087,405.45167258893656,420.79889397354424,466.0971745452021,527.6244098837981,564.9181295437239,600.9140586029982,480.5284825131546,557.0031572037665,600.036956894077,640.0,473.80123420158446,536.308111352076,575.4085267284813,618.2711903749109,444.42471694659076,478.5164492755371,453.8004247308845,423.5904206915721,320.0,195.00873955753076,110.85848678193318,176.69917922169054,272.8919483685398,139.98905385266923,71.66440830043246,32.84407039524001,0.0,236.37362727728748,216.50719220356544,207.6025470350834,198.60112257400755,319.8713507893013,340.9407290791988,349.5196578369572,347.9611749839417,392.28411739605957,370.73391268117564,343.6813227477936,323.8803087215576,320.0,336.1790328615528,366.83065950600883,403.5914057117898,420.5021060705899,466.75414616756177,529.1666769262557,566.4685727377205,602.4189862705288,481.2229715588134,557.4973168944384,600.199382176471,640.0,474.01322469945205,534.6379962005619,573.3449454038201,616.1447105216814,443.9003495932653,477.897622862147,453.9458539930231,424.2450182558235,320.0,191.68409677632206,107.1464857542673,176.90456321450415,280.33287723182843,135.91378562803075,66.19523442803023,29.066267446567508,0.0,232.55235026221078,214.64636988332768,209.2593278389579,204.13413813596878,317.6150541351313,340.5585504419877,349.065244585859,347.76518862533226,392.094072134055,367.5427849163663,337.1893933910869,314.34233823674793,320.0,336.7842586815551,367.6360265767108,404.16415934142265,420.93762588485765,464.9834250210048,526.3408843504094,563.8129437671254,599.9885761791923,479.92762415308346,556.3542058959014,599.8298204013702,640.0,473.14172470251356,535.3930043283647,576.0039485521218,619.8095369632069,442.68793831350894,475.8447270421485,450.2305293848883,418.5099515451199,320.0,196.95023591277743,109.26603948596113,171.240648404703,268.8720118895834,134.46581219048022,68.28007447904213,30.644477775832343,0.0,230.07064354518778,209.12383809357058,200.45150062103966,192.41822368490227,314.8437023562934,333.67247233207814,341.10179792919735,339.50432944861643,388.86398431789183,362.5374258101059,333.97382627621704,313.5361041865432,320.0,334.9189747199565,365.63205088647214,401.7145866231217,419.69669869839623,466.40130634812374,528.1276953272078,565.5052411733849,601.6973238773612,481.0438187196348,556.8755156969382,599.7171876098816,640.0,474.1876472308239,535.1449893655645,574.0267332985862,616.5781606615726,444.9280334218387,475.5641876761681,449.69417712080525,419.0618129718915,320.0,194.21524371999845,106.37569062826964,169.98385049535676,268.6414531209057,134.50660382793438,68.36239562755412,31.027119645714436,0.0,230.8461113888388,212.35777192587955,204.78924803520556,196.8462935121363,317.0030682200421,339.3231331897409,347.2376170095726,344.8251895104414,393.08942439745994,368.56908698617536,338.54134105932576,316.66498791110155,320.0,336.67701517763044,367.58084179637285,403.2033701957404,421.2235018379963,467.5577690124398,528.5274287894634,565.4399478366074,601.0721432525675,481.6198134273818,557.2468946279819,599.9554103512869,640.0,474.3651452187868,535.2062251202478,574.1226397130853,616.5965591863826,444.56725096287533,476.4488578129832,451.36414743884546,421.13876573237775
320.0,195.00873955753076,110.85848678193318,176.69917922169054,272.8919483685398,139.98905385266923,71.66440830043246,32.84407039524001,0.0,236.37362727728748,216.50719220356544,207.6025470350834,198.60112257400755,319.8713507893013,340.9407290791988,349.5196578369572,347.9611749839417,392.28411739605957,370.73391268117564,343.6813227477936,323.8803087215576,320.0,336.1790328615528,366.83065950600883,403.5914057117898,420.5021060705899,466.75414616756177,529.1666769262557,566.4685727377205,602.4189862705288,481.2229715588134,557.4973168944384,600.199382176471,640.0,474.01322469945205,534.6379962005619,573.3449454038201,616.1447105216814,443.9003495932653,477.897622862147,453.9458539930231,424.2450182558235,320.0,191.68409677632206,107.1464857542673,176.90456321450415,280.33287723182843,135.91378562803075,66.19523442803023,29.066267446567508,0.0,232.55235026221078,214.64636988332768,209.2593278389579,204.13413813596878,317.6150541351313,340.5585504419877,349.065244585859,347.76518862533226,392.094072134055,367.5427849163663,337.1893933910869,314.34233823674793,320.0,336.7842586815551,367.6360265767108,404.16415934142265,420.93762588485765,464.9834250210048,526.3408843504094,563.8129437671254,599.9885761791923,479.92762415308346,556.3542058959014,599.8298204013702,640.0,473.14172470251356,535.3930043283647,576.0039485521218,619.8095369632069,442.68793831350894,475.8447270421485,450.2305293848883,418.5099515451199,320.0,196.95023591277743,109.26603948596113,171.240648404703,268.8720118895834,134.46581219048022,68.28007447904213,30.644477775832343,0.0,230.07064354518778,209.12383809357058,200.45150062103966,192.41822368490227,314.8437023562934,333.67247233207814,341.10179792919735,339.50432944861643,388.86398431789183,362.5374258101059,333.97382627621704,313.5361041865432,320.0,334.9189747199565,365.63205088647214,401.7145866231217,419.69669869839623,466.40130634812374,528.1276953272078,565.5052411733849,601.6973238773612,481.0438187196348,556.8755156969382,599.7171876098816,640.0,474.1876472308239,535.1449893655645,574.0267332985862,616.5781606615726,444.9280334218387,475.5641876761681,449.69417712080525,419.0618129718915,320.0,194.21524371999845,106.37569062826964,169.98385049535676,268.6414531209057,134.50660382793438,68.36239562755412,31.027119645714436,0.0,230.8461113888388,212.35777192587955,204.78924803520556,196.8462935121363,317.0030682200421,339.3231331897409,347.2376170095726,344.8251895104414,393.08942439745994,368.56908698617536,338.54134105932576,316.66498791110155,320.0,336.67701517763044,367.58084179637285,403.2033701957404,421.2235018379963,467.5577690124398,528.5274287894634,565.4399478366074,601.0721432525675,481.6198134273818,557.2468946279819,599.9554103512869,640.0,474.3651452187868,535.2062251202478,574.1226397130853,616.5965591863826,444.56725096287533,476.4488578129832,451.36414743884546,421.13876573237775,320.0,195.82062249877407,108.17072342019861,170.91626368500027,269.1505887236149,135.34990073151963,68.57455604674527,30.994980559539954,0.0,232.08629103204322,211.54812914269132,203.65249236431623,195.89210315106257,317.6347470903591,337.358264629015,345.97524624276605,344.9274265679553,392.3786784895029,366.7448937799711,338.2623148932106,317.89583880488465,320.0,335.9199900998555,366.55710810665505,402.2978095930308,419.85626824350334,466.97293294596204,528.9390850169546,566.1607108260841,602.0765472629332,481.27238845142244,557.2568018913245,599.8607597770965,640.0,474.2566076157371,534.9512078672362,573.5764446280386,615.8702051370541,444.80210101874684,475.94184174597575,450.533158445082,420.1393930691212
320.0,191.68409677632206,107.1464857542673,176.90456321450415,280.33287723182843,135.91378562803075,66.19523442803023,29.066267446567508,0.0,232.55235026221078,214.64636988332768,209.2593278389579,204.13413813596878,317.6150541351313,340.5585504419877,349.065244585859,347.76518862533226,392.094072134055,367.5427849163663,337.1893933910869,314.34233823674793,320.0,336.7842586815551,367.6360265767108,404.16415934142265,420.93762588485765,464.9834250210048,526.3408843504094,563.8129437671254,599.9885761791923,479.92762415308346,556.3542058959014,599.8298204013702,640.0,473.14172470251356,535.3930043283647,576.0039485521218,619.8095369632069,442.68793831350894,475.8447270421485,450.2305293848883,418.5099515451199,320.0,196.95023591277743,109.26603948596113,171.240648404703,268.8720118895834,134.46581219048022,68.28007447904213,30.644477775832343,0.0,230.07064354518778,209.12383809357058,200.45150062103966,192.41822368490227,314.8437023562934,333.67247233207814,341.10179792919735,339.50432944861643,388.86398431789183,362.5374258101059,333.97382627621704,313.5361041865432,320.0,334.9189747199565,365.63205088647214,401.7145866231217,419.69669869839623,466.40130634812374,528.1276953272078,565.5052411733849,601.6973238773612,481.0438187196348,556.8755156969382,599.7171876098816,640.0,474.1876472308239,535.1449893655645,574.0267332985862,616.5781606615726,444.9280334218387,475.5641876761681,449.69417712080525,419.0618129718915,320.0,194.21524371999845,106.37569062826964,169.98385049535676,268.6414531209057,134.50660382793438,68.36239562755412,31.027119645714436,0.0,230.8461113888388,212.35777192587955,204.78924803520556,196.8462935121363,317.0030682200421,339.3231331897409,347.2376170095726,344.8251895104414,393.08942439745994,368.56908698617536,338.54134105932576,316.66498791110155,320.0,336.67701517763044,367.58084179637285,403.2033701957404,421.2235018379963,467.5577690124398,528.5274287894634,565.4399478366074,601.0721432525675,481.6198134273818,557.2468946279819,599.9554103512869,640.0,474.3651452187868,535.2062251202478,574.1226397130853,616.5965591863826,444.56725096287533,476.4488578129832,451.36414743884546,421.13876573237775,320.0,195.82062249877407,108.17072342019861,170.91626368500027,269.1505887236149,135.34990073151963,68.57455604674527,30.994980559539954,0.0,232.08629103204322,211.54812914269132,203.65249236431623,195.89210315106257,317.6347470903591,337.358264629015,345.97524624276605,344.9274265679553,392.3786784895029,366.7448937799711,338.2623148932106,317.89583880488465,320.0,335.9199900998555,366.55710810665505,402.2978095930308,419.85626824350334,466.97293294596204,528.9390850169546,566.1607108260841,602.0765472629332,481.27238845142244,557.2568018913245,599.8607597770965,640.0,474.2566076157371,534.9512078672362,573.5764446280386,615.8702051370541,444.80210101874684,475.94184174597575,450.533158445082,420.1393930691212,320.0,195.0744464918634,106.1851540803134,168.39044669270763,267.0182082722604,134.9067965826216,68.36979825471866,30.89479545184105,0.0,230.71180709599184,209.98864404692878,200.9478288761275,192.73871059377672,315.2237590474481,335.30392707795255,343.52206959436114,342.54349045726224,388.84712887894756,364.00546681496127,335.0589521387733,314.50989077604515,320.0,334.80013190234706,365.0122246363675,401.1618165298601,418.3924374553175,466.01822210483226,528.1571380848661,565.3729657209899,601.3770561999752,480.74308575104993,557.1895547542673,600.0095322577088,640.0,473.844485411396,534.8682348270611,573.0952133757157,615.3064604715239,444.3895078460917,476.33668665822825,451.0710395271311,420.8375153513998
320.0,196.95023591277743,109.26603948596113,171.240648404703,268.8720118895834,134.46581219048022,68.28007447904213,30.644477775832343,0.0,230.07064354518778,209.12383809357058,200.45150062103966,192.41822368490227,314.8437023562934,333.67247233207814,341.10179792919735,339.50432944861643,388.86398431789183,362.5374258101059,333.97382627621704,313.5361041865432,320.0,334.9189747199565,365.63205088647214,401.7145866231217,419.69669869839623,466.40130634812374,528.1276953272078,565.5052411733849,601.6973238773612,481.0438187196348,556.8755156969382,599.7171876098816,640.0,474.1876472308239,535.1449893655645,574.0267332985862,616.5781606615726,444.9280334218387,475.5641876761681,449.69417712080525,419.0618129718915,320.0,194.21524371999845,106.37569062826964,169.98385049535676,268.6414531209057,134.50660382793438,68.36239562755412,31.027119645714436,0.0,230.8461113888388,212.35777192587955,204.78924803520556,196.8462935121363,317.0030682200421,339.3231331897409,347.2376170095726,344.8251895104414,393.08942439745994,368.56908698617536,338.54134105932576,316.66498791110155,320.0,336.67701517763044,367.58084179637285,403.2033701957404,421.2235018379963,467.5577690124398,528.5274287894634,565.4399478366074,601.0721432525675,481.6198134273818,557.2468946279819,599.9554103512869,640.0,474.3651452187868,535.2062251202478,574.1226397130853,616.5965591863826,444.56725096287533,476.4488578129832,451.36414743884546,421.13876573237775,320.0,195.82062249877407,108.17072342019861,170.91626368500027,269.1505887236149,135.34990073151963,68.57455604674527,30.994980559539954,0.0,232.08629103204322,211.54812914269132,203.65249236431623,195.89210315106257,317.6347470903591,337.358264629015,345.97524624276605,344.9274265679553,392.3786784895029,366.7448937799711,338.2623148932106,317.89583880488465,320.0,335.9199900998555,366.55710810665505,402.2978095930308,419.85626824350334,466.97293294596204,528.9390850169546,566.1607108260841,602.0765472629332,481.27238845142244,557.2568018913245,599.8607597770965,640.0,474.2566076157371,534.9512078672362,573.5764446280386,615.8702051370541,444.80210101874684,475.94184174597575,450.533158445082,420.1393930691212,320.0,195.0744464918634,106.1851540803134,168.39044669270763,267.0182082722604,134.9067965826216,68.36979825471866,30.89479545184105,0.0,230.71180709599184,209.98864404692878,200.9478288761275,192.73871059377672,315.2237590474481,335.30392707795255,343.52206959436114,342.54349045726224,388.84712887894756,364.00546681496127,335.0589521387733,314.50989077604515,320.0,334.80013190234706,365.0122246363675,401.1618165298601,418.3924374553175,466.01822210483226,528.1571380848661,565.3729657209899,601.3770561999752,480.74308575104993,557.1895547542673,600.0095322577088,640.0,473.844485411396,534.8682348270611,573.0952133757157,615.3064604715239,444.3895078460917,476.33668665822825,451.0710395271311,420.8375153513998,320.0,195.27971995643273,106.3510937121491,167.4488186355458,264.4426404424777,134.2903584313566,68.40141797020192,31.316504337309766,0.0,229.90252841765397,209.81225024178352,201.1904440495365,192.8779728277854,314.67769285818633,335.043206668972,344.46135439454264,343.8222692331163,390.0323425910687,364.95231825553424,335.2313077760909,313.6638848463218,320.0,335.07657940186584,364.19806959940945,400.6650540349012,419.0663767889616,465.9956222678652,528.133819317956,565.6841654549978,601.8418944422799,480.69671713095795,556.8277878341407,599.8557313227716,640.0,473.7273525203274,534.5329256552924,573.2587521380317,615.5886023068097,443.7770955667768,477.07050239899024,452.67273757703936,422.43274985522464
320.0,194.21524371999845,106.37569062826964,169.98385049535676,268.6414531209057,134.50660382793438,68.36239562755412,31.027119645714436,0.0,230.8461113888388,212.35777192587955,204.78924803520556,196.8462935121363,317.0030682200421,339.3231331897409,347.2376170095726,344.8251895104414,393.08942439745994,368.56908698617536,338.54134105932576,316.66498791110155,320.0,336.67701517763044,367.58084179637285,403.2033701957404,421.2235018379963,467.5577690124398,528.5274287894634,565.4399478366074,601.0721432525675,481.6198134273818,557.2468946279819,599.9554103512869,640.0,474.3651452187868,535.2062251202478,574.1226397130853,616.5965591863826,444.56725096287533,476.4488578129832,451.36414743884546,421.13876573237775,320.0,195.82062249877407,108.17072342019861,170.91626368500027,269.1505887236149,135.34990073151963,68.57455604674527,30.994980559539954,0.0,232.08629103204322,211.54812914269132,203.65249236431623,195.89210315106257,317.6347470903591,337.358264629015,345.97524624276605,344.9274265679553,392.3786784895029,366.7448937799711,338.2623148932106,317.89583880488465,320.0,335.9199900998555,366.55710810665505,402.2978095930308,419.85626824350334,466.97293294596204,528.9390850169546,566.1607108260841,602.0765472629332,481.27238845142244,557.2568018913245,599.8607597770965,640.0,474.2566076157371,534.9512078672362,573.5764446280386,615.8702051370541,444.80210101874684,475.94184174597575,450.533158445082,420.1393930691212,320.0,195.0744464918634,106.1851540803134,168.39044669270763,267.0182082722604,134.9067965826216,68.36979825471866,30.89479545184105,0.0,230.71180709599184,209.98864404692878,200.9478288761275,192.73871059377672,315.2237590474481,335.30392707795255,343.52206959436114,342.54349045726224,388.84712887894756,364.00546681496127,335.0589521387733,314.50989077604515,320.0,334.80013190234706,365.0122246363675,401.1618165298601,418.3924374553175,466.01822210483226,528.1571380848661,565.3729657209899,601.3770561999752,480.74308575104993,557.1895547542673,600.0095322577088,640.0,473.844485411396,534.8682348270611,573.0952133757157,615.3064604715239,444.3895078460917,476.33668665822825,451.0710395271311,420.8375153513998,320.0,195.27971995643273,106.3510937121491,167.4488186355458,264.4426404424777,134.2903584313566,68.40141797020192,31.316504337309766,0.0,229.90252841765397,209.81225024178352,201.1904440495365,192.8779728277854,314.67769285818633,335.043206668972,344.46135439454264,343.8222692331163,390.0323425910687,364.95231825553424,335.2313077760909,313.6638848463218,320.0,335.07657940186584,364.19806959940945,400.6650540349012,419.0663767889616,465.9956222678652,528.133819317956,565.6841654549978,601.8418944422799,480.69671713095795,556.8277878341407,599.8557313227716,640.0,473.7273525203274,534.5329256552924,573.2587521380317,615.5886023068097,443.7770955667768,477.07050239899024,452.67273757703936,422.43274985522464,320.0,195.9359146968104,107.09339167291344,167.11721971441858,263.3709599952224,134.96674934463664,69.11823564581854,31.885876270807728,0.0,230.7551257151698,211.1758264588104,202.73191009168517,194.17067509171858,315.45534179082006,336.1278441064104,345.59708105338666,344.885864511275,390.5489326840534,365.92330893883593,336.7103052936113,315.43866631218975,320.0,334.92718718664133,363.86065206539433,400.082977288892,418.6568350939483,466.298929224323,528.7407636299131,566.0980902015156,602.0021643732052,480.917408797588,557.2274318651612,600.0121312613246,640.0,473.8195895634799,534.7124140435843,573.2646308094318,615.4274987150086,443.7802491351764,476.8366086729094,452.40299349981166,422.3047121063862
320.0,195.82062249877407,108.17072342019861,170.91626368500027,269.1505887236149,135.34990073151963,68.57455604674527,30.994980559539954,0.0,232.08629103204322,211.54812914269132,203.65249236431623,195.89210315106257,317.6347470903591,337.358264629015,345.97524624276605,344.9274265679553,392.3786784895029,366.7448937799711,338.2623148932106,317.89583880488465,320.0,335.9199900998555,366.55710810665505,402.2978095930308,419.85626824350334,466.97293294596204,528.9390850169546,566.1607108260841,602.0765472629332,481.27238845142244,557.2568018913245,599.8607597770965,640.0,474.2566076157371,534.9512078672362,573.5764446280386,615.8702051370541,444.80210101874684,475.94184174597575,450.533158445082,420.1393930691212,320.0,195.0744464918634,106.1851540803134,168.39044669270763,267.0182082722604,134.9067965826216,68.36979825471866,30.89479545184105,0.0,230.71180709599184,209.98864404692878,200.9478288761275,192.73871059377672,315.2237590474481,335.30392707795255,343.52206959436114,342.54349045726224,388.84712887894756,364.00546681496127,335.0589521387733,314.50989077604515,320.0,334.80013190234706,365.0122246363675,401.1618165298601,418.3924374553175,466.01822210483226,528.1571380848661,565.3729657209899,601.3770561999752,480.74308575104993,557.1895547542673,600.0095322577088,640.0,473.844485411396,534.8682348270611,573.0952133757157,615.3064604715239,444.3895078460917,476.33668665822825,451.0710395271311,420.8375153513998,320.0,195.27971995643273,106.3510937121491,167.4488186355458,264.4426404424777,134.2903584313566,68.40141797020192,31.316504337309766,0.0,229.90252841765397,209.81225024178352,201.1904440495365,192.8779728277854,314.67769285818633,335.043206668972,344.46135439454264,343.8222692331163,390.0323425910687,364.95231825553424,335.2313077760909,313.6638848463218,320.0,335.07657940186584,364.19806959940945,400.6650540349012,419.0663767889616,465.9956222678652,528.133819317956,565.6841654549978,601.8418944422799,480.69671713095795,556.8277878341407,599.8557313227716,640.0,473.7273525203274,534.5329256552924,573.2587521380317,615.5886023068097,443.7770955667768,477.07050239899024,452.67273757703936,422.43274985522464,320.0,195.9359146968104,107.09339167291344,167.11721971441858,263.3709599952224,134.96674934463664,69.11823564581854,31.885876270807728,0.0,230.7551257151698,211.1758264588104,202.73191009168517,194.17067509171858,315.45534179082006,336.1278441064104,345.59708105338666,344.885864511275,390.5489326840534,365.92330893883593,336.7103052936113,315.43866631218975,320.0,334.92718718664133,363.86065206539433,400.082977288892,418.6568350939483,466.298929224323,528.7407636299131,566.0980902015156,602.0021643732052,480.917408797588,557.2274318651612,600.0121312613246,640.0,473.8195895634799,534.7124140435843,573.2646308094318,615.4274987150086,443.7802491351764,476.8366086729094,452.40299349981166,422.3047121063862,320.0,194.3647470362965,105.78007069838543,167.4283629214479,264.9590025334931,134.22105274062716,67.96327183195376,31.01295753377508,0.0,229.21213083920662,210.00846953304764,201.76448988847335,194.08967023151362,314.3467812206119,335.97449240930473,343.8780516160371,342.6274614076829,390.2771141890578,364.69622370249124,333.42800609143364,311.41906231978646,320.0,336.8875762656874,367.0514149289373,402.8888242800581,421.1529502326854,467.55683132735396,529.2737257134023,566.2815831755038,601.931357069857,481.3967062156519,557.3188179222996,600.0276777811985,640.0,473.9708013851729,535.1418432792447,573.7783568203076,615.9846729070952,443.70446827125403,478.00480322376075,453.78144877189874,423.557311703224
320.0,195.0744464918634,106.1851540803134,168.39044669270763,267.0182082722604,134.9067965826216,68.36979825471866,30.89479545184105,0.0,230.71180709599184,209.98864404692878,200.9478288761275,192.73871059377672,315.2237590474481,335.30392707795255,343.52206959436114,342.54349045726224,388.84712887894756,364.00546681496127,335.0589521387733,314.50989077604515,320.0,334.80013190234706,365.0122246363675,401.1618165298601,418.3924374553175,466.01822210483226,528.1571380848661,565.3729657209899,601.3770561999752,480.74308575104993,557.1895547542673,600.0095322577088,640.0,473.844485411396,534.8682348270611,573.0952133757157,615.3064604715239,444.3895078460917,476.33668665822825,451.0710395271311,420.8375153513998,320.0,195.27971995643273,106.3510937121491,167.4488186355458,264.4426404424777,134.2903584313566,68.40141797020192,31.316504337309766,0.0,229.90252841765397,209.81225024178352,201.1904440495365,192.8779728277854,314.67769285818633,335.043206668972,344.46135439454264,343.8222692331163,390.0323425910687,364.95231825553424,335.2313077760909,313.6638848463218,320.0,335.07657940186584,364.19806959940945,400.6650540349012,419.0663767889616,465.9956222678652,528.133819317956,565.6841654549978,601.8418944422799,480.69671713095795,556.8277878341407,599.8557313227716,640.0,473.7273525203274,534.5329256552924,573.2587521380317,615.5886023068097,443.7770955667768,477.07050239899024,452.67273757703936,422.43274985522464,320.0,195.9359146968104,107.09339167291344,167.11721971441858,263.3709599952224,134.96674934463664,69.11823564581854,31.885876270807728,0.0,230.7551257151698,211.1758264588104,202.73191009168517,194.17067509171858,315.45534179082006,336.1278441064104,345.59708105338666,344.885864511275,390.5489326840534,365.92330893883593,336.7103052936113,315.43866631218975,320.0,334.92718718664133,363.86065206539433,400.082977288892,418.6568350939483,466.298929224323,528.7407636299131,566.0980902015156,602.0021643732052,480.917408797588,557.2274318651612,600.0121312613246,640.0,473.8195895634799,534.7124140435843,573.2646308094318,615.4274987150086,443.7802491351764,476.8366086729094,452.40299349981166,422.3047121063862,320.0,194.3647470362965,105.78007069838543,167.4283629214479,264.9590025334931,134.22105274062716,67.96327183195376,31.01295753377508,0.0,229.21213083920662,210.00846953304764,201.76448988847335,194.08967023151362,314.3467812206119,335.97449240930473,343.8780516160371,342.6274614076829,390.2771141890578,364.69622370249124,333.42800609143364,311.41906231978646,320.0,336.8875762656874,367.0514149289373,402.8888242800581,421.1529502326854,467.55683132735396,529.2737257134023,566.2815831755038,601.931357069857,481.3967062156519,557.3188179222996,600.0276777811985,640.0,473.9708013851729,535.1418432792447,573.7783568203076,615.9846729070952,443.70446827125403,478.00480322376075,453.78144877189874,423.557311703224,320.0,193.32593597703465,105.07683484809968,169.08595897189358,268.4020464686236,131.16990958462077,66.13646230739386,29.645725073946664,0.0,227.79748099256219,208.71846569295312,200.87777245147618,193.38395831766584,313.7100387046291,335.865714453127,344.64340205800295,343.9057948982233,388.94774067667817,366.07763717674436,337.3721545361558,316.35396765125324,320.0,335.01999500175424,365.2250966845643,400.54301889468786,417.9937816654817,465.83986476474934,527.3771254488361,564.68823071924,600.8456213604084,480.3050948596797,556.8338414344885,599.7711680889597,640.0,473.5329751660934,534.485669878652,572.6919267833705,614.3984307069395,444.7022537997232,475.0443025717818,449.7472036941262,419.87680414264946
320.0,195.27971995643273,106.3510937121491,167.4488186355458,264.4426404424777,134.2903584313566,68.40141797020192,31.316504337309766,0.0,229.90252841765397,209.81225024178352,201.1904440495365,192.8779728277854,314.67769285818633,335.043206668972,344.46135439454264,343.8222692331163,390.0323425910687,364.95231825553424,335.2313077760909,313.6638848463218,320.0,335.07657940186584,364.19806959940945,400.6650540349012,419.0663767889616,465.9956222678652,528.133819317956,565.6841654549978,601.8418944422799,480.69671713095795,556.8277878341407,599.8557313227716,640.0,473.7273525203274,534.5329256552924,573.2587521380317,615.5886023068097,443.7770955667768,477.07050239899024,452.67273757703936,422.43274985522464,320.0,195.9359146968104,107.09339167291344,167.11721971441858,263.3709599952224,134.96674934463664,69.11823564581854,31.885876270807728,0.0,230.7551257151698,211.1758264588104,202.73191009168517,194.17067509171858,315.45534179082006,336.1278441064104,345.59708105338666,344.885864511275,390.5489326840534,365.92330893883593,336.7103052936113,315.43866631218975,320.0,334.92718718664133,363.86065206539433,400.082977288892,418.6568350939483,466.298929224323,528.7407636299131,566.0980902015156,602.0021643732052,480.917408797588,557.2274318651612,600.0121312613246,640.0,473.8195895634799,534.7124140435843,573.2646308094318,615.4274987150086,443.7802491351764,476.8366086729094,452.40299349981166,422.3047121063862,320.0,194.3647470362965,105.78007069838543,167.4283629214479,264.9590025334931,134.22105274062716,67.96327183195376,31.01295753377508,0.0,229.21213083920662,210.00846953304764,201.76448988847335,194.08967023151362,314.3467812206119,335.97449240930473,343.8780516160371,342.6274614076829,390.2771141890578,364.69622370249124,333.42800609143364,311.41906231978646,320.0,336.8875762656874,367.0514149289373,402.8888242800581,421.1529502326854,467.55683132735396,529.2737257134023,566.2815831755038,601.931357069857,481.3967062156519,557.3188179222996,600.0276777811985,640.0,473.9708013851729,535.1418432792447,573.7783568203076,615.9846729070952,443.70446827125403,478.00480322376075,453.78144877189874,423.557311703224,320.0,193.32593597703465,105.07683484809968,169.08595897189358,268.4020464686236,131.16990958462077,66.13646230739386,29.645725073946664,0.0,227.79748099256219,208.71846569295312,200.87777245147618,193.38395831766584,313.7100387046291,335.865714453127,344.64340205800295,343.9057948982233,388.94774067667817,366.07763717674436,337.3721545361558,316.35396765125324,320.0,335.01999500175424,365.2250966845643,400.54301889468786,417.9937816654817,465.83986476474934,527.3771254488361,564.68823071924,600.8456213604084,480.3050948596797,556.8338414344885,599.7711680889597,640.0,473.5329751660934,534.485669878652,572.6919267833705,614.3984307069395,444.7022537997232,475.0443025717818,449.7472036941262,419.87680414264946,320.0,192.99039030696147,105.92256358329197,171.63811787122773,270.80362291691176,133.50388263772058,67.93869229867823,30.558273773052008,0.0,230.10824512448548,210.24126969892308,202.20866927119386,194.4237662683757,315.400401565305,336.2637877727132,345.21772795025345,344.3436496679008,390.13268943590174,367.24719286806703,338.9907522565802,318.07352199860907,320.0,334.85569326315965,365.44212477081976,401.5986336574906,418.96075621550096,466.1356130474726,527.3207084301241,564.5802408906854,600.8275018828733,481.0261082571239,556.8002829811738,599.7953312817287,640.0,474.1460477090592,534.3187424081895,572.7715336875667,614.7842022906211,444.8835546064224,475.3350424279957,450.5047150405557,420.9468791816158
320.0,195.9359146968104,107.09339167291344,167.11721971441858,263.3709599952224,134.96674934463664,69.11823564581854,31.885876270807728,0.0,230.7551257151698,211.1758264588104,202.73191009168517,194.17067509171858,315.45534179082006,336.1278441064104,345.59708105338666,344.885864511275,390.5489326840534,365.92330893883593,336.7103052936113,315.43866631218975,320.0,334.92718718664133,363.86065206539433,400.082977288892,418.6568350939483,466.298929224323,528.7407636299131,566.0980902015156,602.0021643732052,480.917408797588,557.2274318651612,600.0121312613246,640.0,473.8195895634799,534.7124140435843,573.2646308094318,615.4274987150086,443.7802491351764,476.8366086729094,452.40299349981166,422.3047121063862,320.0,194.3647470362965,105.78007069838543,167.4283629214479,264.9590025334931,134.22105274062716,67.96327183195376,31.01295753377508,0.0,229.21213083920662,210.00846953304764,201.76448988847335,194.08967023151362,314.3467812206119,335.97449240930473,343.8780516160371,342.6274614076829,390.2771141890578,364.69622370249124,333.42800609143364,311.41906231978646,320.0,336.8875762656874,367.0514149289373,402.8888242800581,421.1529502326854,467.55683132735396,529.2737257134023,566.2815831755038,601.931357069857,481.3967062156519,557.3188179222996,600.0276777811985,640.0,473.9708013851729,535.1418432792447,573.7783568203076,615.9846729070952,443.70446827125403,478.00480322376075,453.78144877189874,423.557311703224,320.0,193.32593597703465,105.07683484809968,169.08595897189358,268.4020464686236,131.16990958462077,66.13646230739386,29.645725073946664,0.0,227.79748099256219,208.71846569295312,200.87777245147618,193.38395831766584,313.7100387046291,335.865714453127,344.64340205800295,343.9057948982233,388.94774067667817,366.07763717674436,337.3721545361558,316.35396765125324,320.0,335.01999500175424,365.2250966845643,400.54301889468786,417.9937816654817,465.83986476474934,527.3771254488361,564.68823071924,600.8456213604084,480.3050948596797,556.8338414344885,599.7711680889597,640.0,473.5329751660934,534.485669878652,572.6919267833705,614.3984307069395,444.7022537997232,475.0443025717818,449.7472036941262,419.87680414264946,320.0,192.99039030696147,105.92256358329197,171.63811787122773,270.80362291691176,133.50388263772058,67.93869229867823,30.558273773052008,0.0,230.10824512448548,210.24126969892308,202.20866927119386,194.4237662683757,315.400401565305,336.2637877727132,345.21772795025345,344.3436496679008,390.13268943590174,367.24719286806703,338.9907522565802,318.07352199860907,320.0,334.85569326315965,365.44212477081976,401.5986336574906,418.96075621550096,466.1356130474726,527.3207084301241,564.5802408906854,600.8275018828733,481.0261082571239,556.8002829811738,599.7953312817287,640.0,474.1460477090592,534.3187424081895,572.7715336875667,614.7842022906211,444.8835546064224,475.3350424279957,450.5047150405557,420.9468791816158,320.0,195.54724681708444,107.60335616273954,170.09736350021308,269.1385646684483,137.38380710804728,70.28866676901632,31.613324837406708,0.0,232.8816453113671,211.4303906903484,202.89323437118594,195.38087882118566,316.75843263740103,335.66895232453714,343.8631558019797,343.40202081683174,389.57290759502325,365.1713020641569,337.8994138444657,318.73122665148634,320.0,334.414568066503,365.4264467720038,401.77319696963957,419.2288608227815,466.3354791442224,528.1189461375675,565.2470838922416,601.4370890705412,481.19742632556625,557.0640934972569,599.8655481828064,640.0,474.45206609826215,535.2200885559578,573.7637364272546,615.5894198194142,445.60440279920374,475.6419603516482,450.1658516841919,420.01804017862696
320.0,194.3647470362965,105.78007069838543,167.4283629214479,264.9590025334931,134.22105274062716,67.96327183195376,31.01295753377508,0.0,229.21213083920662,210.00846953304764,201.76448988847335,194.08967023151362,314.3467812206119,335.97449240930473,343.8780516160371,342.6274614076829,390.2771141890578,364.69622370249124,333.42800609143364,311.41906231978646,320.0,336.8875762656874,367.0514149289373,402.8888242800581,421.1529502326854,467.55683132735396,529.2737257134023,566.2815831755038,601.931357069857,481.3967062156519,557.3188179222996,600.0276777811985,640.0,473.9708013851729,535.1418432792447,573.7783568203076,615.9846729070952,443.70446827125403,478.00480322376075,453.78144877189874,423.557311703224,320.0,193.32593597703465,105.07683484809968,169.08595897189358,268.4020464686236,131.16990958462077,66.13646230739386,29.645725073946664,0.0,227.79748099256219,208.71846569295312,200.87777245147618,193.38395831766584,313.7100387046291,335.865714453127,344.64340205800295,343.9057948982233,388.94774067667817,366.07763717674436,337.3721545361558,316.35396765125324,320.0,335.01999500175424,365.2250966845643,400.54301889468786,417.9937816654817,465.83986476474934,527.3771254488361,564.68823071924,600.8456213604084,480.3050948596797,556.8338414344885,599.7711680889597,640.0,473.5329751660934,534.485669878652,572.6919267833705,614.3984307069395,444.7022537997232,475.0443025717818,449.7472036941262,419.87680414264946,320.0,192.99039030696147,105.92256358329197,171.63811787122773,270.80362291691176,133.50388263772058,67.93869229867823,30.558273773052008,0.0,230.10824512448548,210.24126969892308,202.20866927119386,194.4237662683757,315.400401565305,336.2637877727132,345.21772795025345,344.3436496679008,390.13268943590174,367.24719286806703,338.9907522565802,318.07352199860907,320.0,334.85569326315965,365.44212477081976,401.5986336574906,418.96075621550096,466.1356130474726,527.3207084301241,564.5802408906854,600.8275018828733,481.0261082571239,556.8002829811738,599.7953312817287,640.0,474.1460477090592,534.3187424081895,572.7715336875667,614.7842022906211,444.8835546064224,475.3350424279957,450.5047150405557,420.9468791816158,320.0,195.54724681708444,107.60335616273954,170.09736350021308,269.1385646684483,137.38380710804728,70.28866676901632,31.613324837406708,0.0,232.8816453113671,211.4303906903484,202.89323437118594,195.38087882118566,316.75843263740103,335.66895232453714,343.8631558019797,343.40202081683174,389.57290759502325,365.1713020641569,337.8994138444657,318.73122665148634,320.0,334.414568066503,365.4264467720038,401.77319696963957,419.2288608227815,466.3354791442224,528.1189461375675,565.2470838922416,601.4370890705412,481.19742632556625,557.0640934972569,599.8655481828064,640.0,474.45206609826215,535.2200885559578,573.7637364272546,615.5894198194142,445.60440279920374,475.6419603516482,450.1658516841919,420.01804017862696,320.0,195.64282675259477,108.36057152822434,171.51155865596908,271.0398571925867,138.20442568172015,70.25632546410262,31.86248362666049,0.0,233.68829956804467,211.51587436403813,202.25662674938292,194.45650465193972,316.9861338652119,335.0109917103572,342.23525178017303,341.35589685638666,389.0326548458186,363.1492635587989,334.83648148554454,315.5525587873856,320.0,335.2405555434159,366.01232796409465,402.40365355340117,419.49742328878614,465.90387489994896,528.1770081770082,565.3018932211305,601.4578927646791,480.72544476358274,556.8536363825203,599.8779235346818,640.0,473.9438505450844,535.0155778871426,573.7125117046598,615.8722605161192,444.6835688563114,477.1858855089365,452.01277524328566,421.4389494927913
320.0,193.32593597703465,105.07683484809968,169.08595897189358,268.4020464686236,131.16990958462077,66.13646230739386,29.645725073946664,0.0,227.79748099256219,208.71846569295312,200.87777245147618,193.38395831766584,313.7100387046291,335.865714453127,344.64340205800295,343.9057948982233,388.94774067667817,366.07763717674436,337.3721545361558,316.35396765125324,320.0,335.01999500175424,365.2250966845643,400.54301889468786,417.9937816654817,465.83986476474934,527.3771254488361,564.68823071924,600.8456213604084,480.3050948596797,556.8338414344885,599.7711680889597,640.0,473.5329751660934,534.485669878652,572.6919267833705,614.3984307069395,444.7022537997232,475.0443025717818,449.7472036941262,419.87680414264946,320.0,192.99039030696147,105.92256358329197,171.63811787122773,270.80362291691176,133.50388263772058,67.93869229867823,30.558273773052008,0.0,230.10824512448548,210.24126969892308,202.20866927119386,194.4237662683757,315.400401565305,336.2637877727132,345.21772795025345,344.3436496679008,390.13268943590174,367.24719286806703,338.9907522565802,318.07352199860907,320.0,334.85569326315965,365.44212477081976,401.5986336574906,418.96075621550096,466.1356130474726,527.3207084301241,564.5802408906854,600.8275018828733,481.0261082571239,556.8002829811738,599.7953312817287,640.0,474.1460477090592,534.3187424081895,572.7715336875667,614.7842022906211,444.8835546064224,475.3350424279957,450.5047150405557,420.9468791816158,320.0,195.54724681708444,107.60335616273954,170.09736350021308,269.1385646684483,137.38380710804728,70.28866676901632,31.613324837406708,0.0,232.8816453113671,211.4303906903484,202.89323437118594,195.38087882118566,316.75843263740103,335.66895232453714,343.8631558019797,343.40202081683174,389.57290759502325,365.1713020641569,337.8994138444657,318.73122665148634,320.0,334.414568066503,365.4264467720038,401.77319696963957,419.2288608227815,466.3354791442224,528.1189461375675,565.2470838922416,601.4370890705412,481.19742632556625,557.0640934972569,599.8655481828064,640.0,474.45206609826215,535.2200885559578,573.7637364272546,615.5894198194142,445.60440279920374,475.6419603516482,450.1658516841919,420.01804017862696,320.0,195.64282675259477,108.36057152822434,171.51155865596908,271.0398571925867,138.20442568172015,70.25632546410262,31.86248362666049,0.0,233.68829956804467,211.51587436403813,202.25662674938292,194.45650465193972,316.9861338652119,335.0109917103572,342.23525178017303,341.35589685638666,389.0326548458186,363.1492635587989,334.83648148554454,315.5525587873856,320.0,335.2405555434159,366.01232796409465,402.40365355340117,419.49742328878614,465.90387489994896,528.1770081770082,565.3018932211305,601.4578927646791,480.72544476358274,556.8536363825203,599.8779235346818,640.0,473.9438505450844,535.0155778871426,573.7125117046598,615.8722605161192,444.6835688563114,477.1858855089365,452.01277524328566,421.4389494927913,320.0,196.5388296500178,109.12777527134784,170.9380732511401,267.89960895905375,136.92470671929033,69.20780627279225,31.49426734654685,0.0,232.0901587460325,210.64981436635117,201.60895678094093,193.54436286236063,315.8897721371109,334.87771134791507,342.2849655495313,340.8249702542959,388.76349466281954,362.63194989766566,332.7125922912318,311.66186606421434,320.0,335.424948566105,365.7730438551122,402.05370898316346,419.6034242657638,466.1669578175786,528.3044345615589,565.4804884929844,601.6362952631564,480.7526274062508,556.7412646820499,599.8415774806034,640.0,473.73467908459,535.0755513235149,573.8711251657804,616.3219764180209,443.9739929557246,477.1307230700321,451.85994262926397,421.00483499134486
320.0,192.99039030696147,105.92256358329197,171.63811787122773,270.80362291691176,133.50388263772058,67.93869229867823,30.558273773052008,0.0,230.10824512448548,210.24126969892308,202.20866927119386,194.4237662683757,315.400401565305,336.2637877727132,345.21772795025345,344.3436496679008,390.13268943590174,367.24719286806703,338.9907522565802,318.07352199860907,320.0,334.85569326315965,365.44212477081976,401.5986336574906,418.96075621550096,466.1356130474726,527.3207084301241,564.5802408906854,600.8275018828733,481.0261082571239,556.8002829811738,599.7953312817287,640.0,474.1460477090592,534.3187424081895,572.7715336875667,614.7842022906211,444.8835546064224,475.3350424279957,450.5047150405557,420.9468791816158,320.0,195.54724681708444,107.60335616273954,170.09736350021308,269.1385646684483,137.38380710804728,70.28866676901632,31.613324837406708,0.0,232.8816453113671,211.4303906903484,202.89323437118594,195.38087882118566,316.75843263740103,335.66895232453714,343.8631558019797,343.40202081683174,389.57290759502325,365.1713020641569,337.8994138444657,318.73122665148634,320.0,334.414568066503,365.4264467720038,401.77319696963957,419.2288608227815,466.3354791442224,528.1189461375675,565.2470838922416,601.4370890705412,481.19742632556625,557.0640934972569,599.8655481828064,640.0,474.45206609826215,535.2200885559578,573.7637364272546,615.5894198194142,445.60440279920374,475.6419603516482,450.1658516841919,420.01804017862696,320.0,195.64282675259477,108.36057152822434,171.51155865596908,271.0398571925867,138.20442568172015,70.25632546410262,31.86248362666049,0.0,233.68829956804467,211.51587436403813,202.25662674938292,194.45650465193972,316.9861338652119,335.0109917103572,342.23525178017303,341.35589685638666,389.0326548458186,363.1492635587989,334.83648148554454,315.5525587873856,320.0,335.2405555434159,366.01232796409465,402.40365355340117,419.49742328878614,465.90387489994896,528.1770081770082,565.3018932211305,601.4578927646791,480.72544476358274,556.8536363825203,599.8779235346818,640.0,473.9438505450844,535.0155778871426,573.7125117046598,615.8722605161192,444.6835688563114,477.1858855089365,452.01277524328566,421.4389494927913,320.0,196.5388296500178,109.12777527134784,170.9380732511401,267.89960895905375,136.92470671929033,69.20780627279225,31.49426734654685,0.0,232.0901587460325,210.64981436635117,201.60895678094093,193.54436286236063,315.8897721371109,334.87771134791507,342.2849655495313,340.8249702542959,388.76349466281954,362.63194989766566,332.7125922912318,311.66186606421434,320.0,335.424948566105,365.7730438551122,402.05370898316346,419.6034242657638,466.1669578175786,528.3044345615589,565.4804884929844,601.6362952631564,480.7526274062508,556.7412646820499,599.8415774806034,640.0,473.73467908459,535.0755513235149,573.8711251657804,616.3219764180209,443.9739929557246,477.1307230700321,451.85994262926397,421.00483499134486,320.0,194.8781360308704,106.08657354625961,168.25376472370036,267.17361631827816,134.19514774107287,68.2638182340201,31.151015432417125,0.0,230.67837036500188,212.27594934591787,204.6557230211449,196.86750458308128,316.7990812466725,338.4795784587281,347.0737873766192,345.6906770881243,391.78236101393645,366.7266346478159,337.22662489163673,316.1465879854048,320.0,335.757864854834,365.3963310011476,400.6129086890835,419.01461150617604,466.4334023559152,527.3828253898175,564.5150211890314,600.746638428077,480.63573416499423,556.7837171814842,599.8628695771838,640.0,473.3908570839755,534.5899075291113,573.0834099765141,615.2813117492146,443.55807844683454,476.2186332990709,451.3595915089983,421.3783450426895
320.0,195.54724681708444,107.60335616273954,170.09736350021308,269.1385646684483,137.38380710804728,70.28866676901632,31.613324837406708,0.0,232.8816453113671,211.4303906903484,202.89323437118594,195.38087882118566,316.75843263740103,335.66895232453714,343.8631558019797,343.40202081683174,389.57290759502325,365.1713020641569,337.8994138444657,318.73122665148634,320.0,334.414568066503,365.4264467720038,401.77319696963957,419.2288608227815,466.3354791442224,528.1189461375675,565.2470838922416,601.4370890705412,481.19742632556625,557.0640934972569,599.8655481828064,640.0,474.45206609826215,535.2200885559578,573.7637364272546,615.5894198194142,445.60440279920374,475.6419603516482,450.1658516841919,420.01804017862696,320.0,195.64282675259477,108.36057152822434,171.51155865596908,271.0398571925867,138.20442568172015,70.25632546410262,31.86248362666049,0.0,233.68829956804467,211.51587436403813,202.25662674938292,194.45650465193972,316.9861338652119,335.0109917103572,342.23525178017303,341.35589685638666,389.0326548458186,363.1492635587989,334.83648148554454,315.5525587873856,320.0,335.2405555434159,366.01232796409465,402.40365355340117,419.49742328878614,465.90387489994896,528.1770081770082,565.3018932211305,601.4578927646791,480.72544476358274,556.8536363825203,599.8779235346818,640.0,473.9438505450844,535.0155778871426,573.7125117046598,615.8722605161192,444.6835688563114,477.1858855089365,452.01277524328566,421.4389494927913,320.0,196.5388296500178,109.12777527134784,170.9380732511401,267.89960895905375,136.92470671929033,69.20780627279225,31.49426734654685,0.0,232.0901587460325,210.64981436635117,201.60895678094093,193.54436286236063,315.8897721371109,334.87771134791507,342.2849655495313,340.8249702542959,388.76349466281954,362.63194989766566,332.7125922912318,311.66186606421434,320.0,335.424948566105,365.7730438551122,402.05370898316346,419.6034242657638,466.1669578175786,528.3044345615589,565.4804884929844,601.6362952631564,480.7526274062508,556.7412646820499,599.8415774806034,640.0,473.73467908459,535.0755513235149,573.8711251657804,616.3219764180209,443.9739929557246,477.1307230700321,451.85994262926397,421.00483499134486,320.0,194.8781360308704,106.08657354625961,168.25376472370036,267.17361631827816,134.19514774107287,68.2638182340201,31.151015432417125,0.0,230.67837036500188,212.27594934591787,204.6557230211449,196.86750458308128,316.7990812466725,338.4795784587281,347.0737873766192,345.6906770881243,391.78236101393645,366.7266346478159,337.22662489163673,316.1465879854048,320.0,335.757864854834,365.3963310011476,400.6129086890835,419.01461150617604,466.4334023559152,527.3828253898175,564.5150211890314,600.746638428077,480.63573416499423,556.7837171814842,599.8628695771838,640.0,473.3908570839755,534.5899075291113,573.0834099765141,615.2813117492146,443.55807844683454,476.2186332990709,451.3595915089983,421.3783450426895,320.0,198.26938613946663,110.1626089822868,170.72756106226475,267.237237037748,135.18577813369959,69.5840273159817,31.354554102929285,0.0,230.2956062565986,211.66290345007206,204.33138632592855,196.23034504844,313.6628974942864,334.5764646135852,344.07229590725285,343.89329247969823,384.8267290161065,359.30268745663443,330.1938127175723,308.54898507686283,320.0,333.21754308029335,363.79809938713936,399.6746167948923,418.1287559383542,465.2414756976075,526.0262330940121,563.4286840340276,599.7146072529185,480.3042458184093,556.4089638871062,599.472627362635,640.0,473.3840903138441,533.2913229357147,571.8436564039295,613.9117386444435,444.2225148614611,470.91700798417116,444.8415887725764,415.1728464165278
320.0,195.64282675259477,108.36057152822434,171.51155865596908,271.0398571925867,138.20442568172015,70.25632546410262,31.86248362666049,0.0,233.68829956804467,211.51587436403813,202.25662674938292,194.45650465193972,316.9861338652119,335.0109917103572,342.23525178017303,341.35589685638666,389.0326548458186,363.1492635587989,334.83648148554454,315.5525587873856,320.0,335.2405555434159,366.01232796409465,402.40365355340117,419.49742328878614,465.90387489994896,528.1770081770082,565.3018932211305,601.4578927646791,480.72544476358274,556.8536363825203,599.8779235346818,640.0,473.9438505450844,535.0155778871426,573.7125117046598,615.8722605161192,444.6835688563114,477.1858855089365,452.01277524328566,421.4389494927913,320.0,196.5388296500178,109.12777527134784,170.9380732511401,267.89960895905375,136.92470671929033,69.20780627279225,31.49426734654685,0.0,232.0901587460325,210.64981436635117,201.60895678094093,193.54436286236063,315.8897721371109,334.87771134791507,342.2849655495313,340.8249702542959,388.76349466281954,362.63194989766566,332.7125922912318,311.66186606421434,320.0,335.424948566105,365.7730438551122,402.05370898316346,419.6034242657638,466.1669578175786,528.3044345615589,565.4804884929844,601.6362952631564,480.7526274062508,556.7412646820499,599.8415774806034,640.0,473.73467908459,535.0755513235149,573.8711251657804,616.3219764180209,443.9739929557246,477.1307230700321,451.85994262926397,421.00483499134486,320.0,194.8781360308704,106.08657354625961,168.25376472370036,267.17361631827816,134.19514774107287,68.2638182340201,31.151015432417125,0.0,230.67837036500188,212.27594934591787,204.6557230211449,196.86750458308128,316.7990812466725,338.4795784587281,347.0737873766192,345.6906770881243,391.78236101393645,366.7266346478159,337.22662489163673,316.1465879854048,320.0,335.757864854834,365.3963310011476,400.6129086890835,419.01461150617604,466.4334023559152,527.3828253898175,564.5150211890314,600.746638428077,480.63573416499423,556.7837171814842,599.8628695771838,640.0,473.3908570839755,534.5899075291113,573.0834099765141,615.2813117492146,443.55807844683454,476.2186332990709,451.3595915089983,421.3783450426895,320.0,198.26938613946663,110.1626089822868,170.72756106226475,267.237237037748,135.18577813369959,69.5840273159817,31.354554102929285,0.0,230.2956062565986,211.66290345007206,204.33138632592855,196.23034504844,313.6628974942864,334.5764646135852,344.07229590725285,343.89329247969823,384.8267290161065,359.30268745663443,330.1938127175723,308.54898507686283,320.0,333.21754308029335,363.79809938713936,399.6746167948923,418.1287559383542,465.2414756976075,526.0262330940121,563.4286840340276,599.7146072529185,480.3042458184093,556.4089638871062,599.472627362635,640.0,473.3840903138441,533.2913229357147,571.8436564039295,613.9117386444435,444.2225148614611,470.91700798417116,444.8415887725764,415.1728464165278,320.0,197.26489558473864,109.91926156126345,173.9031171075814,273.08158599483426,137.14565559931037,71.4129654137513,32.22962232817122,0.0,233.4350508452807,214.68789537891348,206.78465306680633,198.10220431576766,316.6215660868527,337.39498354900314,346.01777765662865,345.0616770892119,387.0048051279339,362.13088862641627,332.5264402158785,309.92937956537395,320.0,333.25945950676623,364.3066024772069,400.4514601075841,418.9746271804836,465.9380713867462,526.5566139596403,563.9009798365756,600.1531488631508,481.1166311971982,556.6564727986412,599.5886296975958,640.0,473.78159441575855,533.037631784244,571.6963940138835,613.8742883520229,443.9194575650986,470.2165027228462,444.42642412872755,415.15514039539056
320.0,196.5388296500178,109.12777527134784,170.9380732511401,267.89960895905375,136.92470671929033,69.20780627279225,31.49426734654685,0.0,232.0901587460325,210.64981436635117,201.60895678094093,193.54436286236063,315.8897721371109,334.87771134791507,342.2849655495313,340.8249702542959,388.76349466281954,362.63194989766566,332.7125922912318,311.66186606421434,320.0,335.424948566105,365.7730438551122,402.05370898316346,419.6034242657638,466.1669578175786,528.3044345615589,565.4804884929844,601.6362952631564,480.7526274062508,556.7412646820499,599.8415774806034,640.0,473.73467908459,535.0755513235149,573.8711251657804,616.3219764180209,443.9739929557246,477.1307230700321,451.85994262926397,421.00483499134486,320.0,194.8781360308704,106.08657354625961,168.25376472370036,267.17361631827816,134.19514774107287,68.2638182340201,31.151015432417125,0.0,230.67837036500188,212.27594934591787,204.6557230211449,196.86750458308128,316.7990812466725,338.4795784587281,347.0737873766192,345.6906770881243,391.78236101393645,366.7266346478159,337.22662489163673,316.1465879854048,320.0,335.757864854834,365.3963310011476,400.6129086890835,419.01461150617604,466.4334023559152,527.3828253898175,564.5150211890314,600.746638428077,480.63573416499423,556.7837171814842,599.8628695771838,640.0,473.3908570839755,534.5899075291113,573.0834099765141,615.2813117492146,443.55807844683454,476.2186332990709,451.3595915089983,421.3783450426895,320.0,198.26938613946663,110.1626089822868,170.72756106226475,267.237237037748,135.18577813369959,69.5840273159817,31.354554102929285,0.0,230.2956062565986,211.66290345007206,204.33138632592855,196.23034504844,313.6628974942864,334.5764646135852,344.07229590725285,343.89329247969823,384.8267290161065,359.30268745663443,330.1938127175723,308.54898507686283,320.0,333.21754308029335,363.79809938713936,399.6746167948923,418.1287559383542,465.2414756976075,526.0262330940121,563.4286840340276,599.7146072529185,480.3042458184093,556.4089638871062,599.472627362635,640.0,473.3840903138441,533.2913229357147,571.8436564039295,613.9117386444435,444.2225148614611,470.91700798417116,444.8415887725764,415.1728464165278,320.0,197.26489558473864,109.91926156126345,173.9031171075814,273.08158599483426,137.14565559931037,71.4129654137513,32.22962232817122,0.0,233.4350508452807,214.68789537891348,206.78465306680633,198.10220431576766,316.6215660868527,337.39498354900314,346.01777765662865,345.0616770892119,387.0048051279339,362.13088862641627,332.5264402158785,309.92937956537395,320.0,333.25945950676623,364.3066024772069,400.4514601075841,418.9746271804836,465.9380713867462,526.5566139596403,563.9009798365756,600.1531488631508,481.1166311971982,556.6564727986412,599.5886296975958,640.0,473.78159441575855,533.037631784244,571.6963940138835,613.8742883520229,443.9194575650986,470.2165027228462,444.42642412872755,415.15514039539056,320.0,215.56972583500058,154.55172150911454,179.91469814092457,215.16063345983895,135.18882893202613,66.35472069886615,26.48554112181779,0.0,208.01415246940064,190.64067486167625,183.81446190806173,181.47700565805562,276.8670889601942,282.8748669540817,276.7947158901542,269.7077221854619,339.92167272805466,304.85382395227253,277.1435077990076,261.659048637385,320.0,333.32707492386936,358.9644771759113,388.0715101018678,406.05591378635853,465.25191488606924,524.965476375435,563.7112832356196,599.1296518863751,477.17594287548076,555.1297031273763,600.7604085747216,640.0,465.41899733842416,524.7009782104212,568.9002150479712,612.529988303256,429.46974038221185,456.3140127386443,433.53866478432633,403.1134715548392
320.0,194.8781360308704,106.08657354625961,168.25376472370036,267.17361631827816,134.19514774107287,68.2638182340201,31.151015432417125,0.0,230.67837036500188,212.27594934591787,204.6557230211449,196.86750458308128,316.7990812466725,338.4795784587281,347.0737873766192,345.6906770881243,391.78236101393645,366.7266346478159,337.22662489163673,316.1465879854048,320.0,335.757864854834,365.3963310011476,400.6129086890835,419.01461150617604,466.4334023559152,527.3828253898175,564.5150211890314,600.746638428077,480.63573416499423,556.7837171814842,599.8628695771838,640.0,473.3908570839755,534.5899075291113,573.0834099765141,615.2813117492146,443.55807844683454,476.2186332990709,451.3595915089983,421.3783450426895,320.0,198.26938613946663,110.1626089822868,170.72756106226475,267.237237037748,135.18577813369959,69.5840273159817,31.354554102929285,0.0,230.2956062565986,211.66290345007206,204.33138632592855,196.23034504844,313.6628974942864,334.5764646135852,344.07229590725285,343.89329247969823,384.8267290161065,359.30268745663443,330.1938127175723,308.54898507686283,320.0,333.21754308029335,363.79809938713936,399.6746167948923,418.1287559383542,465.2414756976075,526.0262330940121,563.4286840340276,599.7146072529185,480.3042458184093,556.4089638871062,599.472627362635,640.0,473.3840903138441,533.2913229357147,571.8436564039295,613.9117386444435,444.2225148614611,470.91700798417116,444.8415887725764,415.1728464165278,320.0,197.26489558473864,109.91926156126345,173.9031171075814,273.08158599483426,137.14565559931037,71.4129654137513,32.22962232817122,0.0,233.4350508452807,214.68789537891348,206.78465306680633,198.10220431576766,316.6215660868527,337.39498354900314,346.01777765662865,345.0616770892119,387.0048051279339,362.13088862641627,332.5264402158785,309.92937956537395,320.0,333.25945950676623,364.3066024772069,400.4514601075841,418.9746271804836,465.9380713867462,526.5566139596403,563.9009798365756,600.1531488631508,481.1166311971982,556.6564727986412,599.5886296975958,640.0,473.78159441575855,533.037631784244,571.6963940138835,613.8742883520229,443.9194575650986,470.2165027228462,444.42642412872755,415.15514039539056,320.0,215.56972583500058,154.55172150911454,179.91469814092457,215.16063345983895,135.18882893202613,66.35472069886615,26.48554112181779,0.0,208.01415246940064,190.64067486167625,183.81446190806173,181.47700565805562,276.8670889601942,282.8748669540817,276.7947158901542,269.7077221854619,339.92167272805466,304.85382395227253,277.1435077990076,261.659048637385,320.0,333.32707492386936,358.9644771759113,388.0715101018678,406.05591378635853,465.25191488606924,524.965476375435,563.7112832356196,599.1296518863751,477.17594287548076,555.1297031273763,600.7604085747216,640.0,465.41899733842416,524.7009782104212,568.9002150479712,612.529988303256,429.46974038221185,456.3140127386443,433.53866478432633,403.1134715548392,320.0,183.78948503709682,79.58512460541868,25.738679141133673,0.0,214.8289856387328,153.7230076753429,103.23385529121427,63.19363050455257,296.80193504831027,269.3593172802953,239.97642984882842,216.0745561097586,357.503017437607,335.8760983993636,301.1653569695229,269.54580476073545,393.34594080290805,373.4002234350348,348.87593476919005,326.43411432217647,320.0,342.6165196839642,413.8416430076984,482.0495967789632,531.698986121294,432.60885598365246,504.24749124319,550.6968281245559,591.6818574501938,446.8917189495107,531.9496034403436,590.75602102672,640.0,453.8608593263788,532.9802953876062,584.220447283682,624.7314021417271,456.4433333381754,522.8339463117638,561.0195522929779,592.5507172812603
320.0,198.26938613946663,110.1626089822868,170.72756106226475,267.237237037748,135.18577813369959,69.5840273159817,31.354554102929285,0.0,230.2956062565986,211.66290345007206,204.33138632592855,196.23034504844,313.6628974942864,334.5764646135852,344.07229590725285,343.89329247969823,384.8267290161065,359.30268745663443,330.1938127175723,308.54898507686283,320.0,333.21754308029335,363.79809938713936,399.6746167948923,418.1287559383542,465.2414756976075,526.0262330940121,563.4286840340276,599.7146072529185,480.3042458184093,556.4089638871062,599.472627362635,640.0,473.3840903138441,533.2913229357147,571.8436564039295,613.9117386444435,444.2225148614611,470.91700798417116,444.8415887725764,415.1728464165278,320.0,197.26489558473864,109.91926156126345,173.9031171075814,273.08158599483426,137.14565559931037,71.4129654137513,32.22962232817122,0.0,233.4350508452807,214.68789537891348,206.78465306680633,198.10220431576766,316.6215660868527,337.39498354900314,346.01777765662865,345.0616770892119,387.0048051279339,362.13088862641627,332.5264402158785,309.92937956537395,320.0,333.25945950676623,364.3066024772069,400.4514601075841,418.9746271804836,465.9380713867462,526.5566139596403,563.9009798365756,600.1531488631508,481.1166311971982,556.6564727986412,599.5886296975958,640.0,473.78159441575855,533.037631784244,571.6963940138835,613.8742883520229,443.9194575650986,470.2165027228462,444.42642412872755,415.15514039539056,320.0,215.56972583500058,154.55172150911454,179.91469814092457,215.16063345983895,135.18882893202613,66.35472069886615,26.48554112181779,0.0,208.01415246940064,190.64067486167625,183.81446190806173,181.47700565805562,276.8670889601942,282.8748669540817,276.7947158901542,269.7077221854619,339.92167272805466,304.85382395227253,277.1435077990076,261.659048637385,320.0,333.32707492386936,358.9644771759113,388.0715101018678,406.05591378635853,465.25191488606924,524.965476375435,563.7112832356196,599.1296518863751,477.17594287548076,555.1297031273763,600.7604085747216,640.0,465.41899733842416,524.7009782104212,568.9002150479712,612.529988303256,429.46974038221185,456.3140127386443,433.53866478432633,403.1134715548392,320.0,183.78948503709682,79.58512460541868,25.738679141133673,0.0,214.8289856387328,153.7230076753429,103.23385529121427,63.19363050455257,296.80193504831027,269.3593172802953,239.97642984882842,216.0745561097586,357.503017437607,335.8760983993636,301.1653569695229,269.54580476073545,393.34594080290805,373.4002234350348,348.87593476919005,326.43411432217647,320.0,342.6165196839642,413.8416430076984,482.0495967789632,531.698986121294,432.60885598365246,504.24749124319,550.6968281245559,591.6818574501938,446.8917189495107,531.9496034403436,590.75602102672,640.0,453.8608593263788,532.9802953876062,584.220447283682,624.7314021417271,456.4433333381754,522.8339463117638,561.0195522929779,592.5507172812603,320.0,194.64267387100955,88.4386461536107,28.81186210551033,0.0,203.64309042588553,129.38808519145024,67.31029416617528,15.969154852720806,281.9609165355069,249.1048278757949,217.41650848581108,193.09100456679968,341.12995890406376,321.6679794601621,291.39497102050206,265.923582505843,379.0208234395572,366.1541654770223,347.36249982663475,330.49324210255475,320.0,332.6728505670617,394.81474397975876,457.76896020525214,502.6678019453688,425.1290572189653,493.45777970053194,541.2515320207474,583.528999090914,442.60629144285764,526.769429154976,588.4255190496732,640.0,450.49212995461255,528.7496581009916,583.1997404281849,625.753816845693,454.4791129458937,518.1262556306331,560.0684507913892,594.6275816768022
320.0,197.26489558473864,109.91926156126345,173.9031171075814,273.08158599483426,137.14565559931037,71.4129654137513,32.22962232817122,0.0,233.4350508452807,214.68789537891348,206.78465306680633,198.10220431576766,316.6215660868527,337.39498354900314,346.01777765662865,345.0616770892119,387.0048051279339,362.13088862641627,332.5264402158785,309.92937956537395,320.0,333.25945950676623,364.3066024772069,400.4514601075841,418.9746271804836,465.9380713867462,526.5566139596403,563.9009798365756,600.1531488631508,481.1166311971982,556.6564727986412,599.5886296975958,640.0,473.78159441575855,533.037631784244,571.6963940138835,613.8742883520229,443.9194575650986,470.2165027228462,444.42642412872755,415.15514039539056,320.0,215.56972583500058,154.55172150911454,179.91469814092457,215.16063345983895,135.18882893202613,66.35472069886615,26.48554112181779,0.0,208.01415246940064,190.64067486167625,183.81446190806173,181.47700565805562,276.8670889601942,282.8748669540817,276.7947158901542,269.7077221854619,339.92167272805466,304.85382395227253,277.1435077990076,261.659048637385,320.0,333.32707492386936,358.9644771759113,388.0715101018678,406.05591378635853,465.25191488606924,524.965476375435,563.7112832356196,599.1296518863751,477.17594287548076,555.1297031273763,600.7604085747216,640.0,465.41899733842416,524.7009782104212,568.9002150479712,612.529988303256,429.46974038221185,456.3140127386443,433.53866478432633,403.1134715548392,320.0,183.78948503709682,79.58512460541868,25.738679141133673,0.0,214.8289856387328,153.7230076753429,103.23385529121427,63.19363050455257,296.80193504831027,269.3593172802953,239.97642984882842,216.0745561097586,357.503017437607,335.8760983993636,301.1653569695229,269.54580476073545,393.34594080290805,373.4002234350348,348.87593476919005,326.43411432217647,320.0,342.6165196839642,413.8416430076984,482.0495967789632,531.698986121294,432.60885598365246,504.24749124319,550.6968281245559,591.6818574501938,446.8917189495107,531.9496034403436,590.75602102672,640.0,453.8608593263788,532.9802953876062,584.220447283682,624.7314021417271,456.4433333381754,522.8339463117638,561.0195522929779,592.5507172812603,320.0,194.64267387100955,88.4386461536107,28.81186210551033,0.0,203.64309042588553,129.38808519145024,67.31029416617528,15.969154852720806,281.9609165355069,249.1048278757949,217.41650848581108,193.09100456679968,341.12995890406376,321.6679794601621,291.39497102050206,265.923582505843,379.0208234395572,366.1541654770223,347.36249982663475,330.49324210255475,320.0,332.6728505670617,394.81474397975876,457.76896020525214,502.6678019453688,425.1290572189653,493.45777970053194,541.2515320207474,583.528999090914,442.60629144285764,526.769429154976,588.4255190496732,640.0,450.49212995461255,528.7496581009916,583.1997404281849,625.753816845693,454.4791129458937,518.1262556306331,560.0684507913892,594.6275816768022,320.0,239.11452567999083,145.06871054675747,61.23538210841974,0.0,141.77489839508286,20.05276467663151,34.701940342494424,73.41650774810287,156.53993354283915,30.612343693507114,36.88512188032644,77.93016630494336,168.571495124078,54.280086246446444,62.69602178644385,102.96326829065742,180.67500301295416,90.73822947671823,91.34523593709963,122.69502928388914,320.0,162.61160875677848,118.01534444667601,129.86157863024704,161.29343241614782,447.16963245631655,479.1519582245431,351.416107652139,290.96637879092185,559.2322956416951,561.5556537457321,431.2798553926491,371.6727053625226,618.3072906206065,598.365615585459,479.5931713195421,427.3227555734083,640.0,618.4210484032939,530.4894958827074,481.2265916850773
320.0,215.56972583500058,154.55172150911454,179.91469814092457,215.16063345983895,135.18882893202613,66.35472069886615,26.48554112181779,0.0,208.01415246940064,190.64067486167625,183.81446190806173,181.47700565805562,276.8670889601942,282.8748669540817,276.7947158901542,269.7077221854619,339.92167272805466,304.85382395227253,277.1435077990076,261.659048637385,320.0,333.32707492386936,358.9644771759113,388.0715101018678,406.05591378635853,465.25191488606924,524.965476375435,563.7112832356196,599.1296518863751,477.17594287548076,555.1297031273763,600.7604085747216,640.0,465.41899733842416,524.7009782104212,568.9002150479712,612.529988303256,429.46974038221185,456.3140127386443,433.53866478432633,403.1134715548392,320.0,183.78948503709682,79.58512460541868,25.738679141133673,0.0,214.8289856387328,153.7230076753429,103.23385529121427,63.19363050455257,296.80193504831027,269.3593172802953,239.97642984882842,216.0745561097586,357.503017437607,335.8760983993636,301.1653569695229,269.54580476073545,393.34594080290805,373.4002234350348,348.87593476919005,326.43411432217647,320.0,342.6165196839642,413.8416430076984,482.0495967789632,531.698986121294,432.60885598365246,504.24749124319,550.6968281245559,591.6818574501938,446.8917189495107,531.9496034403436,590.75602102672,640.0,453.8608593263788,532.9802953876062,584.220447283682,624.7314021417271,456.4433333381754,522.8339463117638,561.0195522929779,592.5507172812603,320.0,194.64267387100955,88.4386461536107,28.81186210551033,0.0,203.64309042588553,129.38808519145024,67.31029416617528,15.969154852720806,281.9609165355069,249.1048278757949,217.41650848581108,193.09100456679968,341.12995890406376,321.6679794601621,291.39497102050206,265.923582505843,379.0208234395572,366.1541654770223,347.36249982663475,330.49324210255475,320.0,332.6728505670617,394.81474397975876,457.76896020525214,502.6678019453688,425.1290572189653,493.45777970053194,541.2515320207474,583.528999090914,442.60629144285764,526.769429154976,588.4255190496732,640.0,450.49212995461255,528.7496581009916,583.1997404281849,625.753816845693,454.4791129458937,518.1262556306331,560.0684507913892,594.6275816768022,320.0,239.11452567999083,145.06871054675747,61.23538210841974,0.0,141.77489839508286,20.05276467663151,34.701940342494424,73.41650774810287,156.53993354283915,30.612343693507114,36.88512188032644,77.93016630494336,168.571495124078,54.280086246446444,62.69602178644385,102.96326829065742,180.67500301295416,90.73822947671823,91.34523593709963,122.69502928388914,320.0,162.61160875677848,118.01534444667601,129.86157863024704,161.29343241614782,447.16963245631655,479.1519582245431,351.416107652139,290.96637879092185,559.2322956416951,561.5556537457321,431.2798553926491,371.6727053625226,618.3072906206065,598.365615585459,479.5931713195421,427.3227555734083,640.0,618.4210484032939,530.4894958827074,481.2265916850773,320.0,229.70031659519896,132.76303450486915,50.841502023804765,0.0,140.0052899450968,19.280407165471104,30.077345409369627,64.2342002965575,158.2556005289945,32.795415380916154,34.37326173205628,71.57472047449204,171.51492806476176,57.346050575081165,61.804672784835475,98.07253636837254,182.30128641846673,90.75878651865509,88.33390774656354,116.81016310664049,320.0,162.568367708914,130.2012263720671,161.94111387016673,213.85269345765977,475.7340901028733,544.5925505498403,409.49297116505346,339.4520042568287,580.6382405108195,604.5909694420513,467.6553590432271,401.96689808949475,629.7206912278923,624.7678508082906,499.83990270105915,439.4136927988649,640.0,626.0508995084376,529.7408402168955,468.8988395074241
320.0,183.78948503709682,79.58512460541868,25.738679141133673,0.0,214.8289856387328,153.7230076753429,103.23385529121427,63.19363050455257,296.80193504831027,269.3593172802953,239.97642984882842,216.0745561097586,357.503017437607,335.8760983993636,301.1653569695229,269.54580476073545,393.34594080290805,373.4002234350348,348.87593476919005,326.43411432217647,320.0,342.6165196839642,413.8416430076984,482.0495967789632,531.698986121294,432.60885598365246,504.24749124319,550.6968281245559,591.6818574501938,446.8917189495107,531.9496034403436,590.75602102672,640.0,453.8608593263788,532.9802953876062,584.220447283682,624.7314021417271,456.4433333381754,522.8339463117638,561.0195522929779,592.5507172812603,320.0,194.64267387100955,88.4386461536107,28.81186210551033,0.0,203.64309042588553,129.38808519145024,67.31029416617528,15.969154852720806,281.9609165355069,249.1048278757949,217.41650848581108,193.09100456679968,341.12995890406376,321.6679794601621,291.39497102050206,265.923582505843,379.0208234395572,366.1541654770223,347.36249982663475,330.49324210255475,320.0,332.6728505670617,394.81474397975876,457.76896020525214,502.6678019453688,425.1290572189653,493.45777970053194,541.2515320207474,583.528999090914,442.60629144285764,526.769429154976,588.4255190496732,640.0,450.49212995461255,528.7496581009916,583.1997404281849,625.753816845693,454.4791129458937,518.1262556306331,560.0684507913892,594.6275816768022,320.0,239.11452567999083,145.06871054675747,61.23538210841974,0.0,141.77489839508286,20.05276467663151,34.701940342494424,73.41650774810287,156.53993354283915,30.612343693507114,36.88512188032644,77.93016630494336,168.571495124078,54.280086246446444,62.69602178644385,102.96326829065742,180.67500301295416,90.73822947671823,91.34523593709963,122.69502928388914,320.0,162.61160875677848,118.01534444667601,129.86157863024704,161.29343241614782,447.16963245631655,479.1519582245431,351.416107652139,290.96637879092185,559.2322956416951,561.5556537457321,431.2798553926491,371.6727053625226,618.3072906206065,598.365615585459,479.5931713195421,427.3227555734083,640.0,618.4210484032939,530.4894958827074,481.2265916850773,320.0,229.70031659519896,132.76303450486915,50.841502023804765,0.0,140.0052899450968,19.280407165471104,30.077345409369627,64.2342002965575,158.2556005289945,32.795415380916154,34.37326173205628,71.57472047449204,171.51492806476176,57.346050575081165,61.804672784835475,98.07253636837254,182.30128641846673,90.75878651865509,88.33390774656354,116.81016310664049,320.0,162.568367708914,130.2012263720671,161.94111387016673,213.85269345765977,475.7340901028733,544.5925505498403,409.49297116505346,339.4520042568287,580.6382405108195,604.5909694420513,467.6553590432271,401.96689808949475,629.7206912278923,624.7678508082906,499.83990270105915,439.4136927988649,640.0,626.0508995084376,529.7408402168955,468.8988395074241,320.0,240.69579970111658,143.98887623083073,56.0937162926968,0.0,161.90090255262714,39.644411293216535,46.78969881308501,77.90884004306179,174.23700376973338,48.61830940229066,51.56347563463095,86.04147699167231,181.62081298163085,68.95148968977657,73.03794962441086,107.74929105298156,186.92110930555316,96.85551897428985,96.46505879728949,124.09897521963126,320.0,169.72522792765324,128.11172634912515,150.98258209821296,194.23012087296047,396.63200133756897,476.3278224180493,382.92144732830434,334.4847704003855,515.741101724087,568.4145676996764,466.52454340706356,412.1506338700001,594.3479843032347,614.2239444515476,516.201854893437,463.0698388032692,640.0,636.3706246250381,558.7179794840524,509.0167491173028
320.0,194.64267387100955,88.4386461536107,28.81186210551033,0.0,203.64309042588553,129.38808519145024,67.31029416617528,15.969154852720806,281.9609165355069,249.1048278757949,217.41650848581108,193.09100456679968,341.12995890406376,321.6679794601621,291.39497102050206,265.923582505843,379.0208234395572,366.1541654770223,347.36249982663475,330.49324210255475,320.0,332.6728505670617,394.81474397975876,457.76896020525214,502.6678019453688,425.1290572189653,493.45777970053194,541.2515320207474,583.528999090914,442.60629144285764,526.769429154976,588.4255190496732,640.0,450.49212995461255,528.7496581009916,583.1997404281849,625.753816845693,454.4791129458937,518.1262556306331,560.0684507913892,594.6275816768022,320.0,239.11452567999083,145.06871054675747,61.23538210841974,0.0,141.77489839508286,20.05276467663151,34.701940342494424,73.41650774810287,156.53993354283915,30.612343693507114,36.88512188032644,77.93016630494336,168.571495124078,54.280086246446444,62.69602178644385,102.96326829065742,180.67500301295416,90.73822947671823,91.34523593709963,122.69502928388914,320.0,162.61160875677848,118.01534444667601,129.86157863024704,161.29343241614782,447.16963245631655,479.1519582245431,351.416107652139,290.96637879092185,559.2322956416951,561.5556537457321,431.2798553926491,371.6727053625226,618.3072906206065,598.365615585459,479.5931713195421,427.3227555734083,640.0,618.4210484032939,530.4894958827074,481.2265916850773,320.0,229.70031659519896,132.76303450486915,50.841502023804765,0.0,140.0052899450968,19.280407165471104,30.077345409369627,64.2342002965575,158.2556005289945,32.795415380916154,34.37326173205628,71.57472047449204,171.51492806476176,57.346050575081165,61.804672784835475,98.07253636837254,182.30128641846673,90.75878651865509,88.33390774656354,116.81016310664049,320.0,162.568367708914,130.2012263720671,161.94111387016673,213.85269345765977,475.7340901028733,544.5925505498403,409.49297116505346,339.4520042568287,580.6382405108195,604.5909694420513,467.6553590432271,401.96689808949475,629.7206912278923,624.7678508082906,499.83990270105915,439.4136927988649,640.0,626.0508995084376,529.7408402168955,468.8988395074241,320.0,240.69579970111658,143.98887623083073,56.0937162926968,0.0,161.90090255262714,39.644411293216535,46.78969881308501,77.90884004306179,174.23700376973338,48.61830940229066,51.56347563463095,86.04147699167231,181.62081298163085,68.95148968977657,73.03794962441086,107.74929105298156,186.92110930555316,96.85551897428985,96.46505879728949,124.09897521963126,320.0,169.72522792765324,128.11172634912515,150.98258209821296,194.23012087296047,396.63200133756897,476.3278224180493,382.92144732830434,334.4847704003855,515.741101724087,568.4145676996764,466.52454340706356,412.1506338700001,594.3479843032347,614.2239444515476,516.201854893437,463.0698388032692,640.0,636.3706246250381,558.7179794840524,509.0167491173028,320.0,257.3567159289755,173.22245913622115,101.19094555887287,38.332969996117924,140.81560850045875,37.83960857506918,3.5673108421768234,0.0,137.35984024043208,22.28669288134961,15.98789445889372,40.17957796148005,140.15661194069872,29.51980032385586,31.095385928241058,58.378179249209325,149.86585279130418,63.51473380982969,43.05692891841704,47.95603580833978,320.0,345.4312158649277,366.69647072164514,319.55981703416376,259.94224077682827,608.8937370809036,640.0,558.9345481752104,491.44455989715254,538.4632792595578,508.1091927883555,399.526783590267,333.1597351901087,439.2067536136492,369.921323704331,271.7475061598745,225.1169051114324,320.3612971296649,244.8387585834569,167.96806109708012,124.21442649380808
