320.0,377.0697746018286,444.5749251389709,495.53541946950315,528.7691246904666,493.7329905567497,578.3203064867455,619.308135446929,640.0,506.83933085189716,598.9652100931239,626.9732996608418,637.9458216822957,516.3248369169927,602.5014419991081,621.604864633634,619.1287639959015,516.7089968262782,588.9246450034589,605.860360021317,601.3105946936703,320.0,400.03579475910044,406.0347942059818,364.41178447097906,295.29564276922315,481.80370664150155,402.73248644342425,319.3998978769549,244.48601609270798,433.1790766077918,347.9370053594496,254.37106735813197,178.4821344980032,355.1000007466814,263.77107436545003,156.15024838645013,75.20685660327726,253.82702377950613,166.05220911445306,74.55657748801431,0.0,320.0,374.2043152948816,453.08975933144296,516.6296629631439,552.7641498579064,507.2489325248526,595.7490136986734,599.7592211096068,581.1660973991277,528.7297636817293,627.1653944180782,620.8381866871782,598.12553097924,542.4008851886937,640.0,630.0991266327366,600.8720117394682,544.5093239560495,626.6850975898468,629.2236472737418,614.7412288928364,320.0,461.2173471480328,493.8911945939084,446.2830190521762,356.99383807115026,587.8728162260871,454.4753571672705,343.46103141509525,288.0821850922336,508.22085290470005,358.7371463726649,243.54110719412517,201.0837573117975,402.5923068660098,258.5371522318682,136.58408445065083,87.53806040838646,279.2408425534408,163.29013798423875,59.25939669736238,0.0,320.0,368.8015733737712,440.37959917251965,501.397255695988,537.8955105972874,511.4283136674687,586.5366713919134,585.1978916038355,563.0594494603884,539.7530581393615,625.1565646541613,618.4384406529156,594.1427129087097,553.8539263347907,640.0,633.723951979779,607.1729087253366,553.1876744020026,626.0707155257694,630.7304624648842,617.2683576616854,320.0,464.21966247670764,491.4565832023427,442.452795457726,357.279164849637,558.0935734928719,455.24140121581786,354.09483471950193,295.8253282411986,478.2978318167064,363.25296594397764,261.2462568222083,215.1413857117888,374.1120575472394,254.4615543631067,141.37463250515495,85.43302985309498,250.38047584013546,149.80157746236787,57.051853718615234,0.0,320.0,369.2160031370767,440.79874081226325,502.66712208223464,539.3388019510252,508.41519272559214,582.971057510739,583.5165602949724,563.0213658888033,536.9376933927656,624.4993553898667,616.9716161469198,592.1659289505031,551.2062884694535,640.0,630.0477486106065,601.3148646240916,550.107066747687,623.0366311281728,625.5156686556086,611.0810076925292,320.0,459.44052759094006,487.36983588406014,437.2354097761848,349.338165588446,556.1054154550358,451.60104216903574,360.5562420274925,313.40299010053565,479.6087014836355,366.8615815742688,271.0762706785799,229.67277832790654,376.41346601107807,256.8204027703661,149.56479454830304,99.30854995248598,252.94924134545963,151.51425562819793,57.91619842304874,0.0,320.0,361.7014089935469,428.9427627221291,483.0875552745706,510.9160807806021,482.1150715994298,552.4462032602723,603.7137417880631,640.0,499.80440021198007,577.3527378443235,569.0979763470207,548.7962210090216,504.5723319905761,578.4842124801638,564.5852245874414,538.8498751380664,498.37669732574676,561.6666385878793,560.6322988221392,546.775021229041,320.0,456.2695489848125,485.80968403585996,426.53140052084535,324.3041183655597,552.8053282938859,534.690604042313,524.9215735982116,525.6089050724804,476.89852734438017,341.4617777880205,244.85630660736098,212.03327879053262,363.6739416007928,225.04261252333436,131.28621142633264,101.00656818234197,229.76746329884077,126.68156991081102,42.264432716461954,0.0
320.0,374.2043152948816,453.08975933144296,516.6296629631439,552.7641498579064,507.2489325248526,595.7490136986734,599.7592211096068,581.1660973991277,528.7297636817293,627.1653944180782,620.8381866871782,598.12553097924,542.4008851886937,640.0,630.0991266327366,600.8720117394682,544.5093239560495,626.6850975898468,629.2236472737418,614.7412288928364,320.0,461.2173471480328,493.8911945939084,446.2830190521762,356.99383807115026,587.8728162260871,454.4753571672705,343.46103141509525,288.0821850922336,508.22085290470005,358.7371463726649,243.54110719412517,201.0837573117975,402.5923068660098,258.5371522318682,136.58408445065083,87.53806040838646,279.2408425534408,163.29013798423875,59.25939669736238,0.0,320.0,368.8015733737712,440.37959917251965,501.397255695988,537.8955105972874,511.4283136674687,586.5366713919134,585.1978916038355,563.0594494603884,539.7530581393615,625.1565646541613,618.4384406529156,594.1427129087097,553.8539263347907,640.0,633.723951979779,607.1729087253366,553.1876744020026,626.0707155257694,630.7304624648842,617.2683576616854,320.0,464.21966247670764,491.4565832023427,442.452795457726,357.279164849637,558.0935734928719,455.24140121581786,354.09483471950193,295.8253282411986,478.2978318167064,363.25296594397764,261.2462568222083,215.1413857117888,374.1120575472394,254.4615543631067,141.37463250515495,85.43302985309498,250.38047584013546,149.80157746236787,57.051853718615234,0.0,320.0,369.2160031370767,440.79874081226325,502.66712208223464,539.3388019510252,508.41519272559214,582.971057510739,583.5165602949724,563.0213658888033,536.9376933927656,624.4993553898667,616.9716161469198,592.1659289505031,551.2062884694535,640.0,630.0477486106065,601.3148646240916,550.107066747687,623.0366311281728,625.5156686556086,611.0810076925292,320.0,459.44052759094006,487.36983588406014,437.2354097761848,349.338165588446,556.1054154550358,451.60104216903574,360.5562420274925,313.40299010053565,479.6087014836355,366.8615815742688,271.0762706785799,229.67277832790654,376.41346601107807,256.8204027703661,149.56479454830304,99.30854995248598,252.94924134545963,151.51425562819793,57.91619842304874,0.0,320.0,361.7014089935469,428.9427627221291,483.0875552745706,510.9160807806021,482.1150715994298,552.4462032602723,603.7137417880631,640.0,499.80440021198007,577.3527378443235,569.0979763470207,548.7962210090216,504.5723319905761,578.4842124801638,564.5852245874414,538.8498751380664,498.37669732574676,561.6666385878793,560.6322988221392,546.775021229041,320.0,456.2695489848125,485.80968403585996,426.53140052084535,324.3041183655597,552.8053282938859,534.690604042313,524.9215735982116,525.6089050724804,476.89852734438017,341.4617777880205,244.85630660736098,212.03327879053262,363.6739416007928,225.04261252333436,131.28621142633264,101.00656818234197,229.76746329884077,126.68156991081102,42.264432716461954,0.0,320.0,387.388448017723,472.4407232751966,544.7726049641234,583.5600057214284,541.5860531592406,632.4674332335071,625.1212983907922,605.2512405453582,553.6729367098724,640.0,622.6679259784595,596.2465786268796,553.8153898208618,633.1422928960549,616.6645790175202,585.6485212983162,542.2751342313586,613.5067090470648,607.5261880460239,585.8766613896573,320.0,449.4050555818077,466.28529511212486,408.5367738117132,314.81927641796517,534.5021290252331,380.84961991181723,265.5869810875456,193.49464917321507,464.6367997049113,285.86374134310154,180.8921952065803,127.67803657661702,370.17958000920066,197.22760433734513,97.12885591138587,43.814000353231165,263.8476250414838,138.6633378885217,56.456466344312844,0.0
320.0,368.8015733737712,440.37959917251965,501.397255695988,537.8955105972874,511.4283136674687,586.5366713919134,585.1978916038355,563.0594494603884,539.7530581393615,625.1565646541613,618.4384406529156,594.1427129087097,553.8539263347907,640.0,633.723951979779,607.1729087253366,553.1876744020026,626.0707155257694,630.7304624648842,617.2683576616854,320.0,464.21966247670764,491.4565832023427,442.452795457726,357.279164849637,558.0935734928719,455.24140121581786,354.09483471950193,295.8253282411986,478.2978318167064,363.25296594397764,261.2462568222083,215.1413857117888,374.1120575472394,254.4615543631067,141.37463250515495,85.43302985309498,250.38047584013546,149.80157746236787,57.051853718615234,0.0,320.0,369.2160031370767,440.79874081226325,502.66712208223464,539.3388019510252,508.41519272559214,582.971057510739,583.5165602949724,563.0213658888033,536.9376933927656,624.4993553898667,616.9716161469198,592.1659289505031,551.2062884694535,640.0,630.0477486106065,601.3148646240916,550.107066747687,623.0366311281728,625.5156686556086,611.0810076925292,320.0,459.44052759094006,487.36983588406014,437.2354097761848,349.338165588446,556.1054154550358,451.60104216903574,360.5562420274925,313.40299010053565,479.6087014836355,366.8615815742688,271.0762706785799,229.67277832790654,376.41346601107807,256.8204027703661,149.56479454830304,99.30854995248598,252.94924134545963,151.51425562819793,57.91619842304874,0.0,320.0,361.7014089935469,428.9427627221291,483.0875552745706,510.9160807806021,482.1150715994298,552.4462032602723,603.7137417880631,640.0,499.80440021198007,577.3527378443235,569.0979763470207,548.7962210090216,504.5723319905761,578.4842124801638,564.5852245874414,538.8498751380664,498.37669732574676,561.6666385878793,560.6322988221392,546.775021229041,320.0,456.2695489848125,485.80968403585996,426.53140052084535,324.3041183655597,552.8053282938859,534.690604042313,524.9215735982116,525.6089050724804,476.89852734438017,341.4617777880205,244.85630660736098,212.03327879053262,363.6739416007928,225.04261252333436,131.28621142633264,101.00656818234197,229.76746329884077,126.68156991081102,42.264432716461954,0.0,320.0,387.388448017723,472.4407232751966,544.7726049641234,583.5600057214284,541.5860531592406,632.4674332335071,625.1212983907922,605.2512405453582,553.6729367098724,640.0,622.6679259784595,596.2465786268796,553.8153898208618,633.1422928960549,616.6645790175202,585.6485212983162,542.2751342313586,613.5067090470648,607.5261880460239,585.8766613896573,320.0,449.4050555818077,466.28529511212486,408.5367738117132,314.81927641796517,534.5021290252331,380.84961991181723,265.5869810875456,193.49464917321507,464.6367997049113,285.86374134310154,180.8921952065803,127.67803657661702,370.17958000920066,197.22760433734513,97.12885591138587,43.814000353231165,263.8476250414838,138.6633378885217,56.456466344312844,0.0,320.0,387.679682530321,469.4987451874598,536.4803743335783,574.5937704771122,542.2869872894938,625.4320572530003,615.9366439346387,592.0345656525657,557.0559145080687,640.0,623.3637554683824,595.2663714451925,559.1497070061548,638.4824446881007,619.6568174828916,585.1335677386221,549.1420283882907,619.5889239479815,613.7624576479225,590.8755960503181,320.0,450.4550132741844,462.86410985861266,405.9453621934713,319.9040139919902,517.1695867219355,374.60330409547265,270.4465468466537,214.13571056557427,444.6925099972989,284.7296787085266,189.65163784582646,148.76510041073615,354.27607816373035,198.75072937129065,101.23913280302924,56.903466310632325,253.2150686491969,132.55922395392116,49.05235207007138,0.0
320.0,369.2160031370767,440.79874081226325,502.66712208223464,539.3388019510252,508.41519272559214,582.971057510739,583.5165602949724,563.0213658888033,536.9376933927656,624.4993553898667,616.9716161469198,592.1659289505031,551.2062884694535,640.0,630.0477486106065,601.3148646240916,550.107066747687,623.0366311281728,625.5156686556086,611.0810076925292,320.0,459.44052759094006,487.36983588406014,437.2354097761848,349.338165588446,556.1054154550358,451.60104216903574,360.5562420274925,313.40299010053565,479.6087014836355,366.8615815742688,271.0762706785799,229.67277832790654,376.41346601107807,256.8204027703661,149.56479454830304,99.30854995248598,252.94924134545963,151.51425562819793,57.91619842304874,0.0,320.0,361.7014089935469,428.9427627221291,483.0875552745706,510.9160807806021,482.1150715994298,552.4462032602723,603.7137417880631,640.0,499.80440021198007,577.3527378443235,569.0979763470207,548.7962210090216,504.5723319905761,578.4842124801638,564.5852245874414,538.8498751380664,498.37669732574676,561.6666385878793,560.6322988221392,546.775021229041,320.0,456.2695489848125,485.80968403585996,426.53140052084535,324.3041183655597,552.8053282938859,534.690604042313,524.9215735982116,525.6089050724804,476.89852734438017,341.4617777880205,244.85630660736098,212.03327879053262,363.6739416007928,225.04261252333436,131.28621142633264,101.00656818234197,229.76746329884077,126.68156991081102,42.264432716461954,0.0,320.0,387.388448017723,472.4407232751966,544.7726049641234,583.5600057214284,541.5860531592406,632.4674332335071,625.1212983907922,605.2512405453582,553.6729367098724,640.0,622.6679259784595,596.2465786268796,553.8153898208618,633.1422928960549,616.6645790175202,585.6485212983162,542.2751342313586,613.5067090470648,607.5261880460239,585.8766613896573,320.0,449.4050555818077,466.28529511212486,408.5367738117132,314.81927641796517,534.5021290252331,380.84961991181723,265.5869810875456,193.49464917321507,464.6367997049113,285.86374134310154,180.8921952065803,127.67803657661702,370.17958000920066,197.22760433734513,97.12885591138587,43.814000353231165,263.8476250414838,138.6633378885217,56.456466344312844,0.0,320.0,387.679682530321,469.4987451874598,536.4803743335783,574.5937704771122,542.2869872894938,625.4320572530003,615.9366439346387,592.0345656525657,557.0559145080687,640.0,623.3637554683824,595.2663714451925,559.1497070061548,638.4824446881007,619.6568174828916,585.1335677386221,549.1420283882907,619.5889239479815,613.7624576479225,590.8755960503181,320.0,450.4550132741844,462.86410985861266,405.9453621934713,319.9040139919902,517.1695867219355,374.60330409547265,270.4465468466537,214.13571056557427,444.6925099972989,284.7296787085266,189.65163784582646,148.76510041073615,354.27607816373035,198.75072937129065,101.23913280302924,56.903466310632325,253.2150686491969,132.55922395392116,49.05235207007138,0.0,320.0,382.5552964313687,461.1521755714367,527.3703545865314,567.4861976097292,538.261611761318,622.7512598188384,616.5560944397826,593.2099628834225,555.3316747432734,640.0,625.8833509803162,596.2344387360793,557.8570558442134,639.7322398195015,624.721182330544,590.4735688669679,547.6039497821853,615.5556043715524,609.9422262677369,587.1743033302672,320.0,445.70376979478715,459.3615224727222,406.9256159624366,331.3728473091052,516.8912127843048,388.01090613644635,285.43962994900835,225.78836712009212,444.2336146265844,297.9460774295811,200.76063821833208,152.88178206668294,354.6831886990893,209.71682924519368,108.54903524556252,55.309862875770705,254.66462633522912,138.37131706052705,53.30919494968123,0.0
320.0,361.7014089935469,428.9427627221291,483.0875552745706,510.9160807806021,482.1150715994298,552.4462032602723,603.7137417880631,640.0,499.80440021198007,577.3527378443235,569.0979763470207,548.7962210090216,504.5723319905761,578.4842124801638,564.5852245874414,538.8498751380664,498.37669732574676,561.6666385878793,560.6322988221392,546.775021229041,320.0,456.2695489848125,485.80968403585996,426.53140052084535,324.3041183655597,552.8053282938859,534.690604042313,524.9215735982116,525.6089050724804,476.89852734438017,341.4617777880205,244.85630660736098,212.03327879053262,363.6739416007928,225.04261252333436,131.28621142633264,101.00656818234197,229.76746329884077,126.68156991081102,42.264432716461954,0.0,320.0,387.388448017723,472.4407232751966,544.7726049641234,583.5600057214284,541.5860531592406,632.4674332335071,625.1212983907922,605.2512405453582,553.6729367098724,640.0,622.6679259784595,596.2465786268796,553.8153898208618,633.1422928960549,616.6645790175202,585.6485212983162,542.2751342313586,613.5067090470648,607.5261880460239,585.8766613896573,320.0,449.4050555818077,466.28529511212486,408.5367738117132,314.81927641796517,534.5021290252331,380.84961991181723,265.5869810875456,193.49464917321507,464.6367997049113,285.86374134310154,180.8921952065803,127.67803657661702,370.17958000920066,197.22760433734513,97.12885591138587,43.814000353231165,263.8476250414838,138.6633378885217,56.456466344312844,0.0,320.0,387.679682530321,469.4987451874598,536.4803743335783,574.5937704771122,542.2869872894938,625.4320572530003,615.9366439346387,592.0345656525657,557.0559145080687,640.0,623.3637554683824,595.2663714451925,559.1497070061548,638.4824446881007,619.6568174828916,585.1335677386221,549.1420283882907,619.5889239479815,613.7624576479225,590.8755960503181,320.0,450.4550132741844,462.86410985861266,405.9453621934713,319.9040139919902,517.1695867219355,374.60330409547265,270.4465468466537,214.13571056557427,444.6925099972989,284.7296787085266,189.65163784582646,148.76510041073615,354.27607816373035,198.75072937129065,101.23913280302924,56.903466310632325,253.2150686491969,132.55922395392116,49.05235207007138,0.0,320.0,382.5552964313687,461.1521755714367,527.3703545865314,567.4861976097292,538.261611761318,622.7512598188384,616.5560944397826,593.2099628834225,555.3316747432734,640.0,625.8833509803162,596.2344387360793,557.8570558442134,639.7322398195015,624.721182330544,590.4735688669679,547.6039497821853,615.5556043715524,609.9422262677369,587.1743033302672,320.0,445.70376979478715,459.3615224727222,406.9256159624366,331.3728473091052,516.8912127843048,388.01090613644635,285.43962994900835,225.78836712009212,444.2336146265844,297.9460774295811,200.76063821833208,152.88178206668294,354.6831886990893,209.71682924519368,108.54903524556252,55.309862875770705,254.66462633522912,138.37131706052705,53.30919494968123,0.0,320.0,393.04153903961503,477.42151452735203,539.7182624228582,572.4061481319727,552.6300163087208,621.8679446093678,623.3112014746703,609.7297552511524,566.4183255724282,640.0,630.331324744205,610.2284676687973,566.1929543965675,637.5613327903651,627.3991072500035,602.4831276545935,550.5508098292994,615.8832696919442,618.170094645664,606.4506675952211,320.0,413.7948060348397,413.83637030909074,358.13703483187305,279.66577720747006,469.15702456284725,345.03020122234534,247.99923984800446,187.34357388250248,404.32038314450125,261.3865625700111,165.7381014855218,113.13349123340765,326.0092456101658,184.8036898754205,91.06746436133722,40.93007037508096,238.252557013579,129.89742306730048,51.486280215388035,0.0
320.0,387.388448017723,472.4407232751966,544.7726049641234,583.5600057214284,541.5860531592406,632.4674332335071,625.1212983907922,605.2512405453582,553.6729367098724,640.0,622.6679259784595,596.2465786268796,553.8153898208618,633.1422928960549,616.6645790175202,585.6485212983162,542.2751342313586,613.5067090470648,607.5261880460239,585.8766613896573,320.0,449.4050555818077,466.28529511212486,408.5367738117132,314.81927641796517,534.5021290252331,380.84961991181723,265.5869810875456,193.49464917321507,464.6367997049113,285.86374134310154,180.8921952065803,127.67803657661702,370.17958000920066,197.22760433734513,97.12885591138587,43.814000353231165,263.8476250414838,138.6633378885217,56.456466344312844,0.0,320.0,387.679682530321,469.4987451874598,536.4803743335783,574.5937704771122,542.2869872894938,625.4320572530003,615.9366439346387,592.0345656525657,557.0559145080687,640.0,623.3637554683824,595.2663714451925,559.1497070061548,638.4824446881007,619.6568174828916,585.1335677386221,549.1420283882907,619.5889239479815,613.7624576479225,590.8755960503181,320.0,450.4550132741844,462.86410985861266,405.9453621934713,319.9040139919902,517.1695867219355,374.60330409547265,270.4465468466537,214.13571056557427,444.6925099972989,284.7296787085266,189.65163784582646,148.76510041073615,354.27607816373035,198.75072937129065,101.23913280302924,56.903466310632325,253.2150686491969,132.55922395392116,49.05235207007138,0.0,320.0,382.5552964313687,461.1521755714367,527.3703545865314,567.4861976097292,538.261611761318,622.7512598188384,616.5560944397826,593.2099628834225,555.3316747432734,640.0,625.8833509803162,596.2344387360793,557.8570558442134,639.7322398195015,624.721182330544,590.4735688669679,547.6039497821853,615.5556043715524,609.9422262677369,587.1743033302672,320.0,445.70376979478715,459.3615224727222,406.9256159624366,331.3728473091052,516.8912127843048,388.01090613644635,285.43962994900835,225.78836712009212,444.2336146265844,297.9460774295811,200.76063821833208,152.88178206668294,354.6831886990893,209.71682924519368,108.54903524556252,55.309862875770705,254.66462633522912,138.37131706052705,53.30919494968123,0.0,320.0,393.04153903961503,477.42151452735203,539.7182624228582,572.4061481319727,552.6300163087208,621.8679446093678,623.3112014746703,609.7297552511524,566.4183255724282,640.0,630.331324744205,610.2284676687973,566.1929543965675,637.5613327903651,627.3991072500035,602.4831276545935,550.5508098292994,615.8832696919442,618.170094645664,606.4506675952211,320.0,413.7948060348397,413.83637030909074,358.13703483187305,279.66577720747006,469.15702456284725,345.03020122234534,247.99923984800446,187.34357388250248,404.32038314450125,261.3865625700111,165.7381014855218,113.13349123340765,326.0092456101658,184.8036898754205,91.06746436133722,40.93007037508096,238.252557013579,129.89742306730048,51.486280215388035,0.0,320.0,295.9594324901662,222.4652590672211,137.94301381212077,55.0131381018997,83.02676592062375,6.073471565707166,18.22378479139644,56.15503837870381,64.4993918032988,11.651539273007472,88.66858457795712,159.60822654054556,61.139407811246656,8.288466027870015,64.86869796758742,118.19398052015299,68.09780996529855,0.0,0.3322351272649371,10.049621127682713,320.0,187.88222099308928,69.74792448471908,19.660608926091697,4.345476184246024,136.31599985202283,85.5120416429437,36.688523377236265,0.0,232.31406532109696,176.64606114525313,161.51514194530438,159.94932683918037,331.2237442015954,290.47732565536296,261.34155749590127,251.4038432560754,434.1459867055137,422.3418832261551,394.9154319444833,374.8413531249803
320.0,387.679682530321,469.4987451874598,536.4803743335783,574.5937704771122,542.2869872894938,625.4320572530003,615.9366439346387,592.0345656525657,557.0559145080687,640.0,623.3637554683824,595.2663714451925,559.1497070061548,638.4824446881007,619.6568174828916,585.1335677386221,549.1420283882907,619.5889239479815,613.7624576479225,590.8755960503181,320.0,450.4550132741844,462.86410985861266,405.9453621934713,319.9040139919902,517.1695867219355,374.60330409547265,270.4465468466537,214.13571056557427,444.6925099972989,284.7296787085266,189.65163784582646,148.76510041073615,354.27607816373035,198.75072937129065,101.23913280302924,56.903466310632325,253.2150686491969,132.55922395392116,49.05235207007138,0.0,320.0,382.5552964313687,461.1521755714367,527.3703545865314,567.4861976097292,538.261611761318,622.7512598188384,616.5560944397826,593.2099628834225,555.3316747432734,640.0,625.8833509803162,596.2344387360793,557.8570558442134,639.7322398195015,624.721182330544,590.4735688669679,547.6039497821853,615.5556043715524,609.9422262677369,587.1743033302672,320.0,445.70376979478715,459.3615224727222,406.9256159624366,331.3728473091052,516.8912127843048,388.01090613644635,285.43962994900835,225.78836712009212,444.2336146265844,297.9460774295811,200.76063821833208,152.88178206668294,354.6831886990893,209.71682924519368,108.54903524556252,55.309862875770705,254.66462633522912,138.37131706052705,53.30919494968123,0.0,320.0,393.04153903961503,477.42151452735203,539.7182624228582,572.4061481319727,552.6300163087208,621.8679446093678,623.3112014746703,609.7297552511524,566.4183255724282,640.0,630.331324744205,610.2284676687973,566.1929543965675,637.5613327903651,627.3991072500035,602.4831276545935,550.5508098292994,615.8832696919442,618.170094645664,606.4506675952211,320.0,413.7948060348397,413.83637030909074,358.13703483187305,279.66577720747006,469.15702456284725,345.03020122234534,247.99923984800446,187.34357388250248,404.32038314450125,261.3865625700111,165.7381014855218,113.13349123340765,326.0092456101658,184.8036898754205,91.06746436133722,40.93007037508096,238.252557013579,129.89742306730048,51.486280215388035,0.0,320.0,295.9594324901662,222.4652590672211,137.94301381212077,55.0131381018997,83.02676592062375,6.073471565707166,18.22378479139644,56.15503837870381,64.4993918032988,11.651539273007472,88.66858457795712,159.60822654054556,61.139407811246656,8.288466027870015,64.86869796758742,118.19398052015299,68.09780996529855,0.0,0.3322351272649371,10.049621127682713,320.0,187.88222099308928,69.74792448471908,19.660608926091697,4.345476184246024,136.31599985202283,85.5120416429437,36.688523377236265,0.0,232.31406532109696,176.64606114525313,161.51514194530438,159.94932683918037,331.2237442015954,290.47732565536296,261.34155749590127,251.4038432560754,434.1459867055137,422.3418832261551,394.9154319444833,374.8413531249803,320.0,137.15027925198012,8.932537304700361,0.0,85.2109926060999,151.6617908693988,217.13577716398953,283.1306840759331,351.06832470752283,299.87469033624814,307.06909895832064,319.5709753463529,328.57222399641154,453.49300712086455,439.756604412937,428.40225741888776,419.4853221453768,602.7781093751142,573.8867672835157,549.3773180595949,536.6147941385119,320.0,344.21582166863436,403.44772611540606,451.4347117704457,497.3103261442644,478.5725081909228,543.476142238145,590.354752596864,631.3544877372556,477.24812681217304,544.7395756641265,593.7476223288814,640.0,465.5669806831254,482.1120057076876,431.58176564245997,395.84703897240115,445.6548931048529,461.74721720994694,423.0587729587278,389.84471941783846
320.0,382.5552964313687,461.1521755714367,527.3703545865314,567.4861976097292,538.261611761318,622.7512598188384,616.5560944397826,593.2099628834225,555.3316747432734,640.0,625.8833509803162,596.2344387360793,557.8570558442134,639.7322398195015,624.721182330544,590.4735688669679,547.6039497821853,615.5556043715524,609.9422262677369,587.1743033302672,320.0,445.70376979478715,459.3615224727222,406.9256159624366,331.3728473091052,516.8912127843048,388.01090613644635,285.43962994900835,225.78836712009212,444.2336146265844,297.9460774295811,200.76063821833208,152.88178206668294,354.6831886990893,209.71682924519368,108.54903524556252,55.309862875770705,254.66462633522912,138.37131706052705,53.30919494968123,0.0,320.0,393.04153903961503,477.42151452735203,539.7182624228582,572.4061481319727,552.6300163087208,621.8679446093678,623.3112014746703,609.7297552511524,566.4183255724282,640.0,630.331324744205,610.2284676687973,566.1929543965675,637.5613327903651,627.3991072500035,602.4831276545935,550.5508098292994,615.8832696919442,618.170094645664,606.4506675952211,320.0,413.7948060348397,413.83637030909074,358.13703483187305,279.66577720747006,469.15702456284725,345.03020122234534,247.99923984800446,187.34357388250248,404.32038314450125,261.3865625700111,165.7381014855218,113.13349123340765,326.0092456101658,184.8036898754205,91.06746436133722,40.93007037508096,238.252557013579,129.89742306730048,51.486280215388035,0.0,320.0,295.9594324901662,222.4652590672211,137.94301381212077,55.0131381018997,83.02676592062375,6.073471565707166,18.22378479139644,56.15503837870381,64.4993918032988,11.651539273007472,88.66858457795712,159.60822654054556,61.139407811246656,8.288466027870015,64.86869796758742,118.19398052015299,68.09780996529855,0.0,0.3322351272649371,10.049621127682713,320.0,187.88222099308928,69.74792448471908,19.660608926091697,4.345476184246024,136.31599985202283,85.5120416429437,36.688523377236265,0.0,232.31406532109696,176.64606114525313,161.51514194530438,159.94932683918037,331.2237442015954,290.47732565536296,261.34155749590127,251.4038432560754,434.1459867055137,422.3418832261551,394.9154319444833,374.8413531249803,320.0,137.15027925198012,8.932537304700361,0.0,85.2109926060999,151.6617908693988,217.13577716398953,283.1306840759331,351.06832470752283,299.87469033624814,307.06909895832064,319.5709753463529,328.57222399641154,453.49300712086455,439.756604412937,428.40225741888776,419.4853221453768,602.7781093751142,573.8867672835157,549.3773180595949,536.6147941385119,320.0,344.21582166863436,403.44772611540606,451.4347117704457,497.3103261442644,478.5725081909228,543.476142238145,590.354752596864,631.3544877372556,477.24812681217304,544.7395756641265,593.7476223288814,640.0,465.5669806831254,482.1120057076876,431.58176564245997,395.84703897240115,445.6548931048529,461.74721720994694,423.0587729587278,389.84471941783846,320.0,134.90637602254512,0.0,24.709691705001205,125.40857425903533,81.56704660223988,122.8157732382887,160.78206580352497,205.82332575413824,215.01074281614075,216.43575191771492,218.8803615590615,221.5158660136164,349.69919180512636,355.3706762072549,338.9854882445656,315.61579740534285,473.10160159676957,464.45809273982456,432.6547477828441,399.5415484915367,320.0,333.593416887512,387.59404714879975,436.44302283040133,470.0954039885303,471.5572232081267,541.3942632103701,587.9164099135224,627.2572227570996,477.2422244732903,548.4690030347584,596.4043155576162,640.0,469.10300850081416,480.12791911738316,432.9458348533708,400.1818070457878,450.9278469792005,454.9710156286104,420.79101909694316,393.6677736003666
320.0,393.04153903961503,477.42151452735203,539.7182624228582,572.4061481319727,552.6300163087208,621.8679446093678,623.3112014746703,609.7297552511524,566.4183255724282,640.0,630.331324744205,610.2284676687973,566.1929543965675,637.5613327903651,627.3991072500035,602.4831276545935,550.5508098292994,615.8832696919442,618.170094645664,606.4506675952211,320.0,413.7948060348397,413.83637030909074,358.13703483187305,279.66577720747006,469.15702456284725,345.03020122234534,247.99923984800446,187.34357388250248,404.32038314450125,261.3865625700111,165.7381014855218,113.13349123340765,326.0092456101658,184.8036898754205,91.06746436133722,40.93007037508096,238.252557013579,129.89742306730048,51.486280215388035,0.0,320.0,295.9594324901662,222.4652590672211,137.94301381212077,55.0131381018997,83.02676592062375,6.073471565707166,18.22378479139644,56.15503837870381,64.4993918032988,11.651539273007472,88.66858457795712,159.60822654054556,61.139407811246656,8.288466027870015,64.86869796758742,118.19398052015299,68.09780996529855,0.0,0.3322351272649371,10.049621127682713,320.0,187.88222099308928,69.74792448471908,19.660608926091697,4.345476184246024,136.31599985202283,85.5120416429437,36.688523377236265,0.0,232.31406532109696,176.64606114525313,161.51514194530438,159.94932683918037,331.2237442015954,290.47732565536296,261.34155749590127,251.4038432560754,434.1459867055137,422.3418832261551,394.9154319444833,374.8413531249803,320.0,137.15027925198012,8.932537304700361,0.0,85.2109926060999,151.6617908693988,217.13577716398953,283.1306840759331,351.06832470752283,299.87469033624814,307.06909895832064,319.5709753463529,328.57222399641154,453.49300712086455,439.756604412937,428.40225741888776,419.4853221453768,602.7781093751142,573.8867672835157,549.3773180595949,536.6147941385119,320.0,344.21582166863436,403.44772611540606,451.4347117704457,497.3103261442644,478.5725081909228,543.476142238145,590.354752596864,631.3544877372556,477.24812681217304,544.7395756641265,593.7476223288814,640.0,465.5669806831254,482.1120057076876,431.58176564245997,395.84703897240115,445.6548931048529,461.74721720994694,423.0587729587278,389.84471941783846,320.0,134.90637602254512,0.0,24.709691705001205,125.40857425903533,81.56704660223988,122.8157732382887,160.78206580352497,205.82332575413824,215.01074281614075,216.43575191771492,218.8803615590615,221.5158660136164,349.69919180512636,355.3706762072549,338.9854882445656,315.61579740534285,473.10160159676957,464.45809273982456,432.6547477828441,399.5415484915367,320.0,333.593416887512,387.59404714879975,436.44302283040133,470.0954039885303,471.5572232081267,541.3942632103701,587.9164099135224,627.2572227570996,477.2422244732903,548.4690030347584,596.4043155576162,640.0,469.10300850081416,480.12791911738316,432.9458348533708,400.1818070457878,450.9278469792005,454.9710156286104,420.79101909694316,393.6677736003666,320.0,134.47065532859963,0.0,28.135882295522322,140.8699904365269,100.34938848070715,142.07463024323613,178.78746962177044,218.6104370855606,236.35230868267314,230.31314018695696,224.73246599819652,218.68465993174686,371.345386385343,374.9964423377811,352.1945361715537,328.02058704722197,494.5011002545133,483.85983909385857,448.0308692716852,415.33261709291133,320.0,340.76209129340555,396.250966456607,444.4620144869581,475.12551821463757,479.6655437252337,549.2157496050959,596.2430327331488,637.0628115868199,481.95095831492733,549.3294636921961,596.3052260100833,640.0,470.8731470730662,483.2199773929426,439.3489402900988,408.6417003750731,451.4725277168605,455.76277565225803,423.58750654358886,397.9183405883655
320.0,295.9594324901662,222.4652590672211,137.94301381212077,55.0131381018997,83.02676592062375,6.073471565707166,18.22378479139644,56.15503837870381,64.4993918032988,11.651539273007472,88.66858457795712,159.60822654054556,61.139407811246656,8.288466027870015,64.86869796758742,118.19398052015299,68.09780996529855,0.0,0.3322351272649371,10.049621127682713,320.0,187.88222099308928,69.74792448471908,19.660608926091697,4.345476184246024,136.31599985202283,85.5120416429437,36.688523377236265,0.0,232.31406532109696,176.64606114525313,161.51514194530438,159.94932683918037,331.2237442015954,290.47732565536296,261.34155749590127,251.4038432560754,434.1459867055137,422.3418832261551,394.9154319444833,374.8413531249803,320.0,137.15027925198012,8.932537304700361,0.0,85.2109926060999,151.6617908693988,217.13577716398953,283.1306840759331,351.06832470752283,299.87469033624814,307.06909895832064,319.5709753463529,328.57222399641154,453.49300712086455,439.756604412937,428.40225741888776,419.4853221453768,602.7781093751142,573.8867672835157,549.3773180595949,536.6147941385119,320.0,344.21582166863436,403.44772611540606,451.4347117704457,497.3103261442644,478.5725081909228,543.476142238145,590.354752596864,631.3544877372556,477.24812681217304,544.7395756641265,593.7476223288814,640.0,465.5669806831254,482.1120057076876,431.58176564245997,395.84703897240115,445.6548931048529,461.74721720994694,423.0587729587278,389.84471941783846,320.0,134.90637602254512,0.0,24.709691705001205,125.40857425903533,81.56704660223988,122.8157732382887,160.78206580352497,205.82332575413824,215.01074281614075,216.43575191771492,218.8803615590615,221.5158660136164,349.69919180512636,355.3706762072549,338.9854882445656,315.61579740534285,473.10160159676957,464.45809273982456,432.6547477828441,399.5415484915367,320.0,333.593416887512,387.59404714879975,436.44302283040133,470.0954039885303,471.5572232081267,541.3942632103701,587.9164099135224,627.2572227570996,477.2422244732903,548.4690030347584,596.4043155576162,640.0,469.10300850081416,480.12791911738316,432.9458348533708,400.1818070457878,450.9278469792005,454.9710156286104,420.79101909694316,393.6677736003666,320.0,134.47065532859963,0.0,28.135882295522322,140.8699904365269,100.34938848070715,142.07463024323613,178.78746962177044,218.6104370855606,236.35230868267314,230.31314018695696,224.73246599819652,218.68465993174686,371.345386385343,374.9964423377811,352.1945361715537,328.02058704722197,494.5011002545133,483.85983909385857,448.0308692716852,415.33261709291133,320.0,340.76209129340555,396.250966456607,444.4620144869581,475.12551821463757,479.6655437252337,549.2157496050959,596.2430327331488,637.0628115868199,481.95095831492733,549.3294636921961,596.3052260100833,640.0,470.8731470730662,483.2199773929426,439.3489402900988,408.6417003750731,451.4725277168605,455.76277565225803,423.58750654358886,397.9183405883655,320.0,116.95233143107748,0.0,60.23489229773031,167.13914116929178,60.708976242717426,63.98962753789647,87.4377546290695,114.46035941586621,228.26661744549233,304.96797341006135,294.1175256830798,257.93191908744245,381.7603285213258,439.5249181257162,391.0364189794897,345.6614592389964,516.9956250554535,551.058898649963,493.3814065138147,438.72819538555245,320.0,341.8053638623248,389.76208204692034,432.70212995700786,460.6116954449594,479.9705641077603,551.4075033890681,599.3716317217796,640.0,473.5899762394215,509.6223332038604,459.3231894137232,423.0738092715896,455.9232415099302,477.1147503399303,431.81565516609635,400.1686729847391,429.9811726968794,445.93583569122404,415.25659428978486,392.9827125543159
320.0,137.15027925198012,8.932537304700361,0.0,85.2109926060999,151.6617908693988,217.13577716398953,283.1306840759331,351.06832470752283,299.87469033624814,307.06909895832064,319.5709753463529,328.57222399641154,453.49300712086455,439.756604412937,428.40225741888776,419.4853221453768,602.7781093751142,573.8867672835157,549.3773180595949,536.6147941385119,320.0,344.21582166863436,403.44772611540606,451.4347117704457,497.3103261442644,478.5725081909228,543.476142238145,590.354752596864,631.3544877372556,477.24812681217304,544.7395756641265,593.7476223288814,640.0,465.5669806831254,482.1120057076876,431.58176564245997,395.84703897240115,445.6548931048529,461.74721720994694,423.0587729587278,389.84471941783846,320.0,134.90637602254512,0.0,24.709691705001205,125.40857425903533,81.56704660223988,122.8157732382887,160.78206580352497,205.82332575413824,215.01074281614075,216.43575191771492,218.8803615590615,221.5158660136164,349.69919180512636,355.3706762072549,338.9854882445656,315.61579740534285,473.10160159676957,464.45809273982456,432.6547477828441,399.5415484915367,320.0,333.593416887512,387.59404714879975,436.44302283040133,470.0954039885303,471.5572232081267,541.3942632103701,587.9164099135224,627.2572227570996,477.2422244732903,548.4690030347584,596.4043155576162,640.0,469.10300850081416,480.12791911738316,432.9458348533708,400.1818070457878,450.9278469792005,454.9710156286104,420.79101909694316,393.6677736003666,320.0,134.47065532859963,0.0,28.135882295522322,140.8699904365269,100.34938848070715,142.07463024323613,178.78746962177044,218.6104370855606,236.35230868267314,230.31314018695696,224.73246599819652,218.68465993174686,371.345386385343,374.9964423377811,352.1945361715537,328.02058704722197,494.5011002545133,483.85983909385857,448.0308692716852,415.33261709291133,320.0,340.76209129340555,396.250966456607,444.4620144869581,475.12551821463757,479.6655437252337,549.2157496050959,596.2430327331488,637.0628115868199,481.95095831492733,549.3294636921961,596.3052260100833,640.0,470.8731470730662,483.2199773929426,439.3489402900988,408.6417003750731,451.4725277168605,455.76277565225803,423.58750654358886,397.9183405883655,320.0,116.95233143107748,0.0,60.23489229773031,167.13914116929178,60.708976242717426,63.98962753789647,87.4377546290695,114.46035941586621,228.26661744549233,304.96797341006135,294.1175256830798,257.93191908744245,381.7603285213258,439.5249181257162,391.0364189794897,345.6614592389964,516.9956250554535,551.058898649963,493.3814065138147,438.72819538555245,320.0,341.8053638623248,389.76208204692034,432.70212995700786,460.6116954449594,479.9705641077603,551.4075033890681,599.3716317217796,640.0,473.5899762394215,509.6223332038604,459.3231894137232,423.0738092715896,455.9232415099302,477.1147503399303,431.81565516609635,400.1686729847391,429.9811726968794,445.93583569122404,415.25659428978486,392.9827125543159,320.0,134.74735266152575,0.0,34.86695235099165,126.18978004421851,31.98350397728626,67.29113982053525,94.52655269254393,125.42566171345385,174.30960884511097,116.24439844591959,72.53213772416572,28.16387106666349,322.63631821462275,337.1052758193157,315.1309944581471,278.1825542223033,466.3473558338378,467.713113721219,432.1891402946197,379.74098072027346,320.0,334.9174817812608,380.57538319144476,420.4578250684843,452.7088895963186,476.559837613262,541.5642333319041,584.8104857778171,622.2257703321434,478.0495176345405,554.5769871765929,599.1907729242956,640.0,463.6871599104389,503.68009235878526,449.9797320123032,409.3048744225837,438.9625269254367,455.5288275288473,418.69382083756557,390.4940772576483
320.0,134.90637602254512,0.0,24.709691705001205,125.40857425903533,81.56704660223988,122.8157732382887,160.78206580352497,205.82332575413824,215.01074281614075,216.43575191771492,218.8803615590615,221.5158660136164,349.69919180512636,355.3706762072549,338.9854882445656,315.61579740534285,473.10160159676957,464.45809273982456,432.6547477828441,399.5415484915367,320.0,333.593416887512,387.59404714879975,436.44302283040133,470.0954039885303,471.5572232081267,541.3942632103701,587.9164099135224,627.2572227570996,477.2422244732903,548.4690030347584,596.4043155576162,640.0,469.10300850081416,480.12791911738316,432.9458348533708,400.1818070457878,450.9278469792005,454.9710156286104,420.79101909694316,393.6677736003666,320.0,134.47065532859963,0.0,28.135882295522322,140.8699904365269,100.34938848070715,142.07463024323613,178.78746962177044,218.6104370855606,236.35230868267314,230.31314018695696,224.73246599819652,218.68465993174686,371.345386385343,374.9964423377811,352.1945361715537,328.02058704722197,494.5011002545133,483.85983909385857,448.0308692716852,415.33261709291133,320.0,340.76209129340555,396.250966456607,444.4620144869581,475.12551821463757,479.6655437252337,549.2157496050959,596.2430327331488,637.0628115868199,481.95095831492733,549.3294636921961,596.3052260100833,640.0,470.8731470730662,483.2199773929426,439.3489402900988,408.6417003750731,451.4725277168605,455.76277565225803,423.58750654358886,397.9183405883655,320.0,116.95233143107748,0.0,60.23489229773031,167.13914116929178,60.708976242717426,63.98962753789647,87.4377546290695,114.46035941586621,228.26661744549233,304.96797341006135,294.1175256830798,257.93191908744245,381.7603285213258,439.5249181257162,391.0364189794897,345.6614592389964,516.9956250554535,551.058898649963,493.3814065138147,438.72819538555245,320.0,341.8053638623248,389.76208204692034,432.70212995700786,460.6116954449594,479.9705641077603,551.4075033890681,599.3716317217796,640.0,473.5899762394215,509.6223332038604,459.3231894137232,423.0738092715896,455.9232415099302,477.1147503399303,431.81565516609635,400.1686729847391,429.9811726968794,445.93583569122404,415.25659428978486,392.9827125543159,320.0,134.74735266152575,0.0,34.86695235099165,126.18978004421851,31.98350397728626,67.29113982053525,94.52655269254393,125.42566171345385,174.30960884511097,116.24439844591959,72.53213772416572,28.16387106666349,322.63631821462275,337.1052758193157,315.1309944581471,278.1825542223033,466.3473558338378,467.713113721219,432.1891402946197,379.74098072027346,320.0,334.9174817812608,380.57538319144476,420.4578250684843,452.7088895963186,476.559837613262,541.5642333319041,584.8104857778171,622.2257703321434,478.0495176345405,554.5769871765929,599.1907729242956,640.0,463.6871599104389,503.68009235878526,449.9797320123032,409.3048744225837,438.9625269254367,455.5288275288473,418.69382083756557,390.4940772576483,320.0,128.38020908708353,0.0,27.194889075620324,98.82434324465368,27.15626655867004,63.235432803474964,95.08949094203211,123.48832868189032,189.12824197189914,160.1919227915751,110.03884560317078,43.857912000684905,343.94974344131276,374.26640575112464,338.55711264652905,289.14817482104,484.67896844168934,505.5654825745828,461.6111668191089,399.72139009790817,320.0,336.3797615637287,381.22361105105324,424.6890443074042,459.191987848371,483.2450433499381,554.274237626782,600.840908530391,640.0,481.13063164697576,545.0653135665475,549.091412694904,555.1145259891924,464.95217085287686,497.8598644095605,446.7883351636357,408.22918948820507,440.53490665850416,458.15475297590683,422.7657594791008,395.4339046489113
320.0,134.47065532859963,0.0,28.135882295522322,140.8699904365269,100.34938848070715,142.07463024323613,178.78746962177044,218.6104370855606,236.35230868267314,230.31314018695696,224.73246599819652,218.68465993174686,371.345386385343,374.9964423377811,352.1945361715537,328.02058704722197,494.5011002545133,483.85983909385857,448.0308692716852,415.33261709291133,320.0,340.76209129340555,396.250966456607,444.4620144869581,475.12551821463757,479.6655437252337,549.2157496050959,596.2430327331488,637.0628115868199,481.95095831492733,549.3294636921961,596.3052260100833,640.0,470.8731470730662,483.2199773929426,439.3489402900988,408.6417003750731,451.4725277168605,455.76277565225803,423.58750654358886,397.9183405883655,320.0,116.95233143107748,0.0,60.23489229773031,167.13914116929178,60.708976242717426,63.98962753789647,87.4377546290695,114.46035941586621,228.26661744549233,304.96797341006135,294.1175256830798,257.93191908744245,381.7603285213258,439.5249181257162,391.0364189794897,345.6614592389964,516.9956250554535,551.058898649963,493.3814065138147,438.72819538555245,320.0,341.8053638623248,389.76208204692034,432.70212995700786,460.6116954449594,479.9705641077603,551.4075033890681,599.3716317217796,640.0,473.5899762394215,509.6223332038604,459.3231894137232,423.0738092715896,455.9232415099302,477.1147503399303,431.81565516609635,400.1686729847391,429.9811726968794,445.93583569122404,415.25659428978486,392.9827125543159,320.0,134.74735266152575,0.0,34.86695235099165,126.18978004421851,31.98350397728626,67.29113982053525,94.52655269254393,125.42566171345385,174.30960884511097,116.24439844591959,72.53213772416572,28.16387106666349,322.63631821462275,337.1052758193157,315.1309944581471,278.1825542223033,466.3473558338378,467.713113721219,432.1891402946197,379.74098072027346,320.0,334.9174817812608,380.57538319144476,420.4578250684843,452.7088895963186,476.559837613262,541.5642333319041,584.8104857778171,622.2257703321434,478.0495176345405,554.5769871765929,599.1907729242956,640.0,463.6871599104389,503.68009235878526,449.9797320123032,409.3048744225837,438.9625269254367,455.5288275288473,418.69382083756557,390.4940772576483,320.0,128.38020908708353,0.0,27.194889075620324,98.82434324465368,27.15626655867004,63.235432803474964,95.08949094203211,123.48832868189032,189.12824197189914,160.1919227915751,110.03884560317078,43.857912000684905,343.94974344131276,374.26640575112464,338.55711264652905,289.14817482104,484.67896844168934,505.5654825745828,461.6111668191089,399.72139009790817,320.0,336.3797615637287,381.22361105105324,424.6890443074042,459.191987848371,483.2450433499381,554.274237626782,600.840908530391,640.0,481.13063164697576,545.0653135665475,549.091412694904,555.1145259891924,464.95217085287686,497.8598644095605,446.7883351636357,408.22918948820507,440.53490665850416,458.15475297590683,422.7657594791008,395.4339046489113,320.0,140.01297380242386,0.0,35.04520157174818,158.28969529750276,46.07921293866576,69.21857460082225,93.11952351385884,121.8100393074302,193.18320529095064,143.27178983743974,99.36984241170671,48.40108779551554,337.13252888438166,351.16759589539225,317.3027118197997,271.8206575120323,469.9896460066612,477.1846471295591,439.5636533829593,392.38751763052596,320.0,334.9919803506834,380.6711394391092,425.664879061807,453.37158244711395,482.4761716114298,553.199708183055,600.3179776810341,640.0,484.0797443036837,555.5341564945049,571.7633120009957,588.9916740287758,469.7123280117343,507.8242590182799,454.7176429762957,415.8747491026588,445.12464963665,462.90690492794516,425.21926043639894,397.75837799618984
320.0,116.95233143107748,0.0,60.23489229773031,167.13914116929178,60.708976242717426,63.98962753789647,87.4377546290695,114.46035941586621,228.26661744549233,304.96797341006135,294.1175256830798,257.93191908744245,381.7603285213258,439.5249181257162,391.0364189794897,345.6614592389964,516.9956250554535,551.058898649963,493.3814065138147,438.72819538555245,320.0,341.8053638623248,389.76208204692034,432.70212995700786,460.6116954449594,479.9705641077603,551.4075033890681,599.3716317217796,640.0,473.5899762394215,509.6223332038604,459.3231894137232,423.0738092715896,455.9232415099302,477.1147503399303,431.81565516609635,400.1686729847391,429.9811726968794,445.93583569122404,415.25659428978486,392.9827125543159,320.0,134.74735266152575,0.0,34.86695235099165,126.18978004421851,31.98350397728626,67.29113982053525,94.52655269254393,125.42566171345385,174.30960884511097,116.24439844591959,72.53213772416572,28.16387106666349,322.63631821462275,337.1052758193157,315.1309944581471,278.1825542223033,466.3473558338378,467.713113721219,432.1891402946197,379.74098072027346,320.0,334.9174817812608,380.57538319144476,420.4578250684843,452.7088895963186,476.559837613262,541.5642333319041,584.8104857778171,622.2257703321434,478.0495176345405,554.5769871765929,599.1907729242956,640.0,463.6871599104389,503.68009235878526,449.9797320123032,409.3048744225837,438.9625269254367,455.5288275288473,418.69382083756557,390.4940772576483,320.0,128.38020908708353,0.0,27.194889075620324,98.82434324465368,27.15626655867004,63.235432803474964,95.08949094203211,123.48832868189032,189.12824197189914,160.1919227915751,110.03884560317078,43.857912000684905,343.94974344131276,374.26640575112464,338.55711264652905,289.14817482104,484.67896844168934,505.5654825745828,461.6111668191089,399.72139009790817,320.0,336.3797615637287,381.22361105105324,424.6890443074042,459.191987848371,483.2450433499381,554.274237626782,600.840908530391,640.0,481.13063164697576,545.0653135665475,549.091412694904,555.1145259891924,464.95217085287686,497.8598644095605,446.7883351636357,408.22918948820507,440.53490665850416,458.15475297590683,422.7657594791008,395.4339046489113,320.0,140.01297380242386,0.0,35.04520157174818,158.28969529750276,46.07921293866576,69.21857460082225,93.11952351385884,121.8100393074302,193.18320529095064,143.27178983743974,99.36984241170671,48.40108779551554,337.13252888438166,351.16759589539225,317.3027118197997,271.8206575120323,469.9896460066612,477.1846471295591,439.5636533829593,392.38751763052596,320.0,334.9919803506834,380.6711394391092,425.664879061807,453.37158244711395,482.4761716114298,553.199708183055,600.3179776810341,640.0,484.0797443036837,555.5341564945049,571.7633120009957,588.9916740287758,469.7123280117343,507.8242590182799,454.7176429762957,415.8747491026588,445.12464963665,462.90690492794516,425.21926043639894,397.75837799618984,320.0,132.9288079528959,0.0,56.31490742088096,169.2663020524633,36.985366927054656,65.10823789124748,94.01197477276679,126.73043274571529,175.96013614471943,116.80086882761509,73.34114615682196,27.512079472173014,321.72141440024984,335.5551943327454,320.53759418510145,284.5058365482558,460.70379295781146,456.37152318115835,420.6151214335656,369.1475338853417,320.0,334.7933631004171,377.9339181110313,418.1564408341135,445.2752975655218,472.26320764469006,537.333614607323,581.3944047863241,619.6349543205208,475.0750142824321,551.1261918904302,597.154334195626,640.0,462.01796977860045,507.40983661804967,452.3358813257078,412.2010020223859,436.7126225591461,458.2714520834528,419.3517593720461,389.32694050698666
320.0,134.74735266152575,0.0,34.86695235099165,126.18978004421851,31.98350397728626,67.29113982053525,94.52655269254393,125.42566171345385,174.30960884511097,116.24439844591959,72.53213772416572,28.16387106666349,322.63631821462275,337.1052758193157,315.1309944581471,278.1825542223033,466.3473558338378,467.713113721219,432.1891402946197,379.74098072027346,320.0,334.9174817812608,380.57538319144476,420.4578250684843,452.7088895963186,476.559837613262,541.5642333319041,584.8104857778171,622.2257703321434,478.0495176345405,554.5769871765929,599.1907729242956,640.0,463.6871599104389,503.68009235878526,449.9797320123032,409.3048744225837,438.9625269254367,455.5288275288473,418.69382083756557,390.4940772576483,320.0,128.38020908708353,0.0,27.194889075620324,98.82434324465368,27.15626655867004,63.235432803474964,95.08949094203211,123.48832868189032,189.12824197189914,160.1919227915751,110.03884560317078,43.857912000684905,343.94974344131276,374.26640575112464,338.55711264652905,289.14817482104,484.67896844168934,505.5654825745828,461.6111668191089,399.72139009790817,320.0,336.3797615637287,381.22361105105324,424.6890443074042,459.191987848371,483.2450433499381,554.274237626782,600.840908530391,640.0,481.13063164697576,545.0653135665475,549.091412694904,555.1145259891924,464.95217085287686,497.8598644095605,446.7883351636357,408.22918948820507,440.53490665850416,458.15475297590683,422.7657594791008,395.4339046489113,320.0,140.01297380242386,0.0,35.04520157174818,158.28969529750276,46.07921293866576,69.21857460082225,93.11952351385884,121.8100393074302,193.18320529095064,143.27178983743974,99.36984241170671,48.40108779551554,337.13252888438166,351.16759589539225,317.3027118197997,271.8206575120323,469.9896460066612,477.1846471295591,439.5636533829593,392.38751763052596,320.0,334.9919803506834,380.6711394391092,425.664879061807,453.37158244711395,482.4761716114298,553.199708183055,600.3179776810341,640.0,484.0797443036837,555.5341564945049,571.7633120009957,588.9916740287758,469.7123280117343,507.8242590182799,454.7176429762957,415.8747491026588,445.12464963665,462.90690492794516,425.21926043639894,397.75837799618984,320.0,132.9288079528959,0.0,56.31490742088096,169.2663020524633,36.985366927054656,65.10823789124748,94.01197477276679,126.73043274571529,175.96013614471943,116.80086882761509,73.34114615682196,27.512079472173014,321.72141440024984,335.5551943327454,320.53759418510145,284.5058365482558,460.70379295781146,456.37152318115835,420.6151214335656,369.1475338853417,320.0,334.7933631004171,377.9339181110313,418.1564408341135,445.2752975655218,472.26320764469006,537.333614607323,581.3944047863241,619.6349543205208,475.0750142824321,551.1261918904302,597.154334195626,640.0,462.01796977860045,507.40983661804967,452.3358813257078,412.2010020223859,436.7126225591461,458.2714520834528,419.3517593720461,389.32694050698666,320.0,133.04231995128606,0.0,51.171784467708164,151.99570240437677,26.144800356195788,62.257080007407865,84.99452409664147,110.33471332841316,169.96839148580247,110.4461183063633,59.77898132197413,6.511982894951473,318.01471974317417,336.80920444641515,318.2480640313794,280.87407739534217,460.12921844560117,472.3882975485424,433.87707383172915,376.45484039511837,320.0,337.29185806879605,380.3316437767883,420.38355764837297,448.8329299330496,477.09335157672206,542.9091714638562,586.1046829350386,623.4773654859409,479.35167103883623,556.3928921059344,600.7034025778078,640.0,465.7694170759122,508.8944630619594,456.03402062631903,416.18606354284304,441.07234244239044,460.0035058375365,423.1875090733691,394.29653335545504
320.0,128.38020908708353,0.0,27.194889075620324,98.82434324465368,27.15626655867004,63.235432803474964,95.08949094203211,123.48832868189032,189.12824197189914,160.1919227915751,110.03884560317078,43.857912000684905,343.94974344131276,374.26640575112464,338.55711264652905,289.14817482104,484.67896844168934,505.5654825745828,461.6111668191089,399.72139009790817,320.0,336.3797615637287,381.22361105105324,424.6890443074042,459.191987848371,483.2450433499381,554.274237626782,600.840908530391,640.0,481.13063164697576,545.0653135665475,549.091412694904,555.1145259891924,464.95217085287686,497.8598644095605,446.7883351636357,408.22918948820507,440.53490665850416,458.15475297590683,422.7657594791008,395.4339046489113,320.0,140.01297380242386,0.0,35.04520157174818,158.28969529750276,46.07921293866576,69.21857460082225,93.11952351385884,121.8100393074302,193.18320529095064,143.27178983743974,99.36984241170671,48.40108779551554,337.13252888438166,351.16759589539225,317.3027118197997,271.8206575120323,469.9896460066612,477.1846471295591,439.5636533829593,392.38751763052596,320.0,334.9919803506834,380.6711394391092,425.664879061807,453.37158244711395,482.4761716114298,553.199708183055,600.3179776810341,640.0,484.0797443036837,555.5341564945049,571.7633120009957,588.9916740287758,469.7123280117343,507.8242590182799,454.7176429762957,415.8747491026588,445.12464963665,462.90690492794516,425.21926043639894,397.75837799618984,320.0,132.9288079528959,0.0,56.31490742088096,169.2663020524633,36.985366927054656,65.10823789124748,94.01197477276679,126.73043274571529,175.96013614471943,116.80086882761509,73.34114615682196,27.512079472173014,321.72141440024984,335.5551943327454,320.53759418510145,284.5058365482558,460.70379295781146,456.37152318115835,420.6151214335656,369.1475338853417,320.0,334.7933631004171,377.9339181110313,418.1564408341135,445.2752975655218,472.26320764469006,537.333614607323,581.3944047863241,619.6349543205208,475.0750142824321,551.1261918904302,597.154334195626,640.0,462.01796977860045,507.40983661804967,452.3358813257078,412.2010020223859,436.7126225591461,458.2714520834528,419.3517593720461,389.32694050698666,320.0,133.04231995128606,0.0,51.171784467708164,151.99570240437677,26.144800356195788,62.257080007407865,84.99452409664147,110.33471332841316,169.96839148580247,110.4461183063633,59.77898132197413,6.511982894951473,318.01471974317417,336.80920444641515,318.2480640313794,280.87407739534217,460.12921844560117,472.3882975485424,433.87707383172915,376.45484039511837,320.0,337.29185806879605,380.3316437767883,420.38355764837297,448.8329299330496,477.09335157672206,542.9091714638562,586.1046829350386,623.4773654859409,479.35167103883623,556.3928921059344,600.7034025778078,640.0,465.7694170759122,508.8944630619594,456.03402062631903,416.18606354284304,441.07234244239044,460.0035058375365,423.1875090733691,394.29653335545504,320.0,169.41350780998397,46.73600480003836,69.08254681308821,161.49854797958454,58.908723278877744,75.32099741903866,94.31141659779058,117.66340319131405,168.9583390597387,97.7953366310569,49.74979858976826,0.0,290.7187313646846,296.29091501318703,298.94267161467286,278.63829779728275,406.4107557546883,411.5348260743092,389.5818825010704,349.2110436746751,320.0,334.72436310324565,374.48171031048184,415.9952213787782,445.277107083576,469.48185167459934,533.4107151944836,575.4337950713787,612.6212557143232,475.9482473676716,552.1127664135306,596.4788511569496,640.0,466.71633773378414,509.1542776010869,452.9335521821222,413.76699389461226,445.32620926721467,466.2918135782548,425.4823472200875,394.67294768859387
320.0,140.01297380242386,0.0,35.04520157174818,158.28969529750276,46.07921293866576,69.21857460082225,93.11952351385884,121.8100393074302,193.18320529095064,143.27178983743974,99.36984241170671,48.40108779551554,337.13252888438166,351.16759589539225,317.3027118197997,271.8206575120323,469.9896460066612,477.1846471295591,439.5636533829593,392.38751763052596,320.0,334.9919803506834,380.6711394391092,425.664879061807,453.37158244711395,482.4761716114298,553.199708183055,600.3179776810341,640.0,484.0797443036837,555.5341564945049,571.7633120009957,588.9916740287758,469.7123280117343,507.8242590182799,454.7176429762957,415.8747491026588,445.12464963665,462.90690492794516,425.21926043639894,397.75837799618984,320.0,132.9288079528959,0.0,56.31490742088096,169.2663020524633,36.985366927054656,65.10823789124748,94.01197477276679,126.73043274571529,175.96013614471943,116.80086882761509,73.34114615682196,27.512079472173014,321.72141440024984,335.5551943327454,320.53759418510145,284.5058365482558,460.70379295781146,456.37152318115835,420.6151214335656,369.1475338853417,320.0,334.7933631004171,377.9339181110313,418.1564408341135,445.2752975655218,472.26320764469006,537.333614607323,581.3944047863241,619.6349543205208,475.0750142824321,551.1261918904302,597.154334195626,640.0,462.01796977860045,507.40983661804967,452.3358813257078,412.2010020223859,436.7126225591461,458.2714520834528,419.3517593720461,389.32694050698666,320.0,133.04231995128606,0.0,51.171784467708164,151.99570240437677,26.144800356195788,62.257080007407865,84.99452409664147,110.33471332841316,169.96839148580247,110.4461183063633,59.77898132197413,6.511982894951473,318.01471974317417,336.80920444641515,318.2480640313794,280.87407739534217,460.12921844560117,472.3882975485424,433.87707383172915,376.45484039511837,320.0,337.29185806879605,380.3316437767883,420.38355764837297,448.8329299330496,477.09335157672206,542.9091714638562,586.1046829350386,623.4773654859409,479.35167103883623,556.3928921059344,600.7034025778078,640.0,465.7694170759122,508.8944630619594,456.03402062631903,416.18606354284304,441.07234244239044,460.0035058375365,423.1875090733691,394.29653335545504,320.0,169.41350780998397,46.73600480003836,69.08254681308821,161.49854797958454,58.908723278877744,75.32099741903866,94.31141659779058,117.66340319131405,168.9583390597387,97.7953366310569,49.74979858976826,0.0,290.7187313646846,296.29091501318703,298.94267161467286,278.63829779728275,406.4107557546883,411.5348260743092,389.5818825010704,349.2110436746751,320.0,334.72436310324565,374.48171031048184,415.9952213787782,445.277107083576,469.48185167459934,533.4107151944836,575.4337950713787,612.6212557143232,475.9482473676716,552.1127664135306,596.4788511569496,640.0,466.71633773378414,509.1542776010869,452.9335521821222,413.76699389461226,445.32620926721467,466.2918135782548,425.4823472200875,394.67294768859387,320.0,173.93397104916772,62.65826084415278,84.22677628169384,140.65299959306293,48.86097130043777,66.49258004404788,80.50082481484804,98.79194473175122,160.67029625340356,94.50714283931038,48.556545379061674,0.0,283.2246625880932,293.50352534369,293.90377165001297,273.11070112272625,405.1787769478311,417.72283548332473,396.4325704132533,354.44782783581593,320.0,333.85337670885565,373.68218908084515,414.752087655986,447.7403356858985,470.93416584460954,539.2591044793619,582.3562939396179,619.8685121129804,476.60872111143647,555.7400972920477,599.6539224744499,640.0,466.7974619522437,510.6260802221362,454.9534926816019,413.8015970433952,446.06758726208244,465.5202753644381,427.8336414758403,398.5882029565397
320.0,132.9288079528959,0.0,56.31490742088096,169.2663020524633,36.985366927054656,65.10823789124748,94.01197477276679,126.73043274571529,175.96013614471943,116.80086882761509,73.34114615682196,27.512079472173014,321.72141440024984,335.5551943327454,320.53759418510145,284.5058365482558,460.70379295781146,456.37152318115835,420.6151214335656,369.1475338853417,320.0,334.7933631004171,377.9339181110313,418.1564408341135,445.2752975655218,472.26320764469006,537.333614607323,581.3944047863241,619.6349543205208,475.0750142824321,551.1261918904302,597.154334195626,640.0,462.01796977860045,507.40983661804967,452.3358813257078,412.2010020223859,436.7126225591461,458.2714520834528,419.3517593720461,389.32694050698666,320.0,133.04231995128606,0.0,51.171784467708164,151.99570240437677,26.144800356195788,62.257080007407865,84.99452409664147,110.33471332841316,169.96839148580247,110.4461183063633,59.77898132197413,6.511982894951473,318.01471974317417,336.80920444641515,318.2480640313794,280.87407739534217,460.12921844560117,472.3882975485424,433.87707383172915,376.45484039511837,320.0,337.29185806879605,380.3316437767883,420.38355764837297,448.8329299330496,477.09335157672206,542.9091714638562,586.1046829350386,623.4773654859409,479.35167103883623,556.3928921059344,600.7034025778078,640.0,465.7694170759122,508.8944630619594,456.03402062631903,416.18606354284304,441.07234244239044,460.0035058375365,423.1875090733691,394.29653335545504,320.0,169.41350780998397,46.73600480003836,69.08254681308821,161.49854797958454,58.908723278877744,75.32099741903866,94.31141659779058,117.66340319131405,168.9583390597387,97.7953366310569,49.74979858976826,0.0,290.7187313646846,296.29091501318703,298.94267161467286,278.63829779728275,406.4107557546883,411.5348260743092,389.5818825010704,349.2110436746751,320.0,334.72436310324565,374.48171031048184,415.9952213787782,445.277107083576,469.48185167459934,533.4107151944836,575.4337950713787,612.6212557143232,475.9482473676716,552.1127664135306,596.4788511569496,640.0,466.71633773378414,509.1542776010869,452.9335521821222,413.76699389461226,445.32620926721467,466.2918135782548,425.4823472200875,394.67294768859387,320.0,173.93397104916772,62.65826084415278,84.22677628169384,140.65299959306293,48.86097130043777,66.49258004404788,80.50082481484804,98.79194473175122,160.67029625340356,94.50714283931038,48.556545379061674,0.0,283.2246625880932,293.50352534369,293.90377165001297,273.11070112272625,405.1787769478311,417.72283548332473,396.4325704132533,354.44782783581593,320.0,333.85337670885565,373.68218908084515,414.752087655986,447.7403356858985,470.93416584460954,539.2591044793619,582.3562939396179,619.8685121129804,476.60872111143647,555.7400972920477,599.6539224744499,640.0,466.7974619522437,510.6260802221362,454.9534926816019,413.8015970433952,446.06758726208244,465.5202753644381,427.8336414758403,398.5882029565397,320.0,170.7308587094988,52.33274770140201,75.39440103127359,150.22416282848238,51.87982002416794,66.78578121925469,79.87750556467287,96.96853171286082,167.20305639638423,99.16426259349862,50.338780616664906,0.0,286.1004544421922,290.1651084413156,287.10553099098104,265.5615736570302,400.6824556309987,403.55781192940725,381.689292291733,341.62198701435017,320.0,335.2586552011674,375.7143129024329,417.03263429554283,448.52449610561274,477.67569083245536,548.7202448505387,593.668420855461,632.1069584380327,481.31212707461424,560.8823284493976,602.1447059845624,640.0,469.6687528752062,513.2203838487486,456.56216258376537,414.32070342776996,447.14367860648935,469.94795931061964,430.67742245031775,398.5720586686636
320.0,133.04231995128606,0.0,51.171784467708164,151.99570240437677,26.144800356195788,62.257080007407865,84.99452409664147,110.33471332841316,169.96839148580247,110.4461183063633,59.77898132197413,6.511982894951473,318.01471974317417,336.80920444641515,318.2480640313794,280.87407739534217,460.12921844560117,472.3882975485424,433.87707383172915,376.45484039511837,320.0,337.29185806879605,380.3316437767883,420.38355764837297,448.8329299330496,477.09335157672206,542.9091714638562,586.1046829350386,623.4773654859409,479.35167103883623,556.3928921059344,600.7034025778078,640.0,465.7694170759122,508.8944630619594,456.03402062631903,416.18606354284304,441.07234244239044,460.0035058375365,423.1875090733691,394.29653335545504,320.0,169.41350780998397,46.73600480003836,69.08254681308821,161.49854797958454,58.908723278877744,75.32099741903866,94.31141659779058,117.66340319131405,168.9583390597387,97.7953366310569,49.74979858976826,0.0,290.7187313646846,296.29091501318703,298.94267161467286,278.63829779728275,406.4107557546883,411.5348260743092,389.5818825010704,349.2110436746751,320.0,334.72436310324565,374.48171031048184,415.9952213787782,445.277107083576,469.48185167459934,533.4107151944836,575.4337950713787,612.6212557143232,475.9482473676716,552.1127664135306,596.4788511569496,640.0,466.71633773378414,509.1542776010869,452.9335521821222,413.76699389461226,445.32620926721467,466.2918135782548,425.4823472200875,394.67294768859387,320.0,173.93397104916772,62.65826084415278,84.22677628169384,140.65299959306293,48.86097130043777,66.49258004404788,80.50082481484804,98.79194473175122,160.67029625340356,94.50714283931038,48.556545379061674,0.0,283.2246625880932,293.50352534369,293.90377165001297,273.11070112272625,405.1787769478311,417.72283548332473,396.4325704132533,354.44782783581593,320.0,333.85337670885565,373.68218908084515,414.752087655986,447.7403356858985,470.93416584460954,539.2591044793619,582.3562939396179,619.8685121129804,476.60872111143647,555.7400972920477,599.6539224744499,640.0,466.7974619522437,510.6260802221362,454.9534926816019,413.8015970433952,446.06758726208244,465.5202753644381,427.8336414758403,398.5882029565397,320.0,170.7308587094988,52.33274770140201,75.39440103127359,150.22416282848238,51.87982002416794,66.78578121925469,79.87750556467287,96.96853171286082,167.20305639638423,99.16426259349862,50.338780616664906,0.0,286.1004544421922,290.1651084413156,287.10553099098104,265.5615736570302,400.6824556309987,403.55781192940725,381.689292291733,341.62198701435017,320.0,335.2586552011674,375.7143129024329,417.03263429554283,448.52449610561274,477.67569083245536,548.7202448505387,593.668420855461,632.1069584380327,481.31212707461424,560.8823284493976,602.1447059845624,640.0,469.6687528752062,513.2203838487486,456.56216258376537,414.32070342776996,447.14367860648935,469.94795931061964,430.67742245031775,398.5720586686636,320.0,175.0775562815299,65.6825062411568,92.13096576808823,145.2976509545081,45.519170907690125,61.60225792830636,74.67562726403983,91.98204917364862,160.89496929424925,94.73873665651783,49.0961086294642,0.0,285.8664770243942,300.6217362638991,305.0090628264106,282.6976494729278,409.26281603958785,425.19177130327205,405.48718062685657,358.0761858197954,320.0,331.6297339836019,372.4561764713767,412.7038709669405,445.42056066211745,470.1520260893745,537.1218849480239,580.4113225604845,617.8413081196372,476.009511462353,554.2463145502504,599.3112879016664,640.0,465.9996525618594,510.09459222406764,453.9382950123797,411.8146385482813,445.22636144066917,461.14011100105927,421.45492892392446,391.16976746816516
320.0,169.41350780998397,46.73600480003836,69.08254681308821,161.49854797958454,58.908723278877744,75.32099741903866,94.31141659779058,117.66340319131405,168.9583390597387,97.7953366310569,49.74979858976826,0.0,290.7187313646846,296.29091501318703,298.94267161467286,278.63829779728275,406.4107557546883,411.5348260743092,389.5818825010704,349.2110436746751,320.0,334.72436310324565,374.48171031048184,415.9952213787782,445.277107083576,469.48185167459934,533.4107151944836,575.4337950713787,612.6212557143232,475.9482473676716,552.1127664135306,596.4788511569496,640.0,466.71633773378414,509.1542776010869,452.9335521821222,413.76699389461226,445.32620926721467,466.2918135782548,425.4823472200875,394.67294768859387,320.0,173.93397104916772,62.65826084415278,84.22677628169384,140.65299959306293,48.86097130043777,66.49258004404788,80.50082481484804,98.79194473175122,160.67029625340356,94.50714283931038,48.556545379061674,0.0,283.2246625880932,293.50352534369,293.90377165001297,273.11070112272625,405.1787769478311,417.72283548332473,396.4325704132533,354.44782783581593,320.0,333.85337670885565,373.68218908084515,414.752087655986,447.7403356858985,470.93416584460954,539.2591044793619,582.3562939396179,619.8685121129804,476.60872111143647,555.7400972920477,599.6539224744499,640.0,466.7974619522437,510.6260802221362,454.9534926816019,413.8015970433952,446.06758726208244,465.5202753644381,427.8336414758403,398.5882029565397,320.0,170.7308587094988,52.33274770140201,75.39440103127359,150.22416282848238,51.87982002416794,66.78578121925469,79.87750556467287,96.96853171286082,167.20305639638423,99.16426259349862,50.338780616664906,0.0,286.1004544421922,290.1651084413156,287.10553099098104,265.5615736570302,400.6824556309987,403.55781192940725,381.689292291733,341.62198701435017,320.0,335.2586552011674,375.7143129024329,417.03263429554283,448.52449610561274,477.67569083245536,548.7202448505387,593.668420855461,632.1069584380327,481.31212707461424,560.8823284493976,602.1447059845624,640.0,469.6687528752062,513.2203838487486,456.56216258376537,414.32070342776996,447.14367860648935,469.94795931061964,430.67742245031775,398.5720586686636,320.0,175.0775562815299,65.6825062411568,92.13096576808823,145.2976509545081,45.519170907690125,61.60225792830636,74.67562726403983,91.98204917364862,160.89496929424925,94.73873665651783,49.0961086294642,0.0,285.8664770243942,300.6217362638991,305.0090628264106,282.6976494729278,409.26281603958785,425.19177130327205,405.48718062685657,358.0761858197954,320.0,331.6297339836019,372.4561764713767,412.7038709669405,445.42056066211745,470.1520260893745,537.1218849480239,580.4113225604845,617.8413081196372,476.009511462353,554.2463145502504,599.3112879016664,640.0,465.9996525618594,510.09459222406764,453.9382950123797,411.8146385482813,445.22636144066917,461.14011100105927,421.45492892392446,391.16976746816516,320.0,169.16164625213844,52.08120344148551,83.90741932869886,159.09203874066043,47.749276798229175,60.70307593083891,76.77593743608065,95.39637301095038,163.3055901395735,95.72166394094734,48.94864551982414,0.0,287.1561715175835,289.41248272012433,291.3739161763736,271.5197946266628,406.6581978079975,406.37112820078727,385.33870062564523,343.8301512857071,320.0,332.69893988974565,372.4557669398057,413.4647604722504,444.0891321899194,470.2135149989894,536.7252628743356,578.950534888506,616.1748015208425,475.9747464736663,553.8210240791389,598.6685348792687,640.0,465.99251158043097,508.645525263707,451.810589575293,410.31240345846146,444.63423844586634,464.5052828570721,424.6879624601937,393.4399638726072
320.0,173.93397104916772,62.65826084415278,84.22677628169384,140.65299959306293,48.86097130043777,66.49258004404788,80.50082481484804,98.79194473175122,160.67029625340356,94.50714283931038,48.556545379061674,0.0,283.2246625880932,293.50352534369,293.90377165001297,273.11070112272625,405.1787769478311,417.72283548332473,396.4325704132533,354.44782783581593,320.0,333.85337670885565,373.68218908084515,414.752087655986,447.7403356858985,470.93416584460954,539.2591044793619,582.3562939396179,619.8685121129804,476.60872111143647,555.7400972920477,599.6539224744499,640.0,466.7974619522437,510.6260802221362,454.9534926816019,413.8015970433952,446.06758726208244,465.5202753644381,427.8336414758403,398.5882029565397,320.0,170.7308587094988,52.33274770140201,75.39440103127359,150.22416282848238,51.87982002416794,66.78578121925469,79.87750556467287,96.96853171286082,167.20305639638423,99.16426259349862,50.338780616664906,0.0,286.1004544421922,290.1651084413156,287.10553099098104,265.5615736570302,400.6824556309987,403.55781192940725,381.689292291733,341.62198701435017,320.0,335.2586552011674,375.7143129024329,417.03263429554283,448.52449610561274,477.67569083245536,548.7202448505387,593.668420855461,632.1069584380327,481.31212707461424,560.8823284493976,602.1447059845624,640.0,469.6687528752062,513.2203838487486,456.56216258376537,414.32070342776996,447.14367860648935,469.94795931061964,430.67742245031775,398.5720586686636,320.0,175.0775562815299,65.6825062411568,92.13096576808823,145.2976509545081,45.519170907690125,61.60225792830636,74.67562726403983,91.98204917364862,160.89496929424925,94.73873665651783,49.0961086294642,0.0,285.8664770243942,300.6217362638991,305.0090628264106,282.6976494729278,409.26281603958785,425.19177130327205,405.48718062685657,358.0761858197954,320.0,331.6297339836019,372.4561764713767,412.7038709669405,445.42056066211745,470.1520260893745,537.1218849480239,580.4113225604845,617.8413081196372,476.009511462353,554.2463145502504,599.3112879016664,640.0,465.9996525618594,510.09459222406764,453.9382950123797,411.8146385482813,445.22636144066917,461.14011100105927,421.45492892392446,391.16976746816516,320.0,169.16164625213844,52.08120344148551,83.90741932869886,159.09203874066043,47.749276798229175,60.70307593083891,76.77593743608065,95.39637301095038,163.3055901395735,95.72166394094734,48.94864551982414,0.0,287.1561715175835,289.41248272012433,291.3739161763736,271.5197946266628,406.6581978079975,406.37112820078727,385.33870062564523,343.8301512857071,320.0,332.69893988974565,372.4557669398057,413.4647604722504,444.0891321899194,470.2135149989894,536.7252628743356,578.950534888506,616.1748015208425,475.9747464736663,553.8210240791389,598.6685348792687,640.0,465.99251158043097,508.645525263707,451.810589575293,410.31240345846146,444.63423844586634,464.5052828570721,424.6879624601937,393.4399638726072,320.0,167.80039624054035,48.86649255122626,74.94541313966477,149.7322442769468,48.29780327467546,60.106647622120136,72.93301488253488,90.3812999465521,165.0323437123967,97.48224416205449,50.243484343167665,0.0,291.47994600981366,298.4126511427264,300.14494505314383,279.45090062536644,414.4416854975135,422.2533810121031,399.81076779762043,357.89031401289213,320.0,334.4581329736378,374.5130261838109,415.0142840228106,444.8268261094307,472.60070405601573,539.7377080989393,582.8628238289944,620.2800263095165,476.652703428009,554.1306201774796,599.0654801304208,640.0,465.50581401717216,510.48453011902393,454.8700093940205,413.63696727010597,443.492823041378,465.3777924521314,427.4845775846466,397.0802069918427
320.0,170.7308587094988,52.33274770140201,75.39440103127359,150.22416282848238,51.87982002416794,66.78578121925469,79.87750556467287,96.96853171286082,167.20305639638423,99.16426259349862,50.338780616664906,0.0,286.1004544421922,290.1651084413156,287.10553099098104,265.5615736570302,400.6824556309987,403.55781192940725,381.689292291733,341.62198701435017,320.0,335.2586552011674,375.7143129024329,417.03263429554283,448.52449610561274,477.67569083245536,548.7202448505387,593.668420855461,632.1069584380327,481.31212707461424,560.8823284493976,602.1447059845624,640.0,469.6687528752062,513.2203838487486,456.56216258376537,414.32070342776996,447.14367860648935,469.94795931061964,430.67742245031775,398.5720586686636,320.0,175.0775562815299,65.6825062411568,92.13096576808823,145.2976509545081,45.519170907690125,61.60225792830636,74.67562726403983,91.98204917364862,160.89496929424925,94.73873665651783,49.0961086294642,0.0,285.8664770243942,300.6217362638991,305.0090628264106,282.6976494729278,409.26281603958785,425.19177130327205,405.48718062685657,358.0761858197954,320.0,331.6297339836019,372.4561764713767,412.7038709669405,445.42056066211745,470.1520260893745,537.1218849480239,580.4113225604845,617.8413081196372,476.009511462353,554.2463145502504,599.3112879016664,640.0,465.9996525618594,510.09459222406764,453.9382950123797,411.8146385482813,445.22636144066917,461.14011100105927,421.45492892392446,391.16976746816516,320.0,169.16164625213844,52.08120344148551,83.90741932869886,159.09203874066043,47.749276798229175,60.70307593083891,76.77593743608065,95.39637301095038,163.3055901395735,95.72166394094734,48.94864551982414,0.0,287.1561715175835,289.41248272012433,291.3739161763736,271.5197946266628,406.6581978079975,406.37112820078727,385.33870062564523,343.8301512857071,320.0,332.69893988974565,372.4557669398057,413.4647604722504,444.0891321899194,470.2135149989894,536.7252628743356,578.950534888506,616.1748015208425,475.9747464736663,553.8210240791389,598.6685348792687,640.0,465.99251158043097,508.645525263707,451.810589575293,410.31240345846146,444.63423844586634,464.5052828570721,424.6879624601937,393.4399638726072,320.0,167.80039624054035,48.86649255122626,74.94541313966477,149.7322442769468,48.29780327467546,60.106647622120136,72.93301488253488,90.3812999465521,165.0323437123967,97.48224416205449,50.243484343167665,0.0,291.47994600981366,298.4126511427264,300.14494505314383,279.45090062536644,414.4416854975135,422.2533810121031,399.81076779762043,357.89031401289213,320.0,334.4581329736378,374.5130261838109,415.0142840228106,444.8268261094307,472.60070405601573,539.7377080989393,582.8628238289944,620.2800263095165,476.652703428009,554.1306201774796,599.0654801304208,640.0,465.50581401717216,510.48453011902393,454.8700093940205,413.63696727010597,443.492823041378,465.3777924521314,427.4845775846466,397.0802069918427,320.0,171.60349075841347,50.95747855654088,85.06614440168048,170.1524611104618,51.52254047662416,67.75332116270803,84.39125020246468,104.20458516540404,166.71059087654012,98.43027412385439,50.564379621460716,0.0,287.56819871383743,295.61305717840446,297.7840720649738,276.8483499349443,402.48171588017414,409.34784711052464,390.4598752046154,349.331009167127,320.0,332.98573463663035,372.65830561896314,412.77670626720703,442.84845430155804,470.992230398268,540.6872310493593,584.8122473592928,622.9294926307834,475.6736717640733,553.7573502454229,598.3298680302707,640.0,465.1880021059569,507.74185231474365,450.59432157011076,408.7817932685394,443.79657898246126,464.8482487212947,423.89966951731867,391.3414399526042
320.0,175.0775562815299,65.6825062411568,92.13096576808823,145.2976509545081,45.519170907690125,61.60225792830636,74.67562726403983,91.98204917364862,160.89496929424925,94.73873665651783,49.0961086294642,0.0,285.8664770243942,300.6217362638991,305.0090628264106,282.6976494729278,409.26281603958785,425.19177130327205,405.48718062685657,358.0761858197954,320.0,331.6297339836019,372.4561764713767,412.7038709669405,445.42056066211745,470.1520260893745,537.1218849480239,580.4113225604845,617.8413081196372,476.009511462353,554.2463145502504,599.3112879016664,640.0,465.9996525618594,510.09459222406764,453.9382950123797,411.8146385482813,445.22636144066917,461.14011100105927,421.45492892392446,391.16976746816516,320.0,169.16164625213844,52.08120344148551,83.90741932869886,159.09203874066043,47.749276798229175,60.70307593083891,76.77593743608065,95.39637301095038,163.3055901395735,95.72166394094734,48.94864551982414,0.0,287.1561715175835,289.41248272012433,291.3739161763736,271.5197946266628,406.6581978079975,406.37112820078727,385.33870062564523,343.8301512857071,320.0,332.69893988974565,372.4557669398057,413.4647604722504,444.0891321899194,470.2135149989894,536.7252628743356,578.950534888506,616.1748015208425,475.9747464736663,553.8210240791389,598.6685348792687,640.0,465.99251158043097,508.645525263707,451.810589575293,410.31240345846146,444.63423844586634,464.5052828570721,424.6879624601937,393.4399638726072,320.0,167.80039624054035,48.86649255122626,74.94541313966477,149.7322442769468,48.29780327467546,60.106647622120136,72.93301488253488,90.3812999465521,165.0323437123967,97.48224416205449,50.243484343167665,0.0,291.47994600981366,298.4126511427264,300.14494505314383,279.45090062536644,414.4416854975135,422.2533810121031,399.81076779762043,357.89031401289213,320.0,334.4581329736378,374.5130261838109,415.0142840228106,444.8268261094307,472.60070405601573,539.7377080989393,582.8628238289944,620.2800263095165,476.652703428009,554.1306201774796,599.0654801304208,640.0,465.50581401717216,510.48453011902393,454.8700093940205,413.63696727010597,443.492823041378,465.3777924521314,427.4845775846466,397.0802069918427,320.0,171.60349075841347,50.95747855654088,85.06614440168048,170.1524611104618,51.52254047662416,67.75332116270803,84.39125020246468,104.20458516540404,166.71059087654012,98.43027412385439,50.564379621460716,0.0,287.56819871383743,295.61305717840446,297.7840720649738,276.8483499349443,402.48171588017414,409.34784711052464,390.4598752046154,349.331009167127,320.0,332.98573463663035,372.65830561896314,412.77670626720703,442.84845430155804,470.992230398268,540.6872310493593,584.8122473592928,622.9294926307834,475.6736717640733,553.7573502454229,598.3298680302707,640.0,465.1880021059569,507.74185231474365,450.59432157011076,408.7817932685394,443.79657898246126,464.8482487212947,423.89966951731867,391.3414399526042,320.0,172.99949676851614,54.68249723427607,80.50766952299568,164.70619507524026,55.912361022189316,68.21268512200072,81.18356297843948,98.34231040922177,166.61911875648252,99.93864615800766,50.994685770141814,0.0,285.61018500709764,295.24501576879805,298.204379899664,278.5129758486945,400.6057513591495,410.4959040353076,390.6536769125065,350.8111863177244,320.0,333.96020037806414,373.1078106013505,412.9681847195586,441.30391560595683,472.6614456308137,539.6068898318395,583.0573807938611,620.7749821555915,476.85194193251607,554.4062077043798,599.0194210673616,640.0,465.52021620119115,509.5360795632165,452.8532994027144,411.82658436554345,442.7196818123516,464.24914863910783,425.22343198155875,394.4618213807736
320.0,169.16164625213844,52.08120344148551,83.90741932869886,159.09203874066043,47.749276798229175,60.70307593083891,76.77593743608065,95.39637301095038,163.3055901395735,95.72166394094734,48.94864551982414,0.0,287.1561715175835,289.41248272012433,291.3739161763736,271.5197946266628,406.6581978079975,406.37112820078727,385.33870062564523,343.8301512857071,320.0,332.69893988974565,372.4557669398057,413.4647604722504,444.0891321899194,470.2135149989894,536.7252628743356,578.950534888506,616.1748015208425,475.9747464736663,553.8210240791389,598.6685348792687,640.0,465.99251158043097,508.645525263707,451.810589575293,410.31240345846146,444.63423844586634,464.5052828570721,424.6879624601937,393.4399638726072,320.0,167.80039624054035,48.86649255122626,74.94541313966477,149.7322442769468,48.29780327467546,60.106647622120136,72.93301488253488,90.3812999465521,165.0323437123967,97.48224416205449,50.243484343167665,0.0,291.47994600981366,298.4126511427264,300.14494505314383,279.45090062536644,414.4416854975135,422.2533810121031,399.81076779762043,357.89031401289213,320.0,334.4581329736378,374.5130261838109,415.0142840228106,444.8268261094307,472.60070405601573,539.7377080989393,582.8628238289944,620.2800263095165,476.652703428009,554.1306201774796,599.0654801304208,640.0,465.50581401717216,510.48453011902393,454.8700093940205,413.63696727010597,443.492823041378,465.3777924521314,427.4845775846466,397.0802069918427,320.0,171.60349075841347,50.95747855654088,85.06614440168048,170.1524611104618,51.52254047662416,67.75332116270803,84.39125020246468,104.20458516540404,166.71059087654012,98.43027412385439,50.564379621460716,0.0,287.56819871383743,295.61305717840446,297.7840720649738,276.8483499349443,402.48171588017414,409.34784711052464,390.4598752046154,349.331009167127,320.0,332.98573463663035,372.65830561896314,412.77670626720703,442.84845430155804,470.992230398268,540.6872310493593,584.8122473592928,622.9294926307834,475.6736717640733,553.7573502454229,598.3298680302707,640.0,465.1880021059569,507.74185231474365,450.59432157011076,408.7817932685394,443.79657898246126,464.8482487212947,423.89966951731867,391.3414399526042,320.0,172.99949676851614,54.68249723427607,80.50766952299568,164.70619507524026,55.912361022189316,68.21268512200072,81.18356297843948,98.34231040922177,166.61911875648252,99.93864615800766,50.994685770141814,0.0,285.61018500709764,295.24501576879805,298.204379899664,278.5129758486945,400.6057513591495,410.4959040353076,390.6536769125065,350.8111863177244,320.0,333.96020037806414,373.1078106013505,412.9681847195586,441.30391560595683,472.6614456308137,539.6068898318395,583.0573807938611,620.7749821555915,476.85194193251607,554.4062077043798,599.0194210673616,640.0,465.52021620119115,509.5360795632165,452.8532994027144,411.82658436554345,442.7196818123516,464.24914863910783,425.22343198155875,394.4618213807736,320.0,169.0430711342378,51.459491173267736,77.98844178569999,160.88679009881955,49.636309821385,62.2551052578217,77.78905543051704,96.65497833309618,159.2463523020154,92.86065365649273,48.02270620227722,0.0,278.1877697040848,286.380468552091,290.14001164645384,268.7553224966187,391.45488050989616,400.22054047610214,379.8792987934846,337.1509197513748,320.0,333.1230014415697,371.89086106133084,413.1589646415609,443.0361489036792,469.3979943348952,535.8307922824289,578.772033220399,616.642499512895,475.3149041733069,552.4377176266089,597.7610205674177,640.0,465.5141567241217,508.4355962312269,451.90184270930257,411.5644063797213,443.9040698480852,462.81568957915107,422.2443540693748,390.9694979244594
320.0,167.80039624054035,48.86649255122626,74.94541313966477,149.7322442769468,48.29780327467546,60.106647622120136,72.93301488253488,90.3812999465521,165.0323437123967,97.48224416205449,50.243484343167665,0.0,291.47994600981366,298.4126511427264,300.14494505314383,279.45090062536644,414.4416854975135,422.2533810121031,399.81076779762043,357.89031401289213,320.0,334.4581329736378,374.5130261838109,415.0142840228106,444.8268261094307,472.60070405601573,539.7377080989393,582.8628238289944,620.2800263095165,476.652703428009,554.1306201774796,599.0654801304208,640.0,465.50581401717216,510.48453011902393,454.8700093940205,413.63696727010597,443.492823041378,465.3777924521314,427.4845775846466,397.0802069918427,320.0,171.60349075841347,50.95747855654088,85.06614440168048,170.1524611104618,51.52254047662416,67.75332116270803,84.39125020246468,104.20458516540404,166.71059087654012,98.43027412385439,50.564379621460716,0.0,287.56819871383743,295.61305717840446,297.7840720649738,276.8483499349443,402.48171588017414,409.34784711052464,390.4598752046154,349.331009167127,320.0,332.98573463663035,372.65830561896314,412.77670626720703,442.84845430155804,470.992230398268,540.6872310493593,584.8122473592928,622.9294926307834,475.6736717640733,553.7573502454229,598.3298680302707,640.0,465.1880021059569,507.74185231474365,450.59432157011076,408.7817932685394,443.79657898246126,464.8482487212947,423.89966951731867,391.3414399526042,320.0,172.99949676851614,54.68249723427607,80.50766952299568,164.70619507524026,55.912361022189316,68.21268512200072,81.18356297843948,98.34231040922177,166.61911875648252,99.93864615800766,50.994685770141814,0.0,285.61018500709764,295.24501576879805,298.204379899664,278.5129758486945,400.6057513591495,410.4959040353076,390.6536769125065,350.8111863177244,320.0,333.96020037806414,373.1078106013505,412.9681847195586,441.30391560595683,472.6614456308137,539.6068898318395,583.0573807938611,620.7749821555915,476.85194193251607,554.4062077043798,599.0194210673616,640.0,465.52021620119115,509.5360795632165,452.8532994027144,411.82658436554345,442.7196818123516,464.24914863910783,425.22343198155875,394.4618213807736,320.0,169.0430711342378,51.459491173267736,77.98844178569999,160.88679009881955,49.636309821385,62.2551052578217,77.78905543051704,96.65497833309618,159.2463523020154,92.86065365649273,48.02270620227722,0.0,278.1877697040848,286.380468552091,290.14001164645384,268.7553224966187,391.45488050989616,400.22054047610214,379.8792987934846,337.1509197513748,320.0,333.1230014415697,371.89086106133084,413.1589646415609,443.0361489036792,469.3979943348952,535.8307922824289,578.772033220399,616.642499512895,475.3149041733069,552.4377176266089,597.7610205674177,640.0,465.5141567241217,508.4355962312269,451.90184270930257,411.5644063797213,443.9040698480852,462.81568957915107,422.2443540693748,390.9694979244594,320.0,176.96418211208336,61.52942987469248,81.75245620040329,153.90219813895285,56.98420218337145,69.76891272176513,82.92129147101144,99.01638168795154,165.4430009847849,98.0503648768962,50.780734408828835,0.0,283.454571994151,287.7583751532591,292.7740688290961,273.31469611517855,397.0554447281285,405.79107024011853,388.4082307646125,347.7606799084813,320.0,332.7248869068034,371.958774296772,412.5173907183007,443.86728729301933,470.3974115944095,538.0344018350527,581.2954334368487,619.1126757798269,475.8966456056542,553.9916545633812,598.9685220587237,640.0,465.80523686754543,508.0765269343835,451.5034000097766,410.09430746565965,444.42312620651296,461.0741340347903,420.86315410281287,389.90276218430716
320.0,171.60349075841347,50.95747855654088,85.06614440168048,170.1524611104618,51.52254047662416,67.75332116270803,84.39125020246468,104.20458516540404,166.71059087654012,98.43027412385439,50.564379621460716,0.0,287.56819871383743,295.61305717840446,297.7840720649738,276.8483499349443,402.48171588017414,409.34784711052464,390.4598752046154,349.331009167127,320.0,332.98573463663035,372.65830561896314,412.77670626720703,442.84845430155804,470.992230398268,540.6872310493593,584.8122473592928,622.9294926307834,475.6736717640733,553.7573502454229,598.3298680302707,640.0,465.1880021059569,507.74185231474365,450.59432157011076,408.7817932685394,443.79657898246126,464.8482487212947,423.89966951731867,391.3414399526042,320.0,172.99949676851614,54.68249723427607,80.50766952299568,164.70619507524026,55.912361022189316,68.21268512200072,81.18356297843948,98.34231040922177,166.61911875648252,99.93864615800766,50.994685770141814,0.0,285.61018500709764,295.24501576879805,298.204379899664,278.5129758486945,400.6057513591495,410.4959040353076,390.6536769125065,350.8111863177244,320.0,333.96020037806414,373.1078106013505,412.9681847195586,441.30391560595683,472.6614456308137,539.6068898318395,583.0573807938611,620.7749821555915,476.85194193251607,554.4062077043798,599.0194210673616,640.0,465.52021620119115,509.5360795632165,452.8532994027144,411.82658436554345,442.7196818123516,464.24914863910783,425.22343198155875,394.4618213807736,320.0,169.0430711342378,51.459491173267736,77.98844178569999,160.88679009881955,49.636309821385,62.2551052578217,77.78905543051704,96.65497833309618,159.2463523020154,92.86065365649273,48.02270620227722,0.0,278.1877697040848,286.380468552091,290.14001164645384,268.7553224966187,391.45488050989616,400.22054047610214,379.8792987934846,337.1509197513748,320.0,333.1230014415697,371.89086106133084,413.1589646415609,443.0361489036792,469.3979943348952,535.8307922824289,578.772033220399,616.642499512895,475.3149041733069,552.4377176266089,597.7610205674177,640.0,465.5141567241217,508.4355962312269,451.90184270930257,411.5644063797213,443.9040698480852,462.81568957915107,422.2443540693748,390.9694979244594,320.0,176.96418211208336,61.52942987469248,81.75245620040329,153.90219813895285,56.98420218337145,69.76891272176513,82.92129147101144,99.01638168795154,165.4430009847849,98.0503648768962,50.780734408828835,0.0,283.454571994151,287.7583751532591,292.7740688290961,273.31469611517855,397.0554447281285,405.79107024011853,388.4082307646125,347.7606799084813,320.0,332.7248869068034,371.958774296772,412.5173907183007,443.86728729301933,470.3974115944095,538.0344018350527,581.2954334368487,619.1126757798269,475.8966456056542,553.9916545633812,598.9685220587237,640.0,465.80523686754543,508.0765269343835,451.5034000097766,410.09430746565965,444.42312620651296,461.0741340347903,420.86315410281287,389.90276218430716,320.0,168.49162465985313,48.08853370270833,79.3288679196458,165.5825405174216,47.662496369198266,61.139474251182605,81.95454745018134,105.13706331158775,159.41551287855197,91.80132252771838,48.01456565725289,0.0,279.9967784357561,284.06143883549174,287.97532537653484,266.7124896382224,396.1938788534837,401.2892072073487,381.1904145089019,338.42320712535576,320.0,332.9222254854556,371.03399793595196,411.35612395665305,441.33969604721864,469.3248818289481,536.7076850941404,579.1922807678111,616.1946934219982,474.96080627541016,553.3403886613859,598.1360664967406,640.0,464.7878491406993,507.6086832428558,451.06391487414544,409.6243152766026,442.82935252070763,463.1278453163445,422.26941101454906,389.8768869121475
320.0,172.99949676851614,54.68249723427607,80.50766952299568,164.70619507524026,55.912361022189316,68.21268512200072,81.18356297843948,98.34231040922177,166.61911875648252,99.93864615800766,50.994685770141814,0.0,285.61018500709764,295.24501576879805,298.204379899664,278.5129758486945,400.6057513591495,410.4959040353076,390.6536769125065,350.8111863177244,320.0,333.96020037806414,373.1078106013505,412.9681847195586,441.30391560595683,472.6614456308137,539.6068898318395,583.0573807938611,620.7749821555915,476.85194193251607,554.4062077043798,599.0194210673616,640.0,465.52021620119115,509.5360795632165,452.8532994027144,411.82658436554345,442.7196818123516,464.24914863910783,425.22343198155875,394.4618213807736,320.0,169.0430711342378,51.459491173267736,77.98844178569999,160.88679009881955,49.636309821385,62.2551052578217,77.78905543051704,96.65497833309618,159.2463523020154,92.86065365649273,48.02270620227722,0.0,278.1877697040848,286.380468552091,290.14001164645384,268.7553224966187,391.45488050989616,400.22054047610214,379.8792987934846,337.1509197513748,320.0,333.1230014415697,371.89086106133084,413.1589646415609,443.0361489036792,469.3979943348952,535.8307922824289,578.772033220399,616.642499512895,475.3149041733069,552.4377176266089,597.7610205674177,640.0,465.5141567241217,508.4355962312269,451.90184270930257,411.5644063797213,443.9040698480852,462.81568957915107,422.2443540693748,390.9694979244594,320.0,176.96418211208336,61.52942987469248,81.75245620040329,153.90219813895285,56.98420218337145,69.76891272176513,82.92129147101144,99.01638168795154,165.4430009847849,98.0503648768962,50.780734408828835,0.0,283.454571994151,287.7583751532591,292.7740688290961,273.31469611517855,397.0554447281285,405.79107024011853,388.4082307646125,347.7606799084813,320.0,332.7248869068034,371.958774296772,412.5173907183007,443.86728729301933,470.3974115944095,538.0344018350527,581.2954334368487,619.1126757798269,475.8966456056542,553.9916545633812,598.9685220587237,640.0,465.80523686754543,508.0765269343835,451.5034000097766,410.09430746565965,444.42312620651296,461.0741340347903,420.86315410281287,389.90276218430716,320.0,168.49162465985313,48.08853370270833,79.3288679196458,165.5825405174216,47.662496369198266,61.139474251182605,81.95454745018134,105.13706331158775,159.41551287855197,91.80132252771838,48.01456565725289,0.0,279.9967784357561,284.06143883549174,287.97532537653484,266.7124896382224,396.1938788534837,401.2892072073487,381.1904145089019,338.42320712535576,320.0,332.9222254854556,371.03399793595196,411.35612395665305,441.33969604721864,469.3248818289481,536.7076850941404,579.1922807678111,616.1946934219982,474.96080627541016,553.3403886613859,598.1360664967406,640.0,464.7878491406993,507.6086832428558,451.06391487414544,409.6243152766026,442.82935252070763,463.1278453163445,422.26941101454906,389.8768869121475,320.0,175.10302080384645,53.87952761505284,68.63511762909499,150.82927291818604,60.13404041404101,66.04991305584645,81.48479139678187,99.68898674851178,165.6390792704779,99.26899977270412,50.8199412377445,0.0,279.51855668521756,271.96222705322765,274.7657695219954,259.25614849252645,388.724719610334,383.788400102074,365.636413076066,332.6012156842512,320.0,333.93735400301483,371.81506425951784,411.9472000452734,441.3052784526586,471.01155226328524,537.4419578585926,579.8142333720918,616.9205523641918,475.50267212109424,553.2842814757207,598.6127935261159,640.0,464.852565079343,506.488701644515,449.6824304402594,408.8653745062913,442.81696835465186,464.1030226878355,424.17727471681644,392.26132354931
320.0,169.0430711342378,51.459491173267736,77.98844178569999,160.88679009881955,49.636309821385,62.2551052578217,77.78905543051704,96.65497833309618,159.2463523020154,92.86065365649273,48.02270620227722,0.0,278.1877697040848,286.380468552091,290.14001164645384,268.7553224966187,391.45488050989616,400.22054047610214,379.8792987934846,337.1509197513748,320.0,333.1230014415697,371.89086106133084,413.1589646415609,443.0361489036792,469.3979943348952,535.8307922824289,578.772033220399,616.642499512895,475.3149041733069,552.4377176266089,597.7610205674177,640.0,465.5141567241217,508.4355962312269,451.90184270930257,411.5644063797213,443.9040698480852,462.81568957915107,422.2443540693748,390.9694979244594,320.0,176.96418211208336,61.52942987469248,81.75245620040329,153.90219813895285,56.98420218337145,69.76891272176513,82.92129147101144,99.01638168795154,165.4430009847849,98.0503648768962,50.780734408828835,0.0,283.454571994151,287.7583751532591,292.7740688290961,273.31469611517855,397.0554447281285,405.79107024011853,388.4082307646125,347.7606799084813,320.0,332.7248869068034,371.958774296772,412.5173907183007,443.86728729301933,470.3974115944095,538.0344018350527,581.2954334368487,619.1126757798269,475.8966456056542,553.9916545633812,598.9685220587237,640.0,465.80523686754543,508.0765269343835,451.5034000097766,410.09430746565965,444.42312620651296,461.0741340347903,420.86315410281287,389.90276218430716,320.0,168.49162465985313,48.08853370270833,79.3288679196458,165.5825405174216,47.662496369198266,61.139474251182605,81.95454745018134,105.13706331158775,159.41551287855197,91.80132252771838,48.01456565725289,0.0,279.9967784357561,284.06143883549174,287.97532537653484,266.7124896382224,396.1938788534837,401.2892072073487,381.1904145089019,338.42320712535576,320.0,332.9222254854556,371.03399793595196,411.35612395665305,441.33969604721864,469.3248818289481,536.7076850941404,579.1922807678111,616.1946934219982,474.96080627541016,553.3403886613859,598.1360664967406,640.0,464.7878491406993,507.6086832428558,451.06391487414544,409.6243152766026,442.82935252070763,463.1278453163445,422.26941101454906,389.8768869121475,320.0,175.10302080384645,53.87952761505284,68.63511762909499,150.82927291818604,60.13404041404101,66.04991305584645,81.48479139678187,99.68898674851178,165.6390792704779,99.26899977270412,50.8199412377445,0.0,279.51855668521756,271.96222705322765,274.7657695219954,259.25614849252645,388.724719610334,383.788400102074,365.636413076066,332.6012156842512,320.0,333.93735400301483,371.81506425951784,411.9472000452734,441.3052784526586,471.01155226328524,537.4419578585926,579.8142333720918,616.9205523641918,475.50267212109424,553.2842814757207,598.6127935261159,640.0,464.852565079343,506.488701644515,449.6824304402594,408.8653745062913,442.81696835465186,464.1030226878355,424.17727471681644,392.26132354931,320.0,176.67151267358236,59.888723342847584,76.46679544838352,146.2448712780001,57.78301531471726,70.4856511456203,84.05755510158133,101.5873216496887,166.67608031487666,102.19265402529385,52.06210525098186,0.0,283.17638120366234,285.12915365471963,284.67928471696564,264.7373973021293,396.22655839372504,400.94941485383407,380.4947779643893,341.78122211347784,320.0,332.673734364561,370.8226706303259,409.93691800926246,440.3848796597234,471.0466739103041,538.9683020855705,582.8246117772246,620.974160925516,475.7252077790643,554.0350679758048,599.3187176701165,640.0,465.23743518172887,505.829194394978,449.5200416548779,408.4676483882379,443.9304262096042,461.4174863310025,422.6282780299314,392.4597908115701
320.0,176.96418211208336,61.52942987469248,81.75245620040329,153.90219813895285,56.98420218337145,69.76891272176513,82.92129147101144,99.01638168795154,165.4430009847849,98.0503648768962,50.780734408828835,0.0,283.454571994151,287.7583751532591,292.7740688290961,273.31469611517855,397.0554447281285,405.79107024011853,388.4082307646125,347.7606799084813,320.0,332.7248869068034,371.958774296772,412.5173907183007,443.86728729301933,470.3974115944095,538.0344018350527,581.2954334368487,619.1126757798269,475.8966456056542,553.9916545633812,598.9685220587237,640.0,465.80523686754543,508.0765269343835,451.5034000097766,410.09430746565965,444.42312620651296,461.0741340347903,420.86315410281287,389.90276218430716,320.0,168.49162465985313,48.08853370270833,79.3288679196458,165.5825405174216,47.662496369198266,61.139474251182605,81.95454745018134,105.13706331158775,159.41551287855197,91.80132252771838,48.01456565725289,0.0,279.9967784357561,284.06143883549174,287.97532537653484,266.7124896382224,396.1938788534837,401.2892072073487,381.1904145089019,338.42320712535576,320.0,332.9222254854556,371.03399793595196,411.35612395665305,441.33969604721864,469.3248818289481,536.7076850941404,579.1922807678111,616.1946934219982,474.96080627541016,553.3403886613859,598.1360664967406,640.0,464.7878491406993,507.6086832428558,451.06391487414544,409.6243152766026,442.82935252070763,463.1278453163445,422.26941101454906,389.8768869121475,320.0,175.10302080384645,53.87952761505284,68.63511762909499,150.82927291818604,60.13404041404101,66.04991305584645,81.48479139678187,99.68898674851178,165.6390792704779,99.26899977270412,50.8199412377445,0.0,279.51855668521756,271.96222705322765,274.7657695219954,259.25614849252645,388.724719610334,383.788400102074,365.636413076066,332.6012156842512,320.0,333.93735400301483,371.81506425951784,411.9472000452734,441.3052784526586,471.01155226328524,537.4419578585926,579.8142333720918,616.9205523641918,475.50267212109424,553.2842814757207,598.6127935261159,640.0,464.852565079343,506.488701644515,449.6824304402594,408.8653745062913,442.81696835465186,464.1030226878355,424.17727471681644,392.26132354931,320.0,176.67151267358236,59.888723342847584,76.46679544838352,146.2448712780001,57.78301531471726,70.4856511456203,84.05755510158133,101.5873216496887,166.67608031487666,102.19265402529385,52.06210525098186,0.0,283.17638120366234,285.12915365471963,284.67928471696564,264.7373973021293,396.22655839372504,400.94941485383407,380.4947779643893,341.78122211347784,320.0,332.673734364561,370.8226706303259,409.93691800926246,440.3848796597234,471.0466739103041,538.9683020855705,582.8246117772246,620.974160925516,475.7252077790643,554.0350679758048,599.3187176701165,640.0,465.23743518172887,505.829194394978,449.5200416548779,408.4676483882379,443.9304262096042,461.4174863310025,422.6282780299314,392.4597908115701,320.0,173.7763535558994,51.735140539681254,67.73264355754733,150.8232179740787,55.691925512134674,65.05015801215066,76.17617000907836,92.10710236520345,171.49911516689542,100.08971200269264,50.831568422726036,0.0,290.9373174795155,287.8927229392182,283.14915566715365,262.58315363952033,405.3576105837569,404.97183616116945,382.29169153652333,345.28394728153296,320.0,334.87899287666323,375.1110165315174,416.8761704224721,447.9154159759867,481.97222346669054,554.7315084449622,601.1703328703911,640.0,485.243403073339,564.0561354778011,601.173603333184,634.7994713498499,472.97065543658437,516.2804981855652,458.92016486716545,415.2270955602347,449.43869002284845,468.92639218673,428.3504323283007,395.73742215850547
320.0,168.49162465985313,48.08853370270833,79.3288679196458,165.5825405174216,47.662496369198266,61.139474251182605,81.95454745018134,105.13706331158775,159.41551287855197,91.80132252771838,48.01456565725289,0.0,279.9967784357561,284.06143883549174,287.97532537653484,266.7124896382224,396.1938788534837,401.2892072073487,381.1904145089019,338.42320712535576,320.0,332.9222254854556,371.03399793595196,411.35612395665305,441.33969604721864,469.3248818289481,536.7076850941404,579.1922807678111,616.1946934219982,474.96080627541016,553.3403886613859,598.1360664967406,640.0,464.7878491406993,507.6086832428558,451.06391487414544,409.6243152766026,442.82935252070763,463.1278453163445,422.26941101454906,389.8768869121475,320.0,175.10302080384645,53.87952761505284,68.63511762909499,150.82927291818604,60.13404041404101,66.04991305584645,81.48479139678187,99.68898674851178,165.6390792704779,99.26899977270412,50.8199412377445,0.0,279.51855668521756,271.96222705322765,274.7657695219954,259.25614849252645,388.724719610334,383.788400102074,365.636413076066,332.6012156842512,320.0,333.93735400301483,371.81506425951784,411.9472000452734,441.3052784526586,471.01155226328524,537.4419578585926,579.8142333720918,616.9205523641918,475.50267212109424,553.2842814757207,598.6127935261159,640.0,464.852565079343,506.488701644515,449.6824304402594,408.8653745062913,442.81696835465186,464.1030226878355,424.17727471681644,392.26132354931,320.0,176.67151267358236,59.888723342847584,76.46679544838352,146.2448712780001,57.78301531471726,70.4856511456203,84.05755510158133,101.5873216496887,166.67608031487666,102.19265402529385,52.06210525098186,0.0,283.17638120366234,285.12915365471963,284.67928471696564,264.7373973021293,396.22655839372504,400.94941485383407,380.4947779643893,341.78122211347784,320.0,332.673734364561,370.8226706303259,409.93691800926246,440.3848796597234,471.0466739103041,538.9683020855705,582.8246117772246,620.974160925516,475.7252077790643,554.0350679758048,599.3187176701165,640.0,465.23743518172887,505.829194394978,449.5200416548779,408.4676483882379,443.9304262096042,461.4174863310025,422.6282780299314,392.4597908115701,320.0,173.7763535558994,51.735140539681254,67.73264355754733,150.8232179740787,55.691925512134674,65.05015801215066,76.17617000907836,92.10710236520345,171.49911516689542,100.08971200269264,50.831568422726036,0.0,290.9373174795155,287.8927229392182,283.14915566715365,262.58315363952033,405.3576105837569,404.97183616116945,382.29169153652333,345.28394728153296,320.0,334.87899287666323,375.1110165315174,416.8761704224721,447.9154159759867,481.97222346669054,554.7315084449622,601.1703328703911,640.0,485.243403073339,564.0561354778011,601.173603333184,634.7994713498499,472.97065543658437,516.2804981855652,458.92016486716545,415.2270955602347,449.43869002284845,468.92639218673,428.3504323283007,395.73742215850547,320.0,174.21669060301417,54.047303070518296,79.8759248822877,167.40746632246805,60.33704801207119,74.15310778628174,91.74164197283983,112.68620357409054,172.1195938698711,105.59324267820458,53.98494737033468,0.0,291.46967658661623,283.60322322613484,281.8755794717036,263.0102532404967,406.0067355063901,398.1388732343156,375.76849310087806,339.1504717581399,320.0,332.88046972307933,371.69874697638727,410.04485749516016,437.3686011460086,470.7770357109332,536.9954458018628,581.2827600060618,619.5989370625439,474.58817085642954,550.8405549803697,597.4432561258725,640.0,463.4463644289989,504.80167077697786,448.6913116299528,406.95300831361715,441.02468768345886,458.798395622126,418.4464488402065,386.6468537906577
320.0,175.10302080384645,53.87952761505284,68.63511762909499,150.82927291818604,60.13404041404101,66.04991305584645,81.48479139678187,99.68898674851178,165.6390792704779,99.26899977270412,50.8199412377445,0.0,279.51855668521756,271.96222705322765,274.7657695219954,259.25614849252645,388.724719610334,383.788400102074,365.636413076066,332.6012156842512,320.0,333.93735400301483,371.81506425951784,411.9472000452734,441.3052784526586,471.01155226328524,537.4419578585926,579.8142333720918,616.9205523641918,475.50267212109424,553.2842814757207,598.6127935261159,640.0,464.852565079343,506.488701644515,449.6824304402594,408.8653745062913,442.81696835465186,464.1030226878355,424.17727471681644,392.26132354931,320.0,176.67151267358236,59.888723342847584,76.46679544838352,146.2448712780001,57.78301531471726,70.4856511456203,84.05755510158133,101.5873216496887,166.67608031487666,102.19265402529385,52.06210525098186,0.0,283.17638120366234,285.12915365471963,284.67928471696564,264.7373973021293,396.22655839372504,400.94941485383407,380.4947779643893,341.78122211347784,320.0,332.673734364561,370.8226706303259,409.93691800926246,440.3848796597234,471.0466739103041,538.9683020855705,582.8246117772246,620.974160925516,475.7252077790643,554.0350679758048,599.3187176701165,640.0,465.23743518172887,505.829194394978,449.5200416548779,408.4676483882379,443.9304262096042,461.4174863310025,422.6282780299314,392.4597908115701,320.0,173.7763535558994,51.735140539681254,67.73264355754733,150.8232179740787,55.691925512134674,65.05015801215066,76.17617000907836,92.10710236520345,171.49911516689542,100.08971200269264,50.831568422726036,0.0,290.9373174795155,287.8927229392182,283.14915566715365,262.58315363952033,405.3576105837569,404.97183616116945,382.29169153652333,345.28394728153296,320.0,334.87899287666323,375.1110165315174,416.8761704224721,447.9154159759867,481.97222346669054,554.7315084449622,601.1703328703911,640.0,485.243403073339,564.0561354778011,601.173603333184,634.7994713498499,472.97065543658437,516.2804981855652,458.92016486716545,415.2270955602347,449.43869002284845,468.92639218673,428.3504323283007,395.73742215850547,320.0,174.21669060301417,54.047303070518296,79.8759248822877,167.40746632246805,60.33704801207119,74.15310778628174,91.74164197283983,112.68620357409054,172.1195938698711,105.59324267820458,53.98494737033468,0.0,291.46967658661623,283.60322322613484,281.8755794717036,263.0102532404967,406.0067355063901,398.1388732343156,375.76849310087806,339.1504717581399,320.0,332.88046972307933,371.69874697638727,410.04485749516016,437.3686011460086,470.7770357109332,536.9954458018628,581.2827600060618,619.5989370625439,474.58817085642954,550.8405549803697,597.4432561258725,640.0,463.4463644289989,504.80167077697786,448.6913116299528,406.95300831361715,441.02468768345886,458.798395622126,418.4464488402065,386.6468537906577,320.0,173.40998852128942,55.145509706258395,82.31595431421394,162.33513058076403,56.590014356301594,68.90946494360352,81.78523444741188,100.36871724761875,168.21526913101644,101.7529536313616,50.78354213613363,0.0,287.99331478054484,287.3238259644462,286.95052183674335,269.6050937965181,404.72995390962467,404.6873655625446,384.3276494196331,348.8060673431116,320.0,333.33270424602654,373.2948285762599,412.42517349200887,439.9657604371207,472.0065593664656,538.5966983164572,582.1209084065074,619.1913109289967,476.4835598923835,554.4988897030497,599.9548467927294,640.0,465.6282635706343,507.8469675474133,452.47677905879266,411.1469674609027,443.7511446849121,460.45168246804883,420.8310008191222,390.1722845205726
320.0,176.67151267358236,59.888723342847584,76.46679544838352,146.2448712780001,57.78301531471726,70.4856511456203,84.05755510158133,101.5873216496887,166.67608031487666,102.19265402529385,52.06210525098186,0.0,283.17638120366234,285.12915365471963,284.67928471696564,264.7373973021293,396.22655839372504,400.94941485383407,380.4947779643893,341.78122211347784,320.0,332.673734364561,370.8226706303259,409.93691800926246,440.3848796597234,471.0466739103041,538.9683020855705,582.8246117772246,620.974160925516,475.7252077790643,554.0350679758048,599.3187176701165,640.0,465.23743518172887,505.829194394978,449.5200416548779,408.4676483882379,443.9304262096042,461.4174863310025,422.6282780299314,392.4597908115701,320.0,173.7763535558994,51.735140539681254,67.73264355754733,150.8232179740787,55.691925512134674,65.05015801215066,76.17617000907836,92.10710236520345,171.49911516689542,100.08971200269264,50.831568422726036,0.0,290.9373174795155,287.8927229392182,283.14915566715365,262.58315363952033,405.3576105837569,404.97183616116945,382.29169153652333,345.28394728153296,320.0,334.87899287666323,375.1110165315174,416.8761704224721,447.9154159759867,481.97222346669054,554.7315084449622,601.1703328703911,640.0,485.243403073339,564.0561354778011,601.173603333184,634.7994713498499,472.97065543658437,516.2804981855652,458.92016486716545,415.2270955602347,449.43869002284845,468.92639218673,428.3504323283007,395.73742215850547,320.0,174.21669060301417,54.047303070518296,79.8759248822877,167.40746632246805,60.33704801207119,74.15310778628174,91.74164197283983,112.68620357409054,172.1195938698711,105.59324267820458,53.98494737033468,0.0,291.46967658661623,283.60322322613484,281.8755794717036,263.0102532404967,406.0067355063901,398.1388732343156,375.76849310087806,339.1504717581399,320.0,332.88046972307933,371.69874697638727,410.04485749516016,437.3686011460086,470.7770357109332,536.9954458018628,581.2827600060618,619.5989370625439,474.58817085642954,550.8405549803697,597.4432561258725,640.0,463.4463644289989,504.80167077697786,448.6913116299528,406.95300831361715,441.02468768345886,458.798395622126,418.4464488402065,386.6468537906577,320.0,173.40998852128942,55.145509706258395,82.31595431421394,162.33513058076403,56.590014356301594,68.90946494360352,81.78523444741188,100.36871724761875,168.21526913101644,101.7529536313616,50.78354213613363,0.0,287.99331478054484,287.3238259644462,286.95052183674335,269.6050937965181,404.72995390962467,404.6873655625446,384.3276494196331,348.8060673431116,320.0,333.33270424602654,373.2948285762599,412.42517349200887,439.9657604371207,472.0065593664656,538.5966983164572,582.1209084065074,619.1913109289967,476.4835598923835,554.4988897030497,599.9548467927294,640.0,465.6282635706343,507.8469675474133,452.47677905879266,411.1469674609027,443.7511446849121,460.45168246804883,420.8310008191222,390.1722845205726,320.0,174.66278615021457,53.96166727545216,76.98334172166778,162.45736117025962,58.7631835721063,65.8202921384754,84.51966825960855,108.5721820386402,165.39335677578234,98.05012464672205,49.482442570769194,0.0,284.0882778216365,267.40479520961577,268.7200860491618,254.6345968577692,399.6335840856182,383.29313104822756,361.3227197056284,327.872623001318,320.0,333.82338847947574,372.37103354267333,412.82404480802586,441.59824544479864,469.66734367250126,534.5847085698845,577.259301295283,614.3057124240077,474.94446703466974,551.7632002338286,597.8069847341186,640.0,464.815064908712,508.24821257580174,452.5489913646929,411.3146731355025,442.7297905610124,460.93409982975413,419.61146506358136,387.52245040540186
320.0,173.7763535558994,51.735140539681254,67.73264355754733,150.8232179740787,55.691925512134674,65.05015801215066,76.17617000907836,92.10710236520345,171.49911516689542,100.08971200269264,50.831568422726036,0.0,290.9373174795155,287.8927229392182,283.14915566715365,262.58315363952033,405.3576105837569,404.97183616116945,382.29169153652333,345.28394728153296,320.0,334.87899287666323,375.1110165315174,416.8761704224721,447.9154159759867,481.97222346669054,554.7315084449622,601.1703328703911,640.0,485.243403073339,564.0561354778011,601.173603333184,634.7994713498499,472.97065543658437,516.2804981855652,458.92016486716545,415.2270955602347,449.43869002284845,468.92639218673,428.3504323283007,395.73742215850547,320.0,174.21669060301417,54.047303070518296,79.8759248822877,167.40746632246805,60.33704801207119,74.15310778628174,91.74164197283983,112.68620357409054,172.1195938698711,105.59324267820458,53.98494737033468,0.0,291.46967658661623,283.60322322613484,281.8755794717036,263.0102532404967,406.0067355063901,398.1388732343156,375.76849310087806,339.1504717581399,320.0,332.88046972307933,371.69874697638727,410.04485749516016,437.3686011460086,470.7770357109332,536.9954458018628,581.2827600060618,619.5989370625439,474.58817085642954,550.8405549803697,597.4432561258725,640.0,463.4463644289989,504.80167077697786,448.6913116299528,406.95300831361715,441.02468768345886,458.798395622126,418.4464488402065,386.6468537906577,320.0,173.40998852128942,55.145509706258395,82.31595431421394,162.33513058076403,56.590014356301594,68.90946494360352,81.78523444741188,100.36871724761875,168.21526913101644,101.7529536313616,50.78354213613363,0.0,287.99331478054484,287.3238259644462,286.95052183674335,269.6050937965181,404.72995390962467,404.6873655625446,384.3276494196331,348.8060673431116,320.0,333.33270424602654,373.2948285762599,412.42517349200887,439.9657604371207,472.0065593664656,538.5966983164572,582.1209084065074,619.1913109289967,476.4835598923835,554.4988897030497,599.9548467927294,640.0,465.6282635706343,507.8469675474133,452.47677905879266,411.1469674609027,443.7511446849121,460.45168246804883,420.8310008191222,390.1722845205726,320.0,174.66278615021457,53.96166727545216,76.98334172166778,162.45736117025962,58.7631835721063,65.8202921384754,84.51966825960855,108.5721820386402,165.39335677578234,98.05012464672205,49.482442570769194,0.0,284.0882778216365,267.40479520961577,268.7200860491618,254.6345968577692,399.6335840856182,383.29313104822756,361.3227197056284,327.872623001318,320.0,333.82338847947574,372.37103354267333,412.82404480802586,441.59824544479864,469.66734367250126,534.5847085698845,577.259301295283,614.3057124240077,474.94446703466974,551.7632002338286,597.8069847341186,640.0,464.815064908712,508.24821257580174,452.5489913646929,411.3146731355025,442.7297905610124,460.93409982975413,419.61146506358136,387.52245040540186,320.0,181.03021801374632,63.353728182796715,84.04433157224562,156.67850323960408,59.50896466334149,74.46047260934105,87.11355990629417,104.97711805384566,171.2017446727683,105.03992627350559,53.37059804287111,0.0,290.0142303390152,290.1239083483999,291.141671649771,273.0547953878731,403.77013654878397,406.84256157358226,386.02485595897207,346.55256881960224,320.0,332.470748252425,370.8826602645258,410.11505028959436,440.2093828836413,471.45622810145676,538.7740289077342,583.3240633090778,621.853037989954,476.6983194380186,553.837803298552,599.1023038957699,640.0,466.7362205716058,504.5079467766802,448.6837528883209,408.23818721489636,446.0785093016196,458.7469426551474,418.62836341075734,388.72620109739626
320.0,174.21669060301417,54.047303070518296,79.8759248822877,167.40746632246805,60.33704801207119,74.15310778628174,91.74164197283983,112.68620357409054,172.1195938698711,105.59324267820458,53.98494737033468,0.0,291.46967658661623,283.60322322613484,281.8755794717036,263.0102532404967,406.0067355063901,398.1388732343156,375.76849310087806,339.1504717581399,320.0,332.88046972307933,371.69874697638727,410.04485749516016,437.3686011460086,470.7770357109332,536.9954458018628,581.2827600060618,619.5989370625439,474.58817085642954,550.8405549803697,597.4432561258725,640.0,463.4463644289989,504.80167077697786,448.6913116299528,406.95300831361715,441.02468768345886,458.798395622126,418.4464488402065,386.6468537906577,320.0,173.40998852128942,55.145509706258395,82.31595431421394,162.33513058076403,56.590014356301594,68.90946494360352,81.78523444741188,100.36871724761875,168.21526913101644,101.7529536313616,50.78354213613363,0.0,287.99331478054484,287.3238259644462,286.95052183674335,269.6050937965181,404.72995390962467,404.6873655625446,384.3276494196331,348.8060673431116,320.0,333.33270424602654,373.2948285762599,412.42517349200887,439.9657604371207,472.0065593664656,538.5966983164572,582.1209084065074,619.1913109289967,476.4835598923835,554.4988897030497,599.9548467927294,640.0,465.6282635706343,507.8469675474133,452.47677905879266,411.1469674609027,443.7511446849121,460.45168246804883,420.8310008191222,390.1722845205726,320.0,174.66278615021457,53.96166727545216,76.98334172166778,162.45736117025962,58.7631835721063,65.8202921384754,84.51966825960855,108.5721820386402,165.39335677578234,98.05012464672205,49.482442570769194,0.0,284.0882778216365,267.40479520961577,268.7200860491618,254.6345968577692,399.6335840856182,383.29313104822756,361.3227197056284,327.872623001318,320.0,333.82338847947574,372.37103354267333,412.82404480802586,441.59824544479864,469.66734367250126,534.5847085698845,577.259301295283,614.3057124240077,474.94446703466974,551.7632002338286,597.8069847341186,640.0,464.815064908712,508.24821257580174,452.5489913646929,411.3146731355025,442.7297905610124,460.93409982975413,419.61146506358136,387.52245040540186,320.0,181.03021801374632,63.353728182796715,84.04433157224562,156.67850323960408,59.50896466334149,74.46047260934105,87.11355990629417,104.97711805384566,171.2017446727683,105.03992627350559,53.37059804287111,0.0,290.0142303390152,290.1239083483999,291.141671649771,273.0547953878731,403.77013654878397,406.84256157358226,386.02485595897207,346.55256881960224,320.0,332.470748252425,370.8826602645258,410.11505028959436,440.2093828836413,471.45622810145676,538.7740289077342,583.3240633090778,621.853037989954,476.6983194380186,553.837803298552,599.1023038957699,640.0,466.7362205716058,504.5079467766802,448.6837528883209,408.23818721489636,446.0785093016196,458.7469426551474,418.62836341075734,388.72620109739626,320.0,172.2235149635713,49.3305357438436,67.53369362951958,153.6204122244068,51.92627131547431,59.442182029490425,76.1879818705138,97.78306225981882,160.5058577646161,94.23390728697368,48.13688752694003,0.0,280.0033020173209,271.107656065827,271.7546482596605,255.24772256055354,394.5157274097212,385.8625680635376,364.39162094760275,329.26447846400316,320.0,333.9409457207645,372.16893089206314,411.49828745403164,438.7381328786349,469.5042679902767,534.1741679689693,576.557533513178,613.6428416603803,474.5030488273756,551.376912722001,597.3438994994399,640.0,464.3797615540824,507.43482736324705,451.1747880003875,410.31506192624585,442.72269637033844,461.3216304210522,420.53252772626183,389.1049977266391
320.0,173.40998852128942,55.145509706258395,82.31595431421394,162.33513058076403,56.590014356301594,68.90946494360352,81.78523444741188,100.36871724761875,168.21526913101644,101.7529536313616,50.78354213613363,0.0,287.99331478054484,287.3238259644462,286.95052183674335,269.6050937965181,404.72995390962467,404.6873655625446,384.3276494196331,348.8060673431116,320.0,333.33270424602654,373.2948285762599,412.42517349200887,439.9657604371207,472.0065593664656,538.5966983164572,582.1209084065074,619.1913109289967,476.4835598923835,554.4988897030497,599.9548467927294,640.0,465.6282635706343,507.8469675474133,452.47677905879266,411.1469674609027,443.7511446849121,460.45168246804883,420.8310008191222,390.1722845205726,320.0,174.66278615021457,53.96166727545216,76.98334172166778,162.45736117025962,58.7631835721063,65.8202921384754,84.51966825960855,108.5721820386402,165.39335677578234,98.05012464672205,49.482442570769194,0.0,284.0882778216365,267.40479520961577,268.7200860491618,254.6345968577692,399.6335840856182,383.29313104822756,361.3227197056284,327.872623001318,320.0,333.82338847947574,372.37103354267333,412.82404480802586,441.59824544479864,469.66734367250126,534.5847085698845,577.259301295283,614.3057124240077,474.94446703466974,551.7632002338286,597.8069847341186,640.0,464.815064908712,508.24821257580174,452.5489913646929,411.3146731355025,442.7297905610124,460.93409982975413,419.61146506358136,387.52245040540186,320.0,181.03021801374632,63.353728182796715,84.04433157224562,156.67850323960408,59.50896466334149,74.46047260934105,87.11355990629417,104.97711805384566,171.2017446727683,105.03992627350559,53.37059804287111,0.0,290.0142303390152,290.1239083483999,291.141671649771,273.0547953878731,403.77013654878397,406.84256157358226,386.02485595897207,346.55256881960224,320.0,332.470748252425,370.8826602645258,410.11505028959436,440.2093828836413,471.45622810145676,538.7740289077342,583.3240633090778,621.853037989954,476.6983194380186,553.837803298552,599.1023038957699,640.0,466.7362205716058,504.5079467766802,448.6837528883209,408.23818721489636,446.0785093016196,458.7469426551474,418.62836341075734,388.72620109739626,320.0,172.2235149635713,49.3305357438436,67.53369362951958,153.6204122244068,51.92627131547431,59.442182029490425,76.1879818705138,97.78306225981882,160.5058577646161,94.23390728697368,48.13688752694003,0.0,280.0033020173209,271.107656065827,271.7546482596605,255.24772256055354,394.5157274097212,385.8625680635376,364.39162094760275,329.26447846400316,320.0,333.9409457207645,372.16893089206314,411.49828745403164,438.7381328786349,469.5042679902767,534.1741679689693,576.557533513178,613.6428416603803,474.5030488273756,551.376912722001,597.3438994994399,640.0,464.3797615540824,507.43482736324705,451.1747880003875,410.31506192624585,442.72269637033844,461.3216304210522,420.53252772626183,389.1049977266391,320.0,177.26785273545954,64.1900900299056,81.64962492896751,146.75183762025205,59.19427860494875,72.0667689888358,83.92396108105206,100.65245616531132,167.80141039118803,100.70352966760578,50.803107903115745,0.0,284.5368766507276,282.25842599583126,282.8190270039404,265.2254577034981,397.88990853896297,398.49755799226796,377.5743272913686,339.5029222194053,320.0,332.4040345943751,371.7535091549661,411.61909502257055,442.3833859865664,470.5452258109384,537.4123221601018,581.5673024514506,620.0511143201023,476.04428654907804,553.8944703617209,599.3690558328959,640.0,466.0708495057601,506.40858807393846,450.1331019648171,408.6371091710853,444.94425008233304,459.5268190047126,419.80348454272547,389.574277386403
320.0,174.66278615021457,53.96166727545216,76.98334172166778,162.45736117025962,58.7631835721063,65.8202921384754,84.51966825960855,108.5721820386402,165.39335677578234,98.05012464672205,49.482442570769194,0.0,284.0882778216365,267.40479520961577,268.7200860491618,254.6345968577692,399.6335840856182,383.29313104822756,361.3227197056284,327.872623001318,320.0,333.82338847947574,372.37103354267333,412.82404480802586,441.59824544479864,469.66734367250126,534.5847085698845,577.259301295283,614.3057124240077,474.94446703466974,551.7632002338286,597.8069847341186,640.0,464.815064908712,508.24821257580174,452.5489913646929,411.3146731355025,442.7297905610124,460.93409982975413,419.61146506358136,387.52245040540186,320.0,181.03021801374632,63.353728182796715,84.04433157224562,156.67850323960408,59.50896466334149,74.46047260934105,87.11355990629417,104.97711805384566,171.2017446727683,105.03992627350559,53.37059804287111,0.0,290.0142303390152,290.1239083483999,291.141671649771,273.0547953878731,403.77013654878397,406.84256157358226,386.02485595897207,346.55256881960224,320.0,332.470748252425,370.8826602645258,410.11505028959436,440.2093828836413,471.45622810145676,538.7740289077342,583.3240633090778,621.853037989954,476.6983194380186,553.837803298552,599.1023038957699,640.0,466.7362205716058,504.5079467766802,448.6837528883209,408.23818721489636,446.0785093016196,458.7469426551474,418.62836341075734,388.72620109739626,320.0,172.2235149635713,49.3305357438436,67.53369362951958,153.6204122244068,51.92627131547431,59.442182029490425,76.1879818705138,97.78306225981882,160.5058577646161,94.23390728697368,48.13688752694003,0.0,280.0033020173209,271.107656065827,271.7546482596605,255.24772256055354,394.5157274097212,385.8625680635376,364.39162094760275,329.26447846400316,320.0,333.9409457207645,372.16893089206314,411.49828745403164,438.7381328786349,469.5042679902767,534.1741679689693,576.557533513178,613.6428416603803,474.5030488273756,551.376912722001,597.3438994994399,640.0,464.3797615540824,507.43482736324705,451.1747880003875,410.31506192624585,442.72269637033844,461.3216304210522,420.53252772626183,389.1049977266391,320.0,177.26785273545954,64.1900900299056,81.64962492896751,146.75183762025205,59.19427860494875,72.0667689888358,83.92396108105206,100.65245616531132,167.80141039118803,100.70352966760578,50.803107903115745,0.0,284.5368766507276,282.25842599583126,282.8190270039404,265.2254577034981,397.88990853896297,398.49755799226796,377.5743272913686,339.5029222194053,320.0,332.4040345943751,371.7535091549661,411.61909502257055,442.3833859865664,470.5452258109384,537.4123221601018,581.5673024514506,620.0511143201023,476.04428654907804,553.8944703617209,599.3690558328959,640.0,466.0708495057601,506.40858807393846,450.1331019648171,408.6371091710853,444.94425008233304,459.5268190047126,419.80348454272547,389.574277386403,320.0,175.8361644012556,57.01224068030257,76.75508951964821,157.34533238463328,54.92207186291506,63.219322303025024,79.57072436366389,100.05053052598294,162.46662012246247,95.47035813426777,48.880144220223144,0.0,279.4291319951318,272.78074896082825,274.37968712941404,256.54969373245547,391.85320537017674,385.69119813466864,363.6147253390879,325.1720632333078,320.0,332.86618428678565,370.9485296669938,410.3286094605781,439.03389386590766,469.14062541088015,533.8724712134074,576.7632162725898,614.0835150409749,474.49367468073626,551.2841760255305,597.5021852250388,640.0,464.4550821865504,507.73888375233906,450.66827389836783,408.78440480360325,442.75732799833384,460.27123086810496,419.27680884566473,387.5318369669602
320.0,181.03021801374632,63.353728182796715,84.04433157224562,156.67850323960408,59.50896466334149,74.46047260934105,87.11355990629417,104.97711805384566,171.2017446727683,105.03992627350559,53.37059804287111,0.0,290.0142303390152,290.1239083483999,291.141671649771,273.0547953878731,403.77013654878397,406.84256157358226,386.02485595897207,346.55256881960224,320.0,332.470748252425,370.8826602645258,410.11505028959436,440.2093828836413,471.45622810145676,538.7740289077342,583.3240633090778,621.853037989954,476.6983194380186,553.837803298552,599.1023038957699,640.0,466.7362205716058,504.5079467766802,448.6837528883209,408.23818721489636,446.0785093016196,458.7469426551474,418.62836341075734,388.72620109739626,320.0,172.2235149635713,49.3305357438436,67.53369362951958,153.6204122244068,51.92627131547431,59.442182029490425,76.1879818705138,97.78306225981882,160.5058577646161,94.23390728697368,48.13688752694003,0.0,280.0033020173209,271.107656065827,271.7546482596605,255.24772256055354,394.5157274097212,385.8625680635376,364.39162094760275,329.26447846400316,320.0,333.9409457207645,372.16893089206314,411.49828745403164,438.7381328786349,469.5042679902767,534.1741679689693,576.557533513178,613.6428416603803,474.5030488273756,551.376912722001,597.3438994994399,640.0,464.3797615540824,507.43482736324705,451.1747880003875,410.31506192624585,442.72269637033844,461.3216304210522,420.53252772626183,389.1049977266391,320.0,177.26785273545954,64.1900900299056,81.64962492896751,146.75183762025205,59.19427860494875,72.0667689888358,83.92396108105206,100.65245616531132,167.80141039118803,100.70352966760578,50.803107903115745,0.0,284.5368766507276,282.25842599583126,282.8190270039404,265.2254577034981,397.88990853896297,398.49755799226796,377.5743272913686,339.5029222194053,320.0,332.4040345943751,371.7535091549661,411.61909502257055,442.3833859865664,470.5452258109384,537.4123221601018,581.5673024514506,620.0511143201023,476.04428654907804,553.8944703617209,599.3690558328959,640.0,466.0708495057601,506.40858807393846,450.1331019648171,408.6371091710853,444.94425008233304,459.5268190047126,419.80348454272547,389.574277386403,320.0,175.8361644012556,57.01224068030257,76.75508951964821,157.34533238463328,54.92207186291506,63.219322303025024,79.57072436366389,100.05053052598294,162.46662012246247,95.47035813426777,48.880144220223144,0.0,279.4291319951318,272.78074896082825,274.37968712941404,256.54969373245547,391.85320537017674,385.69119813466864,363.6147253390879,325.1720632333078,320.0,332.86618428678565,370.9485296669938,410.3286094605781,439.03389386590766,469.14062541088015,533.8724712134074,576.7632162725898,614.0835150409749,474.49367468073626,551.2841760255305,597.5021852250388,640.0,464.4550821865504,507.73888375233906,450.66827389836783,408.78440480360325,442.75732799833384,460.27123086810496,419.27680884566473,387.5318369669602,320.0,183.2366526387594,66.66140369222109,82.87984705986048,147.04699504050427,59.43923043780319,71.19109469685978,81.71724797533335,97.0594389457554,168.3426831424775,102.47598129198724,51.84565615732424,0.0,282.62781554989965,279.971203281293,280.98589891475785,263.1274659927724,392.97916289143143,393.55330157664775,375.0150909040144,337.3314201216798,320.0,329.99068338614364,368.16820189352575,407.51270636999584,439.12504047922016,471.50759824909034,542.0916215349721,587.7815233861544,626.50056300774,476.5266500649148,555.5873975636825,600.7938799456992,640.0,466.49548072893015,506.07562204750695,449.1353207878932,406.3246590929586,446.2043103000402,459.6859593164658,418.7866651556219,387.20943322631297
320.0,172.2235149635713,49.3305357438436,67.53369362951958,153.6204122244068,51.92627131547431,59.442182029490425,76.1879818705138,97.78306225981882,160.5058577646161,94.23390728697368,48.13688752694003,0.0,280.0033020173209,271.107656065827,271.7546482596605,255.24772256055354,394.5157274097212,385.8625680635376,364.39162094760275,329.26447846400316,320.0,333.9409457207645,372.16893089206314,411.49828745403164,438.7381328786349,469.5042679902767,534.1741679689693,576.557533513178,613.6428416603803,474.5030488273756,551.376912722001,597.3438994994399,640.0,464.3797615540824,507.43482736324705,451.1747880003875,410.31506192624585,442.72269637033844,461.3216304210522,420.53252772626183,389.1049977266391,320.0,177.26785273545954,64.1900900299056,81.64962492896751,146.75183762025205,59.19427860494875,72.0667689888358,83.92396108105206,100.65245616531132,167.80141039118803,100.70352966760578,50.803107903115745,0.0,284.5368766507276,282.25842599583126,282.8190270039404,265.2254577034981,397.88990853896297,398.49755799226796,377.5743272913686,339.5029222194053,320.0,332.4040345943751,371.7535091549661,411.61909502257055,442.3833859865664,470.5452258109384,537.4123221601018,581.5673024514506,620.0511143201023,476.04428654907804,553.8944703617209,599.3690558328959,640.0,466.0708495057601,506.40858807393846,450.1331019648171,408.6371091710853,444.94425008233304,459.5268190047126,419.80348454272547,389.574277386403,320.0,175.8361644012556,57.01224068030257,76.75508951964821,157.34533238463328,54.92207186291506,63.219322303025024,79.57072436366389,100.05053052598294,162.46662012246247,95.47035813426777,48.880144220223144,0.0,279.4291319951318,272.78074896082825,274.37968712941404,256.54969373245547,391.85320537017674,385.69119813466864,363.6147253390879,325.1720632333078,320.0,332.86618428678565,370.9485296669938,410.3286094605781,439.03389386590766,469.14062541088015,533.8724712134074,576.7632162725898,614.0835150409749,474.49367468073626,551.2841760255305,597.5021852250388,640.0,464.4550821865504,507.73888375233906,450.66827389836783,408.78440480360325,442.75732799833384,460.27123086810496,419.27680884566473,387.5318369669602,320.0,183.2366526387594,66.66140369222109,82.87984705986048,147.04699504050427,59.43923043780319,71.19109469685978,81.71724797533335,97.0594389457554,168.3426831424775,102.47598129198724,51.84565615732424,0.0,282.62781554989965,279.971203281293,280.98589891475785,263.1274659927724,392.97916289143143,393.55330157664775,375.0150909040144,337.3314201216798,320.0,329.99068338614364,368.16820189352575,407.51270636999584,439.12504047922016,471.50759824909034,542.0916215349721,587.7815233861544,626.50056300774,476.5266500649148,555.5873975636825,600.7938799456992,640.0,466.49548072893015,506.07562204750695,449.1353207878932,406.3246590929586,446.2043103000402,459.6859593164658,418.7866651556219,387.20943322631297,320.0,151.495826250996,37.99069463239158,42.22787046674483,68.37451359137648,0.0,8.024628840782555,17.242628979887172,36.823191914360336,135.4970855139611,89.5906541212187,51.897643396739795,18.46128315479541,265.04742369683976,250.39746097444015,228.5832193448172,210.07185852327012,381.1548856840592,344.7556944432581,315.45249881944096,284.85172544650754,320.0,325.20830138806986,353.85126392284315,384.3857585909976,416.6726241380126,464.6237080800717,534.4924971020326,582.3450174011726,621.4686234123678,476.2143475820237,552.3680661176381,600.489198011348,640.0,470.07011937981156,487.2845334035271,442.15671603181875,405.896546408987,451.1724659212274,446.73821425320006,414.4212748168743,387.8751853382303
320.0,177.26785273545954,64.1900900299056,81.64962492896751,146.75183762025205,59.19427860494875,72.0667689888358,83.92396108105206,100.65245616531132,167.80141039118803,100.70352966760578,50.803107903115745,0.0,284.5368766507276,282.25842599583126,282.8190270039404,265.2254577034981,397.88990853896297,398.49755799226796,377.5743272913686,339.5029222194053,320.0,332.4040345943751,371.7535091549661,411.61909502257055,442.3833859865664,470.5452258109384,537.4123221601018,581.5673024514506,620.0511143201023,476.04428654907804,553.8944703617209,599.3690558328959,640.0,466.0708495057601,506.40858807393846,450.1331019648171,408.6371091710853,444.94425008233304,459.5268190047126,419.80348454272547,389.574277386403,320.0,175.8361644012556,57.01224068030257,76.75508951964821,157.34533238463328,54.92207186291506,63.219322303025024,79.57072436366389,100.05053052598294,162.46662012246247,95.47035813426777,48.880144220223144,0.0,279.4291319951318,272.78074896082825,274.37968712941404,256.54969373245547,391.85320537017674,385.69119813466864,363.6147253390879,325.1720632333078,320.0,332.86618428678565,370.9485296669938,410.3286094605781,439.03389386590766,469.14062541088015,533.8724712134074,576.7632162725898,614.0835150409749,474.49367468073626,551.2841760255305,597.5021852250388,640.0,464.4550821865504,507.73888375233906,450.66827389836783,408.78440480360325,442.75732799833384,460.27123086810496,419.27680884566473,387.5318369669602,320.0,183.2366526387594,66.66140369222109,82.87984705986048,147.04699504050427,59.43923043780319,71.19109469685978,81.71724797533335,97.0594389457554,168.3426831424775,102.47598129198724,51.84565615732424,0.0,282.62781554989965,279.971203281293,280.98589891475785,263.1274659927724,392.97916289143143,393.55330157664775,375.0150909040144,337.3314201216798,320.0,329.99068338614364,368.16820189352575,407.51270636999584,439.12504047922016,471.50759824909034,542.0916215349721,587.7815233861544,626.50056300774,476.5266500649148,555.5873975636825,600.7938799456992,640.0,466.49548072893015,506.07562204750695,449.1353207878932,406.3246590929586,446.2043103000402,459.6859593164658,418.7866651556219,387.20943322631297,320.0,151.495826250996,37.99069463239158,42.22787046674483,68.37451359137648,0.0,8.024628840782555,17.242628979887172,36.823191914360336,135.4970855139611,89.5906541212187,51.897643396739795,18.46128315479541,265.04742369683976,250.39746097444015,228.5832193448172,210.07185852327012,381.1548856840592,344.7556944432581,315.45249881944096,284.85172544650754,320.0,325.20830138806986,353.85126392284315,384.3857585909976,416.6726241380126,464.6237080800717,534.4924971020326,582.3450174011726,621.4686234123678,476.2143475820237,552.3680661176381,600.489198011348,640.0,470.07011937981156,487.2845334035271,442.15671603181875,405.896546408987,451.1724659212274,446.73821425320006,414.4212748168743,387.8751853382303,320.0,149.18843396970115,39.26090875074243,45.74312274827298,59.119284579881196,0.0,10.098862774596398,21.051435227479658,40.46473725337131,136.687028285034,92.15511013821731,51.93771806552587,11.695640648758626,266.2814949815636,251.91196933386914,235.45018866677782,220.3636570390649,382.9896711566107,349.1700613368718,325.4164660649512,297.8649666807786,320.0,325.5183133089869,356.80487164338103,387.628386102349,420.99066282279364,466.6594432871597,540.0942943501092,588.6729277525695,628.7482624162393,477.02043816998525,554.185475117248,601.1650630948362,640.0,470.27421324276213,487.3625852348561,440.2492510708206,403.003374991315,452.27290815536753,448.00010351204367,415.0832736195985,388.44531177713
320.0,175.8361644012556,57.01224068030257,76.75508951964821,157.34533238463328,54.92207186291506,63.219322303025024,79.57072436366389,100.05053052598294,162.46662012246247,95.47035813426777,48.880144220223144,0.0,279.4291319951318,272.78074896082825,274.37968712941404,256.54969373245547,391.85320537017674,385.69119813466864,363.6147253390879,325.1720632333078,320.0,332.86618428678565,370.9485296669938,410.3286094605781,439.03389386590766,469.14062541088015,533.8724712134074,576.7632162725898,614.0835150409749,474.49367468073626,551.2841760255305,597.5021852250388,640.0,464.4550821865504,507.73888375233906,450.66827389836783,408.78440480360325,442.75732799833384,460.27123086810496,419.27680884566473,387.5318369669602,320.0,183.2366526387594,66.66140369222109,82.87984705986048,147.04699504050427,59.43923043780319,71.19109469685978,81.71724797533335,97.0594389457554,168.3426831424775,102.47598129198724,51.84565615732424,0.0,282.62781554989965,279.971203281293,280.98589891475785,263.1274659927724,392.97916289143143,393.55330157664775,375.0150909040144,337.3314201216798,320.0,329.99068338614364,368.16820189352575,407.51270636999584,439.12504047922016,471.50759824909034,542.0916215349721,587.7815233861544,626.50056300774,476.5266500649148,555.5873975636825,600.7938799456992,640.0,466.49548072893015,506.07562204750695,449.1353207878932,406.3246590929586,446.2043103000402,459.6859593164658,418.7866651556219,387.20943322631297,320.0,151.495826250996,37.99069463239158,42.22787046674483,68.37451359137648,0.0,8.024628840782555,17.242628979887172,36.823191914360336,135.4970855139611,89.5906541212187,51.897643396739795,18.46128315479541,265.04742369683976,250.39746097444015,228.5832193448172,210.07185852327012,381.1548856840592,344.7556944432581,315.45249881944096,284.85172544650754,320.0,325.20830138806986,353.85126392284315,384.3857585909976,416.6726241380126,464.6237080800717,534.4924971020326,582.3450174011726,621.4686234123678,476.2143475820237,552.3680661176381,600.489198011348,640.0,470.07011937981156,487.2845334035271,442.15671603181875,405.896546408987,451.1724659212274,446.73821425320006,414.4212748168743,387.8751853382303,320.0,149.18843396970115,39.26090875074243,45.74312274827298,59.119284579881196,0.0,10.098862774596398,21.051435227479658,40.46473725337131,136.687028285034,92.15511013821731,51.93771806552587,11.695640648758626,266.2814949815636,251.91196933386914,235.45018866677782,220.3636570390649,382.9896711566107,349.1700613368718,325.4164660649512,297.8649666807786,320.0,325.5183133089869,356.80487164338103,387.628386102349,420.99066282279364,466.6594432871597,540.0942943501092,588.6729277525695,628.7482624162393,477.02043816998525,554.185475117248,601.1650630948362,640.0,470.27421324276213,487.3625852348561,440.2492510708206,403.003374991315,452.27290815536753,448.00010351204367,415.0832736195985,388.44531177713,320.0,198.13182453123733,101.8587650585439,37.7730928318324,0.0,113.8132998649661,60.203747040243115,60.003890101899174,72.2905555834904,162.1164537494157,103.11852119424998,98.14109729327697,104.70587177856396,196.8548767542888,135.66233093734763,123.98877920805762,127.2031230522847,222.48636474086422,171.8863681409797,151.2610663614712,143.65565520610323,320.0,325.35877302556236,363.99775916051914,402.29498705836636,430.76317263710183,441.2377314340587,510.3591930318836,555.2598147016716,593.2400375407088,465.9312507063056,542.61804746011,594.3938644026211,640.0,479.866226475869,553.0365731835332,598.6740370221976,636.4665321437787,485.3685389279384,543.5165104787045,581.1252422590418,613.7183129403645
320.0,183.2366526387594,66.66140369222109,82.87984705986048,147.04699504050427,59.43923043780319,71.19109469685978,81.71724797533335,97.0594389457554,168.3426831424775,102.47598129198724,51.84565615732424,0.0,282.62781554989965,279.971203281293,280.98589891475785,263.1274659927724,392.97916289143143,393.55330157664775,375.0150909040144,337.3314201216798,320.0,329.99068338614364,368.16820189352575,407.51270636999584,439.12504047922016,471.50759824909034,542.0916215349721,587.7815233861544,626.50056300774,476.5266500649148,555.5873975636825,600.7938799456992,640.0,466.49548072893015,506.07562204750695,449.1353207878932,406.3246590929586,446.2043103000402,459.6859593164658,418.7866651556219,387.20943322631297,320.0,151.495826250996,37.99069463239158,42.22787046674483,68.37451359137648,0.0,8.024628840782555,17.242628979887172,36.823191914360336,135.4970855139611,89.5906541212187,51.897643396739795,18.46128315479541,265.04742369683976,250.39746097444015,228.5832193448172,210.07185852327012,381.1548856840592,344.7556944432581,315.45249881944096,284.85172544650754,320.0,325.20830138806986,353.85126392284315,384.3857585909976,416.6726241380126,464.6237080800717,534.4924971020326,582.3450174011726,621.4686234123678,476.2143475820237,552.3680661176381,600.489198011348,640.0,470.07011937981156,487.2845334035271,442.15671603181875,405.896546408987,451.1724659212274,446.73821425320006,414.4212748168743,387.8751853382303,320.0,149.18843396970115,39.26090875074243,45.74312274827298,59.119284579881196,0.0,10.098862774596398,21.051435227479658,40.46473725337131,136.687028285034,92.15511013821731,51.93771806552587,11.695640648758626,266.2814949815636,251.91196933386914,235.45018866677782,220.3636570390649,382.9896711566107,349.1700613368718,325.4164660649512,297.8649666807786,320.0,325.5183133089869,356.80487164338103,387.628386102349,420.99066282279364,466.6594432871597,540.0942943501092,588.6729277525695,628.7482624162393,477.02043816998525,554.185475117248,601.1650630948362,640.0,470.27421324276213,487.3625852348561,440.2492510708206,403.003374991315,452.27290815536753,448.00010351204367,415.0832736195985,388.44531177713,320.0,198.13182453123733,101.8587650585439,37.7730928318324,0.0,113.8132998649661,60.203747040243115,60.003890101899174,72.2905555834904,162.1164537494157,103.11852119424998,98.14109729327697,104.70587177856396,196.8548767542888,135.66233093734763,123.98877920805762,127.2031230522847,222.48636474086422,171.8863681409797,151.2610663614712,143.65565520610323,320.0,325.35877302556236,363.99775916051914,402.29498705836636,430.76317263710183,441.2377314340587,510.3591930318836,555.2598147016716,593.2400375407088,465.9312507063056,542.61804746011,594.3938644026211,640.0,479.866226475869,553.0365731835332,598.6740370221976,636.4665321437787,485.3685389279384,543.5165104787045,581.1252422590418,613.7183129403645,320.0,233.190283597211,142.34484062544507,61.802859543535305,0.0,129.17748163885466,22.936054267765144,34.718831454356916,72.85523350948671,150.05228627278544,33.47714597926836,46.826807241092126,93.78337549031986,173.03948866799055,69.69400060576697,83.30497506342203,123.11453784768631,198.1072456322895,116.10386104924561,119.16498691754788,148.14706828063552,320.0,212.4834028770195,188.72242363289809,204.13890003272283,247.32000140504744,518.0374445144914,565.279280911506,441.7756102250479,381.71175451602585,590.5405550307169,599.4509222472625,469.93749387602674,417.39670590323294,626.8937174042858,602.7570728424664,486.53539333009184,446.44746693978817,640.0,618.4379939619935,526.7354277167794,483.5170556121477
