320.0,484.7611872404306,494.1570072339409,420.69437885963424,351.27548320086476,121.03376942774898,58.175290496136995,24.1962562407449,0.0,68.64742472009931,28.68619998808009,33.779839815150126,44.54440843010593,64.10311816931016,54.099384292348816,94.03526145034377,138.3772968055231,79.61917511373554,76.4627093683635,92.29059852570441,113.65273517948845,320.0,366.2291640740384,444.68953814822555,518.6908264398772,578.8784975044241,458.7456610164981,540.3689398048465,597.0002371521084,640.0,464.6127572180727,546.6499173098341,599.1740219040888,633.8912121446925,469.58997731010027,542.8151598898299,581.3097527434899,603.836479316501,473.786520837687,531.3574101424399,561.6618492698767,583.495747306993,320.0,163.10687329686056,73.26834711230549,61.901895050888754,69.97678335551512,76.81749596763802,42.41216732094858,17.084471209587093,0.0,206.44451559080338,155.0784907995312,121.24393234745645,94.84964451809955,330.057970562851,291.1601903390496,261.5604826859064,244.05529542055584,441.36767605318414,412.47687620837337,373.6888220936296,343.4128046002491,320.0,350.4512176494487,422.00603291607223,493.31918240790867,553.2711809282545,458.05240511353543,536.2497706224211,590.4519990398873,633.1123924159408,471.74316361297485,548.7389833819451,600.1976335923075,640.0,479.50805653027317,550.9524796157887,587.8047812366542,614.2945156158594,482.3531157424196,539.7241982695111,567.5489465256701,588.8854940891762,320.0,119.18656494638807,11.57993996337973,0.0,42.14139181041918,94.61746421425602,83.3572210063515,60.493605870143426,56.30246242063572,228.5085842551685,212.37249813334955,190.54107351584247,187.49859490004218,363.44264485188125,332.2794713630307,311.0623568365757,309.3478661371105,493.2085861636896,447.6160896895849,414.90297896770824,409.4952117543087,320.0,388.2287666862089,481.461528265242,560.4211062369052,624.270988381018,571.3592223345158,640.0,616.5633233736071,583.0486821568963,567.6182632354073,626.7004700089642,576.9142871513245,526.0897360331998,554.0950821166592,603.4551710154676,553.7054530156071,507.1353029595738,533.5725763312686,573.263693837701,536.9663229225116,498.76707914917426,320.0,127.8109929003491,0.0,72.46939874355672,223.7062685200014,53.636924272081046,33.37341757933575,54.6580797390007,82.06277578451613,206.69545562917457,196.95662161838996,191.96690839442957,211.2888000597133,345.8315693511323,347.14265319832134,313.51107703523445,319.71720243172285,483.5876100692283,455.2595608318411,421.99693172175046,425.86322319948806,320.0,360.521817639515,471.1811482729113,554.7399104565937,579.091872105218,570.6661040220857,640.0,559.0358391482589,522.7529956400766,568.6754407356877,629.2710790694764,532.9360316154849,514.9592626222362,550.668335411342,591.2624025302106,505.24141189108656,487.58465316486917,528.2634761057161,548.7023890520913,486.33165283755477,471.6062794198441,320.0,122.61534633911467,0.0,71.95387822956673,205.2119961131531,41.9489760814065,38.26245336756119,46.69430914917888,58.93441650018809,188.43594649348873,190.22834890150975,179.35558546469483,187.93846228128942,318.538824544003,330.65736398550683,290.3218719634009,283.5471702668284,445.68061733536393,431.3635013274695,393.35362594664775,384.88260662842856,320.0,359.3586099414192,463.3990378726765,548.1650736800315,568.8504732500728,566.4353562785354,640.0,574.7437354023153,534.3463404950859,568.919993073359,633.0709938462708,545.8843504373498,523.5429768506591,553.5683182200222,591.0543699079686,509.1051540121723,490.3506823163701,530.8319993918071,550.8005760937968,492.78607238339805,476.9848838731749
320.0,163.10687329686056,73.26834711230549,61.901895050888754,69.97678335551512,76.81749596763802,42.41216732094858,17.084471209587093,0.0,206.44451559080338,155.0784907995312,121.24393234745645,94.84964451809955,330.057970562851,291.1601903390496,261.5604826859064,244.05529542055584,441.36767605318414,412.47687620837337,373.6888220936296,343.4128046002491,320.0,350.4512176494487,422.00603291607223,493.31918240790867,553.2711809282545,458.05240511353543,536.2497706224211,590.4519990398873,633.1123924159408,471.74316361297485,548.7389833819451,600.1976335923075,640.0,479.50805653027317,550.9524796157887,587.8047812366542,614.2945156158594,482.3531157424196,539.7241982695111,567.5489465256701,588.8854940891762,320.0,119.18656494638807,11.57993996337973,0.0,42.14139181041918,94.61746421425602,83.3572210063515,60.493605870143426,56.30246242063572,228.5085842551685,212.37249813334955,190.54107351584247,187.49859490004218,363.44264485188125,332.2794713630307,311.0623568365757,309.3478661371105,493.2085861636896,447.6160896895849,414.90297896770824,409.4952117543087,320.0,388.2287666862089,481.461528265242,560.4211062369052,624.270988381018,571.3592223345158,640.0,616.5633233736071,583.0486821568963,567.6182632354073,626.7004700089642,576.9142871513245,526.0897360331998,554.0950821166592,603.4551710154676,553.7054530156071,507.1353029595738,533.5725763312686,573.263693837701,536.9663229225116,498.76707914917426,320.0,127.8109929003491,0.0,72.46939874355672,223.7062685200014,53.636924272081046,33.37341757933575,54.6580797390007,82.06277578451613,206.69545562917457,196.95662161838996,191.96690839442957,211.2888000597133,345.8315693511323,347.14265319832134,313.51107703523445,319.71720243172285,483.5876100692283,455.2595608318411,421.99693172175046,425.86322319948806,320.0,360.521817639515,471.1811482729113,554.7399104565937,579.091872105218,570.6661040220857,640.0,559.0358391482589,522.7529956400766,568.6754407356877,629.2710790694764,532.9360316154849,514.9592626222362,550.668335411342,591.2624025302106,505.24141189108656,487.58465316486917,528.2634761057161,548.7023890520913,486.33165283755477,471.6062794198441,320.0,122.61534633911467,0.0,71.95387822956673,205.2119961131531,41.9489760814065,38.26245336756119,46.69430914917888,58.93441650018809,188.43594649348873,190.22834890150975,179.35558546469483,187.93846228128942,318.538824544003,330.65736398550683,290.3218719634009,283.5471702668284,445.68061733536393,431.3635013274695,393.35362594664775,384.88260662842856,320.0,359.3586099414192,463.3990378726765,548.1650736800315,568.8504732500728,566.4353562785354,640.0,574.7437354023153,534.3463404950859,568.919993073359,633.0709938462708,545.8843504373498,523.5429768506591,553.5683182200222,591.0543699079686,509.1051540121723,490.3506823163701,530.8319993918071,550.8005760937968,492.78607238339805,476.9848838731749,320.0,124.67215649380395,0.0,68.84429994402058,194.31865201420408,39.5567440082163,31.451468799323663,49.1894183108372,67.41080138637551,186.0224386257675,184.6950168345357,180.61332110836264,186.10405658889755,314.6022079719415,324.84411916156154,294.6365931944377,287.95875501368084,438.0478086524014,423.8547904776163,389.35112888509894,379.11602362334907,320.0,358.9377008722228,465.79339251514193,554.4939360681424,581.5422207992252,576.9449634666755,640.0,575.3357449946877,544.8162820592465,578.4247529268341,625.7225824847121,532.3786934869745,522.305233921063,562.6687777995476,592.8073023109365,506.9236981568472,498.9013932096494,541.6947788221938,555.7877164561639,492.2678483913497,480.5651209627106
320.0,119.18656494638807,11.57993996337973,0.0,42.14139181041918,94.61746421425602,83.3572210063515,60.493605870143426,56.30246242063572,228.5085842551685,212.37249813334955,190.54107351584247,187.49859490004218,363.44264485188125,332.2794713630307,311.0623568365757,309.3478661371105,493.2085861636896,447.6160896895849,414.90297896770824,409.4952117543087,320.0,388.2287666862089,481.461528265242,560.4211062369052,624.270988381018,571.3592223345158,640.0,616.5633233736071,583.0486821568963,567.6182632354073,626.7004700089642,576.9142871513245,526.0897360331998,554.0950821166592,603.4551710154676,553.7054530156071,507.1353029595738,533.5725763312686,573.263693837701,536.9663229225116,498.76707914917426,320.0,127.8109929003491,0.0,72.46939874355672,223.7062685200014,53.636924272081046,33.37341757933575,54.6580797390007,82.06277578451613,206.69545562917457,196.95662161838996,191.96690839442957,211.2888000597133,345.8315693511323,347.14265319832134,313.51107703523445,319.71720243172285,483.5876100692283,455.2595608318411,421.99693172175046,425.86322319948806,320.0,360.521817639515,471.1811482729113,554.7399104565937,579.091872105218,570.6661040220857,640.0,559.0358391482589,522.7529956400766,568.6754407356877,629.2710790694764,532.9360316154849,514.9592626222362,550.668335411342,591.2624025302106,505.24141189108656,487.58465316486917,528.2634761057161,548.7023890520913,486.33165283755477,471.6062794198441,320.0,122.61534633911467,0.0,71.95387822956673,205.2119961131531,41.9489760814065,38.26245336756119,46.69430914917888,58.93441650018809,188.43594649348873,190.22834890150975,179.35558546469483,187.93846228128942,318.538824544003,330.65736398550683,290.3218719634009,283.5471702668284,445.68061733536393,431.3635013274695,393.35362594664775,384.88260662842856,320.0,359.3586099414192,463.3990378726765,548.1650736800315,568.8504732500728,566.4353562785354,640.0,574.7437354023153,534.3463404950859,568.919993073359,633.0709938462708,545.8843504373498,523.5429768506591,553.5683182200222,591.0543699079686,509.1051540121723,490.3506823163701,530.8319993918071,550.8005760937968,492.78607238339805,476.9848838731749,320.0,124.67215649380395,0.0,68.84429994402058,194.31865201420408,39.5567440082163,31.451468799323663,49.1894183108372,67.41080138637551,186.0224386257675,184.6950168345357,180.61332110836264,186.10405658889755,314.6022079719415,324.84411916156154,294.6365931944377,287.95875501368084,438.0478086524014,423.8547904776163,389.35112888509894,379.11602362334907,320.0,358.9377008722228,465.79339251514193,554.4939360681424,581.5422207992252,576.9449634666755,640.0,575.3357449946877,544.8162820592465,578.4247529268341,625.7225824847121,532.3786934869745,522.305233921063,562.6687777995476,592.8073023109365,506.9236981568472,498.9013932096494,541.6947788221938,555.7877164561639,492.2678483913497,480.5651209627106,320.0,127.92649065956192,0.0,36.08718020344759,129.40110960202745,39.081700611037036,13.173582947899604,29.58305069302986,55.702629193109715,184.7722365537891,169.08563379595398,172.30678041364024,185.75136430787376,320.11336650424965,317.01466425502525,289.0533473038994,288.48016027770257,454.74129672284096,432.5814825921107,389.202481260635,375.4062636261829,320.0,355.15144913887434,454.28698414351413,547.2401500344961,595.2838331428104,578.6459118415834,640.0,576.8944219503687,545.121325880313,584.440586461775,632.9275190139953,533.70905538785,520.9746025783427,571.7449413567448,599.6477658871033,504.49301724323436,488.70512493886486,550.4743237675141,561.111970375652,493.58647957428417,479.6377239153807
320.0,127.8109929003491,0.0,72.46939874355672,223.7062685200014,53.636924272081046,33.37341757933575,54.6580797390007,82.06277578451613,206.69545562917457,196.95662161838996,191.96690839442957,211.2888000597133,345.8315693511323,347.14265319832134,313.51107703523445,319.71720243172285,483.5876100692283,455.2595608318411,421.99693172175046,425.86322319948806,320.0,360.521817639515,471.1811482729113,554.7399104565937,579.091872105218,570.6661040220857,640.0,559.0358391482589,522.7529956400766,568.6754407356877,629.2710790694764,532.9360316154849,514.9592626222362,550.668335411342,591.2624025302106,505.24141189108656,487.58465316486917,528.2634761057161,548.7023890520913,486.33165283755477,471.6062794198441,320.0,122.61534633911467,0.0,71.95387822956673,205.2119961131531,41.9489760814065,38.26245336756119,46.69430914917888,58.93441650018809,188.43594649348873,190.22834890150975,179.35558546469483,187.93846228128942,318.538824544003,330.65736398550683,290.3218719634009,283.5471702668284,445.68061733536393,431.3635013274695,393.35362594664775,384.88260662842856,320.0,359.3586099414192,463.3990378726765,548.1650736800315,568.8504732500728,566.4353562785354,640.0,574.7437354023153,534.3463404950859,568.919993073359,633.0709938462708,545.8843504373498,523.5429768506591,553.5683182200222,591.0543699079686,509.1051540121723,490.3506823163701,530.8319993918071,550.8005760937968,492.78607238339805,476.9848838731749,320.0,124.67215649380395,0.0,68.84429994402058,194.31865201420408,39.5567440082163,31.451468799323663,49.1894183108372,67.41080138637551,186.0224386257675,184.6950168345357,180.61332110836264,186.10405658889755,314.6022079719415,324.84411916156154,294.6365931944377,287.95875501368084,438.0478086524014,423.8547904776163,389.35112888509894,379.11602362334907,320.0,358.9377008722228,465.79339251514193,554.4939360681424,581.5422207992252,576.9449634666755,640.0,575.3357449946877,544.8162820592465,578.4247529268341,625.7225824847121,532.3786934869745,522.305233921063,562.6687777995476,592.8073023109365,506.9236981568472,498.9013932096494,541.6947788221938,555.7877164561639,492.2678483913497,480.5651209627106,320.0,127.92649065956192,0.0,36.08718020344759,129.40110960202745,39.081700611037036,13.173582947899604,29.58305069302986,55.702629193109715,184.7722365537891,169.08563379595398,172.30678041364024,185.75136430787376,320.11336650424965,317.01466425502525,289.0533473038994,288.48016027770257,454.74129672284096,432.5814825921107,389.202481260635,375.4062636261829,320.0,355.15144913887434,454.28698414351413,547.2401500344961,595.2838331428104,578.6459118415834,640.0,576.8944219503687,545.121325880313,584.440586461775,632.9275190139953,533.70905538785,520.9746025783427,571.7449413567448,599.6477658871033,504.49301724323436,488.70512493886486,550.4743237675141,561.111970375652,493.58647957428417,479.6377239153807,320.0,126.41607239684629,0.0,53.50695424950982,164.97794606031923,41.92430732599132,20.694404119386945,31.79649125598081,55.767101912136866,189.25051074723547,180.09325362892375,178.14402210299264,192.41519474682713,323.8563040328151,324.32896231805665,292.58497097258737,288.55960662188266,455.9105486373224,436.3409153279852,393.35435981264425,376.7889410794565,320.0,354.54930186507374,456.0140598805376,543.6495897303769,576.3243538389146,578.5427517444436,640.0,585.092363956436,548.1144332766041,589.1404317158663,628.7026942720074,533.5264757432901,512.8989341489914,578.029588348115,590.8906188640615,499.75895153583326,484.150598755064,556.6347590137641,556.1556596341666,491.35318935743095,479.2506340000938
320.0,122.61534633911467,0.0,71.95387822956673,205.2119961131531,41.9489760814065,38.26245336756119,46.69430914917888,58.93441650018809,188.43594649348873,190.22834890150975,179.35558546469483,187.93846228128942,318.538824544003,330.65736398550683,290.3218719634009,283.5471702668284,445.68061733536393,431.3635013274695,393.35362594664775,384.88260662842856,320.0,359.3586099414192,463.3990378726765,548.1650736800315,568.8504732500728,566.4353562785354,640.0,574.7437354023153,534.3463404950859,568.919993073359,633.0709938462708,545.8843504373498,523.5429768506591,553.5683182200222,591.0543699079686,509.1051540121723,490.3506823163701,530.8319993918071,550.8005760937968,492.78607238339805,476.9848838731749,320.0,124.67215649380395,0.0,68.84429994402058,194.31865201420408,39.5567440082163,31.451468799323663,49.1894183108372,67.41080138637551,186.0224386257675,184.6950168345357,180.61332110836264,186.10405658889755,314.6022079719415,324.84411916156154,294.6365931944377,287.95875501368084,438.0478086524014,423.8547904776163,389.35112888509894,379.11602362334907,320.0,358.9377008722228,465.79339251514193,554.4939360681424,581.5422207992252,576.9449634666755,640.0,575.3357449946877,544.8162820592465,578.4247529268341,625.7225824847121,532.3786934869745,522.305233921063,562.6687777995476,592.8073023109365,506.9236981568472,498.9013932096494,541.6947788221938,555.7877164561639,492.2678483913497,480.5651209627106,320.0,127.92649065956192,0.0,36.08718020344759,129.40110960202745,39.081700611037036,13.173582947899604,29.58305069302986,55.702629193109715,184.7722365537891,169.08563379595398,172.30678041364024,185.75136430787376,320.11336650424965,317.01466425502525,289.0533473038994,288.48016027770257,454.74129672284096,432.5814825921107,389.202481260635,375.4062636261829,320.0,355.15144913887434,454.28698414351413,547.2401500344961,595.2838331428104,578.6459118415834,640.0,576.8944219503687,545.121325880313,584.440586461775,632.9275190139953,533.70905538785,520.9746025783427,571.7449413567448,599.6477658871033,504.49301724323436,488.70512493886486,550.4743237675141,561.111970375652,493.58647957428417,479.6377239153807,320.0,126.41607239684629,0.0,53.50695424950982,164.97794606031923,41.92430732599132,20.694404119386945,31.79649125598081,55.767101912136866,189.25051074723547,180.09325362892375,178.14402210299264,192.41519474682713,323.8563040328151,324.32896231805665,292.58497097258737,288.55960662188266,455.9105486373224,436.3409153279852,393.35435981264425,376.7889410794565,320.0,354.54930186507374,456.0140598805376,543.6495897303769,576.3243538389146,578.5427517444436,640.0,585.092363956436,548.1144332766041,589.1404317158663,628.7026942720074,533.5264757432901,512.8989341489914,578.029588348115,590.8906188640615,499.75895153583326,484.150598755064,556.6347590137641,556.1556596341666,491.35318935743095,479.2506340000938,320.0,127.95293100222605,0.0,65.46380771822123,187.3543026238935,41.111688791188726,23.965064820281327,42.5262995609944,61.76583180224219,191.20017640287347,175.23419449938655,176.12978646220432,194.50368743872258,328.24273855866744,320.90220872476306,288.4484206037365,289.0395356488802,460.0369910076551,431.0006280961277,388.2834481865358,379.2431516100319,320.0,353.35999204778216,459.0497673689299,545.6302589193072,572.3055457065982,586.889078301951,640.0,567.2081949587426,537.6157591667704,596.98493018198,625.4131278906038,523.1050697214871,516.5056890448025,584.5130558040623,587.7983027441674,494.0489598848702,490.75995599146654,563.2678188511915,551.1756054760725,483.7491471846462,481.45490103689303
320.0,124.67215649380395,0.0,68.84429994402058,194.31865201420408,39.5567440082163,31.451468799323663,49.1894183108372,67.41080138637551,186.0224386257675,184.6950168345357,180.61332110836264,186.10405658889755,314.6022079719415,324.84411916156154,294.6365931944377,287.95875501368084,438.0478086524014,423.8547904776163,389.35112888509894,379.11602362334907,320.0,358.9377008722228,465.79339251514193,554.4939360681424,581.5422207992252,576.9449634666755,640.0,575.3357449946877,544.8162820592465,578.4247529268341,625.7225824847121,532.3786934869745,522.305233921063,562.6687777995476,592.8073023109365,506.9236981568472,498.9013932096494,541.6947788221938,555.7877164561639,492.2678483913497,480.5651209627106,320.0,127.92649065956192,0.0,36.08718020344759,129.40110960202745,39.081700611037036,13.173582947899604,29.58305069302986,55.702629193109715,184.7722365537891,169.08563379595398,172.30678041364024,185.75136430787376,320.11336650424965,317.01466425502525,289.0533473038994,288.48016027770257,454.74129672284096,432.5814825921107,389.202481260635,375.4062636261829,320.0,355.15144913887434,454.28698414351413,547.2401500344961,595.2838331428104,578.6459118415834,640.0,576.8944219503687,545.121325880313,584.440586461775,632.9275190139953,533.70905538785,520.9746025783427,571.7449413567448,599.6477658871033,504.49301724323436,488.70512493886486,550.4743237675141,561.111970375652,493.58647957428417,479.6377239153807,320.0,126.41607239684629,0.0,53.50695424950982,164.97794606031923,41.92430732599132,20.694404119386945,31.79649125598081,55.767101912136866,189.25051074723547,180.09325362892375,178.14402210299264,192.41519474682713,323.8563040328151,324.32896231805665,292.58497097258737,288.55960662188266,455.9105486373224,436.3409153279852,393.35435981264425,376.7889410794565,320.0,354.54930186507374,456.0140598805376,543.6495897303769,576.3243538389146,578.5427517444436,640.0,585.092363956436,548.1144332766041,589.1404317158663,628.7026942720074,533.5264757432901,512.8989341489914,578.029588348115,590.8906188640615,499.75895153583326,484.150598755064,556.6347590137641,556.1556596341666,491.35318935743095,479.2506340000938,320.0,127.95293100222605,0.0,65.46380771822123,187.3543026238935,41.111688791188726,23.965064820281327,42.5262995609944,61.76583180224219,191.20017640287347,175.23419449938655,176.12978646220432,194.50368743872258,328.24273855866744,320.90220872476306,288.4484206037365,289.0395356488802,460.0369910076551,431.0006280961277,388.2834481865358,379.2431516100319,320.0,353.35999204778216,459.0497673689299,545.6302589193072,572.3055457065982,586.889078301951,640.0,567.2081949587426,537.6157591667704,596.98493018198,625.4131278906038,523.1050697214871,516.5056890448025,584.5130558040623,587.7983027441674,494.0489598848702,490.75995599146654,563.2678188511915,551.1756054760725,483.7491471846462,481.45490103689303,320.0,123.70365460524278,0.0,66.4852582536115,187.58027825113652,30.285196150105037,11.561099956932424,25.757321569148587,54.82698687957304,179.70719927225923,167.2616826915699,165.8781393371512,186.59837675408937,315.9970600422056,316.436786825959,283.24125449083124,285.0864665618983,447.85747147303834,422.46349786408996,381.186960614557,372.7493470479121,320.0,354.8805756316777,459.507307423933,546.1408991684325,572.5555511455659,580.8294063798324,640.0,583.4528938423031,549.2347248273169,590.5352939293648,623.6960214069431,526.1378417653046,511.4144535276005,578.787040605335,585.9084853179354,494.0701179814482,486.31396252504624,558.104614911882,550.3815633982242,484.6944914250597,478.9766866609906
320.0,127.92649065956192,0.0,36.08718020344759,129.40110960202745,39.081700611037036,13.173582947899604,29.58305069302986,55.702629193109715,184.7722365537891,169.08563379595398,172.30678041364024,185.75136430787376,320.11336650424965,317.01466425502525,289.0533473038994,288.48016027770257,454.74129672284096,432.5814825921107,389.202481260635,375.4062636261829,320.0,355.15144913887434,454.28698414351413,547.2401500344961,595.2838331428104,578.6459118415834,640.0,576.8944219503687,545.121325880313,584.440586461775,632.9275190139953,533.70905538785,520.9746025783427,571.7449413567448,599.6477658871033,504.49301724323436,488.70512493886486,550.4743237675141,561.111970375652,493.58647957428417,479.6377239153807,320.0,126.41607239684629,0.0,53.50695424950982,164.97794606031923,41.92430732599132,20.694404119386945,31.79649125598081,55.767101912136866,189.25051074723547,180.09325362892375,178.14402210299264,192.41519474682713,323.8563040328151,324.32896231805665,292.58497097258737,288.55960662188266,455.9105486373224,436.3409153279852,393.35435981264425,376.7889410794565,320.0,354.54930186507374,456.0140598805376,543.6495897303769,576.3243538389146,578.5427517444436,640.0,585.092363956436,548.1144332766041,589.1404317158663,628.7026942720074,533.5264757432901,512.8989341489914,578.029588348115,590.8906188640615,499.75895153583326,484.150598755064,556.6347590137641,556.1556596341666,491.35318935743095,479.2506340000938,320.0,127.95293100222605,0.0,65.46380771822123,187.3543026238935,41.111688791188726,23.965064820281327,42.5262995609944,61.76583180224219,191.20017640287347,175.23419449938655,176.12978646220432,194.50368743872258,328.24273855866744,320.90220872476306,288.4484206037365,289.0395356488802,460.0369910076551,431.0006280961277,388.2834481865358,379.2431516100319,320.0,353.35999204778216,459.0497673689299,545.6302589193072,572.3055457065982,586.889078301951,640.0,567.2081949587426,537.6157591667704,596.98493018198,625.4131278906038,523.1050697214871,516.5056890448025,584.5130558040623,587.7983027441674,494.0489598848702,490.75995599146654,563.2678188511915,551.1756054760725,483.7491471846462,481.45490103689303,320.0,123.70365460524278,0.0,66.4852582536115,187.58027825113652,30.285196150105037,11.561099956932424,25.757321569148587,54.82698687957304,179.70719927225923,167.2616826915699,165.8781393371512,186.59837675408937,315.9970600422056,316.436786825959,283.24125449083124,285.0864665618983,447.85747147303834,422.46349786408996,381.186960614557,372.7493470479121,320.0,354.8805756316777,459.507307423933,546.1408991684325,572.5555511455659,580.8294063798324,640.0,583.4528938423031,549.2347248273169,590.5352939293648,623.6960214069431,526.1378417653046,511.4144535276005,578.787040605335,585.9084853179354,494.0701179814482,486.31396252504624,558.104614911882,550.3815633982242,484.6944914250597,478.9766866609906,320.0,121.14709150371269,0.0,77.62480987313614,214.35832173211742,44.806695679133895,19.942441792118586,33.56265566547313,59.828899348883624,201.8810217770576,176.36000161988005,170.3794831369338,191.9832529323026,342.0252796383536,324.302296507896,285.0590165918019,288.6974639531599,473.006656428194,426.69251479329233,381.32364859292596,376.60891881695636,320.0,361.9932436772512,467.73046549406274,548.3120603963162,563.3153992620993,587.9065399702915,640.0,565.5686689197819,529.9808887403269,595.5927576210147,622.7832110090126,524.4987708792464,515.203408842163,580.0933673324163,581.7201645074663,493.0958301080301,489.80959018980525,555.4800598804356,542.6481752361703,479.2789359761466,476.46134132478034
320.0,126.41607239684629,0.0,53.50695424950982,164.97794606031923,41.92430732599132,20.694404119386945,31.79649125598081,55.767101912136866,189.25051074723547,180.09325362892375,178.14402210299264,192.41519474682713,323.8563040328151,324.32896231805665,292.58497097258737,288.55960662188266,455.9105486373224,436.3409153279852,393.35435981264425,376.7889410794565,320.0,354.54930186507374,456.0140598805376,543.6495897303769,576.3243538389146,578.5427517444436,640.0,585.092363956436,548.1144332766041,589.1404317158663,628.7026942720074,533.5264757432901,512.8989341489914,578.029588348115,590.8906188640615,499.75895153583326,484.150598755064,556.6347590137641,556.1556596341666,491.35318935743095,479.2506340000938,320.0,127.95293100222605,0.0,65.46380771822123,187.3543026238935,41.111688791188726,23.965064820281327,42.5262995609944,61.76583180224219,191.20017640287347,175.23419449938655,176.12978646220432,194.50368743872258,328.24273855866744,320.90220872476306,288.4484206037365,289.0395356488802,460.0369910076551,431.0006280961277,388.2834481865358,379.2431516100319,320.0,353.35999204778216,459.0497673689299,545.6302589193072,572.3055457065982,586.889078301951,640.0,567.2081949587426,537.6157591667704,596.98493018198,625.4131278906038,523.1050697214871,516.5056890448025,584.5130558040623,587.7983027441674,494.0489598848702,490.75995599146654,563.2678188511915,551.1756054760725,483.7491471846462,481.45490103689303,320.0,123.70365460524278,0.0,66.4852582536115,187.58027825113652,30.285196150105037,11.561099956932424,25.757321569148587,54.82698687957304,179.70719927225923,167.2616826915699,165.8781393371512,186.59837675408937,315.9970600422056,316.436786825959,283.24125449083124,285.0864665618983,447.85747147303834,422.46349786408996,381.186960614557,372.7493470479121,320.0,354.8805756316777,459.507307423933,546.1408991684325,572.5555511455659,580.8294063798324,640.0,583.4528938423031,549.2347248273169,590.5352939293648,623.6960214069431,526.1378417653046,511.4144535276005,578.787040605335,585.9084853179354,494.0701179814482,486.31396252504624,558.104614911882,550.3815633982242,484.6944914250597,478.9766866609906,320.0,121.14709150371269,0.0,77.62480987313614,214.35832173211742,44.806695679133895,19.942441792118586,33.56265566547313,59.828899348883624,201.8810217770576,176.36000161988005,170.3794831369338,191.9832529323026,342.0252796383536,324.302296507896,285.0590165918019,288.6974639531599,473.006656428194,426.69251479329233,381.32364859292596,376.60891881695636,320.0,361.9932436772512,467.73046549406274,548.3120603963162,563.3153992620993,587.9065399702915,640.0,565.5686689197819,529.9808887403269,595.5927576210147,622.7832110090126,524.4987708792464,515.203408842163,580.0933673324163,581.7201645074663,493.0958301080301,489.80959018980525,555.4800598804356,542.6481752361703,479.2789359761466,476.46134132478034,320.0,118.9318848122656,0.0,79.59952904656973,214.75532929013755,52.72531066455224,22.45380607622394,30.555386634208105,55.64396331649078,206.55984059247405,183.1661311663739,175.96520569857503,199.01451678309397,345.20791399545294,332.08702556691486,293.02781508495815,297.72378716167077,476.7717278962849,435.99381351875223,387.74722245678566,380.46358796005694,320.0,361.6233487887994,469.92740611868703,551.7480036777952,567.3112330971064,591.9642031327342,640.0,576.3988590447518,545.4285603541562,601.4507287918366,625.1880066261313,529.0230421364254,519.4807624244727,586.780011551886,584.2534704902689,494.70148160244605,490.68686446359027,561.7698251776468,543.2336969402752,479.4297511261183,477.29767710508975
320.0,127.95293100222605,0.0,65.46380771822123,187.3543026238935,41.111688791188726,23.965064820281327,42.5262995609944,61.76583180224219,191.20017640287347,175.23419449938655,176.12978646220432,194.50368743872258,328.24273855866744,320.90220872476306,288.4484206037365,289.0395356488802,460.0369910076551,431.0006280961277,388.2834481865358,379.2431516100319,320.0,353.35999204778216,459.0497673689299,545.6302589193072,572.3055457065982,586.889078301951,640.0,567.2081949587426,537.6157591667704,596.98493018198,625.4131278906038,523.1050697214871,516.5056890448025,584.5130558040623,587.7983027441674,494.0489598848702,490.75995599146654,563.2678188511915,551.1756054760725,483.7491471846462,481.45490103689303,320.0,123.70365460524278,0.0,66.4852582536115,187.58027825113652,30.285196150105037,11.561099956932424,25.757321569148587,54.82698687957304,179.70719927225923,167.2616826915699,165.8781393371512,186.59837675408937,315.9970600422056,316.436786825959,283.24125449083124,285.0864665618983,447.85747147303834,422.46349786408996,381.186960614557,372.7493470479121,320.0,354.8805756316777,459.507307423933,546.1408991684325,572.5555511455659,580.8294063798324,640.0,583.4528938423031,549.2347248273169,590.5352939293648,623.6960214069431,526.1378417653046,511.4144535276005,578.787040605335,585.9084853179354,494.0701179814482,486.31396252504624,558.104614911882,550.3815633982242,484.6944914250597,478.9766866609906,320.0,121.14709150371269,0.0,77.62480987313614,214.35832173211742,44.806695679133895,19.942441792118586,33.56265566547313,59.828899348883624,201.8810217770576,176.36000161988005,170.3794831369338,191.9832529323026,342.0252796383536,324.302296507896,285.0590165918019,288.6974639531599,473.006656428194,426.69251479329233,381.32364859292596,376.60891881695636,320.0,361.9932436772512,467.73046549406274,548.3120603963162,563.3153992620993,587.9065399702915,640.0,565.5686689197819,529.9808887403269,595.5927576210147,622.7832110090126,524.4987708792464,515.203408842163,580.0933673324163,581.7201645074663,493.0958301080301,489.80959018980525,555.4800598804356,542.6481752361703,479.2789359761466,476.46134132478034,320.0,118.9318848122656,0.0,79.59952904656973,214.75532929013755,52.72531066455224,22.45380607622394,30.555386634208105,55.64396331649078,206.55984059247405,183.1661311663739,175.96520569857503,199.01451678309397,345.20791399545294,332.08702556691486,293.02781508495815,297.72378716167077,476.7717278962849,435.99381351875223,387.74722245678566,380.46358796005694,320.0,361.6233487887994,469.92740611868703,551.7480036777952,567.3112330971064,591.9642031327342,640.0,576.3988590447518,545.4285603541562,601.4507287918366,625.1880066261313,529.0230421364254,519.4807624244727,586.780011551886,584.2534704902689,494.70148160244605,490.68686446359027,561.7698251776468,543.2336969402752,479.4297511261183,477.29767710508975,320.0,120.15101810074302,0.0,78.13488320745509,213.2428911306863,54.20829877664022,16.589579972168224,23.58944226025733,49.395074010803285,208.24090837182735,174.61134105549758,171.1526161767434,197.51869475772867,348.78346078324097,325.16514292041273,289.7144876019446,298.9439106052967,483.62243133549174,436.0050538808013,388.7066087572093,383.25905724084186,320.0,361.41782409331256,470.06945199184446,552.7076405885634,571.0889762384122,591.9232951733948,640.0,579.5690186680838,550.6358287786816,599.673727282468,630.7330651473953,533.4759112137642,520.7626395899624,584.984959612282,589.9435438851228,498.6381640472465,490.4771829275808,559.7542393230892,543.740536625895,478.059323288678,473.1750420857232
320.0,123.70365460524278,0.0,66.4852582536115,187.58027825113652,30.285196150105037,11.561099956932424,25.757321569148587,54.82698687957304,179.70719927225923,167.2616826915699,165.8781393371512,186.59837675408937,315.9970600422056,316.436786825959,283.24125449083124,285.0864665618983,447.85747147303834,422.46349786408996,381.186960614557,372.7493470479121,320.0,354.8805756316777,459.507307423933,546.1408991684325,572.5555511455659,580.8294063798324,640.0,583.4528938423031,549.2347248273169,590.5352939293648,623.6960214069431,526.1378417653046,511.4144535276005,578.787040605335,585.9084853179354,494.0701179814482,486.31396252504624,558.104614911882,550.3815633982242,484.6944914250597,478.9766866609906,320.0,121.14709150371269,0.0,77.62480987313614,214.35832173211742,44.806695679133895,19.942441792118586,33.56265566547313,59.828899348883624,201.8810217770576,176.36000161988005,170.3794831369338,191.9832529323026,342.0252796383536,324.302296507896,285.0590165918019,288.6974639531599,473.006656428194,426.69251479329233,381.32364859292596,376.60891881695636,320.0,361.9932436772512,467.73046549406274,548.3120603963162,563.3153992620993,587.9065399702915,640.0,565.5686689197819,529.9808887403269,595.5927576210147,622.7832110090126,524.4987708792464,515.203408842163,580.0933673324163,581.7201645074663,493.0958301080301,489.80959018980525,555.4800598804356,542.6481752361703,479.2789359761466,476.46134132478034,320.0,118.9318848122656,0.0,79.59952904656973,214.75532929013755,52.72531066455224,22.45380607622394,30.555386634208105,55.64396331649078,206.55984059247405,183.1661311663739,175.96520569857503,199.01451678309397,345.20791399545294,332.08702556691486,293.02781508495815,297.72378716167077,476.7717278962849,435.99381351875223,387.74722245678566,380.46358796005694,320.0,361.6233487887994,469.92740611868703,551.7480036777952,567.3112330971064,591.9642031327342,640.0,576.3988590447518,545.4285603541562,601.4507287918366,625.1880066261313,529.0230421364254,519.4807624244727,586.780011551886,584.2534704902689,494.70148160244605,490.68686446359027,561.7698251776468,543.2336969402752,479.4297511261183,477.29767710508975,320.0,120.15101810074302,0.0,78.13488320745509,213.2428911306863,54.20829877664022,16.589579972168224,23.58944226025733,49.395074010803285,208.24090837182735,174.61134105549758,171.1526161767434,197.51869475772867,348.78346078324097,325.16514292041273,289.7144876019446,298.9439106052967,483.62243133549174,436.0050538808013,388.7066087572093,383.25905724084186,320.0,361.41782409331256,470.06945199184446,552.7076405885634,571.0889762384122,591.9232951733948,640.0,579.5690186680838,550.6358287786816,599.673727282468,630.7330651473953,533.4759112137642,520.7626395899624,584.984959612282,589.9435438851228,498.6381640472465,490.4771829275808,559.7542393230892,543.740536625895,478.059323288678,473.1750420857232,320.0,121.92331731953567,0.0,62.598241090574106,188.1854174294393,57.67022911677452,31.436376148103648,30.406134769004268,42.85507368182425,209.83280023777576,189.5228351989263,177.6691342663391,189.68734613728716,349.4805353303405,335.26829470926407,296.82085702959995,298.9842814899111,482.22138713041954,451.6187460291546,399.88544000267916,387.23319380430576,320.0,361.17057912527065,467.7369753787884,550.4426830785659,570.6448811672991,596.1781182897362,640.0,584.2437179449705,561.7926371503227,600.1721449019908,624.8121779299723,526.1998135967776,523.2700909226597,583.0715143231191,587.7362407338378,497.6444333960282,493.9171553305863,557.4908874278192,540.2243719497037,477.6500880927246,477.0761958739339
320.0,121.14709150371269,0.0,77.62480987313614,214.35832173211742,44.806695679133895,19.942441792118586,33.56265566547313,59.828899348883624,201.8810217770576,176.36000161988005,170.3794831369338,191.9832529323026,342.0252796383536,324.302296507896,285.0590165918019,288.6974639531599,473.006656428194,426.69251479329233,381.32364859292596,376.60891881695636,320.0,361.9932436772512,467.73046549406274,548.3120603963162,563.3153992620993,587.9065399702915,640.0,565.5686689197819,529.9808887403269,595.5927576210147,622.7832110090126,524.4987708792464,515.203408842163,580.0933673324163,581.7201645074663,493.0958301080301,489.80959018980525,555.4800598804356,542.6481752361703,479.2789359761466,476.46134132478034,320.0,118.9318848122656,0.0,79.59952904656973,214.75532929013755,52.72531066455224,22.45380607622394,30.555386634208105,55.64396331649078,206.55984059247405,183.1661311663739,175.96520569857503,199.01451678309397,345.20791399545294,332.08702556691486,293.02781508495815,297.72378716167077,476.7717278962849,435.99381351875223,387.74722245678566,380.46358796005694,320.0,361.6233487887994,469.92740611868703,551.7480036777952,567.3112330971064,591.9642031327342,640.0,576.3988590447518,545.4285603541562,601.4507287918366,625.1880066261313,529.0230421364254,519.4807624244727,586.780011551886,584.2534704902689,494.70148160244605,490.68686446359027,561.7698251776468,543.2336969402752,479.4297511261183,477.29767710508975,320.0,120.15101810074302,0.0,78.13488320745509,213.2428911306863,54.20829877664022,16.589579972168224,23.58944226025733,49.395074010803285,208.24090837182735,174.61134105549758,171.1526161767434,197.51869475772867,348.78346078324097,325.16514292041273,289.7144876019446,298.9439106052967,483.62243133549174,436.0050538808013,388.7066087572093,383.25905724084186,320.0,361.41782409331256,470.06945199184446,552.7076405885634,571.0889762384122,591.9232951733948,640.0,579.5690186680838,550.6358287786816,599.673727282468,630.7330651473953,533.4759112137642,520.7626395899624,584.984959612282,589.9435438851228,498.6381640472465,490.4771829275808,559.7542393230892,543.740536625895,478.059323288678,473.1750420857232,320.0,121.92331731953567,0.0,62.598241090574106,188.1854174294393,57.67022911677452,31.436376148103648,30.406134769004268,42.85507368182425,209.83280023777576,189.5228351989263,177.6691342663391,189.68734613728716,349.4805353303405,335.26829470926407,296.82085702959995,298.9842814899111,482.22138713041954,451.6187460291546,399.88544000267916,387.23319380430576,320.0,361.17057912527065,467.7369753787884,550.4426830785659,570.6448811672991,596.1781182897362,640.0,584.2437179449705,561.7926371503227,600.1721449019908,624.8121779299723,526.1998135967776,523.2700909226597,583.0715143231191,587.7362407338378,497.6444333960282,493.9171553305863,557.4908874278192,540.2243719497037,477.6500880927246,477.0761958739339,320.0,122.78540113326042,0.0,66.88697364767026,197.81871130826048,57.40914826365844,29.364240710022216,28.382577389944856,40.910500746961304,210.82117251428053,191.80112239788,181.43608607141022,194.63422818900432,351.6814792711365,340.38986822380326,303.22420251655325,305.1188365184393,486.19376897509665,454.7850946544338,406.3666126880295,395.27554483238873,320.0,359.9846636622869,467.9663941141175,551.4310192828697,569.8233616729497,591.8777916967681,640.0,586.4909121329556,562.5397658478186,596.5668704826094,628.1535771438362,531.1077579586367,523.8691307808398,579.8882227873496,587.1034960820004,495.83569259571397,489.0866688120976,554.1569640262467,538.3231968836644,474.1161671940312,471.05308181843003
320.0,118.9318848122656,0.0,79.59952904656973,214.75532929013755,52.72531066455224,22.45380607622394,30.555386634208105,55.64396331649078,206.55984059247405,183.1661311663739,175.96520569857503,199.01451678309397,345.20791399545294,332.08702556691486,293.02781508495815,297.72378716167077,476.7717278962849,435.99381351875223,387.74722245678566,380.46358796005694,320.0,361.6233487887994,469.92740611868703,551.7480036777952,567.3112330971064,591.9642031327342,640.0,576.3988590447518,545.4285603541562,601.4507287918366,625.1880066261313,529.0230421364254,519.4807624244727,586.780011551886,584.2534704902689,494.70148160244605,490.68686446359027,561.7698251776468,543.2336969402752,479.4297511261183,477.29767710508975,320.0,120.15101810074302,0.0,78.13488320745509,213.2428911306863,54.20829877664022,16.589579972168224,23.58944226025733,49.395074010803285,208.24090837182735,174.61134105549758,171.1526161767434,197.51869475772867,348.78346078324097,325.16514292041273,289.7144876019446,298.9439106052967,483.62243133549174,436.0050538808013,388.7066087572093,383.25905724084186,320.0,361.41782409331256,470.06945199184446,552.7076405885634,571.0889762384122,591.9232951733948,640.0,579.5690186680838,550.6358287786816,599.673727282468,630.7330651473953,533.4759112137642,520.7626395899624,584.984959612282,589.9435438851228,498.6381640472465,490.4771829275808,559.7542393230892,543.740536625895,478.059323288678,473.1750420857232,320.0,121.92331731953567,0.0,62.598241090574106,188.1854174294393,57.67022911677452,31.436376148103648,30.406134769004268,42.85507368182425,209.83280023777576,189.5228351989263,177.6691342663391,189.68734613728716,349.4805353303405,335.26829470926407,296.82085702959995,298.9842814899111,482.22138713041954,451.6187460291546,399.88544000267916,387.23319380430576,320.0,361.17057912527065,467.7369753787884,550.4426830785659,570.6448811672991,596.1781182897362,640.0,584.2437179449705,561.7926371503227,600.1721449019908,624.8121779299723,526.1998135967776,523.2700909226597,583.0715143231191,587.7362407338378,497.6444333960282,493.9171553305863,557.4908874278192,540.2243719497037,477.6500880927246,477.0761958739339,320.0,122.78540113326042,0.0,66.88697364767026,197.81871130826048,57.40914826365844,29.364240710022216,28.382577389944856,40.910500746961304,210.82117251428053,191.80112239788,181.43608607141022,194.63422818900432,351.6814792711365,340.38986822380326,303.22420251655325,305.1188365184393,486.19376897509665,454.7850946544338,406.3666126880295,395.27554483238873,320.0,359.9846636622869,467.9663941141175,551.4310192828697,569.8233616729497,591.8777916967681,640.0,586.4909121329556,562.5397658478186,596.5668704826094,628.1535771438362,531.1077579586367,523.8691307808398,579.8882227873496,587.1034960820004,495.83569259571397,489.0866688120976,554.1569640262467,538.3231968836644,474.1161671940312,471.05308181843003,320.0,131.2009308279141,0.0,40.34999358088021,141.45217470098726,57.67456474955833,7.019752639337355,17.980568713384628,40.5673391058333,203.77823837452968,150.0892217979661,153.50281608134713,180.50992726002607,341.3607994430521,292.083897023036,267.37216787085333,288.6501932004303,476.3925467115936,415.7236918841537,375.50298842162175,383.53243290036147,320.0,355.7946514422385,459.235687392071,545.6873959104294,581.7065589499721,596.2302723347279,640.0,571.5812579197021,548.7979586317826,600.9383812778337,626.2325081847854,521.0621350025974,523.3482872070342,586.9424052960082,594.318852183435,500.20344315789566,500.80342398615335,565.8989275470677,553.1751566470849,485.93315512230436,485.36593775224503
320.0,120.15101810074302,0.0,78.13488320745509,213.2428911306863,54.20829877664022,16.589579972168224,23.58944226025733,49.395074010803285,208.24090837182735,174.61134105549758,171.1526161767434,197.51869475772867,348.78346078324097,325.16514292041273,289.7144876019446,298.9439106052967,483.62243133549174,436.0050538808013,388.7066087572093,383.25905724084186,320.0,361.41782409331256,470.06945199184446,552.7076405885634,571.0889762384122,591.9232951733948,640.0,579.5690186680838,550.6358287786816,599.673727282468,630.7330651473953,533.4759112137642,520.7626395899624,584.984959612282,589.9435438851228,498.6381640472465,490.4771829275808,559.7542393230892,543.740536625895,478.059323288678,473.1750420857232,320.0,121.92331731953567,0.0,62.598241090574106,188.1854174294393,57.67022911677452,31.436376148103648,30.406134769004268,42.85507368182425,209.83280023777576,189.5228351989263,177.6691342663391,189.68734613728716,349.4805353303405,335.26829470926407,296.82085702959995,298.9842814899111,482.22138713041954,451.6187460291546,399.88544000267916,387.23319380430576,320.0,361.17057912527065,467.7369753787884,550.4426830785659,570.6448811672991,596.1781182897362,640.0,584.2437179449705,561.7926371503227,600.1721449019908,624.8121779299723,526.1998135967776,523.2700909226597,583.0715143231191,587.7362407338378,497.6444333960282,493.9171553305863,557.4908874278192,540.2243719497037,477.6500880927246,477.0761958739339,320.0,122.78540113326042,0.0,66.88697364767026,197.81871130826048,57.40914826365844,29.364240710022216,28.382577389944856,40.910500746961304,210.82117251428053,191.80112239788,181.43608607141022,194.63422818900432,351.6814792711365,340.38986822380326,303.22420251655325,305.1188365184393,486.19376897509665,454.7850946544338,406.3666126880295,395.27554483238873,320.0,359.9846636622869,467.9663941141175,551.4310192828697,569.8233616729497,591.8777916967681,640.0,586.4909121329556,562.5397658478186,596.5668704826094,628.1535771438362,531.1077579586367,523.8691307808398,579.8882227873496,587.1034960820004,495.83569259571397,489.0866688120976,554.1569640262467,538.3231968836644,474.1161671940312,471.05308181843003,320.0,131.2009308279141,0.0,40.34999358088021,141.45217470098726,57.67456474955833,7.019752639337355,17.980568713384628,40.5673391058333,203.77823837452968,150.0892217979661,153.50281608134713,180.50992726002607,341.3607994430521,292.083897023036,267.37216787085333,288.6501932004303,476.3925467115936,415.7236918841537,375.50298842162175,383.53243290036147,320.0,355.7946514422385,459.235687392071,545.6873959104294,581.7065589499721,596.2302723347279,640.0,571.5812579197021,548.7979586317826,600.9383812778337,626.2325081847854,521.0621350025974,523.3482872070342,586.9424052960082,594.318852183435,500.20344315789566,500.80342398615335,565.8989275470677,553.1751566470849,485.93315512230436,485.36593775224503,320.0,123.91788361411818,0.0,55.33882731342362,156.08905158343984,53.80576511089481,11.003259951544806,27.167363199219835,54.44931120378652,199.15538347854232,154.33230253746177,158.0601315581198,186.67167576976843,336.515251854403,297.47493103706825,271.55763876957775,292.1960824936405,473.1233775103741,416.81133386075624,377.51387628971963,385.63792892868645,320.0,357.72539030498467,467.76631169681406,553.83252579995,587.416556644522,591.5489097982379,640.0,565.7279096367228,540.744982825389,595.4477886499744,634.402783232752,530.1307664006949,525.8593428895183,581.6380778127657,599.9800299348133,504.4714740702294,500.1132330080126,561.7328418067077,557.5973242749632,489.4787321087765,486.44839388798357
320.0,121.92331731953567,0.0,62.598241090574106,188.1854174294393,57.67022911677452,31.436376148103648,30.406134769004268,42.85507368182425,209.83280023777576,189.5228351989263,177.6691342663391,189.68734613728716,349.4805353303405,335.26829470926407,296.82085702959995,298.9842814899111,482.22138713041954,451.6187460291546,399.88544000267916,387.23319380430576,320.0,361.17057912527065,467.7369753787884,550.4426830785659,570.6448811672991,596.1781182897362,640.0,584.2437179449705,561.7926371503227,600.1721449019908,624.8121779299723,526.1998135967776,523.2700909226597,583.0715143231191,587.7362407338378,497.6444333960282,493.9171553305863,557.4908874278192,540.2243719497037,477.6500880927246,477.0761958739339,320.0,122.78540113326042,0.0,66.88697364767026,197.81871130826048,57.40914826365844,29.364240710022216,28.382577389944856,40.910500746961304,210.82117251428053,191.80112239788,181.43608607141022,194.63422818900432,351.6814792711365,340.38986822380326,303.22420251655325,305.1188365184393,486.19376897509665,454.7850946544338,406.3666126880295,395.27554483238873,320.0,359.9846636622869,467.9663941141175,551.4310192828697,569.8233616729497,591.8777916967681,640.0,586.4909121329556,562.5397658478186,596.5668704826094,628.1535771438362,531.1077579586367,523.8691307808398,579.8882227873496,587.1034960820004,495.83569259571397,489.0866688120976,554.1569640262467,538.3231968836644,474.1161671940312,471.05308181843003,320.0,131.2009308279141,0.0,40.34999358088021,141.45217470098726,57.67456474955833,7.019752639337355,17.980568713384628,40.5673391058333,203.77823837452968,150.0892217979661,153.50281608134713,180.50992726002607,341.3607994430521,292.083897023036,267.37216787085333,288.6501932004303,476.3925467115936,415.7236918841537,375.50298842162175,383.53243290036147,320.0,355.7946514422385,459.235687392071,545.6873959104294,581.7065589499721,596.2302723347279,640.0,571.5812579197021,548.7979586317826,600.9383812778337,626.2325081847854,521.0621350025974,523.3482872070342,586.9424052960082,594.318852183435,500.20344315789566,500.80342398615335,565.8989275470677,553.1751566470849,485.93315512230436,485.36593775224503,320.0,123.91788361411818,0.0,55.33882731342362,156.08905158343984,53.80576511089481,11.003259951544806,27.167363199219835,54.44931120378652,199.15538347854232,154.33230253746177,158.0601315581198,186.67167576976843,336.515251854403,297.47493103706825,271.55763876957775,292.1960824936405,473.1233775103741,416.81133386075624,377.51387628971963,385.63792892868645,320.0,357.72539030498467,467.76631169681406,553.83252579995,587.416556644522,591.5489097982379,640.0,565.7279096367228,540.744982825389,595.4477886499744,634.402783232752,530.1307664006949,525.8593428895183,581.6380778127657,599.9800299348133,504.4714740702294,500.1132330080126,561.7328418067077,557.5973242749632,489.4787321087765,486.44839388798357,320.0,123.32924342743908,0.0,58.47193596303697,165.6198498029847,55.57454489331252,11.53264365735214,25.785850378952148,52.89897237362561,202.55471098235307,154.27075745720646,157.5659862636664,187.64959632518244,340.3948710147311,296.5527480170907,270.0303164866808,292.4718023183716,476.58008672369783,417.9929446358807,378.14850955393484,387.31732977958586,320.0,360.031420108617,468.0054164590972,553.0670333524301,583.2218538924551,591.7277247109661,640.0,567.8219405982193,542.2138349979713,596.3955146305246,632.0542171093147,528.6027772608704,524.2148293115981,582.6027838256633,598.0226944889321,504.677036177816,500.371016843491,562.0050089369555,555.257048251985,488.87507476920337,486.7116422309085
320.0,122.78540113326042,0.0,66.88697364767026,197.81871130826048,57.40914826365844,29.364240710022216,28.382577389944856,40.910500746961304,210.82117251428053,191.80112239788,181.43608607141022,194.63422818900432,351.6814792711365,340.38986822380326,303.22420251655325,305.1188365184393,486.19376897509665,454.7850946544338,406.3666126880295,395.27554483238873,320.0,359.9846636622869,467.9663941141175,551.4310192828697,569.8233616729497,591.8777916967681,640.0,586.4909121329556,562.5397658478186,596.5668704826094,628.1535771438362,531.1077579586367,523.8691307808398,579.8882227873496,587.1034960820004,495.83569259571397,489.0866688120976,554.1569640262467,538.3231968836644,474.1161671940312,471.05308181843003,320.0,131.2009308279141,0.0,40.34999358088021,141.45217470098726,57.67456474955833,7.019752639337355,17.980568713384628,40.5673391058333,203.77823837452968,150.0892217979661,153.50281608134713,180.50992726002607,341.3607994430521,292.083897023036,267.37216787085333,288.6501932004303,476.3925467115936,415.7236918841537,375.50298842162175,383.53243290036147,320.0,355.7946514422385,459.235687392071,545.6873959104294,581.7065589499721,596.2302723347279,640.0,571.5812579197021,548.7979586317826,600.9383812778337,626.2325081847854,521.0621350025974,523.3482872070342,586.9424052960082,594.318852183435,500.20344315789566,500.80342398615335,565.8989275470677,553.1751566470849,485.93315512230436,485.36593775224503,320.0,123.91788361411818,0.0,55.33882731342362,156.08905158343984,53.80576511089481,11.003259951544806,27.167363199219835,54.44931120378652,199.15538347854232,154.33230253746177,158.0601315581198,186.67167576976843,336.515251854403,297.47493103706825,271.55763876957775,292.1960824936405,473.1233775103741,416.81133386075624,377.51387628971963,385.63792892868645,320.0,357.72539030498467,467.76631169681406,553.83252579995,587.416556644522,591.5489097982379,640.0,565.7279096367228,540.744982825389,595.4477886499744,634.402783232752,530.1307664006949,525.8593428895183,581.6380778127657,599.9800299348133,504.4714740702294,500.1132330080126,561.7328418067077,557.5973242749632,489.4787321087765,486.44839388798357,320.0,123.32924342743908,0.0,58.47193596303697,165.6198498029847,55.57454489331252,11.53264365735214,25.785850378952148,52.89897237362561,202.55471098235307,154.27075745720646,157.5659862636664,187.64959632518244,340.3948710147311,296.5527480170907,270.0303164866808,292.4718023183716,476.58008672369783,417.9929446358807,378.14850955393484,387.31732977958586,320.0,360.031420108617,468.0054164590972,553.0670333524301,583.2218538924551,591.7277247109661,640.0,567.8219405982193,542.2138349979713,596.3955146305246,632.0542171093147,528.6027772608704,524.2148293115981,582.6027838256633,598.0226944889321,504.677036177816,500.371016843491,562.0050089369555,555.257048251985,488.87507476920337,486.7116422309085,320.0,127.19828649633916,0.0,44.02899208916108,140.44234416138355,43.619911501709225,8.970216213230572,25.968172528706702,46.105621053019206,184.70612062034724,151.54246015428896,158.2528154362622,179.01502998017688,319.9040634340037,292.04941666001804,268.1982803591484,279.51604568524806,451.9935927728442,414.44827268765994,373.7684192437754,371.4445351384857,320.0,355.9066739978358,464.52290233888993,555.7408655069714,594.0451099529977,595.4056023263861,640.0,568.7613455384067,546.5407522775783,601.52919354906,628.9623643753729,524.1189252512798,525.2713870613293,589.0792399672955,597.5989856386038,503.1067864686577,502.7434814397226,571.10753543128,558.1853662261601,491.0929607501359,491.51565684616185
320.0,131.2009308279141,0.0,40.34999358088021,141.45217470098726,57.67456474955833,7.019752639337355,17.980568713384628,40.5673391058333,203.77823837452968,150.0892217979661,153.50281608134713,180.50992726002607,341.3607994430521,292.083897023036,267.37216787085333,288.6501932004303,476.3925467115936,415.7236918841537,375.50298842162175,383.53243290036147,320.0,355.7946514422385,459.235687392071,545.6873959104294,581.7065589499721,596.2302723347279,640.0,571.5812579197021,548.7979586317826,600.9383812778337,626.2325081847854,521.0621350025974,523.3482872070342,586.9424052960082,594.318852183435,500.20344315789566,500.80342398615335,565.8989275470677,553.1751566470849,485.93315512230436,485.36593775224503,320.0,123.91788361411818,0.0,55.33882731342362,156.08905158343984,53.80576511089481,11.003259951544806,27.167363199219835,54.44931120378652,199.15538347854232,154.33230253746177,158.0601315581198,186.67167576976843,336.515251854403,297.47493103706825,271.55763876957775,292.1960824936405,473.1233775103741,416.81133386075624,377.51387628971963,385.63792892868645,320.0,357.72539030498467,467.76631169681406,553.83252579995,587.416556644522,591.5489097982379,640.0,565.7279096367228,540.744982825389,595.4477886499744,634.402783232752,530.1307664006949,525.8593428895183,581.6380778127657,599.9800299348133,504.4714740702294,500.1132330080126,561.7328418067077,557.5973242749632,489.4787321087765,486.44839388798357,320.0,123.32924342743908,0.0,58.47193596303697,165.6198498029847,55.57454489331252,11.53264365735214,25.785850378952148,52.89897237362561,202.55471098235307,154.27075745720646,157.5659862636664,187.64959632518244,340.3948710147311,296.5527480170907,270.0303164866808,292.4718023183716,476.58008672369783,417.9929446358807,378.14850955393484,387.31732977958586,320.0,360.031420108617,468.0054164590972,553.0670333524301,583.2218538924551,591.7277247109661,640.0,567.8219405982193,542.2138349979713,596.3955146305246,632.0542171093147,528.6027772608704,524.2148293115981,582.6027838256633,598.0226944889321,504.677036177816,500.371016843491,562.0050089369555,555.257048251985,488.87507476920337,486.7116422309085,320.0,127.19828649633916,0.0,44.02899208916108,140.44234416138355,43.619911501709225,8.970216213230572,25.968172528706702,46.105621053019206,184.70612062034724,151.54246015428896,158.2528154362622,179.01502998017688,319.9040634340037,292.04941666001804,268.1982803591484,279.51604568524806,451.9935927728442,414.44827268765994,373.7684192437754,371.4445351384857,320.0,355.9066739978358,464.52290233888993,555.7408655069714,594.0451099529977,595.4056023263861,640.0,568.7613455384067,546.5407522775783,601.52919354906,628.9623643753729,524.1189252512798,525.2713870613293,589.0792399672955,597.5989856386038,503.1067864686577,502.7434814397226,571.10753543128,558.1853662261601,491.0929607501359,491.51565684616185,320.0,123.00031780397455,0.0,60.53530106960898,178.75788302827462,49.37690558242542,10.599557060710481,25.72782075855838,49.79789653494356,195.52561797975986,157.5261443425927,159.81249565502378,186.3873633194625,331.3868667507523,296.6207506132624,269.48798800289995,287.87687082261573,463.3978210564996,412.7010358423295,373.5292627940928,379.5123695265714,320.0,363.642192183803,472.3832137557948,558.3391232306388,581.7284038010312,594.1653914229294,640.0,564.4945547324162,536.8487503201277,601.5630573792686,630.4032028695576,527.4405333598958,522.7171299974997,587.5314306604073,595.8568689856762,505.3285173657733,502.39116480463804,565.5898730183369,554.2792696563453,490.0651733189599,488.9391126629491
320.0,123.91788361411818,0.0,55.33882731342362,156.08905158343984,53.80576511089481,11.003259951544806,27.167363199219835,54.44931120378652,199.15538347854232,154.33230253746177,158.0601315581198,186.67167576976843,336.515251854403,297.47493103706825,271.55763876957775,292.1960824936405,473.1233775103741,416.81133386075624,377.51387628971963,385.63792892868645,320.0,357.72539030498467,467.76631169681406,553.83252579995,587.416556644522,591.5489097982379,640.0,565.7279096367228,540.744982825389,595.4477886499744,634.402783232752,530.1307664006949,525.8593428895183,581.6380778127657,599.9800299348133,504.4714740702294,500.1132330080126,561.7328418067077,557.5973242749632,489.4787321087765,486.44839388798357,320.0,123.32924342743908,0.0,58.47193596303697,165.6198498029847,55.57454489331252,11.53264365735214,25.785850378952148,52.89897237362561,202.55471098235307,154.27075745720646,157.5659862636664,187.64959632518244,340.3948710147311,296.5527480170907,270.0303164866808,292.4718023183716,476.58008672369783,417.9929446358807,378.14850955393484,387.31732977958586,320.0,360.031420108617,468.0054164590972,553.0670333524301,583.2218538924551,591.7277247109661,640.0,567.8219405982193,542.2138349979713,596.3955146305246,632.0542171093147,528.6027772608704,524.2148293115981,582.6027838256633,598.0226944889321,504.677036177816,500.371016843491,562.0050089369555,555.257048251985,488.87507476920337,486.7116422309085,320.0,127.19828649633916,0.0,44.02899208916108,140.44234416138355,43.619911501709225,8.970216213230572,25.968172528706702,46.105621053019206,184.70612062034724,151.54246015428896,158.2528154362622,179.01502998017688,319.9040634340037,292.04941666001804,268.1982803591484,279.51604568524806,451.9935927728442,414.44827268765994,373.7684192437754,371.4445351384857,320.0,355.9066739978358,464.52290233888993,555.7408655069714,594.0451099529977,595.4056023263861,640.0,568.7613455384067,546.5407522775783,601.52919354906,628.9623643753729,524.1189252512798,525.2713870613293,589.0792399672955,597.5989856386038,503.1067864686577,502.7434814397226,571.10753543128,558.1853662261601,491.0929607501359,491.51565684616185,320.0,123.00031780397455,0.0,60.53530106960898,178.75788302827462,49.37690558242542,10.599557060710481,25.72782075855838,49.79789653494356,195.52561797975986,157.5261443425927,159.81249565502378,186.3873633194625,331.3868667507523,296.6207506132624,269.48798800289995,287.87687082261573,463.3978210564996,412.7010358423295,373.5292627940928,379.5123695265714,320.0,363.642192183803,472.3832137557948,558.3391232306388,581.7284038010312,594.1653914229294,640.0,564.4945547324162,536.8487503201277,601.5630573792686,630.4032028695576,527.4405333598958,522.7171299974997,587.5314306604073,595.8568689856762,505.3285173657733,502.39116480463804,565.5898730183369,554.2792696563453,490.0651733189599,488.9391126629491,320.0,124.05513464623999,0.0,58.55145797067331,174.45702285300112,48.98553489899206,11.536299040409347,27.59150802549823,52.091015530624475,193.5824262961288,159.109321472157,161.21261530265204,185.61181492104595,328.82679667705344,300.18948972575157,272.06001623064867,285.55529261629385,460.2947039765089,415.61789831684456,374.8941352843151,375.9623845424754,320.0,361.58058693840616,470.69604747190823,557.7551084063217,582.0717652589856,594.5460544867209,640.0,567.5844432543327,541.1768443748338,602.7405477766832,631.2812760569352,528.5300879901229,523.7953230456991,589.5972007424715,597.6758403916072,505.6444074642658,501.660286828177,568.164075142724,556.1824568563765,490.91139653871085,489.2619672009837
320.0,123.32924342743908,0.0,58.47193596303697,165.6198498029847,55.57454489331252,11.53264365735214,25.785850378952148,52.89897237362561,202.55471098235307,154.27075745720646,157.5659862636664,187.64959632518244,340.3948710147311,296.5527480170907,270.0303164866808,292.4718023183716,476.58008672369783,417.9929446358807,378.14850955393484,387.31732977958586,320.0,360.031420108617,468.0054164590972,553.0670333524301,583.2218538924551,591.7277247109661,640.0,567.8219405982193,542.2138349979713,596.3955146305246,632.0542171093147,528.6027772608704,524.2148293115981,582.6027838256633,598.0226944889321,504.677036177816,500.371016843491,562.0050089369555,555.257048251985,488.87507476920337,486.7116422309085,320.0,127.19828649633916,0.0,44.02899208916108,140.44234416138355,43.619911501709225,8.970216213230572,25.968172528706702,46.105621053019206,184.70612062034724,151.54246015428896,158.2528154362622,179.01502998017688,319.9040634340037,292.04941666001804,268.1982803591484,279.51604568524806,451.9935927728442,414.44827268765994,373.7684192437754,371.4445351384857,320.0,355.9066739978358,464.52290233888993,555.7408655069714,594.0451099529977,595.4056023263861,640.0,568.7613455384067,546.5407522775783,601.52919354906,628.9623643753729,524.1189252512798,525.2713870613293,589.0792399672955,597.5989856386038,503.1067864686577,502.7434814397226,571.10753543128,558.1853662261601,491.0929607501359,491.51565684616185,320.0,123.00031780397455,0.0,60.53530106960898,178.75788302827462,49.37690558242542,10.599557060710481,25.72782075855838,49.79789653494356,195.52561797975986,157.5261443425927,159.81249565502378,186.3873633194625,331.3868667507523,296.6207506132624,269.48798800289995,287.87687082261573,463.3978210564996,412.7010358423295,373.5292627940928,379.5123695265714,320.0,363.642192183803,472.3832137557948,558.3391232306388,581.7284038010312,594.1653914229294,640.0,564.4945547324162,536.8487503201277,601.5630573792686,630.4032028695576,527.4405333598958,522.7171299974997,587.5314306604073,595.8568689856762,505.3285173657733,502.39116480463804,565.5898730183369,554.2792696563453,490.0651733189599,488.9391126629491,320.0,124.05513464623999,0.0,58.55145797067331,174.45702285300112,48.98553489899206,11.536299040409347,27.59150802549823,52.091015530624475,193.5824262961288,159.109321472157,161.21261530265204,185.61181492104595,328.82679667705344,300.18948972575157,272.06001623064867,285.55529261629385,460.2947039765089,415.61789831684456,374.8941352843151,375.9623845424754,320.0,361.58058693840616,470.69604747190823,557.7551084063217,582.0717652589856,594.5460544867209,640.0,567.5844432543327,541.1768443748338,602.7405477766832,631.2812760569352,528.5300879901229,523.7953230456991,589.5972007424715,597.6758403916072,505.6444074642658,501.660286828177,568.164075142724,556.1824568563765,490.91139653871085,489.2619672009837,320.0,128.61236990416825,8.49891132050351,71.47846992648297,186.15078074219912,47.48605328905245,0.0,10.866048947711192,36.20557041515747,188.9329360053458,140.61655558953774,148.69816307756105,181.45415476699338,321.795588491919,279.18711120218063,256.53211954132576,280.8258276973927,455.3384574132051,396.64619831660536,362.2460421742459,374.72755651192074,320.0,358.6802777208021,468.5352990071704,556.9868950903484,587.6887529486485,592.1280382756427,640.0,567.1127900782658,540.8564685941229,598.5079131094426,630.7835923034984,525.5353924222583,522.8669165582876,587.2842781405438,599.9497011092853,505.3784099950638,503.852994204007,571.0539951729694,565.0155637550461,497.8121585371748,495.874013350093
320.0,127.19828649633916,0.0,44.02899208916108,140.44234416138355,43.619911501709225,8.970216213230572,25.968172528706702,46.105621053019206,184.70612062034724,151.54246015428896,158.2528154362622,179.01502998017688,319.9040634340037,292.04941666001804,268.1982803591484,279.51604568524806,451.9935927728442,414.44827268765994,373.7684192437754,371.4445351384857,320.0,355.9066739978358,464.52290233888993,555.7408655069714,594.0451099529977,595.4056023263861,640.0,568.7613455384067,546.5407522775783,601.52919354906,628.9623643753729,524.1189252512798,525.2713870613293,589.0792399672955,597.5989856386038,503.1067864686577,502.7434814397226,571.10753543128,558.1853662261601,491.0929607501359,491.51565684616185,320.0,123.00031780397455,0.0,60.53530106960898,178.75788302827462,49.37690558242542,10.599557060710481,25.72782075855838,49.79789653494356,195.52561797975986,157.5261443425927,159.81249565502378,186.3873633194625,331.3868667507523,296.6207506132624,269.48798800289995,287.87687082261573,463.3978210564996,412.7010358423295,373.5292627940928,379.5123695265714,320.0,363.642192183803,472.3832137557948,558.3391232306388,581.7284038010312,594.1653914229294,640.0,564.4945547324162,536.8487503201277,601.5630573792686,630.4032028695576,527.4405333598958,522.7171299974997,587.5314306604073,595.8568689856762,505.3285173657733,502.39116480463804,565.5898730183369,554.2792696563453,490.0651733189599,488.9391126629491,320.0,124.05513464623999,0.0,58.55145797067331,174.45702285300112,48.98553489899206,11.536299040409347,27.59150802549823,52.091015530624475,193.5824262961288,159.109321472157,161.21261530265204,185.61181492104595,328.82679667705344,300.18948972575157,272.06001623064867,285.55529261629385,460.2947039765089,415.61789831684456,374.8941352843151,375.9623845424754,320.0,361.58058693840616,470.69604747190823,557.7551084063217,582.0717652589856,594.5460544867209,640.0,567.5844432543327,541.1768443748338,602.7405477766832,631.2812760569352,528.5300879901229,523.7953230456991,589.5972007424715,597.6758403916072,505.6444074642658,501.660286828177,568.164075142724,556.1824568563765,490.91139653871085,489.2619672009837,320.0,128.61236990416825,8.49891132050351,71.47846992648297,186.15078074219912,47.48605328905245,0.0,10.866048947711192,36.20557041515747,188.9329360053458,140.61655558953774,148.69816307756105,181.45415476699338,321.795588491919,279.18711120218063,256.53211954132576,280.8258276973927,455.3384574132051,396.64619831660536,362.2460421742459,374.72755651192074,320.0,358.6802777208021,468.5352990071704,556.9868950903484,587.6887529486485,592.1280382756427,640.0,567.1127900782658,540.8564685941229,598.5079131094426,630.7835923034984,525.5353924222583,522.8669165582876,587.2842781405438,599.9497011092853,505.3784099950638,503.852994204007,571.0539951729694,565.0155637550461,497.8121585371748,495.874013350093,320.0,132.86271381843332,13.29245256785839,65.01941509218767,162.84546306329455,41.13576913817451,0.0,13.793704403753054,38.39453923859054,183.0002692967637,144.56357046764697,158.98376828998636,185.3333220320887,317.27880304354414,281.2865515337499,264.75799351159856,280.22680408385344,449.57750148217315,401.2800265519769,367.4600408064152,368.9131667381173,320.0,356.6852689246135,460.7443255952646,546.2384822767077,582.5335589950382,594.5041452295719,640.0,580.0151498179924,552.4611805094164,604.8277897377118,623.5188802432973,521.6501537742329,519.9051729825859,594.8628716423743,592.1228107055304,502.30298715334305,504.26851492400283,577.6667950462856,556.0753685543585,491.68792602469694,493.4416632270135
320.0,123.00031780397455,0.0,60.53530106960898,178.75788302827462,49.37690558242542,10.599557060710481,25.72782075855838,49.79789653494356,195.52561797975986,157.5261443425927,159.81249565502378,186.3873633194625,331.3868667507523,296.6207506132624,269.48798800289995,287.87687082261573,463.3978210564996,412.7010358423295,373.5292627940928,379.5123695265714,320.0,363.642192183803,472.3832137557948,558.3391232306388,581.7284038010312,594.1653914229294,640.0,564.4945547324162,536.8487503201277,601.5630573792686,630.4032028695576,527.4405333598958,522.7171299974997,587.5314306604073,595.8568689856762,505.3285173657733,502.39116480463804,565.5898730183369,554.2792696563453,490.0651733189599,488.9391126629491,320.0,124.05513464623999,0.0,58.55145797067331,174.45702285300112,48.98553489899206,11.536299040409347,27.59150802549823,52.091015530624475,193.5824262961288,159.109321472157,161.21261530265204,185.61181492104595,328.82679667705344,300.18948972575157,272.06001623064867,285.55529261629385,460.2947039765089,415.61789831684456,374.8941352843151,375.9623845424754,320.0,361.58058693840616,470.69604747190823,557.7551084063217,582.0717652589856,594.5460544867209,640.0,567.5844432543327,541.1768443748338,602.7405477766832,631.2812760569352,528.5300879901229,523.7953230456991,589.5972007424715,597.6758403916072,505.6444074642658,501.660286828177,568.164075142724,556.1824568563765,490.91139653871085,489.2619672009837,320.0,128.61236990416825,8.49891132050351,71.47846992648297,186.15078074219912,47.48605328905245,0.0,10.866048947711192,36.20557041515747,188.9329360053458,140.61655558953774,148.69816307756105,181.45415476699338,321.795588491919,279.18711120218063,256.53211954132576,280.8258276973927,455.3384574132051,396.64619831660536,362.2460421742459,374.72755651192074,320.0,358.6802777208021,468.5352990071704,556.9868950903484,587.6887529486485,592.1280382756427,640.0,567.1127900782658,540.8564685941229,598.5079131094426,630.7835923034984,525.5353924222583,522.8669165582876,587.2842781405438,599.9497011092853,505.3784099950638,503.852994204007,571.0539951729694,565.0155637550461,497.8121585371748,495.874013350093,320.0,132.86271381843332,13.29245256785839,65.01941509218767,162.84546306329455,41.13576913817451,0.0,13.793704403753054,38.39453923859054,183.0002692967637,144.56357046764697,158.98376828998636,185.3333220320887,317.27880304354414,281.2865515337499,264.75799351159856,280.22680408385344,449.57750148217315,401.2800265519769,367.4600408064152,368.9131667381173,320.0,356.6852689246135,460.7443255952646,546.2384822767077,582.5335589950382,594.5041452295719,640.0,580.0151498179924,552.4611805094164,604.8277897377118,623.5188802432973,521.6501537742329,519.9051729825859,594.8628716423743,592.1228107055304,502.30298715334305,504.26851492400283,577.6667950462856,556.0753685543585,491.68792602469694,493.4416632270135,320.0,132.68710636872947,11.269800155828989,62.071898397953305,161.05322355337546,38.852872990425,0.0,11.194605731634056,34.66864247102541,182.72292852185362,149.64956394608896,160.42295669289047,186.13395589284497,318.63006651320643,291.7778701053943,272.4837165584637,283.9103548938555,450.0238192312188,408.80002878312615,371.3021363857381,367.13472190021184,320.0,358.0332866490419,462.5499647219701,548.6526014414518,583.0637451135859,600.1532443515753,640.0,582.6261580326563,555.2367451618978,612.6098017377303,624.2412433367668,525.5080230068043,522.0367578728394,600.7339793695219,584.744069583621,496.74012402468713,500.31506083813156,579.0228644520175,549.2689270957746,486.09203393408035,489.3379330407233
320.0,124.05513464623999,0.0,58.55145797067331,174.45702285300112,48.98553489899206,11.536299040409347,27.59150802549823,52.091015530624475,193.5824262961288,159.109321472157,161.21261530265204,185.61181492104595,328.82679667705344,300.18948972575157,272.06001623064867,285.55529261629385,460.2947039765089,415.61789831684456,374.8941352843151,375.9623845424754,320.0,361.58058693840616,470.69604747190823,557.7551084063217,582.0717652589856,594.5460544867209,640.0,567.5844432543327,541.1768443748338,602.7405477766832,631.2812760569352,528.5300879901229,523.7953230456991,589.5972007424715,597.6758403916072,505.6444074642658,501.660286828177,568.164075142724,556.1824568563765,490.91139653871085,489.2619672009837,320.0,128.61236990416825,8.49891132050351,71.47846992648297,186.15078074219912,47.48605328905245,0.0,10.866048947711192,36.20557041515747,188.9329360053458,140.61655558953774,148.69816307756105,181.45415476699338,321.795588491919,279.18711120218063,256.53211954132576,280.8258276973927,455.3384574132051,396.64619831660536,362.2460421742459,374.72755651192074,320.0,358.6802777208021,468.5352990071704,556.9868950903484,587.6887529486485,592.1280382756427,640.0,567.1127900782658,540.8564685941229,598.5079131094426,630.7835923034984,525.5353924222583,522.8669165582876,587.2842781405438,599.9497011092853,505.3784099950638,503.852994204007,571.0539951729694,565.0155637550461,497.8121585371748,495.874013350093,320.0,132.86271381843332,13.29245256785839,65.01941509218767,162.84546306329455,41.13576913817451,0.0,13.793704403753054,38.39453923859054,183.0002692967637,144.56357046764697,158.98376828998636,185.3333220320887,317.27880304354414,281.2865515337499,264.75799351159856,280.22680408385344,449.57750148217315,401.2800265519769,367.4600408064152,368.9131667381173,320.0,356.6852689246135,460.7443255952646,546.2384822767077,582.5335589950382,594.5041452295719,640.0,580.0151498179924,552.4611805094164,604.8277897377118,623.5188802432973,521.6501537742329,519.9051729825859,594.8628716423743,592.1228107055304,502.30298715334305,504.26851492400283,577.6667950462856,556.0753685543585,491.68792602469694,493.4416632270135,320.0,132.68710636872947,11.269800155828989,62.071898397953305,161.05322355337546,38.852872990425,0.0,11.194605731634056,34.66864247102541,182.72292852185362,149.64956394608896,160.42295669289047,186.13395589284497,318.63006651320643,291.7778701053943,272.4837165584637,283.9103548938555,450.0238192312188,408.80002878312615,371.3021363857381,367.13472190021184,320.0,358.0332866490419,462.5499647219701,548.6526014414518,583.0637451135859,600.1532443515753,640.0,582.6261580326563,555.2367451618978,612.6098017377303,624.2412433367668,525.5080230068043,522.0367578728394,600.7339793695219,584.744069583621,496.74012402468713,500.31506083813156,579.0228644520175,549.2689270957746,486.09203393408035,489.3379330407233,320.0,135.45371984678667,8.16330416638391,48.15391941323708,138.22749096968835,37.61905796770418,0.0,30.55415429817407,61.16555145108123,177.60679037450754,142.64597704106183,159.17795002870275,183.0807684557572,311.56968866658,284.7973474323431,267.4250398755914,276.66777397292174,441.832333135674,401.900474604175,364.9970469369233,360.0482838748859,320.0,352.1623327112017,456.40063565250654,546.2763548050041,591.4377093917915,599.0822985153561,640.0,560.5498034765776,534.4951568721583,609.5597823994085,628.0809917822146,518.8551888088191,518.6260663738284,598.5112586997877,594.4361818746614,497.91016145470974,500.909291155034,580.1892683578035,559.8568498232444,489.06023552003614,489.85711168332386
320.0,128.61236990416825,8.49891132050351,71.47846992648297,186.15078074219912,47.48605328905245,0.0,10.866048947711192,36.20557041515747,188.9329360053458,140.61655558953774,148.69816307756105,181.45415476699338,321.795588491919,279.18711120218063,256.53211954132576,280.8258276973927,455.3384574132051,396.64619831660536,362.2460421742459,374.72755651192074,320.0,358.6802777208021,468.5352990071704,556.9868950903484,587.6887529486485,592.1280382756427,640.0,567.1127900782658,540.8564685941229,598.5079131094426,630.7835923034984,525.5353924222583,522.8669165582876,587.2842781405438,599.9497011092853,505.3784099950638,503.852994204007,571.0539951729694,565.0155637550461,497.8121585371748,495.874013350093,320.0,132.86271381843332,13.29245256785839,65.01941509218767,162.84546306329455,41.13576913817451,0.0,13.793704403753054,38.39453923859054,183.0002692967637,144.56357046764697,158.98376828998636,185.3333220320887,317.27880304354414,281.2865515337499,264.75799351159856,280.22680408385344,449.57750148217315,401.2800265519769,367.4600408064152,368.9131667381173,320.0,356.6852689246135,460.7443255952646,546.2384822767077,582.5335589950382,594.5041452295719,640.0,580.0151498179924,552.4611805094164,604.8277897377118,623.5188802432973,521.6501537742329,519.9051729825859,594.8628716423743,592.1228107055304,502.30298715334305,504.26851492400283,577.6667950462856,556.0753685543585,491.68792602469694,493.4416632270135,320.0,132.68710636872947,11.269800155828989,62.071898397953305,161.05322355337546,38.852872990425,0.0,11.194605731634056,34.66864247102541,182.72292852185362,149.64956394608896,160.42295669289047,186.13395589284497,318.63006651320643,291.7778701053943,272.4837165584637,283.9103548938555,450.0238192312188,408.80002878312615,371.3021363857381,367.13472190021184,320.0,358.0332866490419,462.5499647219701,548.6526014414518,583.0637451135859,600.1532443515753,640.0,582.6261580326563,555.2367451618978,612.6098017377303,624.2412433367668,525.5080230068043,522.0367578728394,600.7339793695219,584.744069583621,496.74012402468713,500.31506083813156,579.0228644520175,549.2689270957746,486.09203393408035,489.3379330407233,320.0,135.45371984678667,8.16330416638391,48.15391941323708,138.22749096968835,37.61905796770418,0.0,30.55415429817407,61.16555145108123,177.60679037450754,142.64597704106183,159.17795002870275,183.0807684557572,311.56968866658,284.7973474323431,267.4250398755914,276.66777397292174,441.832333135674,401.900474604175,364.9970469369233,360.0482838748859,320.0,352.1623327112017,456.40063565250654,546.2763548050041,591.4377093917915,599.0822985153561,640.0,560.5498034765776,534.4951568721583,609.5597823994085,628.0809917822146,518.8551888088191,518.6260663738284,598.5112586997877,594.4361818746614,497.91016145470974,500.909291155034,580.1892683578035,559.8568498232444,489.06023552003614,489.85711168332386,320.0,134.22154676777268,13.783859355926438,60.6534314654196,154.93292876780862,42.22164930380097,0.0,16.01466618777232,45.49657933327421,183.1540023377036,146.06382160616795,156.51353932271417,183.517050592396,316.76438723379306,289.2183543026386,269.5206411212491,280.4539988903716,446.5997019973017,404.4830401578819,367.6245201358072,363.00205455093493,320.0,357.1702108970665,460.2803430024014,546.2339864673086,584.7489425052879,602.7797047952921,640.0,574.1724701180822,544.9988753408219,616.1318437504381,631.2766469955268,533.2205441858594,525.723454217369,603.9563773705456,589.9289027634721,500.7376812524266,500.62623646599036,580.7532271416719,553.6083554782091,489.4867785992984,489.52464019587205
320.0,132.86271381843332,13.29245256785839,65.01941509218767,162.84546306329455,41.13576913817451,0.0,13.793704403753054,38.39453923859054,183.0002692967637,144.56357046764697,158.98376828998636,185.3333220320887,317.27880304354414,281.2865515337499,264.75799351159856,280.22680408385344,449.57750148217315,401.2800265519769,367.4600408064152,368.9131667381173,320.0,356.6852689246135,460.7443255952646,546.2384822767077,582.5335589950382,594.5041452295719,640.0,580.0151498179924,552.4611805094164,604.8277897377118,623.5188802432973,521.6501537742329,519.9051729825859,594.8628716423743,592.1228107055304,502.30298715334305,504.26851492400283,577.6667950462856,556.0753685543585,491.68792602469694,493.4416632270135,320.0,132.68710636872947,11.269800155828989,62.071898397953305,161.05322355337546,38.852872990425,0.0,11.194605731634056,34.66864247102541,182.72292852185362,149.64956394608896,160.42295669289047,186.13395589284497,318.63006651320643,291.7778701053943,272.4837165584637,283.9103548938555,450.0238192312188,408.80002878312615,371.3021363857381,367.13472190021184,320.0,358.0332866490419,462.5499647219701,548.6526014414518,583.0637451135859,600.1532443515753,640.0,582.6261580326563,555.2367451618978,612.6098017377303,624.2412433367668,525.5080230068043,522.0367578728394,600.7339793695219,584.744069583621,496.74012402468713,500.31506083813156,579.0228644520175,549.2689270957746,486.09203393408035,489.3379330407233,320.0,135.45371984678667,8.16330416638391,48.15391941323708,138.22749096968835,37.61905796770418,0.0,30.55415429817407,61.16555145108123,177.60679037450754,142.64597704106183,159.17795002870275,183.0807684557572,311.56968866658,284.7973474323431,267.4250398755914,276.66777397292174,441.832333135674,401.900474604175,364.9970469369233,360.0482838748859,320.0,352.1623327112017,456.40063565250654,546.2763548050041,591.4377093917915,599.0822985153561,640.0,560.5498034765776,534.4951568721583,609.5597823994085,628.0809917822146,518.8551888088191,518.6260663738284,598.5112586997877,594.4361818746614,497.91016145470974,500.909291155034,580.1892683578035,559.8568498232444,489.06023552003614,489.85711168332386,320.0,134.22154676777268,13.783859355926438,60.6534314654196,154.93292876780862,42.22164930380097,0.0,16.01466618777232,45.49657933327421,183.1540023377036,146.06382160616795,156.51353932271417,183.517050592396,316.76438723379306,289.2183543026386,269.5206411212491,280.4539988903716,446.5997019973017,404.4830401578819,367.6245201358072,363.00205455093493,320.0,357.1702108970665,460.2803430024014,546.2339864673086,584.7489425052879,602.7797047952921,640.0,574.1724701180822,544.9988753408219,616.1318437504381,631.2766469955268,533.2205441858594,525.723454217369,603.9563773705456,589.9289027634721,500.7376812524266,500.62623646599036,580.7532271416719,553.6083554782091,489.4867785992984,489.52464019587205,320.0,131.19591214635366,10.262649027598968,51.64423961533271,141.92319886283516,40.41830564717418,0.0,18.085040073503762,44.779864422793935,182.79488551261483,143.85896569614673,156.16693066988958,183.65705187985162,318.42214788950605,288.29068117022837,266.7529040604005,279.97586997569334,449.73536907710445,410.7199818455996,369.61784448229275,366.44048910301876,320.0,357.66971050369267,461.31599711221685,549.0730182932467,590.490184738288,604.4463851634976,640.0,566.9790898432902,541.9498810721526,614.006707298488,629.7131461086408,524.6320378396006,524.8801596774213,600.8469861345854,595.4842896766343,503.0147491955744,506.35982334072025,578.6178812746698,558.8311441367762,492.73246596964873,494.8608453001916
320.0,132.68710636872947,11.269800155828989,62.071898397953305,161.05322355337546,38.852872990425,0.0,11.194605731634056,34.66864247102541,182.72292852185362,149.64956394608896,160.42295669289047,186.13395589284497,318.63006651320643,291.7778701053943,272.4837165584637,283.9103548938555,450.0238192312188,408.80002878312615,371.3021363857381,367.13472190021184,320.0,358.0332866490419,462.5499647219701,548.6526014414518,583.0637451135859,600.1532443515753,640.0,582.6261580326563,555.2367451618978,612.6098017377303,624.2412433367668,525.5080230068043,522.0367578728394,600.7339793695219,584.744069583621,496.74012402468713,500.31506083813156,579.0228644520175,549.2689270957746,486.09203393408035,489.3379330407233,320.0,135.45371984678667,8.16330416638391,48.15391941323708,138.22749096968835,37.61905796770418,0.0,30.55415429817407,61.16555145108123,177.60679037450754,142.64597704106183,159.17795002870275,183.0807684557572,311.56968866658,284.7973474323431,267.4250398755914,276.66777397292174,441.832333135674,401.900474604175,364.9970469369233,360.0482838748859,320.0,352.1623327112017,456.40063565250654,546.2763548050041,591.4377093917915,599.0822985153561,640.0,560.5498034765776,534.4951568721583,609.5597823994085,628.0809917822146,518.8551888088191,518.6260663738284,598.5112586997877,594.4361818746614,497.91016145470974,500.909291155034,580.1892683578035,559.8568498232444,489.06023552003614,489.85711168332386,320.0,134.22154676777268,13.783859355926438,60.6534314654196,154.93292876780862,42.22164930380097,0.0,16.01466618777232,45.49657933327421,183.1540023377036,146.06382160616795,156.51353932271417,183.517050592396,316.76438723379306,289.2183543026386,269.5206411212491,280.4539988903716,446.5997019973017,404.4830401578819,367.6245201358072,363.00205455093493,320.0,357.1702108970665,460.2803430024014,546.2339864673086,584.7489425052879,602.7797047952921,640.0,574.1724701180822,544.9988753408219,616.1318437504381,631.2766469955268,533.2205441858594,525.723454217369,603.9563773705456,589.9289027634721,500.7376812524266,500.62623646599036,580.7532271416719,553.6083554782091,489.4867785992984,489.52464019587205,320.0,131.19591214635366,10.262649027598968,51.64423961533271,141.92319886283516,40.41830564717418,0.0,18.085040073503762,44.779864422793935,182.79488551261483,143.85896569614673,156.16693066988958,183.65705187985162,318.42214788950605,288.29068117022837,266.7529040604005,279.97586997569334,449.73536907710445,410.7199818455996,369.61784448229275,366.44048910301876,320.0,357.66971050369267,461.31599711221685,549.0730182932467,590.490184738288,604.4463851634976,640.0,566.9790898432902,541.9498810721526,614.006707298488,629.7131461086408,524.6320378396006,524.8801596774213,600.8469861345854,595.4842896766343,503.0147491955744,506.35982334072025,578.6178812746698,558.8311441367762,492.73246596964873,494.8608453001916,320.0,127.36912763891013,3.336807511268546,54.20182498537588,156.53320285843347,39.553008020742936,0.0,20.853473732778696,45.16078321335141,180.44880586996163,142.8859822937264,153.3829267097167,178.84854335477618,314.1762015778501,283.8999824187616,262.7666646805835,275.29798437999426,443.48160177702584,400.9084481225791,362.1748725653727,360.37662006415536,320.0,359.48450857846586,467.0181452283964,554.9911693392494,589.2559969890237,609.9264512726239,640.0,562.8605912881396,541.0995491216706,621.6046557476105,629.7638278315594,525.004877474262,528.0097907934793,608.2576330551935,594.2836308891341,502.63983757114585,508.5152149033082,585.2267782298225,557.6121524639566,492.475601107097,496.81370096602154
320.0,135.45371984678667,8.16330416638391,48.15391941323708,138.22749096968835,37.61905796770418,0.0,30.55415429817407,61.16555145108123,177.60679037450754,142.64597704106183,159.17795002870275,183.0807684557572,311.56968866658,284.7973474323431,267.4250398755914,276.66777397292174,441.832333135674,401.900474604175,364.9970469369233,360.0482838748859,320.0,352.1623327112017,456.40063565250654,546.2763548050041,591.4377093917915,599.0822985153561,640.0,560.5498034765776,534.4951568721583,609.5597823994085,628.0809917822146,518.8551888088191,518.6260663738284,598.5112586997877,594.4361818746614,497.91016145470974,500.909291155034,580.1892683578035,559.8568498232444,489.06023552003614,489.85711168332386,320.0,134.22154676777268,13.783859355926438,60.6534314654196,154.93292876780862,42.22164930380097,0.0,16.01466618777232,45.49657933327421,183.1540023377036,146.06382160616795,156.51353932271417,183.517050592396,316.76438723379306,289.2183543026386,269.5206411212491,280.4539988903716,446.5997019973017,404.4830401578819,367.6245201358072,363.00205455093493,320.0,357.1702108970665,460.2803430024014,546.2339864673086,584.7489425052879,602.7797047952921,640.0,574.1724701180822,544.9988753408219,616.1318437504381,631.2766469955268,533.2205441858594,525.723454217369,603.9563773705456,589.9289027634721,500.7376812524266,500.62623646599036,580.7532271416719,553.6083554782091,489.4867785992984,489.52464019587205,320.0,131.19591214635366,10.262649027598968,51.64423961533271,141.92319886283516,40.41830564717418,0.0,18.085040073503762,44.779864422793935,182.79488551261483,143.85896569614673,156.16693066988958,183.65705187985162,318.42214788950605,288.29068117022837,266.7529040604005,279.97586997569334,449.73536907710445,410.7199818455996,369.61784448229275,366.44048910301876,320.0,357.66971050369267,461.31599711221685,549.0730182932467,590.490184738288,604.4463851634976,640.0,566.9790898432902,541.9498810721526,614.006707298488,629.7131461086408,524.6320378396006,524.8801596774213,600.8469861345854,595.4842896766343,503.0147491955744,506.35982334072025,578.6178812746698,558.8311441367762,492.73246596964873,494.8608453001916,320.0,127.36912763891013,3.336807511268546,54.20182498537588,156.53320285843347,39.553008020742936,0.0,20.853473732778696,45.16078321335141,180.44880586996163,142.8859822937264,153.3829267097167,178.84854335477618,314.1762015778501,283.8999824187616,262.7666646805835,275.29798437999426,443.48160177702584,400.9084481225791,362.1748725653727,360.37662006415536,320.0,359.48450857846586,467.0181452283964,554.9911693392494,589.2559969890237,609.9264512726239,640.0,562.8605912881396,541.0995491216706,621.6046557476105,629.7638278315594,525.004877474262,528.0097907934793,608.2576330551935,594.2836308891341,502.63983757114585,508.5152149033082,585.2267782298225,557.6121524639566,492.475601107097,496.81370096602154,320.0,131.59002801058801,4.669603091885961,55.082796811935,165.53308519296107,42.737046497100266,0.0,17.84083972581533,43.9810812173223,183.1289151737327,149.19718297083534,158.00264001688043,181.0476884833613,315.9493213116456,288.90893428760955,267.3943759045597,275.32290838439565,446.74636283919733,404.95538038384484,367.6464250998185,361.06271014074883,320.0,359.99374448150616,460.6007318138254,545.4964755165886,578.0618352632478,601.0614382194022,640.0,574.3917128445921,544.1238827947027,616.199404242423,634.7399631343831,539.8334257211525,529.1115386312154,605.7465197924118,594.1858715048473,508.1617407015976,503.05028135127895,583.1313115425953,558.967721805891,497.3840398603889,494.0537920884059
320.0,134.22154676777268,13.783859355926438,60.6534314654196,154.93292876780862,42.22164930380097,0.0,16.01466618777232,45.49657933327421,183.1540023377036,146.06382160616795,156.51353932271417,183.517050592396,316.76438723379306,289.2183543026386,269.5206411212491,280.4539988903716,446.5997019973017,404.4830401578819,367.6245201358072,363.00205455093493,320.0,357.1702108970665,460.2803430024014,546.2339864673086,584.7489425052879,602.7797047952921,640.0,574.1724701180822,544.9988753408219,616.1318437504381,631.2766469955268,533.2205441858594,525.723454217369,603.9563773705456,589.9289027634721,500.7376812524266,500.62623646599036,580.7532271416719,553.6083554782091,489.4867785992984,489.52464019587205,320.0,131.19591214635366,10.262649027598968,51.64423961533271,141.92319886283516,40.41830564717418,0.0,18.085040073503762,44.779864422793935,182.79488551261483,143.85896569614673,156.16693066988958,183.65705187985162,318.42214788950605,288.29068117022837,266.7529040604005,279.97586997569334,449.73536907710445,410.7199818455996,369.61784448229275,366.44048910301876,320.0,357.66971050369267,461.31599711221685,549.0730182932467,590.490184738288,604.4463851634976,640.0,566.9790898432902,541.9498810721526,614.006707298488,629.7131461086408,524.6320378396006,524.8801596774213,600.8469861345854,595.4842896766343,503.0147491955744,506.35982334072025,578.6178812746698,558.8311441367762,492.73246596964873,494.8608453001916,320.0,127.36912763891013,3.336807511268546,54.20182498537588,156.53320285843347,39.553008020742936,0.0,20.853473732778696,45.16078321335141,180.44880586996163,142.8859822937264,153.3829267097167,178.84854335477618,314.1762015778501,283.8999824187616,262.7666646805835,275.29798437999426,443.48160177702584,400.9084481225791,362.1748725653727,360.37662006415536,320.0,359.48450857846586,467.0181452283964,554.9911693392494,589.2559969890237,609.9264512726239,640.0,562.8605912881396,541.0995491216706,621.6046557476105,629.7638278315594,525.004877474262,528.0097907934793,608.2576330551935,594.2836308891341,502.63983757114585,508.5152149033082,585.2267782298225,557.6121524639566,492.475601107097,496.81370096602154,320.0,131.59002801058801,4.669603091885961,55.082796811935,165.53308519296107,42.737046497100266,0.0,17.84083972581533,43.9810812173223,183.1289151737327,149.19718297083534,158.00264001688043,181.0476884833613,315.9493213116456,288.90893428760955,267.3943759045597,275.32290838439565,446.74636283919733,404.95538038384484,367.6464250998185,361.06271014074883,320.0,359.99374448150616,460.6007318138254,545.4964755165886,578.0618352632478,601.0614382194022,640.0,574.3917128445921,544.1238827947027,616.199404242423,634.7399631343831,539.8334257211525,529.1115386312154,605.7465197924118,594.1858715048473,508.1617407015976,503.05028135127895,583.1313115425953,558.967721805891,497.3840398603889,494.0537920884059,320.0,152.6380278890791,37.96832499281459,16.187056174927022,14.260624648578812,60.95451788156487,0.0,22.271873081268154,55.7772361099515,166.8629034462733,108.02964018167134,123.36581123705423,147.0841039046632,275.10268775772425,220.75669205642242,221.53267431782734,238.02955595142132,385.64965979106466,334.37534329368356,313.49541499283674,312.9304280300539,320.0,355.41607396959915,454.31079664767776,546.5641159397129,615.7561759222895,554.8937718500114,640.0,579.429317215491,526.3084627969673,563.3159777057956,633.4723743488498,563.7735813024585,516.1272451189025,559.6773416214182,614.9945485689962,551.7514961596246,508.6092305202743,547.9535712463965,594.5751841412733,556.3589717688996,525.9274078954411
320.0,131.19591214635366,10.262649027598968,51.64423961533271,141.92319886283516,40.41830564717418,0.0,18.085040073503762,44.779864422793935,182.79488551261483,143.85896569614673,156.16693066988958,183.65705187985162,318.42214788950605,288.29068117022837,266.7529040604005,279.97586997569334,449.73536907710445,410.7199818455996,369.61784448229275,366.44048910301876,320.0,357.66971050369267,461.31599711221685,549.0730182932467,590.490184738288,604.4463851634976,640.0,566.9790898432902,541.9498810721526,614.006707298488,629.7131461086408,524.6320378396006,524.8801596774213,600.8469861345854,595.4842896766343,503.0147491955744,506.35982334072025,578.6178812746698,558.8311441367762,492.73246596964873,494.8608453001916,320.0,127.36912763891013,3.336807511268546,54.20182498537588,156.53320285843347,39.553008020742936,0.0,20.853473732778696,45.16078321335141,180.44880586996163,142.8859822937264,153.3829267097167,178.84854335477618,314.1762015778501,283.8999824187616,262.7666646805835,275.29798437999426,443.48160177702584,400.9084481225791,362.1748725653727,360.37662006415536,320.0,359.48450857846586,467.0181452283964,554.9911693392494,589.2559969890237,609.9264512726239,640.0,562.8605912881396,541.0995491216706,621.6046557476105,629.7638278315594,525.004877474262,528.0097907934793,608.2576330551935,594.2836308891341,502.63983757114585,508.5152149033082,585.2267782298225,557.6121524639566,492.475601107097,496.81370096602154,320.0,131.59002801058801,4.669603091885961,55.082796811935,165.53308519296107,42.737046497100266,0.0,17.84083972581533,43.9810812173223,183.1289151737327,149.19718297083534,158.00264001688043,181.0476884833613,315.9493213116456,288.90893428760955,267.3943759045597,275.32290838439565,446.74636283919733,404.95538038384484,367.6464250998185,361.06271014074883,320.0,359.99374448150616,460.6007318138254,545.4964755165886,578.0618352632478,601.0614382194022,640.0,574.3917128445921,544.1238827947027,616.199404242423,634.7399631343831,539.8334257211525,529.1115386312154,605.7465197924118,594.1858715048473,508.1617407015976,503.05028135127895,583.1313115425953,558.967721805891,497.3840398603889,494.0537920884059,320.0,152.6380278890791,37.96832499281459,16.187056174927022,14.260624648578812,60.95451788156487,0.0,22.271873081268154,55.7772361099515,166.8629034462733,108.02964018167134,123.36581123705423,147.0841039046632,275.10268775772425,220.75669205642242,221.53267431782734,238.02955595142132,385.64965979106466,334.37534329368356,313.49541499283674,312.9304280300539,320.0,355.41607396959915,454.31079664767776,546.5641159397129,615.7561759222895,554.8937718500114,640.0,579.429317215491,526.3084627969673,563.3159777057956,633.4723743488498,563.7735813024585,516.1272451189025,559.6773416214182,614.9945485689962,551.7514961596246,508.6092305202743,547.9535712463965,594.5751841412733,556.3589717688996,525.9274078954411,320.0,116.3324766200843,10.315115036328336,5.131869598090532,3.886558047825929,48.84661777965266,0.0,6.93773307474703,33.80163696472829,181.33267204235136,133.1626196287516,131.80523003896315,146.00846650125408,313.18577379805197,261.51122060748025,238.5256805075049,236.96979580394697,443.5468198058446,388.4074432972184,346.4623852568051,329.0032251412768,320.0,373.7536115986041,472.6181091314332,559.7184273286331,627.0151104004804,564.8283755082168,640.0,588.9732652308759,543.0309414038329,567.5495689762348,627.9212655519858,566.5276248072098,522.446033522834,556.8808386178728,609.6459999910014,556.8948575761458,517.7809788784975,537.36910093721,582.6881494572508,555.8172164647929,532.982000557443
320.0,127.36912763891013,3.336807511268546,54.20182498537588,156.53320285843347,39.553008020742936,0.0,20.853473732778696,45.16078321335141,180.44880586996163,142.8859822937264,153.3829267097167,178.84854335477618,314.1762015778501,283.8999824187616,262.7666646805835,275.29798437999426,443.48160177702584,400.9084481225791,362.1748725653727,360.37662006415536,320.0,359.48450857846586,467.0181452283964,554.9911693392494,589.2559969890237,609.9264512726239,640.0,562.8605912881396,541.0995491216706,621.6046557476105,629.7638278315594,525.004877474262,528.0097907934793,608.2576330551935,594.2836308891341,502.63983757114585,508.5152149033082,585.2267782298225,557.6121524639566,492.475601107097,496.81370096602154,320.0,131.59002801058801,4.669603091885961,55.082796811935,165.53308519296107,42.737046497100266,0.0,17.84083972581533,43.9810812173223,183.1289151737327,149.19718297083534,158.00264001688043,181.0476884833613,315.9493213116456,288.90893428760955,267.3943759045597,275.32290838439565,446.74636283919733,404.95538038384484,367.6464250998185,361.06271014074883,320.0,359.99374448150616,460.6007318138254,545.4964755165886,578.0618352632478,601.0614382194022,640.0,574.3917128445921,544.1238827947027,616.199404242423,634.7399631343831,539.8334257211525,529.1115386312154,605.7465197924118,594.1858715048473,508.1617407015976,503.05028135127895,583.1313115425953,558.967721805891,497.3840398603889,494.0537920884059,320.0,152.6380278890791,37.96832499281459,16.187056174927022,14.260624648578812,60.95451788156487,0.0,22.271873081268154,55.7772361099515,166.8629034462733,108.02964018167134,123.36581123705423,147.0841039046632,275.10268775772425,220.75669205642242,221.53267431782734,238.02955595142132,385.64965979106466,334.37534329368356,313.49541499283674,312.9304280300539,320.0,355.41607396959915,454.31079664767776,546.5641159397129,615.7561759222895,554.8937718500114,640.0,579.429317215491,526.3084627969673,563.3159777057956,633.4723743488498,563.7735813024585,516.1272451189025,559.6773416214182,614.9945485689962,551.7514961596246,508.6092305202743,547.9535712463965,594.5751841412733,556.3589717688996,525.9274078954411,320.0,116.3324766200843,10.315115036328336,5.131869598090532,3.886558047825929,48.84661777965266,0.0,6.93773307474703,33.80163696472829,181.33267204235136,133.1626196287516,131.80523003896315,146.00846650125408,313.18577379805197,261.51122060748025,238.5256805075049,236.96979580394697,443.5468198058446,388.4074432972184,346.4623852568051,329.0032251412768,320.0,373.7536115986041,472.6181091314332,559.7184273286331,627.0151104004804,564.8283755082168,640.0,588.9732652308759,543.0309414038329,567.5495689762348,627.9212655519858,566.5276248072098,522.446033522834,556.8808386178728,609.6459999910014,556.8948575761458,517.7809788784975,537.36910093721,582.6881494572508,555.8172164647929,532.982000557443,320.0,221.45344541618243,130.59061002961704,55.386731184043754,0.0,147.7815974293187,29.33861722978753,23.394955491495523,48.84052578216023,163.58537668976504,42.202557708898325,38.413914217313106,70.74683480719645,172.9815309091849,66.14886952348857,63.1207013680031,89.1944089925077,178.58373563221195,96.78215192632848,90.90965307604415,108.82288136543792,320.0,256.29253153471507,278.1736445065835,316.7251217601057,368.392582236084,583.4622582082443,629.3130118149554,510.9540153947793,451.04994853042854,616.1412263585662,640.0,519.6552306912287,449.66472567486596,606.9454115261112,602.9419085224392,496.0700600734401,437.58784396269607,572.1356338439319,566.3705501866732,489.2186765406302,433.9228417349087
320.0,131.59002801058801,4.669603091885961,55.082796811935,165.53308519296107,42.737046497100266,0.0,17.84083972581533,43.9810812173223,183.1289151737327,149.19718297083534,158.00264001688043,181.0476884833613,315.9493213116456,288.90893428760955,267.3943759045597,275.32290838439565,446.74636283919733,404.95538038384484,367.6464250998185,361.06271014074883,320.0,359.99374448150616,460.6007318138254,545.4964755165886,578.0618352632478,601.0614382194022,640.0,574.3917128445921,544.1238827947027,616.199404242423,634.7399631343831,539.8334257211525,529.1115386312154,605.7465197924118,594.1858715048473,508.1617407015976,503.05028135127895,583.1313115425953,558.967721805891,497.3840398603889,494.0537920884059,320.0,152.6380278890791,37.96832499281459,16.187056174927022,14.260624648578812,60.95451788156487,0.0,22.271873081268154,55.7772361099515,166.8629034462733,108.02964018167134,123.36581123705423,147.0841039046632,275.10268775772425,220.75669205642242,221.53267431782734,238.02955595142132,385.64965979106466,334.37534329368356,313.49541499283674,312.9304280300539,320.0,355.41607396959915,454.31079664767776,546.5641159397129,615.7561759222895,554.8937718500114,640.0,579.429317215491,526.3084627969673,563.3159777057956,633.4723743488498,563.7735813024585,516.1272451189025,559.6773416214182,614.9945485689962,551.7514961596246,508.6092305202743,547.9535712463965,594.5751841412733,556.3589717688996,525.9274078954411,320.0,116.3324766200843,10.315115036328336,5.131869598090532,3.886558047825929,48.84661777965266,0.0,6.93773307474703,33.80163696472829,181.33267204235136,133.1626196287516,131.80523003896315,146.00846650125408,313.18577379805197,261.51122060748025,238.5256805075049,236.96979580394697,443.5468198058446,388.4074432972184,346.4623852568051,329.0032251412768,320.0,373.7536115986041,472.6181091314332,559.7184273286331,627.0151104004804,564.8283755082168,640.0,588.9732652308759,543.0309414038329,567.5495689762348,627.9212655519858,566.5276248072098,522.446033522834,556.8808386178728,609.6459999910014,556.8948575761458,517.7809788784975,537.36910093721,582.6881494572508,555.8172164647929,532.982000557443,320.0,221.45344541618243,130.59061002961704,55.386731184043754,0.0,147.7815974293187,29.33861722978753,23.394955491495523,48.84052578216023,163.58537668976504,42.202557708898325,38.413914217313106,70.74683480719645,172.9815309091849,66.14886952348857,63.1207013680031,89.1944089925077,178.58373563221195,96.78215192632848,90.90965307604415,108.82288136543792,320.0,256.29253153471507,278.1736445065835,316.7251217601057,368.392582236084,583.4622582082443,629.3130118149554,510.9540153947793,451.04994853042854,616.1412263585662,640.0,519.6552306912287,449.66472567486596,606.9454115261112,602.9419085224392,496.0700600734401,437.58784396269607,572.1356338439319,566.3705501866732,489.2186765406302,433.9228417349087,320.0,220.1444655021278,121.46600653277898,43.07559708326602,0.0,149.68624051792108,24.411241864633382,29.74872796901093,63.411050876342415,173.3580148970867,43.69949216703151,56.00677763576084,99.96738507646879,189.9307055303353,74.88092614629704,85.73278289528457,125.21114000421153,203.4458205395664,118.34202574913934,121.43721137506674,150.0748772043232,320.0,251.9179572527083,261.3851108748247,292.013499144746,327.82481931795417,529.1933490515156,607.9425515849167,505.2669471283497,455.01191191653953,590.3401599556192,637.2286687316043,523.193071671829,476.38691384278735,621.4947066709815,640.0,537.9153991955989,499.8877536868383,630.508930084909,637.069391151588,559.2277749526143,520.394125714638
320.0,152.6380278890791,37.96832499281459,16.187056174927022,14.260624648578812,60.95451788156487,0.0,22.271873081268154,55.7772361099515,166.8629034462733,108.02964018167134,123.36581123705423,147.0841039046632,275.10268775772425,220.75669205642242,221.53267431782734,238.02955595142132,385.64965979106466,334.37534329368356,313.49541499283674,312.9304280300539,320.0,355.41607396959915,454.31079664767776,546.5641159397129,615.7561759222895,554.8937718500114,640.0,579.429317215491,526.3084627969673,563.3159777057956,633.4723743488498,563.7735813024585,516.1272451189025,559.6773416214182,614.9945485689962,551.7514961596246,508.6092305202743,547.9535712463965,594.5751841412733,556.3589717688996,525.9274078954411,320.0,116.3324766200843,10.315115036328336,5.131869598090532,3.886558047825929,48.84661777965266,0.0,6.93773307474703,33.80163696472829,181.33267204235136,133.1626196287516,131.80523003896315,146.00846650125408,313.18577379805197,261.51122060748025,238.5256805075049,236.96979580394697,443.5468198058446,388.4074432972184,346.4623852568051,329.0032251412768,320.0,373.7536115986041,472.6181091314332,559.7184273286331,627.0151104004804,564.8283755082168,640.0,588.9732652308759,543.0309414038329,567.5495689762348,627.9212655519858,566.5276248072098,522.446033522834,556.8808386178728,609.6459999910014,556.8948575761458,517.7809788784975,537.36910093721,582.6881494572508,555.8172164647929,532.982000557443,320.0,221.45344541618243,130.59061002961704,55.386731184043754,0.0,147.7815974293187,29.33861722978753,23.394955491495523,48.84052578216023,163.58537668976504,42.202557708898325,38.413914217313106,70.74683480719645,172.9815309091849,66.14886952348857,63.1207013680031,89.1944089925077,178.58373563221195,96.78215192632848,90.90965307604415,108.82288136543792,320.0,256.29253153471507,278.1736445065835,316.7251217601057,368.392582236084,583.4622582082443,629.3130118149554,510.9540153947793,451.04994853042854,616.1412263585662,640.0,519.6552306912287,449.66472567486596,606.9454115261112,602.9419085224392,496.0700600734401,437.58784396269607,572.1356338439319,566.3705501866732,489.2186765406302,433.9228417349087,320.0,220.1444655021278,121.46600653277898,43.07559708326602,0.0,149.68624051792108,24.411241864633382,29.74872796901093,63.411050876342415,173.3580148970867,43.69949216703151,56.00677763576084,99.96738507646879,189.9307055303353,74.88092614629704,85.73278289528457,125.21114000421153,203.4458205395664,118.34202574913934,121.43721137506674,150.0748772043232,320.0,251.9179572527083,261.3851108748247,292.013499144746,327.82481931795417,529.1933490515156,607.9425515849167,505.2669471283497,455.01191191653953,590.3401599556192,637.2286687316043,523.193071671829,476.38691384278735,621.4947066709815,640.0,537.9153991955989,499.8877536868383,630.508930084909,637.069391151588,559.2277749526143,520.394125714638,320.0,243.84328587732307,153.77558058912024,65.72729286941546,0.0,146.24753129809378,25.772752219666813,9.774691946014912,21.09275630455852,153.68442300606222,28.067553597780318,23.29257797873106,54.38897127019226,158.35524583105152,46.191095294431705,51.75724993624823,88.89068316230336,161.11577263875046,66.68664521103184,61.08054940598868,85.16354198331047,320.0,148.75881237690282,99.01816776188636,122.9786294107902,178.82747068676716,469.70162166142063,549.0525889520865,424.5229812063983,347.47620888324406,572.4317558488412,565.9344340751376,403.2576803431075,324.0473429418153,623.6666850737203,568.2227989765678,426.35153790932685,366.3228229057375,640.0,588.5265153606862,481.516373074162,424.27117271338375
320.0,116.3324766200843,10.315115036328336,5.131869598090532,3.886558047825929,48.84661777965266,0.0,6.93773307474703,33.80163696472829,181.33267204235136,133.1626196287516,131.80523003896315,146.00846650125408,313.18577379805197,261.51122060748025,238.5256805075049,236.96979580394697,443.5468198058446,388.4074432972184,346.4623852568051,329.0032251412768,320.0,373.7536115986041,472.6181091314332,559.7184273286331,627.0151104004804,564.8283755082168,640.0,588.9732652308759,543.0309414038329,567.5495689762348,627.9212655519858,566.5276248072098,522.446033522834,556.8808386178728,609.6459999910014,556.8948575761458,517.7809788784975,537.36910093721,582.6881494572508,555.8172164647929,532.982000557443,320.0,221.45344541618243,130.59061002961704,55.386731184043754,0.0,147.7815974293187,29.33861722978753,23.394955491495523,48.84052578216023,163.58537668976504,42.202557708898325,38.413914217313106,70.74683480719645,172.9815309091849,66.14886952348857,63.1207013680031,89.1944089925077,178.58373563221195,96.78215192632848,90.90965307604415,108.82288136543792,320.0,256.29253153471507,278.1736445065835,316.7251217601057,368.392582236084,583.4622582082443,629.3130118149554,510.9540153947793,451.04994853042854,616.1412263585662,640.0,519.6552306912287,449.66472567486596,606.9454115261112,602.9419085224392,496.0700600734401,437.58784396269607,572.1356338439319,566.3705501866732,489.2186765406302,433.9228417349087,320.0,220.1444655021278,121.46600653277898,43.07559708326602,0.0,149.68624051792108,24.411241864633382,29.74872796901093,63.411050876342415,173.3580148970867,43.69949216703151,56.00677763576084,99.96738507646879,189.9307055303353,74.88092614629704,85.73278289528457,125.21114000421153,203.4458205395664,118.34202574913934,121.43721137506674,150.0748772043232,320.0,251.9179572527083,261.3851108748247,292.013499144746,327.82481931795417,529.1933490515156,607.9425515849167,505.2669471283497,455.01191191653953,590.3401599556192,637.2286687316043,523.193071671829,476.38691384278735,621.4947066709815,640.0,537.9153991955989,499.8877536868383,630.508930084909,637.069391151588,559.2277749526143,520.394125714638,320.0,243.84328587732307,153.77558058912024,65.72729286941546,0.0,146.24753129809378,25.772752219666813,9.774691946014912,21.09275630455852,153.68442300606222,28.067553597780318,23.29257797873106,54.38897127019226,158.35524583105152,46.191095294431705,51.75724993624823,88.89068316230336,161.11577263875046,66.68664521103184,61.08054940598868,85.16354198331047,320.0,148.75881237690282,99.01816776188636,122.9786294107902,178.82747068676716,469.70162166142063,549.0525889520865,424.5229812063983,347.47620888324406,572.4317558488412,565.9344340751376,403.2576803431075,324.0473429418153,623.6666850737203,568.2227989765678,426.35153790932685,366.3228229057375,640.0,588.5265153606862,481.516373074162,424.27117271338375,320.0,256.6404467172832,168.97400321932736,83.5140240167519,13.188644036409755,109.75570148573382,11.893391832025202,14.993290693864765,39.639093460207164,100.8124670588738,0.0,34.65933533710347,84.61303970028919,98.94651073346535,3.4376718280366276,45.0883605646643,99.610204982835,106.44566316719136,21.828065127277398,37.05177988917535,76.83514479850714,320.0,140.64100137274394,75.37029060139898,46.31545685842855,41.743340105139396,495.3377680465153,495.2776713731464,375.73346409924295,315.65157641980625,561.691172853951,493.9431436581763,343.3351567029701,286.02916298390716,606.1245545289371,502.60755769325357,370.93431546878236,341.4454501959253,640.0,571.0366825205427,463.1407368102558,419.5668329559902
