320.0,433.52762163650226,518.1617821591113,588.237778207075,640.0,351.6388300689022,503.7847394800792,588.2176387437926,625.6683044568357,340.01649251991074,506.0514294038248,591.6638210088529,623.4813721426459,351.6740407861643,513.0711660361623,591.4598255844123,618.0353144988505,379.81487281858085,504.54363713622,569.7550191839641,598.7774528872226,320.0,322.2998341513663,380.6106941540692,423.21193312993057,451.8468612383157,565.9848002187234,620.7250381613783,592.7449848382089,540.2208782441842,580.5216851915169,640.0,588.6132550612481,528.8313183004594,574.796812069147,633.6051058709669,574.9678049375934,519.5706992858481,550.8475469286864,597.0142263625216,563.6716134773968,526.6482694881486,320.0,448.594070521516,528.5718668890673,592.9836365318457,640.0,377.32709331107765,518.2701309225789,600.7374197958187,635.5971227402592,364.19653337590853,527.7087045812168,609.0764920602886,633.3815687209842,371.7651302257877,526.3626210747916,606.865934639033,631.580794794794,399.64951987767705,520.2687701303371,583.0121132369641,608.1606781008087,320.0,347.64274580373984,407.776328174218,445.06660948392107,471.02893711386736,582.5403508694062,629.7077271883704,587.5625198172335,530.7973192536542,581.7693824679588,640.0,578.8895025739171,517.6058146641009,563.3515376786117,629.7197111531598,568.7657154302146,510.88218902651647,528.101459796711,586.9605697043705,554.8604991598742,515.0723157375256,320.0,457.7693082507882,538.1412111833454,600.4926472381852,640.0,379.25404832747006,512.8278866117284,595.5877995181254,630.7151984048837,366.938240211836,531.385812801903,615.874239026684,637.6289343686358,375.79575245156514,525.7643526652337,607.827199437727,631.4235607671044,408.06729981867727,529.1143824427736,593.096536940511,616.160579375935,320.0,363.3046483479425,423.4511597995415,461.7255433006643,486.25464089741007,582.0077746959007,630.9312851776233,589.7994944094864,533.9665745589155,580.5736753084128,640.0,581.9010307876912,525.0257683851689,565.1131252238428,631.0351848124164,575.5644078918131,522.130883633141,533.3914457431317,592.5661358924823,560.5875515982045,519.9796927243591,320.0,460.6722879685211,538.310794234774,599.9732635590515,640.0,379.66492579511555,522.646264177593,600.1150857391974,631.5749002410623,366.7997751050274,540.6437819677024,619.7331986322911,638.0871379540831,376.1638998525635,534.347623601746,610.3591643494816,629.7082397946667,410.13468763648734,533.0413666793486,593.4572293357635,613.2544216877258,320.0,372.4211700562576,428.3888447583896,462.9877139489894,485.05918787137875,586.4726970501083,633.6036519995403,585.1096569332985,525.8909784944606,581.9975575504427,640.0,578.8093405566203,523.28742704217,564.6249677593058,630.093848385548,572.5469595514616,520.5278550597253,531.5868798954102,593.6391084056215,558.1694537455651,515.3445337654894,320.0,459.16531899478787,535.7555641079491,596.834520229146,635.0895773900618,381.74366868876064,517.6921801536014,599.1360617701646,636.8118106098136,365.26875226719375,535.5815400940339,617.4589382951507,640.0,371.5213977871184,530.6630786807922,610.489424451829,634.1044059676055,401.8966270186189,525.7264817272977,591.7943191786754,618.0716237277338,320.0,372.02227005472076,429.00191516280177,463.9074118734935,488.9760752962054,586.4942564461027,632.9637150805206,588.5650774899374,532.4156922120582,584.1839072158434,640.0,581.3790668191918,525.3005000058035,567.6643035578179,628.7633052227843,572.8887748245724,519.3408538401916,534.1743507469134,590.6738664751074,559.7288387407127,519.6184325069546
320.0,448.594070521516,528.5718668890673,592.9836365318457,640.0,377.32709331107765,518.2701309225789,600.7374197958187,635.5971227402592,364.19653337590853,527.7087045812168,609.0764920602886,633.3815687209842,371.7651302257877,526.3626210747916,606.865934639033,631.580794794794,399.64951987767705,520.2687701303371,583.0121132369641,608.1606781008087,320.0,347.64274580373984,407.776328174218,445.06660948392107,471.02893711386736,582.5403508694062,629.7077271883704,587.5625198172335,530.7973192536542,581.7693824679588,640.0,578.8895025739171,517.6058146641009,563.3515376786117,629.7197111531598,568.7657154302146,510.88218902651647,528.101459796711,586.9605697043705,554.8604991598742,515.0723157375256,320.0,457.7693082507882,538.1412111833454,600.4926472381852,640.0,379.25404832747006,512.8278866117284,595.5877995181254,630.7151984048837,366.938240211836,531.385812801903,615.874239026684,637.6289343686358,375.79575245156514,525.7643526652337,607.827199437727,631.4235607671044,408.06729981867727,529.1143824427736,593.096536940511,616.160579375935,320.0,363.3046483479425,423.4511597995415,461.7255433006643,486.25464089741007,582.0077746959007,630.9312851776233,589.7994944094864,533.9665745589155,580.5736753084128,640.0,581.9010307876912,525.0257683851689,565.1131252238428,631.0351848124164,575.5644078918131,522.130883633141,533.3914457431317,592.5661358924823,560.5875515982045,519.9796927243591,320.0,460.6722879685211,538.310794234774,599.9732635590515,640.0,379.66492579511555,522.646264177593,600.1150857391974,631.5749002410623,366.7997751050274,540.6437819677024,619.7331986322911,638.0871379540831,376.1638998525635,534.347623601746,610.3591643494816,629.7082397946667,410.13468763648734,533.0413666793486,593.4572293357635,613.2544216877258,320.0,372.4211700562576,428.3888447583896,462.9877139489894,485.05918787137875,586.4726970501083,633.6036519995403,585.1096569332985,525.8909784944606,581.9975575504427,640.0,578.8093405566203,523.28742704217,564.6249677593058,630.093848385548,572.5469595514616,520.5278550597253,531.5868798954102,593.6391084056215,558.1694537455651,515.3445337654894,320.0,459.16531899478787,535.7555641079491,596.834520229146,635.0895773900618,381.74366868876064,517.6921801536014,599.1360617701646,636.8118106098136,365.26875226719375,535.5815400940339,617.4589382951507,640.0,371.5213977871184,530.6630786807922,610.489424451829,634.1044059676055,401.8966270186189,525.7264817272977,591.7943191786754,618.0716237277338,320.0,372.02227005472076,429.00191516280177,463.9074118734935,488.9760752962054,586.4942564461027,632.9637150805206,588.5650774899374,532.4156922120582,584.1839072158434,640.0,581.3790668191918,525.3005000058035,567.6643035578179,628.7633052227843,572.8887748245724,519.3408538401916,534.1743507469134,590.6738664751074,559.7288387407127,519.6184325069546,320.0,461.1078272012294,537.8218640315417,598.546061395201,636.6568797776938,381.56206853091703,519.0468583275889,600.5177365580221,637.4311422454406,364.0784296561783,536.4979471848409,618.5227592785989,640.0,369.4848449112433,531.9410744180448,612.2738043278717,634.8646835957557,399.2665547354561,525.8653737436613,593.4045851270897,620.157587148903,320.0,372.0296116814911,429.33880568415714,465.07465761750825,491.36559465456816,586.1137449546615,632.2782987087642,586.4703543223536,529.018088015016,583.3349610280437,640.0,580.0832802787272,522.4847274847584,566.5135809489666,628.2510935429968,570.7784707499139,516.0247986500435,532.9047757386952,590.1004019787823,559.2328819055979,519.4930658144964
320.0,457.7693082507882,538.1412111833454,600.4926472381852,640.0,379.25404832747006,512.8278866117284,595.5877995181254,630.7151984048837,366.938240211836,531.385812801903,615.874239026684,637.6289343686358,375.79575245156514,525.7643526652337,607.827199437727,631.4235607671044,408.06729981867727,529.1143824427736,593.096536940511,616.160579375935,320.0,363.3046483479425,423.4511597995415,461.7255433006643,486.25464089741007,582.0077746959007,630.9312851776233,589.7994944094864,533.9665745589155,580.5736753084128,640.0,581.9010307876912,525.0257683851689,565.1131252238428,631.0351848124164,575.5644078918131,522.130883633141,533.3914457431317,592.5661358924823,560.5875515982045,519.9796927243591,320.0,460.6722879685211,538.310794234774,599.9732635590515,640.0,379.66492579511555,522.646264177593,600.1150857391974,631.5749002410623,366.7997751050274,540.6437819677024,619.7331986322911,638.0871379540831,376.1638998525635,534.347623601746,610.3591643494816,629.7082397946667,410.13468763648734,533.0413666793486,593.4572293357635,613.2544216877258,320.0,372.4211700562576,428.3888447583896,462.9877139489894,485.05918787137875,586.4726970501083,633.6036519995403,585.1096569332985,525.8909784944606,581.9975575504427,640.0,578.8093405566203,523.28742704217,564.6249677593058,630.093848385548,572.5469595514616,520.5278550597253,531.5868798954102,593.6391084056215,558.1694537455651,515.3445337654894,320.0,459.16531899478787,535.7555641079491,596.834520229146,635.0895773900618,381.74366868876064,517.6921801536014,599.1360617701646,636.8118106098136,365.26875226719375,535.5815400940339,617.4589382951507,640.0,371.5213977871184,530.6630786807922,610.489424451829,634.1044059676055,401.8966270186189,525.7264817272977,591.7943191786754,618.0716237277338,320.0,372.02227005472076,429.00191516280177,463.9074118734935,488.9760752962054,586.4942564461027,632.9637150805206,588.5650774899374,532.4156922120582,584.1839072158434,640.0,581.3790668191918,525.3005000058035,567.6643035578179,628.7633052227843,572.8887748245724,519.3408538401916,534.1743507469134,590.6738664751074,559.7288387407127,519.6184325069546,320.0,461.1078272012294,537.8218640315417,598.546061395201,636.6568797776938,381.56206853091703,519.0468583275889,600.5177365580221,637.4311422454406,364.0784296561783,536.4979471848409,618.5227592785989,640.0,369.4848449112433,531.9410744180448,612.2738043278717,634.8646835957557,399.2665547354561,525.8653737436613,593.4045851270897,620.157587148903,320.0,372.0296116814911,429.33880568415714,465.07465761750825,491.36559465456816,586.1137449546615,632.2782987087642,586.4703543223536,529.018088015016,583.3349610280437,640.0,580.0832802787272,522.4847274847584,566.5135809489666,628.2510935429968,570.7784707499139,516.0247986500435,532.9047757386952,590.1004019787823,559.2328819055979,519.4930658144964,320.0,458.97613562021786,537.087659844209,599.3309684314036,640.0,376.57885647645867,513.4984538742539,596.0544983929232,632.5063003100379,360.9190772819069,534.511005733465,618.4358652412241,639.063011227189,368.11175990150304,530.804789942259,612.0043072097001,634.8132743326872,399.1674895062556,527.0017025668532,594.7894465235536,622.0682895907744,320.0,372.0756643653581,430.1858151057587,465.68878361475123,490.5772541355768,583.3216502914793,633.7432783287333,590.6500126618866,534.8579847903882,581.1664999731415,640.0,581.9681022773491,525.0729196775951,565.1946988901025,626.7057454270125,571.4217073339182,517.9971606678314,532.5500937491207,587.1580126721185,556.8782693886739,518.4682340121299
320.0,460.6722879685211,538.310794234774,599.9732635590515,640.0,379.66492579511555,522.646264177593,600.1150857391974,631.5749002410623,366.7997751050274,540.6437819677024,619.7331986322911,638.0871379540831,376.1638998525635,534.347623601746,610.3591643494816,629.7082397946667,410.13468763648734,533.0413666793486,593.4572293357635,613.2544216877258,320.0,372.4211700562576,428.3888447583896,462.9877139489894,485.05918787137875,586.4726970501083,633.6036519995403,585.1096569332985,525.8909784944606,581.9975575504427,640.0,578.8093405566203,523.28742704217,564.6249677593058,630.093848385548,572.5469595514616,520.5278550597253,531.5868798954102,593.6391084056215,558.1694537455651,515.3445337654894,320.0,459.16531899478787,535.7555641079491,596.834520229146,635.0895773900618,381.74366868876064,517.6921801536014,599.1360617701646,636.8118106098136,365.26875226719375,535.5815400940339,617.4589382951507,640.0,371.5213977871184,530.6630786807922,610.489424451829,634.1044059676055,401.8966270186189,525.7264817272977,591.7943191786754,618.0716237277338,320.0,372.02227005472076,429.00191516280177,463.9074118734935,488.9760752962054,586.4942564461027,632.9637150805206,588.5650774899374,532.4156922120582,584.1839072158434,640.0,581.3790668191918,525.3005000058035,567.6643035578179,628.7633052227843,572.8887748245724,519.3408538401916,534.1743507469134,590.6738664751074,559.7288387407127,519.6184325069546,320.0,461.1078272012294,537.8218640315417,598.546061395201,636.6568797776938,381.56206853091703,519.0468583275889,600.5177365580221,637.4311422454406,364.0784296561783,536.4979471848409,618.5227592785989,640.0,369.4848449112433,531.9410744180448,612.2738043278717,634.8646835957557,399.2665547354561,525.8653737436613,593.4045851270897,620.157587148903,320.0,372.0296116814911,429.33880568415714,465.07465761750825,491.36559465456816,586.1137449546615,632.2782987087642,586.4703543223536,529.018088015016,583.3349610280437,640.0,580.0832802787272,522.4847274847584,566.5135809489666,628.2510935429968,570.7784707499139,516.0247986500435,532.9047757386952,590.1004019787823,559.2328819055979,519.4930658144964,320.0,458.97613562021786,537.087659844209,599.3309684314036,640.0,376.57885647645867,513.4984538742539,596.0544983929232,632.5063003100379,360.9190772819069,534.511005733465,618.4358652412241,639.063011227189,368.11175990150304,530.804789942259,612.0043072097001,634.8132743326872,399.1674895062556,527.0017025668532,594.7894465235536,622.0682895907744,320.0,372.0756643653581,430.1858151057587,465.68878361475123,490.5772541355768,583.3216502914793,633.7432783287333,590.6500126618866,534.8579847903882,581.1664999731415,640.0,581.9681022773491,525.0729196775951,565.1946988901025,626.7057454270125,571.4217073339182,517.9971606678314,532.5500937491207,587.1580126721185,556.8782693886739,518.4682340121299,320.0,443.031235808312,528.9210388348954,594.4049801144347,640.0,349.4712823492801,498.90199006587386,585.787389812571,621.7127555724642,328.7199413665483,498.55551644093885,590.2044668497704,626.0607935847688,330.2873829317525,497.2342572422834,589.2185299109178,629.5104009119971,352.59536925357327,487.8122770670312,562.0684361764136,599.8795190885002,320.0,338.03359884133226,401.7282218913593,443.31367679069217,478.04948787162385,585.6651631659238,627.649591916238,594.233441392756,538.926400149459,590.6328729919825,640.0,592.6053474246105,535.5667923471942,576.073066712001,628.9806901726197,577.563139372026,527.2885895436965,542.0206341134777,589.8649132065475,560.0470243210293,522.22976258665
320.0,459.16531899478787,535.7555641079491,596.834520229146,635.0895773900618,381.74366868876064,517.6921801536014,599.1360617701646,636.8118106098136,365.26875226719375,535.5815400940339,617.4589382951507,640.0,371.5213977871184,530.6630786807922,610.489424451829,634.1044059676055,401.8966270186189,525.7264817272977,591.7943191786754,618.0716237277338,320.0,372.02227005472076,429.00191516280177,463.9074118734935,488.9760752962054,586.4942564461027,632.9637150805206,588.5650774899374,532.4156922120582,584.1839072158434,640.0,581.3790668191918,525.3005000058035,567.6643035578179,628.7633052227843,572.8887748245724,519.3408538401916,534.1743507469134,590.6738664751074,559.7288387407127,519.6184325069546,320.0,461.1078272012294,537.8218640315417,598.546061395201,636.6568797776938,381.56206853091703,519.0468583275889,600.5177365580221,637.4311422454406,364.0784296561783,536.4979471848409,618.5227592785989,640.0,369.4848449112433,531.9410744180448,612.2738043278717,634.8646835957557,399.2665547354561,525.8653737436613,593.4045851270897,620.157587148903,320.0,372.0296116814911,429.33880568415714,465.07465761750825,491.36559465456816,586.1137449546615,632.2782987087642,586.4703543223536,529.018088015016,583.3349610280437,640.0,580.0832802787272,522.4847274847584,566.5135809489666,628.2510935429968,570.7784707499139,516.0247986500435,532.9047757386952,590.1004019787823,559.2328819055979,519.4930658144964,320.0,458.97613562021786,537.087659844209,599.3309684314036,640.0,376.57885647645867,513.4984538742539,596.0544983929232,632.5063003100379,360.9190772819069,534.511005733465,618.4358652412241,639.063011227189,368.11175990150304,530.804789942259,612.0043072097001,634.8132743326872,399.1674895062556,527.0017025668532,594.7894465235536,622.0682895907744,320.0,372.0756643653581,430.1858151057587,465.68878361475123,490.5772541355768,583.3216502914793,633.7432783287333,590.6500126618866,534.8579847903882,581.1664999731415,640.0,581.9681022773491,525.0729196775951,565.1946988901025,626.7057454270125,571.4217073339182,517.9971606678314,532.5500937491207,587.1580126721185,556.8782693886739,518.4682340121299,320.0,443.031235808312,528.9210388348954,594.4049801144347,640.0,349.4712823492801,498.90199006587386,585.787389812571,621.7127555724642,328.7199413665483,498.55551644093885,590.2044668497704,626.0607935847688,330.2873829317525,497.2342572422834,589.2185299109178,629.5104009119971,352.59536925357327,487.8122770670312,562.0684361764136,599.8795190885002,320.0,338.03359884133226,401.7282218913593,443.31367679069217,478.04948787162385,585.6651631659238,627.649591916238,594.233441392756,538.926400149459,590.6328729919825,640.0,592.6053474246105,535.5667923471942,576.073066712001,628.9806901726197,577.563139372026,527.2885895436965,542.0206341134777,589.8649132065475,560.0470243210293,522.22976258665,320.0,460.0342891246833,536.5502068467846,597.5052301715496,638.5131672318853,385.96440363243914,519.7970173421688,599.0314242307147,636.0226535430362,368.0484239883068,537.866986037142,617.9503807724893,640.0,372.34693297940174,530.7091192591117,609.0755296773734,633.0932134574014,400.42516594544304,523.9987551591691,590.1979184917266,617.94769268432,320.0,372.0903328833855,429.26136248371216,463.8324217337817,487.14839696324213,585.3928720977713,633.3800966997755,587.9377979604099,531.5178951803563,583.2888015001729,640.0,581.8202549357719,526.250935657457,567.0157741833966,628.5631474502521,574.7130555100406,522.423975718421,533.8602456767294,589.6160774430477,561.0691801325916,523.3393933246465
320.0,461.1078272012294,537.8218640315417,598.546061395201,636.6568797776938,381.56206853091703,519.0468583275889,600.5177365580221,637.4311422454406,364.0784296561783,536.4979471848409,618.5227592785989,640.0,369.4848449112433,531.9410744180448,612.2738043278717,634.8646835957557,399.2665547354561,525.8653737436613,593.4045851270897,620.157587148903,320.0,372.0296116814911,429.33880568415714,465.07465761750825,491.36559465456816,586.1137449546615,632.2782987087642,586.4703543223536,529.018088015016,583.3349610280437,640.0,580.0832802787272,522.4847274847584,566.5135809489666,628.2510935429968,570.7784707499139,516.0247986500435,532.9047757386952,590.1004019787823,559.2328819055979,519.4930658144964,320.0,458.97613562021786,537.087659844209,599.3309684314036,640.0,376.57885647645867,513.4984538742539,596.0544983929232,632.5063003100379,360.9190772819069,534.511005733465,618.4358652412241,639.063011227189,368.11175990150304,530.804789942259,612.0043072097001,634.8132743326872,399.1674895062556,527.0017025668532,594.7894465235536,622.0682895907744,320.0,372.0756643653581,430.1858151057587,465.68878361475123,490.5772541355768,583.3216502914793,633.7432783287333,590.6500126618866,534.8579847903882,581.1664999731415,640.0,581.9681022773491,525.0729196775951,565.1946988901025,626.7057454270125,571.4217073339182,517.9971606678314,532.5500937491207,587.1580126721185,556.8782693886739,518.4682340121299,320.0,443.031235808312,528.9210388348954,594.4049801144347,640.0,349.4712823492801,498.90199006587386,585.787389812571,621.7127555724642,328.7199413665483,498.55551644093885,590.2044668497704,626.0607935847688,330.2873829317525,497.2342572422834,589.2185299109178,629.5104009119971,352.59536925357327,487.8122770670312,562.0684361764136,599.8795190885002,320.0,338.03359884133226,401.7282218913593,443.31367679069217,478.04948787162385,585.6651631659238,627.649591916238,594.233441392756,538.926400149459,590.6328729919825,640.0,592.6053474246105,535.5667923471942,576.073066712001,628.9806901726197,577.563139372026,527.2885895436965,542.0206341134777,589.8649132065475,560.0470243210293,522.22976258665,320.0,460.0342891246833,536.5502068467846,597.5052301715496,638.5131672318853,385.96440363243914,519.7970173421688,599.0314242307147,636.0226535430362,368.0484239883068,537.866986037142,617.9503807724893,640.0,372.34693297940174,530.7091192591117,609.0755296773734,633.0932134574014,400.42516594544304,523.9987551591691,590.1979184917266,617.94769268432,320.0,372.0903328833855,429.26136248371216,463.8324217337817,487.14839696324213,585.3928720977713,633.3800966997755,587.9377979604099,531.5178951803563,583.2888015001729,640.0,581.8202549357719,526.250935657457,567.0157741833966,628.5631474502521,574.7130555100406,522.423975718421,533.8602456767294,589.6160774430477,561.0691801325916,523.3393933246465,320.0,457.44911376299433,534.4557490255334,594.3420080029528,635.283003008112,382.041666070339,516.6335027844639,598.2505096333966,635.5511468741981,364.16472028670495,534.1017500991247,616.9433687588933,640.0,369.5797169838895,528.3719730154836,608.8933764086855,634.5035345265665,398.61369234208416,523.4447569089517,590.1606537014613,618.5485552172894,320.0,369.0375367988126,427.3897539864354,463.53396720700937,488.4409752362892,583.1794122200976,632.6149817818159,589.9443923290928,534.9727148686266,582.3094002406268,640.0,583.9693362896007,528.603526720911,566.7796490603805,628.5475948599537,576.5039811834909,525.0236386416904,534.0878472043017,588.7697973137872,560.7000222783403,523.3507557388771
320.0,458.97613562021786,537.087659844209,599.3309684314036,640.0,376.57885647645867,513.4984538742539,596.0544983929232,632.5063003100379,360.9190772819069,534.511005733465,618.4358652412241,639.063011227189,368.11175990150304,530.804789942259,612.0043072097001,634.8132743326872,399.1674895062556,527.0017025668532,594.7894465235536,622.0682895907744,320.0,372.0756643653581,430.1858151057587,465.68878361475123,490.5772541355768,583.3216502914793,633.7432783287333,590.6500126618866,534.8579847903882,581.1664999731415,640.0,581.9681022773491,525.0729196775951,565.1946988901025,626.7057454270125,571.4217073339182,517.9971606678314,532.5500937491207,587.1580126721185,556.8782693886739,518.4682340121299,320.0,443.031235808312,528.9210388348954,594.4049801144347,640.0,349.4712823492801,498.90199006587386,585.787389812571,621.7127555724642,328.7199413665483,498.55551644093885,590.2044668497704,626.0607935847688,330.2873829317525,497.2342572422834,589.2185299109178,629.5104009119971,352.59536925357327,487.8122770670312,562.0684361764136,599.8795190885002,320.0,338.03359884133226,401.7282218913593,443.31367679069217,478.04948787162385,585.6651631659238,627.649591916238,594.233441392756,538.926400149459,590.6328729919825,640.0,592.6053474246105,535.5667923471942,576.073066712001,628.9806901726197,577.563139372026,527.2885895436965,542.0206341134777,589.8649132065475,560.0470243210293,522.22976258665,320.0,460.0342891246833,536.5502068467846,597.5052301715496,638.5131672318853,385.96440363243914,519.7970173421688,599.0314242307147,636.0226535430362,368.0484239883068,537.866986037142,617.9503807724893,640.0,372.34693297940174,530.7091192591117,609.0755296773734,633.0932134574014,400.42516594544304,523.9987551591691,590.1979184917266,617.94769268432,320.0,372.0903328833855,429.26136248371216,463.8324217337817,487.14839696324213,585.3928720977713,633.3800966997755,587.9377979604099,531.5178951803563,583.2888015001729,640.0,581.8202549357719,526.250935657457,567.0157741833966,628.5631474502521,574.7130555100406,522.423975718421,533.8602456767294,589.6160774430477,561.0691801325916,523.3393933246465,320.0,457.44911376299433,534.4557490255334,594.3420080029528,635.283003008112,382.041666070339,516.6335027844639,598.2505096333966,635.5511468741981,364.16472028670495,534.1017500991247,616.9433687588933,640.0,369.5797169838895,528.3719730154836,608.8933764086855,634.5035345265665,398.61369234208416,523.4447569089517,590.1606537014613,618.5485552172894,320.0,369.0375367988126,427.3897539864354,463.53396720700937,488.4409752362892,583.1794122200976,632.6149817818159,589.9443923290928,534.9727148686266,582.3094002406268,640.0,583.9693362896007,528.603526720911,566.7796490603805,628.5475948599537,576.5039811834909,525.0236386416904,534.0878472043017,588.7697973137872,560.7000222783403,523.3507557388771,320.0,460.6167855310774,538.8200586437681,599.028980560529,635.6421093392895,382.08622510184813,518.4722919174196,600.1299025331792,636.8267693431619,365.77538518656024,537.0769534782062,619.5470976524529,640.0,372.0024032367847,530.2140118285558,609.8266515765752,631.8581212037741,402.6178194817871,526.2620366433728,591.3526111247508,616.1971931631506,320.0,369.80095016117843,428.4028763212068,466.9144115623835,489.51010495978403,584.2504708979563,632.1180060173634,587.0208423029706,528.720168042075,581.9130672360163,640.0,578.9123363624806,520.0052289307221,565.0720218694144,628.8712800468454,571.4452186365845,517.0186601709227,531.2214592860975,590.8663064230149,559.0646660634466,518.7583898884145
320.0,443.031235808312,528.9210388348954,594.4049801144347,640.0,349.4712823492801,498.90199006587386,585.787389812571,621.7127555724642,328.7199413665483,498.55551644093885,590.2044668497704,626.0607935847688,330.2873829317525,497.2342572422834,589.2185299109178,629.5104009119971,352.59536925357327,487.8122770670312,562.0684361764136,599.8795190885002,320.0,338.03359884133226,401.7282218913593,443.31367679069217,478.04948787162385,585.6651631659238,627.649591916238,594.233441392756,538.926400149459,590.6328729919825,640.0,592.6053474246105,535.5667923471942,576.073066712001,628.9806901726197,577.563139372026,527.2885895436965,542.0206341134777,589.8649132065475,560.0470243210293,522.22976258665,320.0,460.0342891246833,536.5502068467846,597.5052301715496,638.5131672318853,385.96440363243914,519.7970173421688,599.0314242307147,636.0226535430362,368.0484239883068,537.866986037142,617.9503807724893,640.0,372.34693297940174,530.7091192591117,609.0755296773734,633.0932134574014,400.42516594544304,523.9987551591691,590.1979184917266,617.94769268432,320.0,372.0903328833855,429.26136248371216,463.8324217337817,487.14839696324213,585.3928720977713,633.3800966997755,587.9377979604099,531.5178951803563,583.2888015001729,640.0,581.8202549357719,526.250935657457,567.0157741833966,628.5631474502521,574.7130555100406,522.423975718421,533.8602456767294,589.6160774430477,561.0691801325916,523.3393933246465,320.0,457.44911376299433,534.4557490255334,594.3420080029528,635.283003008112,382.041666070339,516.6335027844639,598.2505096333966,635.5511468741981,364.16472028670495,534.1017500991247,616.9433687588933,640.0,369.5797169838895,528.3719730154836,608.8933764086855,634.5035345265665,398.61369234208416,523.4447569089517,590.1606537014613,618.5485552172894,320.0,369.0375367988126,427.3897539864354,463.53396720700937,488.4409752362892,583.1794122200976,632.6149817818159,589.9443923290928,534.9727148686266,582.3094002406268,640.0,583.9693362896007,528.603526720911,566.7796490603805,628.5475948599537,576.5039811834909,525.0236386416904,534.0878472043017,588.7697973137872,560.7000222783403,523.3507557388771,320.0,460.6167855310774,538.8200586437681,599.028980560529,635.6421093392895,382.08622510184813,518.4722919174196,600.1299025331792,636.8267693431619,365.77538518656024,537.0769534782062,619.5470976524529,640.0,372.0024032367847,530.2140118285558,609.8266515765752,631.8581212037741,402.6178194817871,526.2620366433728,591.3526111247508,616.1971931631506,320.0,369.80095016117843,428.4028763212068,466.9144115623835,489.51010495978403,584.2504708979563,632.1180060173634,587.0208423029706,528.720168042075,581.9130672360163,640.0,578.9123363624806,520.0052289307221,565.0720218694144,628.8712800468454,571.4452186365845,517.0186601709227,531.2214592860975,590.8663064230149,559.0646660634466,518.7583898884145,320.0,460.28644293082505,536.3787609944097,595.85503596436,631.1950597498076,380.9077900520863,517.373043583335,599.023397503164,637.1207524850705,364.31979343547084,536.4695781580906,618.4233555288447,640.0,370.55844923969244,529.7643714345677,609.865618580632,633.6177411456446,401.5709842977887,526.3148455535841,592.2436545640712,618.5714739981811,320.0,372.11940348664535,430.3281577022571,468.1667603964298,490.3895585468178,584.4645934440762,632.1239911109052,587.1560268322556,529.092773117031,582.1147522161,640.0,578.7940658240068,519.8719029399238,565.3544143408828,628.6762158158983,571.3990395520931,516.7779398919388,531.381676845405,589.9657506608394,558.2087593073146,517.9153855730165
320.0,460.0342891246833,536.5502068467846,597.5052301715496,638.5131672318853,385.96440363243914,519.7970173421688,599.0314242307147,636.0226535430362,368.0484239883068,537.866986037142,617.9503807724893,640.0,372.34693297940174,530.7091192591117,609.0755296773734,633.0932134574014,400.42516594544304,523.9987551591691,590.1979184917266,617.94769268432,320.0,372.0903328833855,429.26136248371216,463.8324217337817,487.14839696324213,585.3928720977713,633.3800966997755,587.9377979604099,531.5178951803563,583.2888015001729,640.0,581.8202549357719,526.250935657457,567.0157741833966,628.5631474502521,574.7130555100406,522.423975718421,533.8602456767294,589.6160774430477,561.0691801325916,523.3393933246465,320.0,457.44911376299433,534.4557490255334,594.3420080029528,635.283003008112,382.041666070339,516.6335027844639,598.2505096333966,635.5511468741981,364.16472028670495,534.1017500991247,616.9433687588933,640.0,369.5797169838895,528.3719730154836,608.8933764086855,634.5035345265665,398.61369234208416,523.4447569089517,590.1606537014613,618.5485552172894,320.0,369.0375367988126,427.3897539864354,463.53396720700937,488.4409752362892,583.1794122200976,632.6149817818159,589.9443923290928,534.9727148686266,582.3094002406268,640.0,583.9693362896007,528.603526720911,566.7796490603805,628.5475948599537,576.5039811834909,525.0236386416904,534.0878472043017,588.7697973137872,560.7000222783403,523.3507557388771,320.0,460.6167855310774,538.8200586437681,599.028980560529,635.6421093392895,382.08622510184813,518.4722919174196,600.1299025331792,636.8267693431619,365.77538518656024,537.0769534782062,619.5470976524529,640.0,372.0024032367847,530.2140118285558,609.8266515765752,631.8581212037741,402.6178194817871,526.2620366433728,591.3526111247508,616.1971931631506,320.0,369.80095016117843,428.4028763212068,466.9144115623835,489.51010495978403,584.2504708979563,632.1180060173634,587.0208423029706,528.720168042075,581.9130672360163,640.0,578.9123363624806,520.0052289307221,565.0720218694144,628.8712800468454,571.4452186365845,517.0186601709227,531.2214592860975,590.8663064230149,559.0646660634466,518.7583898884145,320.0,460.28644293082505,536.3787609944097,595.85503596436,631.1950597498076,380.9077900520863,517.373043583335,599.023397503164,637.1207524850705,364.31979343547084,536.4695781580906,618.4233555288447,640.0,370.55844923969244,529.7643714345677,609.865618580632,633.6177411456446,401.5709842977887,526.3148455535841,592.2436545640712,618.5714739981811,320.0,372.11940348664535,430.3281577022571,468.1667603964298,490.3895585468178,584.4645934440762,632.1239911109052,587.1560268322556,529.092773117031,582.1147522161,640.0,578.7940658240068,519.8719029399238,565.3544143408828,628.6762158158983,571.3990395520931,516.7779398919388,531.381676845405,589.9657506608394,558.2087593073146,517.9153855730165,320.0,461.2732311414454,538.2391925835477,599.1609303321155,640.0,381.680831156364,515.7574961528046,595.0578822506864,628.7994317988334,364.6978431382088,533.802812790364,615.3037460088894,635.8178837425387,371.3223163278378,529.5153587823891,609.5395527361708,632.5520242977348,402.9224739452847,530.201351423665,596.8405161160597,622.9173173251087,320.0,369.58061996502266,427.42086981039336,463.79599856229686,489.16370637834706,581.5280955386751,633.4697593371325,588.6145596653149,530.1972777624666,579.7771661753668,640.0,582.5979498759791,527.2562756630643,564.5701483552143,629.1894478686559,574.6827184781683,522.5180938495009,533.076016647891,588.6326046176688,557.6710428554918,518.8146518713637
320.0,457.44911376299433,534.4557490255334,594.3420080029528,635.283003008112,382.041666070339,516.6335027844639,598.2505096333966,635.5511468741981,364.16472028670495,534.1017500991247,616.9433687588933,640.0,369.5797169838895,528.3719730154836,608.8933764086855,634.5035345265665,398.61369234208416,523.4447569089517,590.1606537014613,618.5485552172894,320.0,369.0375367988126,427.3897539864354,463.53396720700937,488.4409752362892,583.1794122200976,632.6149817818159,589.9443923290928,534.9727148686266,582.3094002406268,640.0,583.9693362896007,528.603526720911,566.7796490603805,628.5475948599537,576.5039811834909,525.0236386416904,534.0878472043017,588.7697973137872,560.7000222783403,523.3507557388771,320.0,460.6167855310774,538.8200586437681,599.028980560529,635.6421093392895,382.08622510184813,518.4722919174196,600.1299025331792,636.8267693431619,365.77538518656024,537.0769534782062,619.5470976524529,640.0,372.0024032367847,530.2140118285558,609.8266515765752,631.8581212037741,402.6178194817871,526.2620366433728,591.3526111247508,616.1971931631506,320.0,369.80095016117843,428.4028763212068,466.9144115623835,489.51010495978403,584.2504708979563,632.1180060173634,587.0208423029706,528.720168042075,581.9130672360163,640.0,578.9123363624806,520.0052289307221,565.0720218694144,628.8712800468454,571.4452186365845,517.0186601709227,531.2214592860975,590.8663064230149,559.0646660634466,518.7583898884145,320.0,460.28644293082505,536.3787609944097,595.85503596436,631.1950597498076,380.9077900520863,517.373043583335,599.023397503164,637.1207524850705,364.31979343547084,536.4695781580906,618.4233555288447,640.0,370.55844923969244,529.7643714345677,609.865618580632,633.6177411456446,401.5709842977887,526.3148455535841,592.2436545640712,618.5714739981811,320.0,372.11940348664535,430.3281577022571,468.1667603964298,490.3895585468178,584.4645934440762,632.1239911109052,587.1560268322556,529.092773117031,582.1147522161,640.0,578.7940658240068,519.8719029399238,565.3544143408828,628.6762158158983,571.3990395520931,516.7779398919388,531.381676845405,589.9657506608394,558.2087593073146,517.9153855730165,320.0,461.2732311414454,538.2391925835477,599.1609303321155,640.0,381.680831156364,515.7574961528046,595.0578822506864,628.7994317988334,364.6978431382088,533.802812790364,615.3037460088894,635.8178837425387,371.3223163278378,529.5153587823891,609.5395527361708,632.5520242977348,402.9224739452847,530.201351423665,596.8405161160597,622.9173173251087,320.0,369.58061996502266,427.42086981039336,463.79599856229686,489.16370637834706,581.5280955386751,633.4697593371325,588.6145596653149,530.1972777624666,579.7771661753668,640.0,582.5979498759791,527.2562756630643,564.5701483552143,629.1894478686559,574.6827184781683,522.5180938495009,533.076016647891,588.6326046176688,557.6710428554918,518.8146518713637,320.0,461.62809124113454,542.1987026288836,604.2889903824475,640.0,390.5588229610209,513.2468419255719,593.2327344640776,628.2234905338289,371.86521254597807,530.5035526324266,612.4834929816989,631.9403235053499,373.01609796633534,522.2968751006525,602.8996953045987,625.2253650869316,396.69035088284363,518.5869348157978,587.6950082776658,614.3235182334108,320.0,367.9979756144695,423.2648503486855,457.6059023362302,485.7249047925428,577.6570560537673,633.3239625088318,590.5695149815565,533.4286259098251,577.3149225803422,640.0,584.8226417050623,529.4072025317138,563.8354714536746,630.3377269445765,578.520191628827,526.3059917243489,534.3339738241407,590.3471200113128,562.627574399633,525.4692183300308
320.0,460.6167855310774,538.8200586437681,599.028980560529,635.6421093392895,382.08622510184813,518.4722919174196,600.1299025331792,636.8267693431619,365.77538518656024,537.0769534782062,619.5470976524529,640.0,372.0024032367847,530.2140118285558,609.8266515765752,631.8581212037741,402.6178194817871,526.2620366433728,591.3526111247508,616.1971931631506,320.0,369.80095016117843,428.4028763212068,466.9144115623835,489.51010495978403,584.2504708979563,632.1180060173634,587.0208423029706,528.720168042075,581.9130672360163,640.0,578.9123363624806,520.0052289307221,565.0720218694144,628.8712800468454,571.4452186365845,517.0186601709227,531.2214592860975,590.8663064230149,559.0646660634466,518.7583898884145,320.0,460.28644293082505,536.3787609944097,595.85503596436,631.1950597498076,380.9077900520863,517.373043583335,599.023397503164,637.1207524850705,364.31979343547084,536.4695781580906,618.4233555288447,640.0,370.55844923969244,529.7643714345677,609.865618580632,633.6177411456446,401.5709842977887,526.3148455535841,592.2436545640712,618.5714739981811,320.0,372.11940348664535,430.3281577022571,468.1667603964298,490.3895585468178,584.4645934440762,632.1239911109052,587.1560268322556,529.092773117031,582.1147522161,640.0,578.7940658240068,519.8719029399238,565.3544143408828,628.6762158158983,571.3990395520931,516.7779398919388,531.381676845405,589.9657506608394,558.2087593073146,517.9153855730165,320.0,461.2732311414454,538.2391925835477,599.1609303321155,640.0,381.680831156364,515.7574961528046,595.0578822506864,628.7994317988334,364.6978431382088,533.802812790364,615.3037460088894,635.8178837425387,371.3223163278378,529.5153587823891,609.5395527361708,632.5520242977348,402.9224739452847,530.201351423665,596.8405161160597,622.9173173251087,320.0,369.58061996502266,427.42086981039336,463.79599856229686,489.16370637834706,581.5280955386751,633.4697593371325,588.6145596653149,530.1972777624666,579.7771661753668,640.0,582.5979498759791,527.2562756630643,564.5701483552143,629.1894478686559,574.6827184781683,522.5180938495009,533.076016647891,588.6326046176688,557.6710428554918,518.8146518713637,320.0,461.62809124113454,542.1987026288836,604.2889903824475,640.0,390.5588229610209,513.2468419255719,593.2327344640776,628.2234905338289,371.86521254597807,530.5035526324266,612.4834929816989,631.9403235053499,373.01609796633534,522.2968751006525,602.8996953045987,625.2253650869316,396.69035088284363,518.5869348157978,587.6950082776658,614.3235182334108,320.0,367.9979756144695,423.2648503486855,457.6059023362302,485.7249047925428,577.6570560537673,633.3239625088318,590.5695149815565,533.4286259098251,577.3149225803422,640.0,584.8226417050623,529.4072025317138,563.8354714536746,630.3377269445765,578.520191628827,526.3059917243489,534.3339738241407,590.3471200113128,562.627574399633,525.4692183300308,320.0,457.42474670104747,537.3027076902524,600.3667769637283,640.0,384.8666797848141,510.27037467601997,592.3069871840528,628.8676986544242,366.6219281503774,526.3824857440745,610.2063210960333,631.9795485667216,369.5804808404628,519.7175010975383,601.7074355349689,626.8803717505926,395.2726059682742,515.9728253149663,583.9466550132449,611.5843221237557,320.0,366.7870095905062,422.252459230254,454.81176703238907,482.04983998567064,576.6679125455169,634.0108360399274,593.8251759329337,538.9466491208271,577.1780533436317,640.0,585.3007969138097,530.4592944460378,564.2259934503355,629.9196874052002,577.2133382892392,524.8393799871823,535.2880309695802,588.3599851322823,558.9262940142942,521.147216289055
320.0,460.28644293082505,536.3787609944097,595.85503596436,631.1950597498076,380.9077900520863,517.373043583335,599.023397503164,637.1207524850705,364.31979343547084,536.4695781580906,618.4233555288447,640.0,370.55844923969244,529.7643714345677,609.865618580632,633.6177411456446,401.5709842977887,526.3148455535841,592.2436545640712,618.5714739981811,320.0,372.11940348664535,430.3281577022571,468.1667603964298,490.3895585468178,584.4645934440762,632.1239911109052,587.1560268322556,529.092773117031,582.1147522161,640.0,578.7940658240068,519.8719029399238,565.3544143408828,628.6762158158983,571.3990395520931,516.7779398919388,531.381676845405,589.9657506608394,558.2087593073146,517.9153855730165,320.0,461.2732311414454,538.2391925835477,599.1609303321155,640.0,381.680831156364,515.7574961528046,595.0578822506864,628.7994317988334,364.6978431382088,533.802812790364,615.3037460088894,635.8178837425387,371.3223163278378,529.5153587823891,609.5395527361708,632.5520242977348,402.9224739452847,530.201351423665,596.8405161160597,622.9173173251087,320.0,369.58061996502266,427.42086981039336,463.79599856229686,489.16370637834706,581.5280955386751,633.4697593371325,588.6145596653149,530.1972777624666,579.7771661753668,640.0,582.5979498759791,527.2562756630643,564.5701483552143,629.1894478686559,574.6827184781683,522.5180938495009,533.076016647891,588.6326046176688,557.6710428554918,518.8146518713637,320.0,461.62809124113454,542.1987026288836,604.2889903824475,640.0,390.5588229610209,513.2468419255719,593.2327344640776,628.2234905338289,371.86521254597807,530.5035526324266,612.4834929816989,631.9403235053499,373.01609796633534,522.2968751006525,602.8996953045987,625.2253650869316,396.69035088284363,518.5869348157978,587.6950082776658,614.3235182334108,320.0,367.9979756144695,423.2648503486855,457.6059023362302,485.7249047925428,577.6570560537673,633.3239625088318,590.5695149815565,533.4286259098251,577.3149225803422,640.0,584.8226417050623,529.4072025317138,563.8354714536746,630.3377269445765,578.520191628827,526.3059917243489,534.3339738241407,590.3471200113128,562.627574399633,525.4692183300308,320.0,457.42474670104747,537.3027076902524,600.3667769637283,640.0,384.8666797848141,510.27037467601997,592.3069871840528,628.8676986544242,366.6219281503774,526.3824857440745,610.2063210960333,631.9795485667216,369.5804808404628,519.7175010975383,601.7074355349689,626.8803717505926,395.2726059682742,515.9728253149663,583.9466550132449,611.5843221237557,320.0,366.7870095905062,422.252459230254,454.81176703238907,482.04983998567064,576.6679125455169,634.0108360399274,593.8251759329337,538.9466491208271,577.1780533436317,640.0,585.3007969138097,530.4592944460378,564.2259934503355,629.9196874052002,577.2133382892392,524.8393799871823,535.2880309695802,588.3599851322823,558.9262940142942,521.147216289055,320.0,456.45197975576485,538.3282799925136,602.4925183928872,640.0,388.104725134148,511.1488005309963,590.7008186836616,627.7676968227047,371.42501895726366,528.7939321320313,610.1691817601217,629.7585626052779,375.1589110716208,519.2331579424664,599.1297680171185,622.1606225314556,401.2640491171607,516.2119123007076,582.9356765090079,609.1754159503425,320.0,365.32826858623457,419.61600773465295,452.0976910480321,475.7099771994008,575.9145411167726,634.5020740180423,594.1860576106429,538.2832375311308,573.8931035243681,640.0,581.4332406358715,524.1224181259375,557.4390662582437,627.6832630875081,573.1978879553,520.4194735488929,524.7393839681458,584.1399586274069,555.2967644497451,518.8034894205323
320.0,461.2732311414454,538.2391925835477,599.1609303321155,640.0,381.680831156364,515.7574961528046,595.0578822506864,628.7994317988334,364.6978431382088,533.802812790364,615.3037460088894,635.8178837425387,371.3223163278378,529.5153587823891,609.5395527361708,632.5520242977348,402.9224739452847,530.201351423665,596.8405161160597,622.9173173251087,320.0,369.58061996502266,427.42086981039336,463.79599856229686,489.16370637834706,581.5280955386751,633.4697593371325,588.6145596653149,530.1972777624666,579.7771661753668,640.0,582.5979498759791,527.2562756630643,564.5701483552143,629.1894478686559,574.6827184781683,522.5180938495009,533.076016647891,588.6326046176688,557.6710428554918,518.8146518713637,320.0,461.62809124113454,542.1987026288836,604.2889903824475,640.0,390.5588229610209,513.2468419255719,593.2327344640776,628.2234905338289,371.86521254597807,530.5035526324266,612.4834929816989,631.9403235053499,373.01609796633534,522.2968751006525,602.8996953045987,625.2253650869316,396.69035088284363,518.5869348157978,587.6950082776658,614.3235182334108,320.0,367.9979756144695,423.2648503486855,457.6059023362302,485.7249047925428,577.6570560537673,633.3239625088318,590.5695149815565,533.4286259098251,577.3149225803422,640.0,584.8226417050623,529.4072025317138,563.8354714536746,630.3377269445765,578.520191628827,526.3059917243489,534.3339738241407,590.3471200113128,562.627574399633,525.4692183300308,320.0,457.42474670104747,537.3027076902524,600.3667769637283,640.0,384.8666797848141,510.27037467601997,592.3069871840528,628.8676986544242,366.6219281503774,526.3824857440745,610.2063210960333,631.9795485667216,369.5804808404628,519.7175010975383,601.7074355349689,626.8803717505926,395.2726059682742,515.9728253149663,583.9466550132449,611.5843221237557,320.0,366.7870095905062,422.252459230254,454.81176703238907,482.04983998567064,576.6679125455169,634.0108360399274,593.8251759329337,538.9466491208271,577.1780533436317,640.0,585.3007969138097,530.4592944460378,564.2259934503355,629.9196874052002,577.2133382892392,524.8393799871823,535.2880309695802,588.3599851322823,558.9262940142942,521.147216289055,320.0,456.45197975576485,538.3282799925136,602.4925183928872,640.0,388.104725134148,511.1488005309963,590.7008186836616,627.7676968227047,371.42501895726366,528.7939321320313,610.1691817601217,629.7585626052779,375.1589110716208,519.2331579424664,599.1297680171185,622.1606225314556,401.2640491171607,516.2119123007076,582.9356765090079,609.1754159503425,320.0,365.32826858623457,419.61600773465295,452.0976910480321,475.7099771994008,575.9145411167726,634.5020740180423,594.1860576106429,538.2832375311308,573.8931035243681,640.0,581.4332406358715,524.1224181259375,557.4390662582437,627.6832630875081,573.1978879553,520.4194735488929,524.7393839681458,584.1399586274069,555.2967644497451,518.8034894205323,320.0,454.2689764334003,531.5913152686983,595.4126787771712,640.0,386.5791256481876,511.68175895202273,590.4827592711063,625.0208661782435,370.28153229267036,530.3715672975509,611.8457018816498,631.8191377827936,374.5906378055854,523.3030649311456,602.3258204612722,624.6050201431318,400.3498287480136,519.5496363547769,584.127054984541,608.5494901736412,320.0,366.9517484921564,421.43002716867653,450.65844600514595,473.7690153757135,578.5944128210253,635.0989290289626,590.9099476821835,533.8684505735124,577.6283240775523,640.0,580.059332237405,523.217630502916,563.5397902662448,629.587125531413,572.9848493646682,518.2930445207609,533.7895190676627,588.334889524155,555.4163405688927,514.3473736517794
320.0,461.62809124113454,542.1987026288836,604.2889903824475,640.0,390.5588229610209,513.2468419255719,593.2327344640776,628.2234905338289,371.86521254597807,530.5035526324266,612.4834929816989,631.9403235053499,373.01609796633534,522.2968751006525,602.8996953045987,625.2253650869316,396.69035088284363,518.5869348157978,587.6950082776658,614.3235182334108,320.0,367.9979756144695,423.2648503486855,457.6059023362302,485.7249047925428,577.6570560537673,633.3239625088318,590.5695149815565,533.4286259098251,577.3149225803422,640.0,584.8226417050623,529.4072025317138,563.8354714536746,630.3377269445765,578.520191628827,526.3059917243489,534.3339738241407,590.3471200113128,562.627574399633,525.4692183300308,320.0,457.42474670104747,537.3027076902524,600.3667769637283,640.0,384.8666797848141,510.27037467601997,592.3069871840528,628.8676986544242,366.6219281503774,526.3824857440745,610.2063210960333,631.9795485667216,369.5804808404628,519.7175010975383,601.7074355349689,626.8803717505926,395.2726059682742,515.9728253149663,583.9466550132449,611.5843221237557,320.0,366.7870095905062,422.252459230254,454.81176703238907,482.04983998567064,576.6679125455169,634.0108360399274,593.8251759329337,538.9466491208271,577.1780533436317,640.0,585.3007969138097,530.4592944460378,564.2259934503355,629.9196874052002,577.2133382892392,524.8393799871823,535.2880309695802,588.3599851322823,558.9262940142942,521.147216289055,320.0,456.45197975576485,538.3282799925136,602.4925183928872,640.0,388.104725134148,511.1488005309963,590.7008186836616,627.7676968227047,371.42501895726366,528.7939321320313,610.1691817601217,629.7585626052779,375.1589110716208,519.2331579424664,599.1297680171185,622.1606225314556,401.2640491171607,516.2119123007076,582.9356765090079,609.1754159503425,320.0,365.32826858623457,419.61600773465295,452.0976910480321,475.7099771994008,575.9145411167726,634.5020740180423,594.1860576106429,538.2832375311308,573.8931035243681,640.0,581.4332406358715,524.1224181259375,557.4390662582437,627.6832630875081,573.1978879553,520.4194735488929,524.7393839681458,584.1399586274069,555.2967644497451,518.8034894205323,320.0,454.2689764334003,531.5913152686983,595.4126787771712,640.0,386.5791256481876,511.68175895202273,590.4827592711063,625.0208661782435,370.28153229267036,530.3715672975509,611.8457018816498,631.8191377827936,374.5906378055854,523.3030649311456,602.3258204612722,624.6050201431318,400.3498287480136,519.5496363547769,584.127054984541,608.5494901736412,320.0,366.9517484921564,421.43002716867653,450.65844600514595,473.7690153757135,578.5944128210253,635.0989290289626,590.9099476821835,533.8684505735124,577.6283240775523,640.0,580.059332237405,523.217630502916,563.5397902662448,629.587125531413,572.9848493646682,518.2930445207609,533.7895190676627,588.334889524155,555.4163405688927,514.3473736517794,320.0,454.83423567412706,532.1631579556038,595.4258897617299,640.0,388.90222945898165,515.162120464603,594.3743251065177,627.8725397321027,372.4155272004737,532.0508823377791,613.6231957349378,632.9286432389321,376.2349053683936,525.6524265979527,603.7968211181656,624.554701139672,401.11204608788665,520.9181589542843,584.8122686201997,607.848465550222,320.0,366.9967090825344,421.62225000174374,451.76508031476453,475.4269086430048,578.3140448214745,633.647379704812,588.2745791286238,529.7398033612876,578.1063855785533,640.0,579.2953008777932,521.1441821751055,564.8948929166612,631.6472541544636,574.0162755618314,518.6983167211622,535.9013804596641,592.071469664995,558.9170843282424,517.4726973200684
320.0,457.42474670104747,537.3027076902524,600.3667769637283,640.0,384.8666797848141,510.27037467601997,592.3069871840528,628.8676986544242,366.6219281503774,526.3824857440745,610.2063210960333,631.9795485667216,369.5804808404628,519.7175010975383,601.7074355349689,626.8803717505926,395.2726059682742,515.9728253149663,583.9466550132449,611.5843221237557,320.0,366.7870095905062,422.252459230254,454.81176703238907,482.04983998567064,576.6679125455169,634.0108360399274,593.8251759329337,538.9466491208271,577.1780533436317,640.0,585.3007969138097,530.4592944460378,564.2259934503355,629.9196874052002,577.2133382892392,524.8393799871823,535.2880309695802,588.3599851322823,558.9262940142942,521.147216289055,320.0,456.45197975576485,538.3282799925136,602.4925183928872,640.0,388.104725134148,511.1488005309963,590.7008186836616,627.7676968227047,371.42501895726366,528.7939321320313,610.1691817601217,629.7585626052779,375.1589110716208,519.2331579424664,599.1297680171185,622.1606225314556,401.2640491171607,516.2119123007076,582.9356765090079,609.1754159503425,320.0,365.32826858623457,419.61600773465295,452.0976910480321,475.7099771994008,575.9145411167726,634.5020740180423,594.1860576106429,538.2832375311308,573.8931035243681,640.0,581.4332406358715,524.1224181259375,557.4390662582437,627.6832630875081,573.1978879553,520.4194735488929,524.7393839681458,584.1399586274069,555.2967644497451,518.8034894205323,320.0,454.2689764334003,531.5913152686983,595.4126787771712,640.0,386.5791256481876,511.68175895202273,590.4827592711063,625.0208661782435,370.28153229267036,530.3715672975509,611.8457018816498,631.8191377827936,374.5906378055854,523.3030649311456,602.3258204612722,624.6050201431318,400.3498287480136,519.5496363547769,584.127054984541,608.5494901736412,320.0,366.9517484921564,421.43002716867653,450.65844600514595,473.7690153757135,578.5944128210253,635.0989290289626,590.9099476821835,533.8684505735124,577.6283240775523,640.0,580.059332237405,523.217630502916,563.5397902662448,629.587125531413,572.9848493646682,518.2930445207609,533.7895190676627,588.334889524155,555.4163405688927,514.3473736517794,320.0,454.83423567412706,532.1631579556038,595.4258897617299,640.0,388.90222945898165,515.162120464603,594.3743251065177,627.8725397321027,372.4155272004737,532.0508823377791,613.6231957349378,632.9286432389321,376.2349053683936,525.6524265979527,603.7968211181656,624.554701139672,401.11204608788665,520.9181589542843,584.8122686201997,607.848465550222,320.0,366.9967090825344,421.62225000174374,451.76508031476453,475.4269086430048,578.3140448214745,633.647379704812,588.2745791286238,529.7398033612876,578.1063855785533,640.0,579.2953008777932,521.1441821751055,564.8948929166612,631.6472541544636,574.0162755618314,518.6983167211622,535.9013804596641,592.071469664995,558.9170843282424,517.4726973200684,320.0,457.6645848945967,538.6191940198705,601.5619000662771,640.0,387.9284996158455,517.5961813744736,597.1807353319343,630.7400299998858,371.05282744394907,532.8333824930307,615.050302381364,633.8162902766582,374.6756857974681,525.2169242201625,604.2470040478975,625.2483417954959,399.4895372543213,518.7841421974109,583.802975809097,607.4528096440694,320.0,366.7242570978797,420.84289448654494,453.47451035410484,480.0343314345134,578.577514973581,633.6401017563912,587.477856843695,527.6515359396889,577.6671542665679,640.0,579.0996663826345,520.1662928859243,563.4418913649426,630.3597166831378,573.7555989741834,519.2388489891414,532.9909818088787,590.2933645837417,558.0920470324147,518.3350904810734
320.0,456.45197975576485,538.3282799925136,602.4925183928872,640.0,388.104725134148,511.1488005309963,590.7008186836616,627.7676968227047,371.42501895726366,528.7939321320313,610.1691817601217,629.7585626052779,375.1589110716208,519.2331579424664,599.1297680171185,622.1606225314556,401.2640491171607,516.2119123007076,582.9356765090079,609.1754159503425,320.0,365.32826858623457,419.61600773465295,452.0976910480321,475.7099771994008,575.9145411167726,634.5020740180423,594.1860576106429,538.2832375311308,573.8931035243681,640.0,581.4332406358715,524.1224181259375,557.4390662582437,627.6832630875081,573.1978879553,520.4194735488929,524.7393839681458,584.1399586274069,555.2967644497451,518.8034894205323,320.0,454.2689764334003,531.5913152686983,595.4126787771712,640.0,386.5791256481876,511.68175895202273,590.4827592711063,625.0208661782435,370.28153229267036,530.3715672975509,611.8457018816498,631.8191377827936,374.5906378055854,523.3030649311456,602.3258204612722,624.6050201431318,400.3498287480136,519.5496363547769,584.127054984541,608.5494901736412,320.0,366.9517484921564,421.43002716867653,450.65844600514595,473.7690153757135,578.5944128210253,635.0989290289626,590.9099476821835,533.8684505735124,577.6283240775523,640.0,580.059332237405,523.217630502916,563.5397902662448,629.587125531413,572.9848493646682,518.2930445207609,533.7895190676627,588.334889524155,555.4163405688927,514.3473736517794,320.0,454.83423567412706,532.1631579556038,595.4258897617299,640.0,388.90222945898165,515.162120464603,594.3743251065177,627.8725397321027,372.4155272004737,532.0508823377791,613.6231957349378,632.9286432389321,376.2349053683936,525.6524265979527,603.7968211181656,624.554701139672,401.11204608788665,520.9181589542843,584.8122686201997,607.848465550222,320.0,366.9967090825344,421.62225000174374,451.76508031476453,475.4269086430048,578.3140448214745,633.647379704812,588.2745791286238,529.7398033612876,578.1063855785533,640.0,579.2953008777932,521.1441821751055,564.8948929166612,631.6472541544636,574.0162755618314,518.6983167211622,535.9013804596641,592.071469664995,558.9170843282424,517.4726973200684,320.0,457.6645848945967,538.6191940198705,601.5619000662771,640.0,387.9284996158455,517.5961813744736,597.1807353319343,630.7400299998858,371.05282744394907,532.8333824930307,615.050302381364,633.8162902766582,374.6756857974681,525.2169242201625,604.2470040478975,625.2483417954959,399.4895372543213,518.7841421974109,583.802975809097,607.4528096440694,320.0,366.7242570978797,420.84289448654494,453.47451035410484,480.0343314345134,578.577514973581,633.6401017563912,587.477856843695,527.6515359396889,577.6671542665679,640.0,579.0996663826345,520.1662928859243,563.4418913649426,630.3597166831378,573.7555989741834,519.2388489891414,532.9909818088787,590.2933645837417,558.0920470324147,518.3350904810734,320.0,455.8064580400205,534.7713378338045,596.9060099064022,640.0,388.2217615357863,512.982476490098,590.0744153914773,619.8767745978842,372.35990276267853,527.9843100957598,606.4337681710913,622.2525120594834,377.30719375086676,522.3406158745076,600.0650116279597,620.1737181084291,403.1350928451504,519.3431529377045,583.4504414560979,606.1025473803111,320.0,367.35732000916954,419.48320804760687,450.09207904462676,477.98419812813063,577.6570203399571,634.5621811022723,592.6912245361559,536.5696640157335,576.4422449570204,640.0,585.6969098492526,533.4150983908728,562.2800999519741,629.4151315837244,578.7354560853388,529.035550581238,532.1083788092687,588.8411856901469,558.9309412351682,520.6568450402101
320.0,454.2689764334003,531.5913152686983,595.4126787771712,640.0,386.5791256481876,511.68175895202273,590.4827592711063,625.0208661782435,370.28153229267036,530.3715672975509,611.8457018816498,631.8191377827936,374.5906378055854,523.3030649311456,602.3258204612722,624.6050201431318,400.3498287480136,519.5496363547769,584.127054984541,608.5494901736412,320.0,366.9517484921564,421.43002716867653,450.65844600514595,473.7690153757135,578.5944128210253,635.0989290289626,590.9099476821835,533.8684505735124,577.6283240775523,640.0,580.059332237405,523.217630502916,563.5397902662448,629.587125531413,572.9848493646682,518.2930445207609,533.7895190676627,588.334889524155,555.4163405688927,514.3473736517794,320.0,454.83423567412706,532.1631579556038,595.4258897617299,640.0,388.90222945898165,515.162120464603,594.3743251065177,627.8725397321027,372.4155272004737,532.0508823377791,613.6231957349378,632.9286432389321,376.2349053683936,525.6524265979527,603.7968211181656,624.554701139672,401.11204608788665,520.9181589542843,584.8122686201997,607.848465550222,320.0,366.9967090825344,421.62225000174374,451.76508031476453,475.4269086430048,578.3140448214745,633.647379704812,588.2745791286238,529.7398033612876,578.1063855785533,640.0,579.2953008777932,521.1441821751055,564.8948929166612,631.6472541544636,574.0162755618314,518.6983167211622,535.9013804596641,592.071469664995,558.9170843282424,517.4726973200684,320.0,457.6645848945967,538.6191940198705,601.5619000662771,640.0,387.9284996158455,517.5961813744736,597.1807353319343,630.7400299998858,371.05282744394907,532.8333824930307,615.050302381364,633.8162902766582,374.6756857974681,525.2169242201625,604.2470040478975,625.2483417954959,399.4895372543213,518.7841421974109,583.802975809097,607.4528096440694,320.0,366.7242570978797,420.84289448654494,453.47451035410484,480.0343314345134,578.577514973581,633.6401017563912,587.477856843695,527.6515359396889,577.6671542665679,640.0,579.0996663826345,520.1662928859243,563.4418913649426,630.3597166831378,573.7555989741834,519.2388489891414,532.9909818088787,590.2933645837417,558.0920470324147,518.3350904810734,320.0,455.8064580400205,534.7713378338045,596.9060099064022,640.0,388.2217615357863,512.982476490098,590.0744153914773,619.8767745978842,372.35990276267853,527.9843100957598,606.4337681710913,622.2525120594834,377.30719375086676,522.3406158745076,600.0650116279597,620.1737181084291,403.1350928451504,519.3431529377045,583.4504414560979,606.1025473803111,320.0,367.35732000916954,419.48320804760687,450.09207904462676,477.98419812813063,577.6570203399571,634.5621811022723,592.6912245361559,536.5696640157335,576.4422449570204,640.0,585.6969098492526,533.4150983908728,562.2800999519741,629.4151315837244,578.7354560853388,529.035550581238,532.1083788092687,588.8411856901469,558.9309412351682,520.6568450402101,320.0,457.2498578424674,536.8607048529116,599.4201174848355,640.0,384.77654919652446,515.5401605548611,596.0288859297503,629.0858920019507,368.4437286588383,531.6204916827324,613.3540321646694,631.5702646915151,373.3277124839359,525.3163350726176,605.3711864413572,626.888374980114,400.0845371474964,520.9596424883318,586.4666028978097,610.4507886487161,320.0,367.5793071867871,422.5040418084458,454.5863960567317,479.8688346196858,579.5023565534407,632.9942402282726,586.9536965024988,527.2186231580827,578.0560484871644,640.0,580.1822733601991,522.8775391746508,563.9642846388435,631.7444725608711,575.9780034245045,522.5646196131286,534.032411306057,591.5150785154389,560.0543268896298,520.7948422682307
320.0,454.83423567412706,532.1631579556038,595.4258897617299,640.0,388.90222945898165,515.162120464603,594.3743251065177,627.8725397321027,372.4155272004737,532.0508823377791,613.6231957349378,632.9286432389321,376.2349053683936,525.6524265979527,603.7968211181656,624.554701139672,401.11204608788665,520.9181589542843,584.8122686201997,607.848465550222,320.0,366.9967090825344,421.62225000174374,451.76508031476453,475.4269086430048,578.3140448214745,633.647379704812,588.2745791286238,529.7398033612876,578.1063855785533,640.0,579.2953008777932,521.1441821751055,564.8948929166612,631.6472541544636,574.0162755618314,518.6983167211622,535.9013804596641,592.071469664995,558.9170843282424,517.4726973200684,320.0,457.6645848945967,538.6191940198705,601.5619000662771,640.0,387.9284996158455,517.5961813744736,597.1807353319343,630.7400299998858,371.05282744394907,532.8333824930307,615.050302381364,633.8162902766582,374.6756857974681,525.2169242201625,604.2470040478975,625.2483417954959,399.4895372543213,518.7841421974109,583.802975809097,607.4528096440694,320.0,366.7242570978797,420.84289448654494,453.47451035410484,480.0343314345134,578.577514973581,633.6401017563912,587.477856843695,527.6515359396889,577.6671542665679,640.0,579.0996663826345,520.1662928859243,563.4418913649426,630.3597166831378,573.7555989741834,519.2388489891414,532.9909818088787,590.2933645837417,558.0920470324147,518.3350904810734,320.0,455.8064580400205,534.7713378338045,596.9060099064022,640.0,388.2217615357863,512.982476490098,590.0744153914773,619.8767745978842,372.35990276267853,527.9843100957598,606.4337681710913,622.2525120594834,377.30719375086676,522.3406158745076,600.0650116279597,620.1737181084291,403.1350928451504,519.3431529377045,583.4504414560979,606.1025473803111,320.0,367.35732000916954,419.48320804760687,450.09207904462676,477.98419812813063,577.6570203399571,634.5621811022723,592.6912245361559,536.5696640157335,576.4422449570204,640.0,585.6969098492526,533.4150983908728,562.2800999519741,629.4151315837244,578.7354560853388,529.035550581238,532.1083788092687,588.8411856901469,558.9309412351682,520.6568450402101,320.0,457.2498578424674,536.8607048529116,599.4201174848355,640.0,384.77654919652446,515.5401605548611,596.0288859297503,629.0858920019507,368.4437286588383,531.6204916827324,613.3540321646694,631.5702646915151,373.3277124839359,525.3163350726176,605.3711864413572,626.888374980114,400.0845371474964,520.9596424883318,586.4666028978097,610.4507886487161,320.0,367.5793071867871,422.5040418084458,454.5863960567317,479.8688346196858,579.5023565534407,632.9942402282726,586.9536965024988,527.2186231580827,578.0560484871644,640.0,580.1822733601991,522.8775391746508,563.9642846388435,631.7444725608711,575.9780034245045,522.5646196131286,534.032411306057,591.5150785154389,560.0543268896298,520.7948422682307,320.0,457.68931909552555,538.3055575696521,600.884053827812,640.0,386.5420591767695,516.4392941525585,595.7826253514983,629.6698776085651,370.54037431638983,533.0231251433603,613.6076262850073,632.0534018552036,375.2220734095722,525.1975334813645,603.99696772548,625.8458451536656,401.34822021804797,520.6523934283332,585.0483261342827,609.1047816013563,320.0,367.57407311373794,422.53808381788565,455.3492933089175,481.25531122577814,580.4222712775424,632.6030576503672,587.0498575725018,527.9911481524817,578.5159760889626,640.0,579.9994840244323,522.4287022093918,563.7335992084205,631.8944928989514,576.4288080104425,523.0192701238941,533.1485689104916,591.0175533324594,560.037004308396,521.1962815360749
320.0,457.6645848945967,538.6191940198705,601.5619000662771,640.0,387.9284996158455,517.5961813744736,597.1807353319343,630.7400299998858,371.05282744394907,532.8333824930307,615.050302381364,633.8162902766582,374.6756857974681,525.2169242201625,604.2470040478975,625.2483417954959,399.4895372543213,518.7841421974109,583.802975809097,607.4528096440694,320.0,366.7242570978797,420.84289448654494,453.47451035410484,480.0343314345134,578.577514973581,633.6401017563912,587.477856843695,527.6515359396889,577.6671542665679,640.0,579.0996663826345,520.1662928859243,563.4418913649426,630.3597166831378,573.7555989741834,519.2388489891414,532.9909818088787,590.2933645837417,558.0920470324147,518.3350904810734,320.0,455.8064580400205,534.7713378338045,596.9060099064022,640.0,388.2217615357863,512.982476490098,590.0744153914773,619.8767745978842,372.35990276267853,527.9843100957598,606.4337681710913,622.2525120594834,377.30719375086676,522.3406158745076,600.0650116279597,620.1737181084291,403.1350928451504,519.3431529377045,583.4504414560979,606.1025473803111,320.0,367.35732000916954,419.48320804760687,450.09207904462676,477.98419812813063,577.6570203399571,634.5621811022723,592.6912245361559,536.5696640157335,576.4422449570204,640.0,585.6969098492526,533.4150983908728,562.2800999519741,629.4151315837244,578.7354560853388,529.035550581238,532.1083788092687,588.8411856901469,558.9309412351682,520.6568450402101,320.0,457.2498578424674,536.8607048529116,599.4201174848355,640.0,384.77654919652446,515.5401605548611,596.0288859297503,629.0858920019507,368.4437286588383,531.6204916827324,613.3540321646694,631.5702646915151,373.3277124839359,525.3163350726176,605.3711864413572,626.888374980114,400.0845371474964,520.9596424883318,586.4666028978097,610.4507886487161,320.0,367.5793071867871,422.5040418084458,454.5863960567317,479.8688346196858,579.5023565534407,632.9942402282726,586.9536965024988,527.2186231580827,578.0560484871644,640.0,580.1822733601991,522.8775391746508,563.9642846388435,631.7444725608711,575.9780034245045,522.5646196131286,534.032411306057,591.5150785154389,560.0543268896298,520.7948422682307,320.0,457.68931909552555,538.3055575696521,600.884053827812,640.0,386.5420591767695,516.4392941525585,595.7826253514983,629.6698776085651,370.54037431638983,533.0231251433603,613.6076262850073,632.0534018552036,375.2220734095722,525.1975334813645,603.99696772548,625.8458451536656,401.34822021804797,520.6523934283332,585.0483261342827,609.1047816013563,320.0,367.57407311373794,422.53808381788565,455.3492933089175,481.25531122577814,580.4222712775424,632.6030576503672,587.0498575725018,527.9911481524817,578.5159760889626,640.0,579.9994840244323,522.4287022093918,563.7335992084205,631.8944928989514,576.4288080104425,523.0192701238941,533.1485689104916,591.0175533324594,560.037004308396,521.1962815360749,320.0,455.26088604162203,533.4222578163117,595.8506185828871,640.0,389.9233826810849,512.410631187464,589.4880405876747,622.8692710528746,373.94758909157434,528.5162503570418,608.1904837396858,629.1536288237153,377.7998726656591,524.8115356088083,602.7388714725586,625.6938208482748,402.4698566893188,521.3937116515608,585.7934469866841,610.6352406086042,320.0,365.90369953414296,418.92539337359335,450.26638364741507,476.2452166227301,580.7365751098326,633.277907256197,589.9549528280616,531.9882243901973,581.149283813099,640.0,582.9066487418783,526.8662054959566,568.2413989398981,631.8442920177217,577.0190560519238,523.35911524829,539.3480547908578,594.7370939666712,563.0333919920972,522.2461938561621
320.0,455.8064580400205,534.7713378338045,596.9060099064022,640.0,388.2217615357863,512.982476490098,590.0744153914773,619.8767745978842,372.35990276267853,527.9843100957598,606.4337681710913,622.2525120594834,377.30719375086676,522.3406158745076,600.0650116279597,620.1737181084291,403.1350928451504,519.3431529377045,583.4504414560979,606.1025473803111,320.0,367.35732000916954,419.48320804760687,450.09207904462676,477.98419812813063,577.6570203399571,634.5621811022723,592.6912245361559,536.5696640157335,576.4422449570204,640.0,585.6969098492526,533.4150983908728,562.2800999519741,629.4151315837244,578.7354560853388,529.035550581238,532.1083788092687,588.8411856901469,558.9309412351682,520.6568450402101,320.0,457.2498578424674,536.8607048529116,599.4201174848355,640.0,384.77654919652446,515.5401605548611,596.0288859297503,629.0858920019507,368.4437286588383,531.6204916827324,613.3540321646694,631.5702646915151,373.3277124839359,525.3163350726176,605.3711864413572,626.888374980114,400.0845371474964,520.9596424883318,586.4666028978097,610.4507886487161,320.0,367.5793071867871,422.5040418084458,454.5863960567317,479.8688346196858,579.5023565534407,632.9942402282726,586.9536965024988,527.2186231580827,578.0560484871644,640.0,580.1822733601991,522.8775391746508,563.9642846388435,631.7444725608711,575.9780034245045,522.5646196131286,534.032411306057,591.5150785154389,560.0543268896298,520.7948422682307,320.0,457.68931909552555,538.3055575696521,600.884053827812,640.0,386.5420591767695,516.4392941525585,595.7826253514983,629.6698776085651,370.54037431638983,533.0231251433603,613.6076262850073,632.0534018552036,375.2220734095722,525.1975334813645,603.99696772548,625.8458451536656,401.34822021804797,520.6523934283332,585.0483261342827,609.1047816013563,320.0,367.57407311373794,422.53808381788565,455.3492933089175,481.25531122577814,580.4222712775424,632.6030576503672,587.0498575725018,527.9911481524817,578.5159760889626,640.0,579.9994840244323,522.4287022093918,563.7335992084205,631.8944928989514,576.4288080104425,523.0192701238941,533.1485689104916,591.0175533324594,560.037004308396,521.1962815360749,320.0,455.26088604162203,533.4222578163117,595.8506185828871,640.0,389.9233826810849,512.410631187464,589.4880405876747,622.8692710528746,373.94758909157434,528.5162503570418,608.1904837396858,629.1536288237153,377.7998726656591,524.8115356088083,602.7388714725586,625.6938208482748,402.4698566893188,521.3937116515608,585.7934469866841,610.6352406086042,320.0,365.90369953414296,418.92539337359335,450.26638364741507,476.2452166227301,580.7365751098326,633.277907256197,589.9549528280616,531.9882243901973,581.149283813099,640.0,582.9066487418783,526.8662054959566,568.2413989398981,631.8442920177217,577.0190560519238,523.35911524829,539.3480547908578,594.7370939666712,563.0333919920972,522.2461938561621,320.0,456.0572801426864,533.4544462280679,595.5531579192065,640.0,390.0646047473592,513.0617800919764,590.4802895002033,621.655790661237,373.4836049735435,527.1036777409348,606.5877186047666,626.2995955165683,376.7353229835219,523.6347600337649,601.3468656800742,623.0033704010093,400.87939198209045,520.7478872954852,583.7818759486057,605.7398237174929,320.0,363.48570026834443,418.06275844050526,450.2191399887511,477.5399363912434,579.8438461960059,631.9352993480022,588.0920193199493,529.885867138899,581.0292230994396,640.0,581.982598849253,526.0492917313405,569.1052151837306,633.0527360970914,575.969299223488,521.3563127992802,540.9811413924646,596.4073663558951,561.7536307382372,518.5515252745569
320.0,457.2498578424674,536.8607048529116,599.4201174848355,640.0,384.77654919652446,515.5401605548611,596.0288859297503,629.0858920019507,368.4437286588383,531.6204916827324,613.3540321646694,631.5702646915151,373.3277124839359,525.3163350726176,605.3711864413572,626.888374980114,400.0845371474964,520.9596424883318,586.4666028978097,610.4507886487161,320.0,367.5793071867871,422.5040418084458,454.5863960567317,479.8688346196858,579.5023565534407,632.9942402282726,586.9536965024988,527.2186231580827,578.0560484871644,640.0,580.1822733601991,522.8775391746508,563.9642846388435,631.7444725608711,575.9780034245045,522.5646196131286,534.032411306057,591.5150785154389,560.0543268896298,520.7948422682307,320.0,457.68931909552555,538.3055575696521,600.884053827812,640.0,386.5420591767695,516.4392941525585,595.7826253514983,629.6698776085651,370.54037431638983,533.0231251433603,613.6076262850073,632.0534018552036,375.2220734095722,525.1975334813645,603.99696772548,625.8458451536656,401.34822021804797,520.6523934283332,585.0483261342827,609.1047816013563,320.0,367.57407311373794,422.53808381788565,455.3492933089175,481.25531122577814,580.4222712775424,632.6030576503672,587.0498575725018,527.9911481524817,578.5159760889626,640.0,579.9994840244323,522.4287022093918,563.7335992084205,631.8944928989514,576.4288080104425,523.0192701238941,533.1485689104916,591.0175533324594,560.037004308396,521.1962815360749,320.0,455.26088604162203,533.4222578163117,595.8506185828871,640.0,389.9233826810849,512.410631187464,589.4880405876747,622.8692710528746,373.94758909157434,528.5162503570418,608.1904837396858,629.1536288237153,377.7998726656591,524.8115356088083,602.7388714725586,625.6938208482748,402.4698566893188,521.3937116515608,585.7934469866841,610.6352406086042,320.0,365.90369953414296,418.92539337359335,450.26638364741507,476.2452166227301,580.7365751098326,633.277907256197,589.9549528280616,531.9882243901973,581.149283813099,640.0,582.9066487418783,526.8662054959566,568.2413989398981,631.8442920177217,577.0190560519238,523.35911524829,539.3480547908578,594.7370939666712,563.0333919920972,522.2461938561621,320.0,456.0572801426864,533.4544462280679,595.5531579192065,640.0,390.0646047473592,513.0617800919764,590.4802895002033,621.655790661237,373.4836049735435,527.1036777409348,606.5877186047666,626.2995955165683,376.7353229835219,523.6347600337649,601.3468656800742,623.0033704010093,400.87939198209045,520.7478872954852,583.7818759486057,605.7398237174929,320.0,363.48570026834443,418.06275844050526,450.2191399887511,477.5399363912434,579.8438461960059,631.9352993480022,588.0920193199493,529.885867138899,581.0292230994396,640.0,581.982598849253,526.0492917313405,569.1052151837306,633.0527360970914,575.969299223488,521.3563127992802,540.9811413924646,596.4073663558951,561.7536307382372,518.5515252745569,320.0,456.74475138878836,534.8746205134107,596.8215547777969,640.0,391.0694562504699,517.9424786922098,596.6327533335658,628.2698636700538,372.76184398281066,531.6622223153938,612.6906161062161,631.8953416251106,374.3211491118991,525.442288709547,603.4134149731333,624.1023636665263,396.74459416175716,515.9694487721073,581.3180987059208,605.7039951187054,320.0,366.13668001992346,421.32959271857266,452.85071456242895,478.83362636707693,579.7437196412075,632.6063542203244,586.5903217978791,526.3320831506308,580.2686260903622,640.0,579.1130656154347,520.3486604881247,567.8791310307835,632.6485851365906,573.4301125164433,517.2513292947182,539.4739015491764,597.2400904218409,564.1129166152261,522.2553523003503
320.0,457.68931909552555,538.3055575696521,600.884053827812,640.0,386.5420591767695,516.4392941525585,595.7826253514983,629.6698776085651,370.54037431638983,533.0231251433603,613.6076262850073,632.0534018552036,375.2220734095722,525.1975334813645,603.99696772548,625.8458451536656,401.34822021804797,520.6523934283332,585.0483261342827,609.1047816013563,320.0,367.57407311373794,422.53808381788565,455.3492933089175,481.25531122577814,580.4222712775424,632.6030576503672,587.0498575725018,527.9911481524817,578.5159760889626,640.0,579.9994840244323,522.4287022093918,563.7335992084205,631.8944928989514,576.4288080104425,523.0192701238941,533.1485689104916,591.0175533324594,560.037004308396,521.1962815360749,320.0,455.26088604162203,533.4222578163117,595.8506185828871,640.0,389.9233826810849,512.410631187464,589.4880405876747,622.8692710528746,373.94758909157434,528.5162503570418,608.1904837396858,629.1536288237153,377.7998726656591,524.8115356088083,602.7388714725586,625.6938208482748,402.4698566893188,521.3937116515608,585.7934469866841,610.6352406086042,320.0,365.90369953414296,418.92539337359335,450.26638364741507,476.2452166227301,580.7365751098326,633.277907256197,589.9549528280616,531.9882243901973,581.149283813099,640.0,582.9066487418783,526.8662054959566,568.2413989398981,631.8442920177217,577.0190560519238,523.35911524829,539.3480547908578,594.7370939666712,563.0333919920972,522.2461938561621,320.0,456.0572801426864,533.4544462280679,595.5531579192065,640.0,390.0646047473592,513.0617800919764,590.4802895002033,621.655790661237,373.4836049735435,527.1036777409348,606.5877186047666,626.2995955165683,376.7353229835219,523.6347600337649,601.3468656800742,623.0033704010093,400.87939198209045,520.7478872954852,583.7818759486057,605.7398237174929,320.0,363.48570026834443,418.06275844050526,450.2191399887511,477.5399363912434,579.8438461960059,631.9352993480022,588.0920193199493,529.885867138899,581.0292230994396,640.0,581.982598849253,526.0492917313405,569.1052151837306,633.0527360970914,575.969299223488,521.3563127992802,540.9811413924646,596.4073663558951,561.7536307382372,518.5515252745569,320.0,456.74475138878836,534.8746205134107,596.8215547777969,640.0,391.0694562504699,517.9424786922098,596.6327533335658,628.2698636700538,372.76184398281066,531.6622223153938,612.6906161062161,631.8953416251106,374.3211491118991,525.442288709547,603.4134149731333,624.1023636665263,396.74459416175716,515.9694487721073,581.3180987059208,605.7039951187054,320.0,366.13668001992346,421.32959271857266,452.85071456242895,478.83362636707693,579.7437196412075,632.6063542203244,586.5903217978791,526.3320831506308,580.2686260903622,640.0,579.1130656154347,520.3486604881247,567.8791310307835,632.6485851365906,573.4301125164433,517.2513292947182,539.4739015491764,597.2400904218409,564.1129166152261,522.2553523003503,320.0,457.3010769349965,537.1277859559412,599.9084476124067,640.0,379.86376901423,514.9537718550657,598.9734252731076,633.0607422328969,364.751168616513,532.7246197154,616.7889517316185,635.1112445443041,370.6469357712869,525.1599907027195,605.7725136230986,627.0678701479817,398.7744376436559,520.6858035691228,586.3594690219777,610.4815862193641,320.0,366.3030448915902,421.82127612851866,454.8182260637484,479.5924800964534,580.7312342891048,632.7563653869909,588.7092493293342,530.4835656513509,579.4707520009122,640.0,579.0434684377947,520.1204823093076,565.4862736527825,632.7125306035834,575.3040826948679,521.1310472100195,535.5061534449685,594.2385976247713,562.5187686142107,523.2813164793237
320.0,455.26088604162203,533.4222578163117,595.8506185828871,640.0,389.9233826810849,512.410631187464,589.4880405876747,622.8692710528746,373.94758909157434,528.5162503570418,608.1904837396858,629.1536288237153,377.7998726656591,524.8115356088083,602.7388714725586,625.6938208482748,402.4698566893188,521.3937116515608,585.7934469866841,610.6352406086042,320.0,365.90369953414296,418.92539337359335,450.26638364741507,476.2452166227301,580.7365751098326,633.277907256197,589.9549528280616,531.9882243901973,581.149283813099,640.0,582.9066487418783,526.8662054959566,568.2413989398981,631.8442920177217,577.0190560519238,523.35911524829,539.3480547908578,594.7370939666712,563.0333919920972,522.2461938561621,320.0,456.0572801426864,533.4544462280679,595.5531579192065,640.0,390.0646047473592,513.0617800919764,590.4802895002033,621.655790661237,373.4836049735435,527.1036777409348,606.5877186047666,626.2995955165683,376.7353229835219,523.6347600337649,601.3468656800742,623.0033704010093,400.87939198209045,520.7478872954852,583.7818759486057,605.7398237174929,320.0,363.48570026834443,418.06275844050526,450.2191399887511,477.5399363912434,579.8438461960059,631.9352993480022,588.0920193199493,529.885867138899,581.0292230994396,640.0,581.982598849253,526.0492917313405,569.1052151837306,633.0527360970914,575.969299223488,521.3563127992802,540.9811413924646,596.4073663558951,561.7536307382372,518.5515252745569,320.0,456.74475138878836,534.8746205134107,596.8215547777969,640.0,391.0694562504699,517.9424786922098,596.6327533335658,628.2698636700538,372.76184398281066,531.6622223153938,612.6906161062161,631.8953416251106,374.3211491118991,525.442288709547,603.4134149731333,624.1023636665263,396.74459416175716,515.9694487721073,581.3180987059208,605.7039951187054,320.0,366.13668001992346,421.32959271857266,452.85071456242895,478.83362636707693,579.7437196412075,632.6063542203244,586.5903217978791,526.3320831506308,580.2686260903622,640.0,579.1130656154347,520.3486604881247,567.8791310307835,632.6485851365906,573.4301125164433,517.2513292947182,539.4739015491764,597.2400904218409,564.1129166152261,522.2553523003503,320.0,457.3010769349965,537.1277859559412,599.9084476124067,640.0,379.86376901423,514.9537718550657,598.9734252731076,633.0607422328969,364.751168616513,532.7246197154,616.7889517316185,635.1112445443041,370.6469357712869,525.1599907027195,605.7725136230986,627.0678701479817,398.7744376436559,520.6858035691228,586.3594690219777,610.4815862193641,320.0,366.3030448915902,421.82127612851866,454.8182260637484,479.5924800964534,580.7312342891048,632.7563653869909,588.7092493293342,530.4835656513509,579.4707520009122,640.0,579.0434684377947,520.1204823093076,565.4862736527825,632.7125306035834,575.3040826948679,521.1310472100195,535.5061534449685,594.2385976247713,562.5187686142107,523.2813164793237,320.0,457.2984895280532,538.6459618222558,602.1211628625977,640.0,383.3100340087269,514.3361286148217,596.3557433950718,631.1398820053356,368.5710916259486,533.5434416066653,616.6338691221797,635.3985268197218,374.05876784501964,524.7559945560538,605.0920657990775,627.1873476061617,401.31445163716796,520.5287129912062,586.7419512148479,612.2702976640117,320.0,366.3950210599637,421.1608323664824,455.0143367929211,480.41890201558135,580.4322008268025,631.731722301432,588.6048788301262,530.3194981437515,579.1721226567695,640.0,580.0004004396405,520.9256899943833,564.9694137879799,632.960102512548,576.9537713510729,522.6658742176937,534.955746150774,595.0169712642406,564.8230636372355,526.0007355443925
320.0,456.0572801426864,533.4544462280679,595.5531579192065,640.0,390.0646047473592,513.0617800919764,590.4802895002033,621.655790661237,373.4836049735435,527.1036777409348,606.5877186047666,626.2995955165683,376.7353229835219,523.6347600337649,601.3468656800742,623.0033704010093,400.87939198209045,520.7478872954852,583.7818759486057,605.7398237174929,320.0,363.48570026834443,418.06275844050526,450.2191399887511,477.5399363912434,579.8438461960059,631.9352993480022,588.0920193199493,529.885867138899,581.0292230994396,640.0,581.982598849253,526.0492917313405,569.1052151837306,633.0527360970914,575.969299223488,521.3563127992802,540.9811413924646,596.4073663558951,561.7536307382372,518.5515252745569,320.0,456.74475138878836,534.8746205134107,596.8215547777969,640.0,391.0694562504699,517.9424786922098,596.6327533335658,628.2698636700538,372.76184398281066,531.6622223153938,612.6906161062161,631.8953416251106,374.3211491118991,525.442288709547,603.4134149731333,624.1023636665263,396.74459416175716,515.9694487721073,581.3180987059208,605.7039951187054,320.0,366.13668001992346,421.32959271857266,452.85071456242895,478.83362636707693,579.7437196412075,632.6063542203244,586.5903217978791,526.3320831506308,580.2686260903622,640.0,579.1130656154347,520.3486604881247,567.8791310307835,632.6485851365906,573.4301125164433,517.2513292947182,539.4739015491764,597.2400904218409,564.1129166152261,522.2553523003503,320.0,457.3010769349965,537.1277859559412,599.9084476124067,640.0,379.86376901423,514.9537718550657,598.9734252731076,633.0607422328969,364.751168616513,532.7246197154,616.7889517316185,635.1112445443041,370.6469357712869,525.1599907027195,605.7725136230986,627.0678701479817,398.7744376436559,520.6858035691228,586.3594690219777,610.4815862193641,320.0,366.3030448915902,421.82127612851866,454.8182260637484,479.5924800964534,580.7312342891048,632.7563653869909,588.7092493293342,530.4835656513509,579.4707520009122,640.0,579.0434684377947,520.1204823093076,565.4862736527825,632.7125306035834,575.3040826948679,521.1310472100195,535.5061534449685,594.2385976247713,562.5187686142107,523.2813164793237,320.0,457.2984895280532,538.6459618222558,602.1211628625977,640.0,383.3100340087269,514.3361286148217,596.3557433950718,631.1398820053356,368.5710916259486,533.5434416066653,616.6338691221797,635.3985268197218,374.05876784501964,524.7559945560538,605.0920657990775,627.1873476061617,401.31445163716796,520.5287129912062,586.7419512148479,612.2702976640117,320.0,366.3950210599637,421.1608323664824,455.0143367929211,480.41890201558135,580.4322008268025,631.731722301432,588.6048788301262,530.3194981437515,579.1721226567695,640.0,580.0004004396405,520.9256899943833,564.9694137879799,632.960102512548,576.9537713510729,522.6658742176937,534.955746150774,595.0169712642406,564.8230636372355,526.0007355443925,320.0,459.2894404808517,539.9763945235617,602.4404691578361,640.0,382.40452463836726,515.2158546218789,596.7763161343471,630.6832321679658,366.07943843644165,532.4405780317452,613.6379974781577,630.8640757633372,369.9111548578127,524.7994683727343,603.369461997562,623.369292638148,395.17622451896887,516.9102229777982,583.2274984848381,607.7264829332082,320.0,368.867753089499,423.31245440688724,457.5807306893269,487.0746719079316,582.9369349327329,632.2339376834459,587.7987770675461,528.9425357023301,580.7276984451378,640.0,579.2935125079363,520.5595273984059,565.8299366657005,631.8829793726916,575.2942279944949,521.5547406665069,534.9820454619314,593.7572899440584,563.0017250412634,524.669146914385
320.0,456.74475138878836,534.8746205134107,596.8215547777969,640.0,391.0694562504699,517.9424786922098,596.6327533335658,628.2698636700538,372.76184398281066,531.6622223153938,612.6906161062161,631.8953416251106,374.3211491118991,525.442288709547,603.4134149731333,624.1023636665263,396.74459416175716,515.9694487721073,581.3180987059208,605.7039951187054,320.0,366.13668001992346,421.32959271857266,452.85071456242895,478.83362636707693,579.7437196412075,632.6063542203244,586.5903217978791,526.3320831506308,580.2686260903622,640.0,579.1130656154347,520.3486604881247,567.8791310307835,632.6485851365906,573.4301125164433,517.2513292947182,539.4739015491764,597.2400904218409,564.1129166152261,522.2553523003503,320.0,457.3010769349965,537.1277859559412,599.9084476124067,640.0,379.86376901423,514.9537718550657,598.9734252731076,633.0607422328969,364.751168616513,532.7246197154,616.7889517316185,635.1112445443041,370.6469357712869,525.1599907027195,605.7725136230986,627.0678701479817,398.7744376436559,520.6858035691228,586.3594690219777,610.4815862193641,320.0,366.3030448915902,421.82127612851866,454.8182260637484,479.5924800964534,580.7312342891048,632.7563653869909,588.7092493293342,530.4835656513509,579.4707520009122,640.0,579.0434684377947,520.1204823093076,565.4862736527825,632.7125306035834,575.3040826948679,521.1310472100195,535.5061534449685,594.2385976247713,562.5187686142107,523.2813164793237,320.0,457.2984895280532,538.6459618222558,602.1211628625977,640.0,383.3100340087269,514.3361286148217,596.3557433950718,631.1398820053356,368.5710916259486,533.5434416066653,616.6338691221797,635.3985268197218,374.05876784501964,524.7559945560538,605.0920657990775,627.1873476061617,401.31445163716796,520.5287129912062,586.7419512148479,612.2702976640117,320.0,366.3950210599637,421.1608323664824,455.0143367929211,480.41890201558135,580.4322008268025,631.731722301432,588.6048788301262,530.3194981437515,579.1721226567695,640.0,580.0004004396405,520.9256899943833,564.9694137879799,632.960102512548,576.9537713510729,522.6658742176937,534.955746150774,595.0169712642406,564.8230636372355,526.0007355443925,320.0,459.2894404808517,539.9763945235617,602.4404691578361,640.0,382.40452463836726,515.2158546218789,596.7763161343471,630.6832321679658,366.07943843644165,532.4405780317452,613.6379974781577,630.8640757633372,369.9111548578127,524.7994683727343,603.369461997562,623.369292638148,395.17622451896887,516.9102229777982,583.2274984848381,607.7264829332082,320.0,368.867753089499,423.31245440688724,457.5807306893269,487.0746719079316,582.9369349327329,632.2339376834459,587.7987770675461,528.9425357023301,580.7276984451378,640.0,579.2935125079363,520.5595273984059,565.8299366657005,631.8829793726916,575.2942279944949,521.5547406665069,534.9820454619314,593.7572899440584,563.0017250412634,524.669146914385,320.0,458.2383641505124,536.2670475722689,598.0119140092595,640.0,383.88870218978013,512.9877286453615,592.6575596483942,625.563703958768,368.81713949064584,532.008894017037,613.6762955445358,632.2594221017624,374.1857482463369,528.1369967180597,607.0867915647568,627.182082351849,401.1183550365298,524.2185518819961,589.5561565405341,612.784260562138,320.0,366.4289276716384,421.25646348793407,454.09564427355104,481.5057601749186,581.981113982752,630.6326445854934,586.6330150333075,526.8520987101753,581.9033724131291,640.0,579.4970777386836,520.227610273158,568.844803616746,633.5027021439537,574.0787589893281,517.6956361929613,539.9380365688662,595.998103684985,561.7470654735029,519.7552840628996
320.0,457.3010769349965,537.1277859559412,599.9084476124067,640.0,379.86376901423,514.9537718550657,598.9734252731076,633.0607422328969,364.751168616513,532.7246197154,616.7889517316185,635.1112445443041,370.6469357712869,525.1599907027195,605.7725136230986,627.0678701479817,398.7744376436559,520.6858035691228,586.3594690219777,610.4815862193641,320.0,366.3030448915902,421.82127612851866,454.8182260637484,479.5924800964534,580.7312342891048,632.7563653869909,588.7092493293342,530.4835656513509,579.4707520009122,640.0,579.0434684377947,520.1204823093076,565.4862736527825,632.7125306035834,575.3040826948679,521.1310472100195,535.5061534449685,594.2385976247713,562.5187686142107,523.2813164793237,320.0,457.2984895280532,538.6459618222558,602.1211628625977,640.0,383.3100340087269,514.3361286148217,596.3557433950718,631.1398820053356,368.5710916259486,533.5434416066653,616.6338691221797,635.3985268197218,374.05876784501964,524.7559945560538,605.0920657990775,627.1873476061617,401.31445163716796,520.5287129912062,586.7419512148479,612.2702976640117,320.0,366.3950210599637,421.1608323664824,455.0143367929211,480.41890201558135,580.4322008268025,631.731722301432,588.6048788301262,530.3194981437515,579.1721226567695,640.0,580.0004004396405,520.9256899943833,564.9694137879799,632.960102512548,576.9537713510729,522.6658742176937,534.955746150774,595.0169712642406,564.8230636372355,526.0007355443925,320.0,459.2894404808517,539.9763945235617,602.4404691578361,640.0,382.40452463836726,515.2158546218789,596.7763161343471,630.6832321679658,366.07943843644165,532.4405780317452,613.6379974781577,630.8640757633372,369.9111548578127,524.7994683727343,603.369461997562,623.369292638148,395.17622451896887,516.9102229777982,583.2274984848381,607.7264829332082,320.0,368.867753089499,423.31245440688724,457.5807306893269,487.0746719079316,582.9369349327329,632.2339376834459,587.7987770675461,528.9425357023301,580.7276984451378,640.0,579.2935125079363,520.5595273984059,565.8299366657005,631.8829793726916,575.2942279944949,521.5547406665069,534.9820454619314,593.7572899440584,563.0017250412634,524.669146914385,320.0,458.2383641505124,536.2670475722689,598.0119140092595,640.0,383.88870218978013,512.9877286453615,592.6575596483942,625.563703958768,368.81713949064584,532.008894017037,613.6762955445358,632.2594221017624,374.1857482463369,528.1369967180597,607.0867915647568,627.182082351849,401.1183550365298,524.2185518819961,589.5561565405341,612.784260562138,320.0,366.4289276716384,421.25646348793407,454.09564427355104,481.5057601749186,581.981113982752,630.6326445854934,586.6330150333075,526.8520987101753,581.9033724131291,640.0,579.4970777386836,520.227610273158,568.844803616746,633.5027021439537,574.0787589893281,517.6956361929613,539.9380365688662,595.998103684985,561.7470654735029,519.7552840628996,320.0,458.20651877071873,536.6521561459078,599.1484095770234,640.0,381.5243741266478,515.6330017003581,595.6200207710815,627.2110098692538,366.34274676622965,534.8398015384953,614.7492539753099,630.0585856129362,371.80915322958424,531.3518545466143,607.4113611038574,623.6386071016368,398.25797204874226,524.5526542930556,587.6441806087403,607.6533741047206,320.0,367.55417487657525,421.9623618868079,455.2136750338478,482.84163651837457,583.2257602997752,632.0100065328605,585.7055962734291,524.8763122265482,583.7185126117871,640.0,577.4336693741393,517.1954356239723,571.4301704540076,633.4550205716725,572.2598121776307,515.8875169764954,543.0586621417052,597.1371974344058,560.9908908149664,518.6570290317795
320.0,457.2984895280532,538.6459618222558,602.1211628625977,640.0,383.3100340087269,514.3361286148217,596.3557433950718,631.1398820053356,368.5710916259486,533.5434416066653,616.6338691221797,635.3985268197218,374.05876784501964,524.7559945560538,605.0920657990775,627.1873476061617,401.31445163716796,520.5287129912062,586.7419512148479,612.2702976640117,320.0,366.3950210599637,421.1608323664824,455.0143367929211,480.41890201558135,580.4322008268025,631.731722301432,588.6048788301262,530.3194981437515,579.1721226567695,640.0,580.0004004396405,520.9256899943833,564.9694137879799,632.960102512548,576.9537713510729,522.6658742176937,534.955746150774,595.0169712642406,564.8230636372355,526.0007355443925,320.0,459.2894404808517,539.9763945235617,602.4404691578361,640.0,382.40452463836726,515.2158546218789,596.7763161343471,630.6832321679658,366.07943843644165,532.4405780317452,613.6379974781577,630.8640757633372,369.9111548578127,524.7994683727343,603.369461997562,623.369292638148,395.17622451896887,516.9102229777982,583.2274984848381,607.7264829332082,320.0,368.867753089499,423.31245440688724,457.5807306893269,487.0746719079316,582.9369349327329,632.2339376834459,587.7987770675461,528.9425357023301,580.7276984451378,640.0,579.2935125079363,520.5595273984059,565.8299366657005,631.8829793726916,575.2942279944949,521.5547406665069,534.9820454619314,593.7572899440584,563.0017250412634,524.669146914385,320.0,458.2383641505124,536.2670475722689,598.0119140092595,640.0,383.88870218978013,512.9877286453615,592.6575596483942,625.563703958768,368.81713949064584,532.008894017037,613.6762955445358,632.2594221017624,374.1857482463369,528.1369967180597,607.0867915647568,627.182082351849,401.1183550365298,524.2185518819961,589.5561565405341,612.784260562138,320.0,366.4289276716384,421.25646348793407,454.09564427355104,481.5057601749186,581.981113982752,630.6326445854934,586.6330150333075,526.8520987101753,581.9033724131291,640.0,579.4970777386836,520.227610273158,568.844803616746,633.5027021439537,574.0787589893281,517.6956361929613,539.9380365688662,595.998103684985,561.7470654735029,519.7552840628996,320.0,458.20651877071873,536.6521561459078,599.1484095770234,640.0,381.5243741266478,515.6330017003581,595.6200207710815,627.2110098692538,366.34274676622965,534.8398015384953,614.7492539753099,630.0585856129362,371.80915322958424,531.3518545466143,607.4113611038574,623.6386071016368,398.25797204874226,524.5526542930556,587.6441806087403,607.6533741047206,320.0,367.55417487657525,421.9623618868079,455.2136750338478,482.84163651837457,583.2257602997752,632.0100065328605,585.7055962734291,524.8763122265482,583.7185126117871,640.0,577.4336693741393,517.1954356239723,571.4301704540076,633.4550205716725,572.2598121776307,515.8875169764954,543.0586621417052,597.1371974344058,560.9908908149664,518.6570290317795,320.0,458.9123027060298,539.5069252001251,601.6771131221951,640.0,391.8259517464468,519.156551612994,596.7030195316873,628.4265459675199,375.8027385960538,536.3605405566017,616.1224113513974,633.8749144766759,379.2380203886424,526.3867883706776,604.2387769884259,625.9019702488042,403.7275319872482,521.5324599016873,586.485896055193,611.7026249978601,320.0,366.72933531648954,421.1847292050169,454.01170005879305,481.3273043837898,581.5330247466345,634.3588192114344,589.0606481270227,530.8770190830866,579.0826750874313,640.0,581.9790186014529,525.8112243861742,562.8954783669717,630.5514969549725,577.3241054498197,524.894590536188,530.6303888704108,588.9082978416427,560.6654246882899,523.2379816435842
320.0,459.2894404808517,539.9763945235617,602.4404691578361,640.0,382.40452463836726,515.2158546218789,596.7763161343471,630.6832321679658,366.07943843644165,532.4405780317452,613.6379974781577,630.8640757633372,369.9111548578127,524.7994683727343,603.369461997562,623.369292638148,395.17622451896887,516.9102229777982,583.2274984848381,607.7264829332082,320.0,368.867753089499,423.31245440688724,457.5807306893269,487.0746719079316,582.9369349327329,632.2339376834459,587.7987770675461,528.9425357023301,580.7276984451378,640.0,579.2935125079363,520.5595273984059,565.8299366657005,631.8829793726916,575.2942279944949,521.5547406665069,534.9820454619314,593.7572899440584,563.0017250412634,524.669146914385,320.0,458.2383641505124,536.2670475722689,598.0119140092595,640.0,383.88870218978013,512.9877286453615,592.6575596483942,625.563703958768,368.81713949064584,532.008894017037,613.6762955445358,632.2594221017624,374.1857482463369,528.1369967180597,607.0867915647568,627.182082351849,401.1183550365298,524.2185518819961,589.5561565405341,612.784260562138,320.0,366.4289276716384,421.25646348793407,454.09564427355104,481.5057601749186,581.981113982752,630.6326445854934,586.6330150333075,526.8520987101753,581.9033724131291,640.0,579.4970777386836,520.227610273158,568.844803616746,633.5027021439537,574.0787589893281,517.6956361929613,539.9380365688662,595.998103684985,561.7470654735029,519.7552840628996,320.0,458.20651877071873,536.6521561459078,599.1484095770234,640.0,381.5243741266478,515.6330017003581,595.6200207710815,627.2110098692538,366.34274676622965,534.8398015384953,614.7492539753099,630.0585856129362,371.80915322958424,531.3518545466143,607.4113611038574,623.6386071016368,398.25797204874226,524.5526542930556,587.6441806087403,607.6533741047206,320.0,367.55417487657525,421.9623618868079,455.2136750338478,482.84163651837457,583.2257602997752,632.0100065328605,585.7055962734291,524.8763122265482,583.7185126117871,640.0,577.4336693741393,517.1954356239723,571.4301704540076,633.4550205716725,572.2598121776307,515.8875169764954,543.0586621417052,597.1371974344058,560.9908908149664,518.6570290317795,320.0,458.9123027060298,539.5069252001251,601.6771131221951,640.0,391.8259517464468,519.156551612994,596.7030195316873,628.4265459675199,375.8027385960538,536.3605405566017,616.1224113513974,633.8749144766759,379.2380203886424,526.3867883706776,604.2387769884259,625.9019702488042,403.7275319872482,521.5324599016873,586.485896055193,611.7026249978601,320.0,366.72933531648954,421.1847292050169,454.01170005879305,481.3273043837898,581.5330247466345,634.3588192114344,589.0606481270227,530.8770190830866,579.0826750874313,640.0,581.9790186014529,525.8112243861742,562.8954783669717,630.5514969549725,577.3241054498197,524.894590536188,530.6303888704108,588.9082978416427,560.6654246882899,523.2379816435842,320.0,459.53763614014804,540.6158595476611,601.6099206068772,636.6702696523948,397.1821484993931,531.1631078976443,607.1074048887072,640.0,379.37831697701387,546.6972360504017,621.8886519079413,639.8970619640172,379.5516928047255,533.3396356620669,607.7355987733629,629.7406120596141,401.00481981402726,516.4700316931446,582.5414217852813,612.8546961810282,320.0,368.8477556095113,424.2451490418472,457.196357666341,483.599206928403,586.6610982614004,629.2136296662472,582.0992106572457,524.5128373404189,583.4151725548645,640.0,577.7838102168162,518.8255636678603,565.7963689594078,633.7203730121273,576.537311333871,521.431065948314,531.5965306846475,596.8765934144374,574.0894006044987,541.2747315499521
320.0,458.2383641505124,536.2670475722689,598.0119140092595,640.0,383.88870218978013,512.9877286453615,592.6575596483942,625.563703958768,368.81713949064584,532.008894017037,613.6762955445358,632.2594221017624,374.1857482463369,528.1369967180597,607.0867915647568,627.182082351849,401.1183550365298,524.2185518819961,589.5561565405341,612.784260562138,320.0,366.4289276716384,421.25646348793407,454.09564427355104,481.5057601749186,581.981113982752,630.6326445854934,586.6330150333075,526.8520987101753,581.9033724131291,640.0,579.4970777386836,520.227610273158,568.844803616746,633.5027021439537,574.0787589893281,517.6956361929613,539.9380365688662,595.998103684985,561.7470654735029,519.7552840628996,320.0,458.20651877071873,536.6521561459078,599.1484095770234,640.0,381.5243741266478,515.6330017003581,595.6200207710815,627.2110098692538,366.34274676622965,534.8398015384953,614.7492539753099,630.0585856129362,371.80915322958424,531.3518545466143,607.4113611038574,623.6386071016368,398.25797204874226,524.5526542930556,587.6441806087403,607.6533741047206,320.0,367.55417487657525,421.9623618868079,455.2136750338478,482.84163651837457,583.2257602997752,632.0100065328605,585.7055962734291,524.8763122265482,583.7185126117871,640.0,577.4336693741393,517.1954356239723,571.4301704540076,633.4550205716725,572.2598121776307,515.8875169764954,543.0586621417052,597.1371974344058,560.9908908149664,518.6570290317795,320.0,458.9123027060298,539.5069252001251,601.6771131221951,640.0,391.8259517464468,519.156551612994,596.7030195316873,628.4265459675199,375.8027385960538,536.3605405566017,616.1224113513974,633.8749144766759,379.2380203886424,526.3867883706776,604.2387769884259,625.9019702488042,403.7275319872482,521.5324599016873,586.485896055193,611.7026249978601,320.0,366.72933531648954,421.1847292050169,454.01170005879305,481.3273043837898,581.5330247466345,634.3588192114344,589.0606481270227,530.8770190830866,579.0826750874313,640.0,581.9790186014529,525.8112243861742,562.8954783669717,630.5514969549725,577.3241054498197,524.894590536188,530.6303888704108,588.9082978416427,560.6654246882899,523.2379816435842,320.0,459.53763614014804,540.6158595476611,601.6099206068772,636.6702696523948,397.1821484993931,531.1631078976443,607.1074048887072,640.0,379.37831697701387,546.6972360504017,621.8886519079413,639.8970619640172,379.5516928047255,533.3396356620669,607.7355987733629,629.7406120596141,401.00481981402726,516.4700316931446,582.5414217852813,612.8546961810282,320.0,368.8477556095113,424.2451490418472,457.196357666341,483.599206928403,586.6610982614004,629.2136296662472,582.0992106572457,524.5128373404189,583.4151725548645,640.0,577.7838102168162,518.8255636678603,565.7963689594078,633.7203730121273,576.537311333871,521.431065948314,531.5965306846475,596.8765934144374,574.0894006044987,541.2747315499521,320.0,460.8789360770561,540.1152617099723,601.2329379763037,640.0,396.7336698556861,531.1590144415591,606.9307118969821,637.5546894472031,378.1190093393365,545.628166146206,620.9086729565383,637.5029785788823,378.52055111828275,533.3436421182205,607.6360706783021,628.3287443328746,400.1529727684526,518.8613435826444,585.3320963834868,614.7525754680918,320.0,368.2320873596794,423.7277312636924,455.990099009901,484.7565511268108,585.9744748059711,632.8585500059439,584.2003634325697,526.1813256797377,582.6413396056587,640.0,578.7419968411936,521.2062904403648,564.2108078732401,630.9976563694106,575.9138461015913,522.5753613097158,528.7617818385612,590.4930115653075,568.6024828897985,537.1808501604878
320.0,458.20651877071873,536.6521561459078,599.1484095770234,640.0,381.5243741266478,515.6330017003581,595.6200207710815,627.2110098692538,366.34274676622965,534.8398015384953,614.7492539753099,630.0585856129362,371.80915322958424,531.3518545466143,607.4113611038574,623.6386071016368,398.25797204874226,524.5526542930556,587.6441806087403,607.6533741047206,320.0,367.55417487657525,421.9623618868079,455.2136750338478,482.84163651837457,583.2257602997752,632.0100065328605,585.7055962734291,524.8763122265482,583.7185126117871,640.0,577.4336693741393,517.1954356239723,571.4301704540076,633.4550205716725,572.2598121776307,515.8875169764954,543.0586621417052,597.1371974344058,560.9908908149664,518.6570290317795,320.0,458.9123027060298,539.5069252001251,601.6771131221951,640.0,391.8259517464468,519.156551612994,596.7030195316873,628.4265459675199,375.8027385960538,536.3605405566017,616.1224113513974,633.8749144766759,379.2380203886424,526.3867883706776,604.2387769884259,625.9019702488042,403.7275319872482,521.5324599016873,586.485896055193,611.7026249978601,320.0,366.72933531648954,421.1847292050169,454.01170005879305,481.3273043837898,581.5330247466345,634.3588192114344,589.0606481270227,530.8770190830866,579.0826750874313,640.0,581.9790186014529,525.8112243861742,562.8954783669717,630.5514969549725,577.3241054498197,524.894590536188,530.6303888704108,588.9082978416427,560.6654246882899,523.2379816435842,320.0,459.53763614014804,540.6158595476611,601.6099206068772,636.6702696523948,397.1821484993931,531.1631078976443,607.1074048887072,640.0,379.37831697701387,546.6972360504017,621.8886519079413,639.8970619640172,379.5516928047255,533.3396356620669,607.7355987733629,629.7406120596141,401.00481981402726,516.4700316931446,582.5414217852813,612.8546961810282,320.0,368.8477556095113,424.2451490418472,457.196357666341,483.599206928403,586.6610982614004,629.2136296662472,582.0992106572457,524.5128373404189,583.4151725548645,640.0,577.7838102168162,518.8255636678603,565.7963689594078,633.7203730121273,576.537311333871,521.431065948314,531.5965306846475,596.8765934144374,574.0894006044987,541.2747315499521,320.0,460.8789360770561,540.1152617099723,601.2329379763037,640.0,396.7336698556861,531.1590144415591,606.9307118969821,637.5546894472031,378.1190093393365,545.628166146206,620.9086729565383,637.5029785788823,378.52055111828275,533.3436421182205,607.6360706783021,628.3287443328746,400.1529727684526,518.8613435826444,585.3320963834868,614.7525754680918,320.0,368.2320873596794,423.7277312636924,455.990099009901,484.7565511268108,585.9744748059711,632.8585500059439,584.2003634325697,526.1813256797377,582.6413396056587,640.0,578.7419968411936,521.2062904403648,564.2108078732401,630.9976563694106,575.9138461015913,522.5753613097158,528.7617818385612,590.4930115653075,568.6024828897985,537.1808501604878,320.0,456.6683600494143,539.9490185566005,601.7660919788021,640.0,429.8323401112384,576.9603917150469,598.1575145890235,579.977377406275,406.5943398525445,574.2409414958131,597.7611205569792,578.7667199676071,399.2755671113827,556.1515046424307,574.0191096056043,553.9928128087221,412.61727362878173,502.56776561583206,558.5461852960639,593.4538147039361,320.0,374.01498238568547,435.88409165341733,474.15630046104025,506.9271105229038,592.7328548227626,596.3755644005106,533.9891546112045,487.1988298859221,579.1794818199269,582.1264971132598,514.5330589822139,461.30151908911563,548.9833366359635,558.0988854011505,481.8139044693122,428.4967686825817,506.4394457169199,574.4335454777337,607.9511259036747,640.0
