320.0,199.75685272340456,96.31062351365446,36.61577908138935,0.0,104.68376090163753,60.388895438811176,86.04974896095217,110.0590873798576,182.08438353370784,158.91592767611235,181.81655190140702,201.92975580119537,263.94399497815687,244.73625233274595,260.1980908923862,272.3446632826582,344.0113777460549,329.45873920723284,331.2010043686211,335.9856057492031,320.0,326.65058285455495,370.2554134692175,408.15408241345324,432.6484871465012,548.3405685158998,633.4238231398691,560.1502101407043,502.99619383551806,579.4646446148738,640.0,563.1111310364636,511.5334306467288,588.2883201889329,623.0225459585433,553.4454033098206,514.031380910516,583.3444552260864,608.1184903303362,552.6947781307774,517.3901064039154,320.0,198.28048162153246,87.27695681655743,30.806575563388435,0.0,69.63929699383615,22.149410190779292,40.82234860748821,61.97674972662912,161.58399970677533,157.55235587701668,176.74215165824666,188.81518903828413,259.76774162018853,258.2762054283219,267.09483985656425,269.6810815103514,354.79755890456147,350.9410679487101,344.6844352675981,339.6765487455482,320.0,326.99652397479946,368.1590855339578,406.76605730772553,433.9517685140014,574.0687996411394,640.0,546.8012626445544,481.261038758161,610.9867530538492,636.2927052342848,536.2753381990123,485.5441860140385,619.2243480598229,615.4022737725477,526.0166740992923,485.6785143592219,611.4592760477166,606.8912745047559,529.4575463259121,486.3825512785716,320.0,230.2752764183835,127.87573054353842,55.372993892519276,0.0,130.2433309607068,43.29468391218768,33.26679631112006,48.009543723959325,176.73250150968525,93.95258146941714,112.1771915936585,149.83883139642745,224.33546130586112,156.34866818780853,168.78318258654727,194.67966954707964,269.84234968376063,222.55964273122575,222.25026996942194,233.29662783985287,320.0,283.9509278403824,306.59183007703933,349.45217760940136,381.7896144840891,569.962198954711,637.0624230538469,551.1923184260895,489.9927987145668,624.8193557168853,626.820324506499,510.2492313939544,460.10017923368287,640.0,588.8094609834051,481.5823056736548,442.2610667483877,631.3751261365599,563.2207616024723,472.30017573569836,435.53179629867617,320.0,218.9585976323481,112.84489707232623,50.3313170677003,0.0,93.58154661358492,53.85910438555294,99.84061455215772,138.401799920097,156.03316675194324,135.70332158151857,175.71509675972328,203.01809031842043,223.74212359731695,214.46244208785123,237.77140734406652,251.0207257154472,290.8457802106916,292.4071127683584,301.62399332739903,305.86025386723486,320.0,285.14907705071863,296.52673091956024,327.27322719722997,362.4482174857605,554.4835656359453,593.5841956425476,488.90072560263064,435.10068755605073,612.2424941931008,632.5438934439987,507.52705223731476,454.8043398678601,635.0057309659196,625.2780837312505,503.30420158932395,455.4095042914304,640.0,621.378533096528,525.7165146135635,481.9797010306147,320.0,218.9585976323481,112.84489707232623,50.3313170677003,0.0,93.58154661358492,53.85910438555294,99.84061455215772,138.401799920097,156.03316675194324,135.70332158151857,175.71509675972328,203.01809031842043,223.74212359731695,214.46244208785123,237.77140734406652,251.0207257154472,290.8457802106916,292.4071127683584,301.62399332739903,305.86025386723486,320.0,285.14907705071863,296.52673091956024,327.27322719722997,362.4482174857605,554.4835656359453,593.5841956425476,488.90072560263064,435.10068755605073,612.2424941931008,632.5438934439987,507.52705223731476,454.8043398678601,635.0057309659196,625.2780837312505,503.30420158932395,455.4095042914304,640.0,621.378533096528,525.7165146135635,481.9797010306147
320.0,198.28048162153246,87.27695681655743,30.806575563388435,0.0,69.63929699383615,22.149410190779292,40.82234860748821,61.97674972662912,161.58399970677533,157.55235587701668,176.74215165824666,188.81518903828413,259.76774162018853,258.2762054283219,267.09483985656425,269.6810815103514,354.79755890456147,350.9410679487101,344.6844352675981,339.6765487455482,320.0,326.99652397479946,368.1590855339578,406.76605730772553,433.9517685140014,574.0687996411394,640.0,546.8012626445544,481.261038758161,610.9867530538492,636.2927052342848,536.2753381990123,485.5441860140385,619.2243480598229,615.4022737725477,526.0166740992923,485.6785143592219,611.4592760477166,606.8912745047559,529.4575463259121,486.3825512785716,320.0,230.2752764183835,127.87573054353842,55.372993892519276,0.0,130.2433309607068,43.29468391218768,33.26679631112006,48.009543723959325,176.73250150968525,93.95258146941714,112.1771915936585,149.83883139642745,224.33546130586112,156.34866818780853,168.78318258654727,194.67966954707964,269.84234968376063,222.55964273122575,222.25026996942194,233.29662783985287,320.0,283.9509278403824,306.59183007703933,349.45217760940136,381.7896144840891,569.962198954711,637.0624230538469,551.1923184260895,489.9927987145668,624.8193557168853,626.820324506499,510.2492313939544,460.10017923368287,640.0,588.8094609834051,481.5823056736548,442.2610667483877,631.3751261365599,563.2207616024723,472.30017573569836,435.53179629867617,320.0,218.9585976323481,112.84489707232623,50.3313170677003,0.0,93.58154661358492,53.85910438555294,99.84061455215772,138.401799920097,156.03316675194324,135.70332158151857,175.71509675972328,203.01809031842043,223.74212359731695,214.46244208785123,237.77140734406652,251.0207257154472,290.8457802106916,292.4071127683584,301.62399332739903,305.86025386723486,320.0,285.14907705071863,296.52673091956024,327.27322719722997,362.4482174857605,554.4835656359453,593.5841956425476,488.90072560263064,435.10068755605073,612.2424941931008,632.5438934439987,507.52705223731476,454.8043398678601,635.0057309659196,625.2780837312505,503.30420158932395,455.4095042914304,640.0,621.378533096528,525.7165146135635,481.9797010306147,320.0,218.9585976323481,112.84489707232623,50.3313170677003,0.0,93.58154661358492,53.85910438555294,99.84061455215772,138.401799920097,156.03316675194324,135.70332158151857,175.71509675972328,203.01809031842043,223.74212359731695,214.46244208785123,237.77140734406652,251.0207257154472,290.8457802106916,292.4071127683584,301.62399332739903,305.86025386723486,320.0,285.14907705071863,296.52673091956024,327.27322719722997,362.4482174857605,554.4835656359453,593.5841956425476,488.90072560263064,435.10068755605073,612.2424941931008,632.5438934439987,507.52705223731476,454.8043398678601,635.0057309659196,625.2780837312505,503.30420158932395,455.4095042914304,640.0,621.378533096528,525.7165146135635,481.9797010306147,320.0,241.9647115106074,140.18349108634914,64.77244784054034,0.0,127.18244086738838,67.20616279431846,85.05833763454456,117.67645895983975,185.75314287224035,135.62616356806467,165.83442396952572,198.83420977392456,252.90253911428704,216.06195253916147,240.95348181083037,266.4253584945541,327.58437372320077,309.1452085765051,319.47762693920146,332.84614999919796,320.0,284.3360117919425,308.61934379662154,336.7237337246627,354.2760271175631,528.9894038463729,585.6677789401243,498.70623778790446,443.37209207737,581.1516992403893,628.9686768392778,523.824897463138,476.7987349041823,605.4186318548393,639.9276344367672,544.9027994474967,503.84341185409096,613.7115171550963,640.0,571.9386259328373,534.8182156877738
320.0,230.2752764183835,127.87573054353842,55.372993892519276,0.0,130.2433309607068,43.29468391218768,33.26679631112006,48.009543723959325,176.73250150968525,93.95258146941714,112.1771915936585,149.83883139642745,224.33546130586112,156.34866818780853,168.78318258654727,194.67966954707964,269.84234968376063,222.55964273122575,222.25026996942194,233.29662783985287,320.0,283.9509278403824,306.59183007703933,349.45217760940136,381.7896144840891,569.962198954711,637.0624230538469,551.1923184260895,489.9927987145668,624.8193557168853,626.820324506499,510.2492313939544,460.10017923368287,640.0,588.8094609834051,481.5823056736548,442.2610667483877,631.3751261365599,563.2207616024723,472.30017573569836,435.53179629867617,320.0,218.9585976323481,112.84489707232623,50.3313170677003,0.0,93.58154661358492,53.85910438555294,99.84061455215772,138.401799920097,156.03316675194324,135.70332158151857,175.71509675972328,203.01809031842043,223.74212359731695,214.46244208785123,237.77140734406652,251.0207257154472,290.8457802106916,292.4071127683584,301.62399332739903,305.86025386723486,320.0,285.14907705071863,296.52673091956024,327.27322719722997,362.4482174857605,554.4835656359453,593.5841956425476,488.90072560263064,435.10068755605073,612.2424941931008,632.5438934439987,507.52705223731476,454.8043398678601,635.0057309659196,625.2780837312505,503.30420158932395,455.4095042914304,640.0,621.378533096528,525.7165146135635,481.9797010306147,320.0,218.9585976323481,112.84489707232623,50.3313170677003,0.0,93.58154661358492,53.85910438555294,99.84061455215772,138.401799920097,156.03316675194324,135.70332158151857,175.71509675972328,203.01809031842043,223.74212359731695,214.46244208785123,237.77140734406652,251.0207257154472,290.8457802106916,292.4071127683584,301.62399332739903,305.86025386723486,320.0,285.14907705071863,296.52673091956024,327.27322719722997,362.4482174857605,554.4835656359453,593.5841956425476,488.90072560263064,435.10068755605073,612.2424941931008,632.5438934439987,507.52705223731476,454.8043398678601,635.0057309659196,625.2780837312505,503.30420158932395,455.4095042914304,640.0,621.378533096528,525.7165146135635,481.9797010306147,320.0,241.9647115106074,140.18349108634914,64.77244784054034,0.0,127.18244086738838,67.20616279431846,85.05833763454456,117.67645895983975,185.75314287224035,135.62616356806467,165.83442396952572,198.83420977392456,252.90253911428704,216.06195253916147,240.95348181083037,266.4253584945541,327.58437372320077,309.1452085765051,319.47762693920146,332.84614999919796,320.0,284.3360117919425,308.61934379662154,336.7237337246627,354.2760271175631,528.9894038463729,585.6677789401243,498.70623778790446,443.37209207737,581.1516992403893,628.9686768392778,523.824897463138,476.7987349041823,605.4186318548393,639.9276344367672,544.9027994474967,503.84341185409096,613.7115171550963,640.0,571.9386259328373,534.8182156877738,320.0,209.01576024259572,103.90415773184603,41.151303237956654,0.0,101.1572387108867,44.04995615336725,71.04680767505741,100.74380847612309,169.41714102103523,123.67490566837662,147.33503959585232,170.10976162158906,244.4129571820338,202.40623180030036,219.06304320176366,237.5053162647578,323.4045515705574,288.7992270496906,292.0791783163339,305.0640294720776,320.0,328.93906058373017,404.6318781017984,476.49624548679253,525.7570082925923,586.3602835980289,625.7846708098814,528.006634778176,482.9662107017493,624.2343020496851,632.282809180575,537.1589661508337,505.3813368690644,638.5369680225879,631.2370216396248,546.679802400529,525.3346926880977,640.0,620.5858783817691,549.6489712836305,526.4359813458493
320.0,218.9585976323481,112.84489707232623,50.3313170677003,0.0,93.58154661358492,53.85910438555294,99.84061455215772,138.401799920097,156.03316675194324,135.70332158151857,175.71509675972328,203.01809031842043,223.74212359731695,214.46244208785123,237.77140734406652,251.0207257154472,290.8457802106916,292.4071127683584,301.62399332739903,305.86025386723486,320.0,285.14907705071863,296.52673091956024,327.27322719722997,362.4482174857605,554.4835656359453,593.5841956425476,488.90072560263064,435.10068755605073,612.2424941931008,632.5438934439987,507.52705223731476,454.8043398678601,635.0057309659196,625.2780837312505,503.30420158932395,455.4095042914304,640.0,621.378533096528,525.7165146135635,481.9797010306147,320.0,218.9585976323481,112.84489707232623,50.3313170677003,0.0,93.58154661358492,53.85910438555294,99.84061455215772,138.401799920097,156.03316675194324,135.70332158151857,175.71509675972328,203.01809031842043,223.74212359731695,214.46244208785123,237.77140734406652,251.0207257154472,290.8457802106916,292.4071127683584,301.62399332739903,305.86025386723486,320.0,285.14907705071863,296.52673091956024,327.27322719722997,362.4482174857605,554.4835656359453,593.5841956425476,488.90072560263064,435.10068755605073,612.2424941931008,632.5438934439987,507.52705223731476,454.8043398678601,635.0057309659196,625.2780837312505,503.30420158932395,455.4095042914304,640.0,621.378533096528,525.7165146135635,481.9797010306147,320.0,241.9647115106074,140.18349108634914,64.77244784054034,0.0,127.18244086738838,67.20616279431846,85.05833763454456,117.67645895983975,185.75314287224035,135.62616356806467,165.83442396952572,198.83420977392456,252.90253911428704,216.06195253916147,240.95348181083037,266.4253584945541,327.58437372320077,309.1452085765051,319.47762693920146,332.84614999919796,320.0,284.3360117919425,308.61934379662154,336.7237337246627,354.2760271175631,528.9894038463729,585.6677789401243,498.70623778790446,443.37209207737,581.1516992403893,628.9686768392778,523.824897463138,476.7987349041823,605.4186318548393,639.9276344367672,544.9027994474967,503.84341185409096,613.7115171550963,640.0,571.9386259328373,534.8182156877738,320.0,209.01576024259572,103.90415773184603,41.151303237956654,0.0,101.1572387108867,44.04995615336725,71.04680767505741,100.74380847612309,169.41714102103523,123.67490566837662,147.33503959585232,170.10976162158906,244.4129571820338,202.40623180030036,219.06304320176366,237.5053162647578,323.4045515705574,288.7992270496906,292.0791783163339,305.0640294720776,320.0,328.93906058373017,404.6318781017984,476.49624548679253,525.7570082925923,586.3602835980289,625.7846708098814,528.006634778176,482.9662107017493,624.2343020496851,632.282809180575,537.1589661508337,505.3813368690644,638.5369680225879,631.2370216396248,546.679802400529,525.3346926880977,640.0,620.5858783817691,549.6489712836305,526.4359813458493,320.0,192.12668769149616,81.91827252219389,25.15482430051287,0.0,100.34679745457402,15.605660991459104,27.125621485729653,55.49567344923173,178.1923884131491,100.1209862964501,114.28872852156542,142.49447256484214,261.46373216911144,186.44100515145735,195.89634235306,223.77616412834874,347.70608635144384,285.35257741215025,283.2215126654022,303.7106205317561,320.0,357.5706429584549,451.6027571105084,543.2616802164168,615.0293094070933,587.4388661578548,639.9456825057143,555.4014979968647,509.25380986744113,617.3990878357962,640.0,550.2441798875969,517.2143088205496,626.6950577478858,629.7012893295273,551.0162845838562,528.1173371630484,623.37913113338,614.6914602803323,548.0794428902026,524.5713432559926
320.0,218.9585976323481,112.84489707232623,50.3313170677003,0.0,93.58154661358492,53.85910438555294,99.84061455215772,138.401799920097,156.03316675194324,135.70332158151857,175.71509675972328,203.01809031842043,223.74212359731695,214.46244208785123,237.77140734406652,251.0207257154472,290.8457802106916,292.4071127683584,301.62399332739903,305.86025386723486,320.0,285.14907705071863,296.52673091956024,327.27322719722997,362.4482174857605,554.4835656359453,593.5841956425476,488.90072560263064,435.10068755605073,612.2424941931008,632.5438934439987,507.52705223731476,454.8043398678601,635.0057309659196,625.2780837312505,503.30420158932395,455.4095042914304,640.0,621.378533096528,525.7165146135635,481.9797010306147,320.0,241.9647115106074,140.18349108634914,64.77244784054034,0.0,127.18244086738838,67.20616279431846,85.05833763454456,117.67645895983975,185.75314287224035,135.62616356806467,165.83442396952572,198.83420977392456,252.90253911428704,216.06195253916147,240.95348181083037,266.4253584945541,327.58437372320077,309.1452085765051,319.47762693920146,332.84614999919796,320.0,284.3360117919425,308.61934379662154,336.7237337246627,354.2760271175631,528.9894038463729,585.6677789401243,498.70623778790446,443.37209207737,581.1516992403893,628.9686768392778,523.824897463138,476.7987349041823,605.4186318548393,639.9276344367672,544.9027994474967,503.84341185409096,613.7115171550963,640.0,571.9386259328373,534.8182156877738,320.0,209.01576024259572,103.90415773184603,41.151303237956654,0.0,101.1572387108867,44.04995615336725,71.04680767505741,100.74380847612309,169.41714102103523,123.67490566837662,147.33503959585232,170.10976162158906,244.4129571820338,202.40623180030036,219.06304320176366,237.5053162647578,323.4045515705574,288.7992270496906,292.0791783163339,305.0640294720776,320.0,328.93906058373017,404.6318781017984,476.49624548679253,525.7570082925923,586.3602835980289,625.7846708098814,528.006634778176,482.9662107017493,624.2343020496851,632.282809180575,537.1589661508337,505.3813368690644,638.5369680225879,631.2370216396248,546.679802400529,525.3346926880977,640.0,620.5858783817691,549.6489712836305,526.4359813458493,320.0,192.12668769149616,81.91827252219389,25.15482430051287,0.0,100.34679745457402,15.605660991459104,27.125621485729653,55.49567344923173,178.1923884131491,100.1209862964501,114.28872852156542,142.49447256484214,261.46373216911144,186.44100515145735,195.89634235306,223.77616412834874,347.70608635144384,285.35257741215025,283.2215126654022,303.7106205317561,320.0,357.5706429584549,451.6027571105084,543.2616802164168,615.0293094070933,587.4388661578548,639.9456825057143,555.4014979968647,509.25380986744113,617.3990878357962,640.0,550.2441798875969,517.2143088205496,626.6950577478858,629.7012893295273,551.0162845838562,528.1173371630484,623.37913113338,614.6914602803323,548.0794428902026,524.5713432559926,320.0,218.7344407773536,114.86846293146021,43.764849758154924,0.0,130.85579448263968,30.269314288850012,32.77290080824076,63.29232288865717,179.0899726405406,79.27363379089218,92.6816189901302,132.7417627644813,224.50322590760499,137.03649234483893,149.9231896896387,183.91552276949852,270.0983529448656,205.56853583775606,207.6265943352592,228.07321987127727,320.0,272.5770167914356,281.73072696736165,323.5812321069595,369.2646387581173,520.9850681543386,603.1405460432263,522.7015946167444,463.8591709756967,579.8383112277336,640.0,537.544209361896,475.6213051675285,611.2203099561564,618.5714086210002,520.8573518116302,477.70804438025306,624.3983785551795,622.2996438848525,545.6091553566113,505.2935983800252
320.0,241.9647115106074,140.18349108634914,64.77244784054034,0.0,127.18244086738838,67.20616279431846,85.05833763454456,117.67645895983975,185.75314287224035,135.62616356806467,165.83442396952572,198.83420977392456,252.90253911428704,216.06195253916147,240.95348181083037,266.4253584945541,327.58437372320077,309.1452085765051,319.47762693920146,332.84614999919796,320.0,284.3360117919425,308.61934379662154,336.7237337246627,354.2760271175631,528.9894038463729,585.6677789401243,498.70623778790446,443.37209207737,581.1516992403893,628.9686768392778,523.824897463138,476.7987349041823,605.4186318548393,639.9276344367672,544.9027994474967,503.84341185409096,613.7115171550963,640.0,571.9386259328373,534.8182156877738,320.0,209.01576024259572,103.90415773184603,41.151303237956654,0.0,101.1572387108867,44.04995615336725,71.04680767505741,100.74380847612309,169.41714102103523,123.67490566837662,147.33503959585232,170.10976162158906,244.4129571820338,202.40623180030036,219.06304320176366,237.5053162647578,323.4045515705574,288.7992270496906,292.0791783163339,305.0640294720776,320.0,328.93906058373017,404.6318781017984,476.49624548679253,525.7570082925923,586.3602835980289,625.7846708098814,528.006634778176,482.9662107017493,624.2343020496851,632.282809180575,537.1589661508337,505.3813368690644,638.5369680225879,631.2370216396248,546.679802400529,525.3346926880977,640.0,620.5858783817691,549.6489712836305,526.4359813458493,320.0,192.12668769149616,81.91827252219389,25.15482430051287,0.0,100.34679745457402,15.605660991459104,27.125621485729653,55.49567344923173,178.1923884131491,100.1209862964501,114.28872852156542,142.49447256484214,261.46373216911144,186.44100515145735,195.89634235306,223.77616412834874,347.70608635144384,285.35257741215025,283.2215126654022,303.7106205317561,320.0,357.5706429584549,451.6027571105084,543.2616802164168,615.0293094070933,587.4388661578548,639.9456825057143,555.4014979968647,509.25380986744113,617.3990878357962,640.0,550.2441798875969,517.2143088205496,626.6950577478858,629.7012893295273,551.0162845838562,528.1173371630484,623.37913113338,614.6914602803323,548.0794428902026,524.5713432559926,320.0,218.7344407773536,114.86846293146021,43.764849758154924,0.0,130.85579448263968,30.269314288850012,32.77290080824076,63.29232288865717,179.0899726405406,79.27363379089218,92.6816189901302,132.7417627644813,224.50322590760499,137.03649234483893,149.9231896896387,183.91552276949852,270.0983529448656,205.56853583775606,207.6265943352592,228.07321987127727,320.0,272.5770167914356,281.73072696736165,323.5812321069595,369.2646387581173,520.9850681543386,603.1405460432263,522.7015946167444,463.8591709756967,579.8383112277336,640.0,537.544209361896,475.6213051675285,611.2203099561564,618.5714086210002,520.8573518116302,477.70804438025306,624.3983785551795,622.2996438848525,545.6091553566113,505.2935983800252,320.0,230.40663787026716,129.8471265188755,51.262393993124874,0.0,177.97317649543058,63.009586033642734,45.22446596756214,62.50950995401064,220.44213134760318,93.7549490576994,94.48903987504309,134.0708192689524,253.09190730084993,136.72994214842672,137.85778387794963,172.17746117609795,279.9775176923961,193.26015197294672,188.36025103173296,210.5300421388003,320.0,269.184523786436,279.40406880902975,316.4030021527064,347.8624595155441,497.285076508349,588.6612338304599,509.2053138878653,458.9071698698679,563.3266024087039,617.453600449935,516.4114733432888,466.123258925974,603.7564610282567,625.539026045808,540.9137559878207,506.3552702519248,626.0846576033202,640.0,574.8134127184221,539.7956829509532
320.0,209.01576024259572,103.90415773184603,41.151303237956654,0.0,101.1572387108867,44.04995615336725,71.04680767505741,100.74380847612309,169.41714102103523,123.67490566837662,147.33503959585232,170.10976162158906,244.4129571820338,202.40623180030036,219.06304320176366,237.5053162647578,323.4045515705574,288.7992270496906,292.0791783163339,305.0640294720776,320.0,328.93906058373017,404.6318781017984,476.49624548679253,525.7570082925923,586.3602835980289,625.7846708098814,528.006634778176,482.9662107017493,624.2343020496851,632.282809180575,537.1589661508337,505.3813368690644,638.5369680225879,631.2370216396248,546.679802400529,525.3346926880977,640.0,620.5858783817691,549.6489712836305,526.4359813458493,320.0,192.12668769149616,81.91827252219389,25.15482430051287,0.0,100.34679745457402,15.605660991459104,27.125621485729653,55.49567344923173,178.1923884131491,100.1209862964501,114.28872852156542,142.49447256484214,261.46373216911144,186.44100515145735,195.89634235306,223.77616412834874,347.70608635144384,285.35257741215025,283.2215126654022,303.7106205317561,320.0,357.5706429584549,451.6027571105084,543.2616802164168,615.0293094070933,587.4388661578548,639.9456825057143,555.4014979968647,509.25380986744113,617.3990878357962,640.0,550.2441798875969,517.2143088205496,626.6950577478858,629.7012893295273,551.0162845838562,528.1173371630484,623.37913113338,614.6914602803323,548.0794428902026,524.5713432559926,320.0,218.7344407773536,114.86846293146021,43.764849758154924,0.0,130.85579448263968,30.269314288850012,32.77290080824076,63.29232288865717,179.0899726405406,79.27363379089218,92.6816189901302,132.7417627644813,224.50322590760499,137.03649234483893,149.9231896896387,183.91552276949852,270.0983529448656,205.56853583775606,207.6265943352592,228.07321987127727,320.0,272.5770167914356,281.73072696736165,323.5812321069595,369.2646387581173,520.9850681543386,603.1405460432263,522.7015946167444,463.8591709756967,579.8383112277336,640.0,537.544209361896,475.6213051675285,611.2203099561564,618.5714086210002,520.8573518116302,477.70804438025306,624.3983785551795,622.2996438848525,545.6091553566113,505.2935983800252,320.0,230.40663787026716,129.8471265188755,51.262393993124874,0.0,177.97317649543058,63.009586033642734,45.22446596756214,62.50950995401064,220.44213134760318,93.7549490576994,94.48903987504309,134.0708192689524,253.09190730084993,136.72994214842672,137.85778387794963,172.17746117609795,279.9775176923961,193.26015197294672,188.36025103173296,210.5300421388003,320.0,269.184523786436,279.40406880902975,316.4030021527064,347.8624595155441,497.285076508349,588.6612338304599,509.2053138878653,458.9071698698679,563.3266024087039,617.453600449935,516.4114733432888,466.123258925974,603.7564610282567,625.539026045808,540.9137559878207,506.3552702519248,626.0846576033202,640.0,574.8134127184221,539.7956829509532,320.0,138.92040277516577,50.30460507698348,49.31255776398433,71.56927814815302,299.6205256180385,261.3972273935449,190.98747451932348,164.8673401183894,426.07846361043795,303.0210210823121,205.73963412359134,170.39844966689986,537.8903994928405,403.58026257198344,295.6304275602583,253.5127872729795,640.0,544.1572336936224,432.215659191507,361.9436484306203,320.0,369.65573121089227,464.8648003964195,542.1138305268603,597.3769104549028,552.1022398934551,628.5954603904656,633.596101685209,640.0,552.3743949703561,625.7599437364435,600.1739588899306,576.5774927789265,544.2435916670493,615.1108351361368,589.4197442109543,561.6470531441664,527.8519655092282,597.3160276831086,608.7293513741456,610.4021888265158
320.0,192.12668769149616,81.91827252219389,25.15482430051287,0.0,100.34679745457402,15.605660991459104,27.125621485729653,55.49567344923173,178.1923884131491,100.1209862964501,114.28872852156542,142.49447256484214,261.46373216911144,186.44100515145735,195.89634235306,223.77616412834874,347.70608635144384,285.35257741215025,283.2215126654022,303.7106205317561,320.0,357.5706429584549,451.6027571105084,543.2616802164168,615.0293094070933,587.4388661578548,639.9456825057143,555.4014979968647,509.25380986744113,617.3990878357962,640.0,550.2441798875969,517.2143088205496,626.6950577478858,629.7012893295273,551.0162845838562,528.1173371630484,623.37913113338,614.6914602803323,548.0794428902026,524.5713432559926,320.0,218.7344407773536,114.86846293146021,43.764849758154924,0.0,130.85579448263968,30.269314288850012,32.77290080824076,63.29232288865717,179.0899726405406,79.27363379089218,92.6816189901302,132.7417627644813,224.50322590760499,137.03649234483893,149.9231896896387,183.91552276949852,270.0983529448656,205.56853583775606,207.6265943352592,228.07321987127727,320.0,272.5770167914356,281.73072696736165,323.5812321069595,369.2646387581173,520.9850681543386,603.1405460432263,522.7015946167444,463.8591709756967,579.8383112277336,640.0,537.544209361896,475.6213051675285,611.2203099561564,618.5714086210002,520.8573518116302,477.70804438025306,624.3983785551795,622.2996438848525,545.6091553566113,505.2935983800252,320.0,230.40663787026716,129.8471265188755,51.262393993124874,0.0,177.97317649543058,63.009586033642734,45.22446596756214,62.50950995401064,220.44213134760318,93.7549490576994,94.48903987504309,134.0708192689524,253.09190730084993,136.72994214842672,137.85778387794963,172.17746117609795,279.9775176923961,193.26015197294672,188.36025103173296,210.5300421388003,320.0,269.184523786436,279.40406880902975,316.4030021527064,347.8624595155441,497.285076508349,588.6612338304599,509.2053138878653,458.9071698698679,563.3266024087039,617.453600449935,516.4114733432888,466.123258925974,603.7564610282567,625.539026045808,540.9137559878207,506.3552702519248,626.0846576033202,640.0,574.8134127184221,539.7956829509532,320.0,138.92040277516577,50.30460507698348,49.31255776398433,71.56927814815302,299.6205256180385,261.3972273935449,190.98747451932348,164.8673401183894,426.07846361043795,303.0210210823121,205.73963412359134,170.39844966689986,537.8903994928405,403.58026257198344,295.6304275602583,253.5127872729795,640.0,544.1572336936224,432.215659191507,361.9436484306203,320.0,369.65573121089227,464.8648003964195,542.1138305268603,597.3769104549028,552.1022398934551,628.5954603904656,633.596101685209,640.0,552.3743949703561,625.7599437364435,600.1739588899306,576.5774927789265,544.2435916670493,615.1108351361368,589.4197442109543,561.6470531441664,527.8519655092282,597.3160276831086,608.7293513741456,610.4021888265158,320.0,129.73648185670996,28.246237606644172,5.456186674072171,62.755824871101254,296.9769689168784,283.17126891604573,200.6811711112058,113.53444817822631,412.0972572621404,375.8480378543766,273.61453755389454,172.87401449464886,523.6091352433905,503.58330406877735,398.61771379900955,292.59713016335746,636.8337660569354,640.0,557.2613665249723,465.36135481914994,320.0,378.90857208576733,452.7240992308983,512.6463432221706,563.8619912994568,519.2925570335476,574.8500467643549,612.0634307612702,639.1342539619885,516.8849158738565,575.2872686351036,611.3472332966264,640.0,507.612514875649,568.0048892127991,601.8299335278823,623.8942547490009,491.97190203643504,547.4830472874747,577.2502234770245,596.1297572411729
320.0,218.7344407773536,114.86846293146021,43.764849758154924,0.0,130.85579448263968,30.269314288850012,32.77290080824076,63.29232288865717,179.0899726405406,79.27363379089218,92.6816189901302,132.7417627644813,224.50322590760499,137.03649234483893,149.9231896896387,183.91552276949852,270.0983529448656,205.56853583775606,207.6265943352592,228.07321987127727,320.0,272.5770167914356,281.73072696736165,323.5812321069595,369.2646387581173,520.9850681543386,603.1405460432263,522.7015946167444,463.8591709756967,579.8383112277336,640.0,537.544209361896,475.6213051675285,611.2203099561564,618.5714086210002,520.8573518116302,477.70804438025306,624.3983785551795,622.2996438848525,545.6091553566113,505.2935983800252,320.0,230.40663787026716,129.8471265188755,51.262393993124874,0.0,177.97317649543058,63.009586033642734,45.22446596756214,62.50950995401064,220.44213134760318,93.7549490576994,94.48903987504309,134.0708192689524,253.09190730084993,136.72994214842672,137.85778387794963,172.17746117609795,279.9775176923961,193.26015197294672,188.36025103173296,210.5300421388003,320.0,269.184523786436,279.40406880902975,316.4030021527064,347.8624595155441,497.285076508349,588.6612338304599,509.2053138878653,458.9071698698679,563.3266024087039,617.453600449935,516.4114733432888,466.123258925974,603.7564610282567,625.539026045808,540.9137559878207,506.3552702519248,626.0846576033202,640.0,574.8134127184221,539.7956829509532,320.0,138.92040277516577,50.30460507698348,49.31255776398433,71.56927814815302,299.6205256180385,261.3972273935449,190.98747451932348,164.8673401183894,426.07846361043795,303.0210210823121,205.73963412359134,170.39844966689986,537.8903994928405,403.58026257198344,295.6304275602583,253.5127872729795,640.0,544.1572336936224,432.215659191507,361.9436484306203,320.0,369.65573121089227,464.8648003964195,542.1138305268603,597.3769104549028,552.1022398934551,628.5954603904656,633.596101685209,640.0,552.3743949703561,625.7599437364435,600.1739588899306,576.5774927789265,544.2435916670493,615.1108351361368,589.4197442109543,561.6470531441664,527.8519655092282,597.3160276831086,608.7293513741456,610.4021888265158,320.0,129.73648185670996,28.246237606644172,5.456186674072171,62.755824871101254,296.9769689168784,283.17126891604573,200.6811711112058,113.53444817822631,412.0972572621404,375.8480378543766,273.61453755389454,172.87401449464886,523.6091352433905,503.58330406877735,398.61771379900955,292.59713016335746,636.8337660569354,640.0,557.2613665249723,465.36135481914994,320.0,378.90857208576733,452.7240992308983,512.6463432221706,563.8619912994568,519.2925570335476,574.8500467643549,612.0634307612702,639.1342539619885,516.8849158738565,575.2872686351036,611.3472332966264,640.0,507.612514875649,568.0048892127991,601.8299335278823,623.8942547490009,491.97190203643504,547.4830472874747,577.2502234770245,596.1297572411729,320.0,140.92589864052331,36.5786062769734,25.101707900850272,75.12916650258853,264.38465549993725,263.9168406892407,212.74730725326725,162.48751160865322,388.122668768782,350.21814034372505,270.9787990293915,200.05778263621966,513.3650892862379,479.3834412219431,386.93501512132184,308.18964855838453,640.0,631.349562566676,557.6111626918263,486.4185118924436,320.0,371.83135652416274,451.21708143161203,516.7777043969902,570.5705726500091,529.4233510745573,590.0856304741659,621.3888011300834,640.0,527.1723247293157,588.4211810998404,613.6146308403004,629.8598561601921,516.4461578810244,579.1983990485695,606.0768640186685,620.3536530792953,498.5445156420814,555.771950977787,587.3507179439684,609.0024781163199
320.0,230.40663787026716,129.8471265188755,51.262393993124874,0.0,177.97317649543058,63.009586033642734,45.22446596756214,62.50950995401064,220.44213134760318,93.7549490576994,94.48903987504309,134.0708192689524,253.09190730084993,136.72994214842672,137.85778387794963,172.17746117609795,279.9775176923961,193.26015197294672,188.36025103173296,210.5300421388003,320.0,269.184523786436,279.40406880902975,316.4030021527064,347.8624595155441,497.285076508349,588.6612338304599,509.2053138878653,458.9071698698679,563.3266024087039,617.453600449935,516.4114733432888,466.123258925974,603.7564610282567,625.539026045808,540.9137559878207,506.3552702519248,626.0846576033202,640.0,574.8134127184221,539.7956829509532,320.0,138.92040277516577,50.30460507698348,49.31255776398433,71.56927814815302,299.6205256180385,261.3972273935449,190.98747451932348,164.8673401183894,426.07846361043795,303.0210210823121,205.73963412359134,170.39844966689986,537.8903994928405,403.58026257198344,295.6304275602583,253.5127872729795,640.0,544.1572336936224,432.215659191507,361.9436484306203,320.0,369.65573121089227,464.8648003964195,542.1138305268603,597.3769104549028,552.1022398934551,628.5954603904656,633.596101685209,640.0,552.3743949703561,625.7599437364435,600.1739588899306,576.5774927789265,544.2435916670493,615.1108351361368,589.4197442109543,561.6470531441664,527.8519655092282,597.3160276831086,608.7293513741456,610.4021888265158,320.0,129.73648185670996,28.246237606644172,5.456186674072171,62.755824871101254,296.9769689168784,283.17126891604573,200.6811711112058,113.53444817822631,412.0972572621404,375.8480378543766,273.61453755389454,172.87401449464886,523.6091352433905,503.58330406877735,398.61771379900955,292.59713016335746,636.8337660569354,640.0,557.2613665249723,465.36135481914994,320.0,378.90857208576733,452.7240992308983,512.6463432221706,563.8619912994568,519.2925570335476,574.8500467643549,612.0634307612702,639.1342539619885,516.8849158738565,575.2872686351036,611.3472332966264,640.0,507.612514875649,568.0048892127991,601.8299335278823,623.8942547490009,491.97190203643504,547.4830472874747,577.2502234770245,596.1297572411729,320.0,140.92589864052331,36.5786062769734,25.101707900850272,75.12916650258853,264.38465549993725,263.9168406892407,212.74730725326725,162.48751160865322,388.122668768782,350.21814034372505,270.9787990293915,200.05778263621966,513.3650892862379,479.3834412219431,386.93501512132184,308.18964855838453,640.0,631.349562566676,557.6111626918263,486.4185118924436,320.0,371.83135652416274,451.21708143161203,516.7777043969902,570.5705726500091,529.4233510745573,590.0856304741659,621.3888011300834,640.0,527.1723247293157,588.4211810998404,613.6146308403004,629.8598561601921,516.4461578810244,579.1983990485695,606.0768640186685,620.3536530792953,498.5445156420814,555.771950977787,587.3507179439684,609.0024781163199,320.0,137.51547112603964,17.905187299341264,0.0,55.69379226444818,213.5110813553406,197.33956297602498,153.70493831326345,113.21207012638581,346.98485278826644,326.684321988921,274.2305398340853,216.29300356272216,476.0260910236072,473.8830319630458,405.77749601168637,324.91017886460827,610.5135052935799,628.7681937827672,588.4336469532949,532.4919323102899,320.0,376.7344623872727,450.4994625720386,510.0683955405529,557.6851877141879,509.69931347393754,566.9434728610929,604.8670247377528,636.4224167709657,509.62174390151813,570.5462485278972,608.378349284795,640.0,499.0319227389064,559.0836250761156,598.6799676739893,628.2338462329433,478.24398426115306,527.411332419679,554.9892755406814,575.1357065852196
320.0,138.92040277516577,50.30460507698348,49.31255776398433,71.56927814815302,299.6205256180385,261.3972273935449,190.98747451932348,164.8673401183894,426.07846361043795,303.0210210823121,205.73963412359134,170.39844966689986,537.8903994928405,403.58026257198344,295.6304275602583,253.5127872729795,640.0,544.1572336936224,432.215659191507,361.9436484306203,320.0,369.65573121089227,464.8648003964195,542.1138305268603,597.3769104549028,552.1022398934551,628.5954603904656,633.596101685209,640.0,552.3743949703561,625.7599437364435,600.1739588899306,576.5774927789265,544.2435916670493,615.1108351361368,589.4197442109543,561.6470531441664,527.8519655092282,597.3160276831086,608.7293513741456,610.4021888265158,320.0,129.73648185670996,28.246237606644172,5.456186674072171,62.755824871101254,296.9769689168784,283.17126891604573,200.6811711112058,113.53444817822631,412.0972572621404,375.8480378543766,273.61453755389454,172.87401449464886,523.6091352433905,503.58330406877735,398.61771379900955,292.59713016335746,636.8337660569354,640.0,557.2613665249723,465.36135481914994,320.0,378.90857208576733,452.7240992308983,512.6463432221706,563.8619912994568,519.2925570335476,574.8500467643549,612.0634307612702,639.1342539619885,516.8849158738565,575.2872686351036,611.3472332966264,640.0,507.612514875649,568.0048892127991,601.8299335278823,623.8942547490009,491.97190203643504,547.4830472874747,577.2502234770245,596.1297572411729,320.0,140.92589864052331,36.5786062769734,25.101707900850272,75.12916650258853,264.38465549993725,263.9168406892407,212.74730725326725,162.48751160865322,388.122668768782,350.21814034372505,270.9787990293915,200.05778263621966,513.3650892862379,479.3834412219431,386.93501512132184,308.18964855838453,640.0,631.349562566676,557.6111626918263,486.4185118924436,320.0,371.83135652416274,451.21708143161203,516.7777043969902,570.5705726500091,529.4233510745573,590.0856304741659,621.3888011300834,640.0,527.1723247293157,588.4211810998404,613.6146308403004,629.8598561601921,516.4461578810244,579.1983990485695,606.0768640186685,620.3536530792953,498.5445156420814,555.771950977787,587.3507179439684,609.0024781163199,320.0,137.51547112603964,17.905187299341264,0.0,55.69379226444818,213.5110813553406,197.33956297602498,153.70493831326345,113.21207012638581,346.98485278826644,326.684321988921,274.2305398340853,216.29300356272216,476.0260910236072,473.8830319630458,405.77749601168637,324.91017886460827,610.5135052935799,628.7681937827672,588.4336469532949,532.4919323102899,320.0,376.7344623872727,450.4994625720386,510.0683955405529,557.6851877141879,509.69931347393754,566.9434728610929,604.8670247377528,636.4224167709657,509.62174390151813,570.5462485278972,608.378349284795,640.0,499.0319227389064,559.0836250761156,598.6799676739893,628.2338462329433,478.24398426115306,527.411332419679,554.9892755406814,575.1357065852196,320.0,132.41756616954,6.871758150713617,0.19396655300289467,61.442216928796995,195.67737332053895,189.41179743979419,169.75097676572636,144.3436394161044,338.80695577230546,315.00308016641867,266.47038222807214,211.63884859033234,482.28790024629836,476.3340247898784,408.92476092780726,334.2889920439957,631.2495403895014,640.0,592.842212927685,537.7175219503536,320.0,367.51267806077107,440.9429680347899,502.5428864767008,551.7208653807537,512.7409099287705,574.7000134900375,611.4586890772918,640.0,510.0708793341894,573.7503807588815,606.1000425296601,631.129445662438,495.46548970380616,558.4042130107807,593.9442295077579,618.5234978946273,468.6284956960602,515.5397858276344,539.3141500195143,556.7588156364981
320.0,129.73648185670996,28.246237606644172,5.456186674072171,62.755824871101254,296.9769689168784,283.17126891604573,200.6811711112058,113.53444817822631,412.0972572621404,375.8480378543766,273.61453755389454,172.87401449464886,523.6091352433905,503.58330406877735,398.61771379900955,292.59713016335746,636.8337660569354,640.0,557.2613665249723,465.36135481914994,320.0,378.90857208576733,452.7240992308983,512.6463432221706,563.8619912994568,519.2925570335476,574.8500467643549,612.0634307612702,639.1342539619885,516.8849158738565,575.2872686351036,611.3472332966264,640.0,507.612514875649,568.0048892127991,601.8299335278823,623.8942547490009,491.97190203643504,547.4830472874747,577.2502234770245,596.1297572411729,320.0,140.92589864052331,36.5786062769734,25.101707900850272,75.12916650258853,264.38465549993725,263.9168406892407,212.74730725326725,162.48751160865322,388.122668768782,350.21814034372505,270.9787990293915,200.05778263621966,513.3650892862379,479.3834412219431,386.93501512132184,308.18964855838453,640.0,631.349562566676,557.6111626918263,486.4185118924436,320.0,371.83135652416274,451.21708143161203,516.7777043969902,570.5705726500091,529.4233510745573,590.0856304741659,621.3888011300834,640.0,527.1723247293157,588.4211810998404,613.6146308403004,629.8598561601921,516.4461578810244,579.1983990485695,606.0768640186685,620.3536530792953,498.5445156420814,555.771950977787,587.3507179439684,609.0024781163199,320.0,137.51547112603964,17.905187299341264,0.0,55.69379226444818,213.5110813553406,197.33956297602498,153.70493831326345,113.21207012638581,346.98485278826644,326.684321988921,274.2305398340853,216.29300356272216,476.0260910236072,473.8830319630458,405.77749601168637,324.91017886460827,610.5135052935799,628.7681937827672,588.4336469532949,532.4919323102899,320.0,376.7344623872727,450.4994625720386,510.0683955405529,557.6851877141879,509.69931347393754,566.9434728610929,604.8670247377528,636.4224167709657,509.62174390151813,570.5462485278972,608.378349284795,640.0,499.0319227389064,559.0836250761156,598.6799676739893,628.2338462329433,478.24398426115306,527.411332419679,554.9892755406814,575.1357065852196,320.0,132.41756616954,6.871758150713617,0.19396655300289467,61.442216928796995,195.67737332053895,189.41179743979419,169.75097676572636,144.3436394161044,338.80695577230546,315.00308016641867,266.47038222807214,211.63884859033234,482.28790024629836,476.3340247898784,408.92476092780726,334.2889920439957,631.2495403895014,640.0,592.842212927685,537.7175219503536,320.0,367.51267806077107,440.9429680347899,502.5428864767008,551.7208653807537,512.7409099287705,574.7000134900375,611.4586890772918,640.0,510.0708793341894,573.7503807588815,606.1000425296601,631.129445662438,495.46548970380616,558.4042130107807,593.9442295077579,618.5234978946273,468.6284956960602,515.5397858276344,539.3141500195143,556.7588156364981,320.0,129.72629802596092,0.0,29.620100909293456,129.7845293633314,70.6193362965816,47.629578190014,47.98170804850764,59.30489605102423,212.6683514803049,192.42029708100733,169.89201579492385,160.3083910736974,356.1862064519604,339.76901678312663,291.5168463683344,259.6625422189436,490.5738185835978,451.56704804819753,396.5308615479776,363.3920733244822,320.0,345.6320538075596,409.28719131939533,463.3709717793281,498.65579051619994,473.13485628462286,536.5282478804567,578.0294504968275,615.2872130862074,474.21367391138733,552.5178759944713,599.8986210724509,640.0,460.94609448973154,497.5418194878269,447.81080286886584,409.48853433170444,438.05976078273454,455.6982249164698,417.92687439461054,387.45535082659467
320.0,140.92589864052331,36.5786062769734,25.101707900850272,75.12916650258853,264.38465549993725,263.9168406892407,212.74730725326725,162.48751160865322,388.122668768782,350.21814034372505,270.9787990293915,200.05778263621966,513.3650892862379,479.3834412219431,386.93501512132184,308.18964855838453,640.0,631.349562566676,557.6111626918263,486.4185118924436,320.0,371.83135652416274,451.21708143161203,516.7777043969902,570.5705726500091,529.4233510745573,590.0856304741659,621.3888011300834,640.0,527.1723247293157,588.4211810998404,613.6146308403004,629.8598561601921,516.4461578810244,579.1983990485695,606.0768640186685,620.3536530792953,498.5445156420814,555.771950977787,587.3507179439684,609.0024781163199,320.0,137.51547112603964,17.905187299341264,0.0,55.69379226444818,213.5110813553406,197.33956297602498,153.70493831326345,113.21207012638581,346.98485278826644,326.684321988921,274.2305398340853,216.29300356272216,476.0260910236072,473.8830319630458,405.77749601168637,324.91017886460827,610.5135052935799,628.7681937827672,588.4336469532949,532.4919323102899,320.0,376.7344623872727,450.4994625720386,510.0683955405529,557.6851877141879,509.69931347393754,566.9434728610929,604.8670247377528,636.4224167709657,509.62174390151813,570.5462485278972,608.378349284795,640.0,499.0319227389064,559.0836250761156,598.6799676739893,628.2338462329433,478.24398426115306,527.411332419679,554.9892755406814,575.1357065852196,320.0,132.41756616954,6.871758150713617,0.19396655300289467,61.442216928796995,195.67737332053895,189.41179743979419,169.75097676572636,144.3436394161044,338.80695577230546,315.00308016641867,266.47038222807214,211.63884859033234,482.28790024629836,476.3340247898784,408.92476092780726,334.2889920439957,631.2495403895014,640.0,592.842212927685,537.7175219503536,320.0,367.51267806077107,440.9429680347899,502.5428864767008,551.7208653807537,512.7409099287705,574.7000134900375,611.4586890772918,640.0,510.0708793341894,573.7503807588815,606.1000425296601,631.129445662438,495.46548970380616,558.4042130107807,593.9442295077579,618.5234978946273,468.6284956960602,515.5397858276344,539.3141500195143,556.7588156364981,320.0,129.72629802596092,0.0,29.620100909293456,129.7845293633314,70.6193362965816,47.629578190014,47.98170804850764,59.30489605102423,212.6683514803049,192.42029708100733,169.89201579492385,160.3083910736974,356.1862064519604,339.76901678312663,291.5168463683344,259.6625422189436,490.5738185835978,451.56704804819753,396.5308615479776,363.3920733244822,320.0,345.6320538075596,409.28719131939533,463.3709717793281,498.65579051619994,473.13485628462286,536.5282478804567,578.0294504968275,615.2872130862074,474.21367391138733,552.5178759944713,599.8986210724509,640.0,460.94609448973154,497.5418194878269,447.81080286886584,409.48853433170444,438.05976078273454,455.6982249164698,417.92687439461054,387.45535082659467,320.0,127.58028063105917,0.0,32.63583227316593,118.93644342185553,43.69174206656692,33.65209930126548,30.723881477382577,36.56972535227402,185.0021514538651,160.6287167744657,131.08330582131646,106.0054503497916,335.19260816466135,303.4456021652028,267.063405509589,237.74456344157932,475.25189832916476,429.9667055088252,381.4229809220783,349.8536587021853,320.0,343.73817286118765,398.37442449007506,449.18424725292243,484.07261406093414,471.6336941373599,539.6929721758203,582.9700829817876,620.8048491744025,473.7599519258326,552.1443136819603,599.2716393631363,640.0,460.97053194271075,500.62683071745045,454.12930570125866,418.14033382012065,437.29462556774644,455.3588838018764,416.79018708191757,386.09666799306706
320.0,137.51547112603964,17.905187299341264,0.0,55.69379226444818,213.5110813553406,197.33956297602498,153.70493831326345,113.21207012638581,346.98485278826644,326.684321988921,274.2305398340853,216.29300356272216,476.0260910236072,473.8830319630458,405.77749601168637,324.91017886460827,610.5135052935799,628.7681937827672,588.4336469532949,532.4919323102899,320.0,376.7344623872727,450.4994625720386,510.0683955405529,557.6851877141879,509.69931347393754,566.9434728610929,604.8670247377528,636.4224167709657,509.62174390151813,570.5462485278972,608.378349284795,640.0,499.0319227389064,559.0836250761156,598.6799676739893,628.2338462329433,478.24398426115306,527.411332419679,554.9892755406814,575.1357065852196,320.0,132.41756616954,6.871758150713617,0.19396655300289467,61.442216928796995,195.67737332053895,189.41179743979419,169.75097676572636,144.3436394161044,338.80695577230546,315.00308016641867,266.47038222807214,211.63884859033234,482.28790024629836,476.3340247898784,408.92476092780726,334.2889920439957,631.2495403895014,640.0,592.842212927685,537.7175219503536,320.0,367.51267806077107,440.9429680347899,502.5428864767008,551.7208653807537,512.7409099287705,574.7000134900375,611.4586890772918,640.0,510.0708793341894,573.7503807588815,606.1000425296601,631.129445662438,495.46548970380616,558.4042130107807,593.9442295077579,618.5234978946273,468.6284956960602,515.5397858276344,539.3141500195143,556.7588156364981,320.0,129.72629802596092,0.0,29.620100909293456,129.7845293633314,70.6193362965816,47.629578190014,47.98170804850764,59.30489605102423,212.6683514803049,192.42029708100733,169.89201579492385,160.3083910736974,356.1862064519604,339.76901678312663,291.5168463683344,259.6625422189436,490.5738185835978,451.56704804819753,396.5308615479776,363.3920733244822,320.0,345.6320538075596,409.28719131939533,463.3709717793281,498.65579051619994,473.13485628462286,536.5282478804567,578.0294504968275,615.2872130862074,474.21367391138733,552.5178759944713,599.8986210724509,640.0,460.94609448973154,497.5418194878269,447.81080286886584,409.48853433170444,438.05976078273454,455.6982249164698,417.92687439461054,387.45535082659467,320.0,127.58028063105917,0.0,32.63583227316593,118.93644342185553,43.69174206656692,33.65209930126548,30.723881477382577,36.56972535227402,185.0021514538651,160.6287167744657,131.08330582131646,106.0054503497916,335.19260816466135,303.4456021652028,267.063405509589,237.74456344157932,475.25189832916476,429.9667055088252,381.4229809220783,349.8536587021853,320.0,343.73817286118765,398.37442449007506,449.18424725292243,484.07261406093414,471.6336941373599,539.6929721758203,582.9700829817876,620.8048491744025,473.7599519258326,552.1443136819603,599.2716393631363,640.0,460.97053194271075,500.62683071745045,454.12930570125866,418.14033382012065,437.29462556774644,455.3588838018764,416.79018708191757,386.09666799306706,320.0,127.5048882257177,0.0,39.42827618978288,136.85397588482226,41.42197122381839,23.762922660148888,25.121035310339835,42.029146207883855,182.4553526149389,152.3827349547703,125.78451485591273,111.93471275982989,331.6394674525162,314.91023025218,284.90703815315396,260.64160983008867,470.26260044274557,416.3758869793679,375.42914234998636,346.71961527221305,320.0,337.26615600111234,395.5681405835254,449.45907428969986,484.468852376894,466.54884580036776,530.0612888578617,569.7249355031588,604.8274015078484,470.25841766465237,549.3440749929514,597.3839040803364,640.0,457.82051092673146,494.303636420854,439.0920540277049,402.61211403850734,434.5941724527039,444.0740809721956,401.1607055122722,373.54057954353516
320.0,132.41756616954,6.871758150713617,0.19396655300289467,61.442216928796995,195.67737332053895,189.41179743979419,169.75097676572636,144.3436394161044,338.80695577230546,315.00308016641867,266.47038222807214,211.63884859033234,482.28790024629836,476.3340247898784,408.92476092780726,334.2889920439957,631.2495403895014,640.0,592.842212927685,537.7175219503536,320.0,367.51267806077107,440.9429680347899,502.5428864767008,551.7208653807537,512.7409099287705,574.7000134900375,611.4586890772918,640.0,510.0708793341894,573.7503807588815,606.1000425296601,631.129445662438,495.46548970380616,558.4042130107807,593.9442295077579,618.5234978946273,468.6284956960602,515.5397858276344,539.3141500195143,556.7588156364981,320.0,129.72629802596092,0.0,29.620100909293456,129.7845293633314,70.6193362965816,47.629578190014,47.98170804850764,59.30489605102423,212.6683514803049,192.42029708100733,169.89201579492385,160.3083910736974,356.1862064519604,339.76901678312663,291.5168463683344,259.6625422189436,490.5738185835978,451.56704804819753,396.5308615479776,363.3920733244822,320.0,345.6320538075596,409.28719131939533,463.3709717793281,498.65579051619994,473.13485628462286,536.5282478804567,578.0294504968275,615.2872130862074,474.21367391138733,552.5178759944713,599.8986210724509,640.0,460.94609448973154,497.5418194878269,447.81080286886584,409.48853433170444,438.05976078273454,455.6982249164698,417.92687439461054,387.45535082659467,320.0,127.58028063105917,0.0,32.63583227316593,118.93644342185553,43.69174206656692,33.65209930126548,30.723881477382577,36.56972535227402,185.0021514538651,160.6287167744657,131.08330582131646,106.0054503497916,335.19260816466135,303.4456021652028,267.063405509589,237.74456344157932,475.25189832916476,429.9667055088252,381.4229809220783,349.8536587021853,320.0,343.73817286118765,398.37442449007506,449.18424725292243,484.07261406093414,471.6336941373599,539.6929721758203,582.9700829817876,620.8048491744025,473.7599519258326,552.1443136819603,599.2716393631363,640.0,460.97053194271075,500.62683071745045,454.12930570125866,418.14033382012065,437.29462556774644,455.3588838018764,416.79018708191757,386.09666799306706,320.0,127.5048882257177,0.0,39.42827618978288,136.85397588482226,41.42197122381839,23.762922660148888,25.121035310339835,42.029146207883855,182.4553526149389,152.3827349547703,125.78451485591273,111.93471275982989,331.6394674525162,314.91023025218,284.90703815315396,260.64160983008867,470.26260044274557,416.3758869793679,375.42914234998636,346.71961527221305,320.0,337.26615600111234,395.5681405835254,449.45907428969986,484.468852376894,466.54884580036776,530.0612888578617,569.7249355031588,604.8274015078484,470.25841766465237,549.3440749929514,597.3839040803364,640.0,457.82051092673146,494.303636420854,439.0920540277049,402.61211403850734,434.5941724527039,444.0740809721956,401.1607055122722,373.54057954353516,320.0,126.62498983456732,0.0,29.453350613126986,120.11412969188791,45.11493427507054,21.669414938254704,18.764748528823986,34.23710806849857,185.9851645242837,150.2093473532674,123.36443811544126,113.23838675015875,334.91465362261414,325.95709927864357,286.0126760782712,252.09075698300342,478.97380173340093,432.9605719634771,377.5759725507363,335.48094176028957,320.0,342.3621968059224,397.0211692056623,449.1532413207975,485.2501946851511,469.5319441178034,535.2832378551313,575.5833409976854,610.995995548417,471.39313097958694,549.7570310220087,597.3405706033218,640.0,457.55541644800724,497.2879268473926,444.09251578405684,408.785976176966,432.8273248525819,450.1151498622167,410.37367774014376,382.4493571968903
320.0,129.72629802596092,0.0,29.620100909293456,129.7845293633314,70.6193362965816,47.629578190014,47.98170804850764,59.30489605102423,212.6683514803049,192.42029708100733,169.89201579492385,160.3083910736974,356.1862064519604,339.76901678312663,291.5168463683344,259.6625422189436,490.5738185835978,451.56704804819753,396.5308615479776,363.3920733244822,320.0,345.6320538075596,409.28719131939533,463.3709717793281,498.65579051619994,473.13485628462286,536.5282478804567,578.0294504968275,615.2872130862074,474.21367391138733,552.5178759944713,599.8986210724509,640.0,460.94609448973154,497.5418194878269,447.81080286886584,409.48853433170444,438.05976078273454,455.6982249164698,417.92687439461054,387.45535082659467,320.0,127.58028063105917,0.0,32.63583227316593,118.93644342185553,43.69174206656692,33.65209930126548,30.723881477382577,36.56972535227402,185.0021514538651,160.6287167744657,131.08330582131646,106.0054503497916,335.19260816466135,303.4456021652028,267.063405509589,237.74456344157932,475.25189832916476,429.9667055088252,381.4229809220783,349.8536587021853,320.0,343.73817286118765,398.37442449007506,449.18424725292243,484.07261406093414,471.6336941373599,539.6929721758203,582.9700829817876,620.8048491744025,473.7599519258326,552.1443136819603,599.2716393631363,640.0,460.97053194271075,500.62683071745045,454.12930570125866,418.14033382012065,437.29462556774644,455.3588838018764,416.79018708191757,386.09666799306706,320.0,127.5048882257177,0.0,39.42827618978288,136.85397588482226,41.42197122381839,23.762922660148888,25.121035310339835,42.029146207883855,182.4553526149389,152.3827349547703,125.78451485591273,111.93471275982989,331.6394674525162,314.91023025218,284.90703815315396,260.64160983008867,470.26260044274557,416.3758869793679,375.42914234998636,346.71961527221305,320.0,337.26615600111234,395.5681405835254,449.45907428969986,484.468852376894,466.54884580036776,530.0612888578617,569.7249355031588,604.8274015078484,470.25841766465237,549.3440749929514,597.3839040803364,640.0,457.82051092673146,494.303636420854,439.0920540277049,402.61211403850734,434.5941724527039,444.0740809721956,401.1607055122722,373.54057954353516,320.0,126.62498983456732,0.0,29.453350613126986,120.11412969188791,45.11493427507054,21.669414938254704,18.764748528823986,34.23710806849857,185.9851645242837,150.2093473532674,123.36443811544126,113.23838675015875,334.91465362261414,325.95709927864357,286.0126760782712,252.09075698300342,478.97380173340093,432.9605719634771,377.5759725507363,335.48094176028957,320.0,342.3621968059224,397.0211692056623,449.1532413207975,485.2501946851511,469.5319441178034,535.2832378551313,575.5833409976854,610.995995548417,471.39313097958694,549.7570310220087,597.3405706033218,640.0,457.55541644800724,497.2879268473926,444.09251578405684,408.785976176966,432.8273248525819,450.1151498622167,410.37367774014376,382.4493571968903,320.0,120.43726443651525,0.0,43.04369310456349,128.18423222522273,33.24932307848468,7.3137040427572515,4.077544595277288,20.47701227409317,174.51797093638456,137.39081501753913,112.90298728846403,103.36629231330164,326.24889179384894,320.3363637927311,284.85086703925754,251.65060550791463,469.8152780936497,425.5034595143493,375.3708485137668,333.06885456024577,320.0,341.37340845293113,395.7546248982321,445.7118521205646,477.04684859176257,469.28738601523344,531.5165560422844,571.0373020189082,606.0335309504942,472.4282811642305,549.9137085190443,597.5047321648865,640.0,459.3393139141905,499.9133323685179,444.12941873267874,406.5261988841718,434.7574307261426,448.6329733551543,406.68079037513684,378.2594686331901
320.0,127.58028063105917,0.0,32.63583227316593,118.93644342185553,43.69174206656692,33.65209930126548,30.723881477382577,36.56972535227402,185.0021514538651,160.6287167744657,131.08330582131646,106.0054503497916,335.19260816466135,303.4456021652028,267.063405509589,237.74456344157932,475.25189832916476,429.9667055088252,381.4229809220783,349.8536587021853,320.0,343.73817286118765,398.37442449007506,449.18424725292243,484.07261406093414,471.6336941373599,539.6929721758203,582.9700829817876,620.8048491744025,473.7599519258326,552.1443136819603,599.2716393631363,640.0,460.97053194271075,500.62683071745045,454.12930570125866,418.14033382012065,437.29462556774644,455.3588838018764,416.79018708191757,386.09666799306706,320.0,127.5048882257177,0.0,39.42827618978288,136.85397588482226,41.42197122381839,23.762922660148888,25.121035310339835,42.029146207883855,182.4553526149389,152.3827349547703,125.78451485591273,111.93471275982989,331.6394674525162,314.91023025218,284.90703815315396,260.64160983008867,470.26260044274557,416.3758869793679,375.42914234998636,346.71961527221305,320.0,337.26615600111234,395.5681405835254,449.45907428969986,484.468852376894,466.54884580036776,530.0612888578617,569.7249355031588,604.8274015078484,470.25841766465237,549.3440749929514,597.3839040803364,640.0,457.82051092673146,494.303636420854,439.0920540277049,402.61211403850734,434.5941724527039,444.0740809721956,401.1607055122722,373.54057954353516,320.0,126.62498983456732,0.0,29.453350613126986,120.11412969188791,45.11493427507054,21.669414938254704,18.764748528823986,34.23710806849857,185.9851645242837,150.2093473532674,123.36443811544126,113.23838675015875,334.91465362261414,325.95709927864357,286.0126760782712,252.09075698300342,478.97380173340093,432.9605719634771,377.5759725507363,335.48094176028957,320.0,342.3621968059224,397.0211692056623,449.1532413207975,485.2501946851511,469.5319441178034,535.2832378551313,575.5833409976854,610.995995548417,471.39313097958694,549.7570310220087,597.3405706033218,640.0,457.55541644800724,497.2879268473926,444.09251578405684,408.785976176966,432.8273248525819,450.1151498622167,410.37367774014376,382.4493571968903,320.0,120.43726443651525,0.0,43.04369310456349,128.18423222522273,33.24932307848468,7.3137040427572515,4.077544595277288,20.47701227409317,174.51797093638456,137.39081501753913,112.90298728846403,103.36629231330164,326.24889179384894,320.3363637927311,284.85086703925754,251.65060550791463,469.8152780936497,425.5034595143493,375.3708485137668,333.06885456024577,320.0,341.37340845293113,395.7546248982321,445.7118521205646,477.04684859176257,469.28738601523344,531.5165560422844,571.0373020189082,606.0335309504942,472.4282811642305,549.9137085190443,597.5047321648865,640.0,459.3393139141905,499.9133323685179,444.12941873267874,406.5261988841718,434.7574307261426,448.6329733551543,406.68079037513684,378.2594686331901,320.0,132.60238981808018,11.746641889418015,49.629616432416526,125.18161051982776,32.13975617377679,5.993942879540441,0.0,9.666409966043034,166.24546811964424,122.04813066628927,96.9915661133557,85.41224471983767,308.89778544165154,306.4509473934544,284.19059530856424,255.30840007582913,443.4101400015975,403.4578875186845,365.5469835207808,327.0449487663056,320.0,337.72931465670695,391.62342439419274,441.689714347493,474.8278841969888,467.20099239579645,529.6190490347136,569.0042178608337,604.0214935696447,472.7267499224488,550.7091492254584,598.2545251212775,640.0,461.3591134004055,498.78459944293076,442.20031212186416,403.4853873504139,438.31671231203217,445.570351005916,401.8413061844333,373.0924993036838
320.0,127.5048882257177,0.0,39.42827618978288,136.85397588482226,41.42197122381839,23.762922660148888,25.121035310339835,42.029146207883855,182.4553526149389,152.3827349547703,125.78451485591273,111.93471275982989,331.6394674525162,314.91023025218,284.90703815315396,260.64160983008867,470.26260044274557,416.3758869793679,375.42914234998636,346.71961527221305,320.0,337.26615600111234,395.5681405835254,449.45907428969986,484.468852376894,466.54884580036776,530.0612888578617,569.7249355031588,604.8274015078484,470.25841766465237,549.3440749929514,597.3839040803364,640.0,457.82051092673146,494.303636420854,439.0920540277049,402.61211403850734,434.5941724527039,444.0740809721956,401.1607055122722,373.54057954353516,320.0,126.62498983456732,0.0,29.453350613126986,120.11412969188791,45.11493427507054,21.669414938254704,18.764748528823986,34.23710806849857,185.9851645242837,150.2093473532674,123.36443811544126,113.23838675015875,334.91465362261414,325.95709927864357,286.0126760782712,252.09075698300342,478.97380173340093,432.9605719634771,377.5759725507363,335.48094176028957,320.0,342.3621968059224,397.0211692056623,449.1532413207975,485.2501946851511,469.5319441178034,535.2832378551313,575.5833409976854,610.995995548417,471.39313097958694,549.7570310220087,597.3405706033218,640.0,457.55541644800724,497.2879268473926,444.09251578405684,408.785976176966,432.8273248525819,450.1151498622167,410.37367774014376,382.4493571968903,320.0,120.43726443651525,0.0,43.04369310456349,128.18423222522273,33.24932307848468,7.3137040427572515,4.077544595277288,20.47701227409317,174.51797093638456,137.39081501753913,112.90298728846403,103.36629231330164,326.24889179384894,320.3363637927311,284.85086703925754,251.65060550791463,469.8152780936497,425.5034595143493,375.3708485137668,333.06885456024577,320.0,341.37340845293113,395.7546248982321,445.7118521205646,477.04684859176257,469.28738601523344,531.5165560422844,571.0373020189082,606.0335309504942,472.4282811642305,549.9137085190443,597.5047321648865,640.0,459.3393139141905,499.9133323685179,444.12941873267874,406.5261988841718,434.7574307261426,448.6329733551543,406.68079037513684,378.2594686331901,320.0,132.60238981808018,11.746641889418015,49.629616432416526,125.18161051982776,32.13975617377679,5.993942879540441,0.0,9.666409966043034,166.24546811964424,122.04813066628927,96.9915661133557,85.41224471983767,308.89778544165154,306.4509473934544,284.19059530856424,255.30840007582913,443.4101400015975,403.4578875186845,365.5469835207808,327.0449487663056,320.0,337.72931465670695,391.62342439419274,441.689714347493,474.8278841969888,467.20099239579645,529.6190490347136,569.0042178608337,604.0214935696447,472.7267499224488,550.7091492254584,598.2545251212775,640.0,461.3591134004055,498.78459944293076,442.20031212186416,403.4853873504139,438.31671231203217,445.570351005916,401.8413061844333,373.0924993036838,320.0,134.20700479590963,7.841243759808322,34.67416699152494,115.29460777529772,41.49926091763962,9.27146778220299,0.0,8.950413103191238,173.9016087281017,128.31995571434032,97.76742955720269,84.12168989531011,313.6002969821195,302.9419750333052,275.5099852265296,249.5168541645671,446.1421740571155,404.0028970474932,363.0496514936905,330.5776657916787,320.0,339.6916905329626,392.2004246788081,442.72886265807426,473.92551395384737,466.1796406182174,531.0629828513936,571.5080802732537,606.9524219872635,469.8237444373296,548.868993774192,597.1627279087581,640.0,457.6014509590722,496.1308080337706,440.8419455561639,404.4383930525151,434.2706581361376,448.80582368771894,406.6341674693713,377.307624012625
320.0,126.62498983456732,0.0,29.453350613126986,120.11412969188791,45.11493427507054,21.669414938254704,18.764748528823986,34.23710806849857,185.9851645242837,150.2093473532674,123.36443811544126,113.23838675015875,334.91465362261414,325.95709927864357,286.0126760782712,252.09075698300342,478.97380173340093,432.9605719634771,377.5759725507363,335.48094176028957,320.0,342.3621968059224,397.0211692056623,449.1532413207975,485.2501946851511,469.5319441178034,535.2832378551313,575.5833409976854,610.995995548417,471.39313097958694,549.7570310220087,597.3405706033218,640.0,457.55541644800724,497.2879268473926,444.09251578405684,408.785976176966,432.8273248525819,450.1151498622167,410.37367774014376,382.4493571968903,320.0,120.43726443651525,0.0,43.04369310456349,128.18423222522273,33.24932307848468,7.3137040427572515,4.077544595277288,20.47701227409317,174.51797093638456,137.39081501753913,112.90298728846403,103.36629231330164,326.24889179384894,320.3363637927311,284.85086703925754,251.65060550791463,469.8152780936497,425.5034595143493,375.3708485137668,333.06885456024577,320.0,341.37340845293113,395.7546248982321,445.7118521205646,477.04684859176257,469.28738601523344,531.5165560422844,571.0373020189082,606.0335309504942,472.4282811642305,549.9137085190443,597.5047321648865,640.0,459.3393139141905,499.9133323685179,444.12941873267874,406.5261988841718,434.7574307261426,448.6329733551543,406.68079037513684,378.2594686331901,320.0,132.60238981808018,11.746641889418015,49.629616432416526,125.18161051982776,32.13975617377679,5.993942879540441,0.0,9.666409966043034,166.24546811964424,122.04813066628927,96.9915661133557,85.41224471983767,308.89778544165154,306.4509473934544,284.19059530856424,255.30840007582913,443.4101400015975,403.4578875186845,365.5469835207808,327.0449487663056,320.0,337.72931465670695,391.62342439419274,441.689714347493,474.8278841969888,467.20099239579645,529.6190490347136,569.0042178608337,604.0214935696447,472.7267499224488,550.7091492254584,598.2545251212775,640.0,461.3591134004055,498.78459944293076,442.20031212186416,403.4853873504139,438.31671231203217,445.570351005916,401.8413061844333,373.0924993036838,320.0,134.20700479590963,7.841243759808322,34.67416699152494,115.29460777529772,41.49926091763962,9.27146778220299,0.0,8.950413103191238,173.9016087281017,128.31995571434032,97.76742955720269,84.12168989531011,313.6002969821195,302.9419750333052,275.5099852265296,249.5168541645671,446.1421740571155,404.0028970474932,363.0496514936905,330.5776657916787,320.0,339.6916905329626,392.2004246788081,442.72886265807426,473.92551395384737,466.1796406182174,531.0629828513936,571.5080802732537,606.9524219872635,469.8237444373296,548.868993774192,597.1627279087581,640.0,457.6014509590722,496.1308080337706,440.8419455561639,404.4383930525151,434.2706581361376,448.80582368771894,406.6341674693713,377.307624012625,320.0,136.13311213372248,18.12337924704417,46.54508992137863,123.7148767118382,43.44090474896677,10.538858756367176,0.0,6.506320303991174,169.92203258671978,125.05041996526305,94.9227215648601,78.72156797411623,306.62438858055714,293.9414609917704,270.53874976547496,246.2208264467957,436.0803449717441,391.88379079665333,355.1634513055941,323.7851602672145,320.0,339.00183151373506,393.2301324955252,444.34805780252145,476.3167465868721,467.5436268131531,530.4349227683545,570.1645502652381,605.6497454208907,472.1048629354394,550.0818006808707,597.4948947692019,640.0,460.17244046280496,500.98438988754845,444.4349409665037,406.67003765717027,436.4947244865197,448.5042551172546,405.0508703264878,375.9683040234808
320.0,120.43726443651525,0.0,43.04369310456349,128.18423222522273,33.24932307848468,7.3137040427572515,4.077544595277288,20.47701227409317,174.51797093638456,137.39081501753913,112.90298728846403,103.36629231330164,326.24889179384894,320.3363637927311,284.85086703925754,251.65060550791463,469.8152780936497,425.5034595143493,375.3708485137668,333.06885456024577,320.0,341.37340845293113,395.7546248982321,445.7118521205646,477.04684859176257,469.28738601523344,531.5165560422844,571.0373020189082,606.0335309504942,472.4282811642305,549.9137085190443,597.5047321648865,640.0,459.3393139141905,499.9133323685179,444.12941873267874,406.5261988841718,434.7574307261426,448.6329733551543,406.68079037513684,378.2594686331901,320.0,132.60238981808018,11.746641889418015,49.629616432416526,125.18161051982776,32.13975617377679,5.993942879540441,0.0,9.666409966043034,166.24546811964424,122.04813066628927,96.9915661133557,85.41224471983767,308.89778544165154,306.4509473934544,284.19059530856424,255.30840007582913,443.4101400015975,403.4578875186845,365.5469835207808,327.0449487663056,320.0,337.72931465670695,391.62342439419274,441.689714347493,474.8278841969888,467.20099239579645,529.6190490347136,569.0042178608337,604.0214935696447,472.7267499224488,550.7091492254584,598.2545251212775,640.0,461.3591134004055,498.78459944293076,442.20031212186416,403.4853873504139,438.31671231203217,445.570351005916,401.8413061844333,373.0924993036838,320.0,134.20700479590963,7.841243759808322,34.67416699152494,115.29460777529772,41.49926091763962,9.27146778220299,0.0,8.950413103191238,173.9016087281017,128.31995571434032,97.76742955720269,84.12168989531011,313.6002969821195,302.9419750333052,275.5099852265296,249.5168541645671,446.1421740571155,404.0028970474932,363.0496514936905,330.5776657916787,320.0,339.6916905329626,392.2004246788081,442.72886265807426,473.92551395384737,466.1796406182174,531.0629828513936,571.5080802732537,606.9524219872635,469.8237444373296,548.868993774192,597.1627279087581,640.0,457.6014509590722,496.1308080337706,440.8419455561639,404.4383930525151,434.2706581361376,448.80582368771894,406.6341674693713,377.307624012625,320.0,136.13311213372248,18.12337924704417,46.54508992137863,123.7148767118382,43.44090474896677,10.538858756367176,0.0,6.506320303991174,169.92203258671978,125.05041996526305,94.9227215648601,78.72156797411623,306.62438858055714,293.9414609917704,270.53874976547496,246.2208264467957,436.0803449717441,391.88379079665333,355.1634513055941,323.7851602672145,320.0,339.00183151373506,393.2301324955252,444.34805780252145,476.3167465868721,467.5436268131531,530.4349227683545,570.1645502652381,605.6497454208907,472.1048629354394,550.0818006808707,597.4948947692019,640.0,460.17244046280496,500.98438988754845,444.4349409665037,406.67003765717027,436.4947244865197,448.5042551172546,405.0508703264878,375.9683040234808,320.0,134.53532412959197,16.293040526923846,44.13709437659247,112.36193490072293,42.60647720447827,10.037635706632273,0.0,8.560397307915594,171.71312899936748,123.54900204121134,92.59786939839137,78.84223611407637,309.39237349178825,294.49988726447754,266.4449361797224,241.33826842228132,440.2467970142047,393.52434388923587,352.28209021635246,319.8943917569382,320.0,339.6294559228438,393.7183364781212,445.23852041868736,477.87236211131074,466.76350121911423,530.8660896305803,570.9400243677245,606.3609823904281,471.21027605483596,549.7898619458879,597.6090250208417,640.0,459.2615424339283,499.73100374737487,444.19782994266257,407.55772855014953,435.5303102492474,449.4531563580557,407.3128541122031,378.6605775936977
320.0,132.60238981808018,11.746641889418015,49.629616432416526,125.18161051982776,32.13975617377679,5.993942879540441,0.0,9.666409966043034,166.24546811964424,122.04813066628927,96.9915661133557,85.41224471983767,308.89778544165154,306.4509473934544,284.19059530856424,255.30840007582913,443.4101400015975,403.4578875186845,365.5469835207808,327.0449487663056,320.0,337.72931465670695,391.62342439419274,441.689714347493,474.8278841969888,467.20099239579645,529.6190490347136,569.0042178608337,604.0214935696447,472.7267499224488,550.7091492254584,598.2545251212775,640.0,461.3591134004055,498.78459944293076,442.20031212186416,403.4853873504139,438.31671231203217,445.570351005916,401.8413061844333,373.0924993036838,320.0,134.20700479590963,7.841243759808322,34.67416699152494,115.29460777529772,41.49926091763962,9.27146778220299,0.0,8.950413103191238,173.9016087281017,128.31995571434032,97.76742955720269,84.12168989531011,313.6002969821195,302.9419750333052,275.5099852265296,249.5168541645671,446.1421740571155,404.0028970474932,363.0496514936905,330.5776657916787,320.0,339.6916905329626,392.2004246788081,442.72886265807426,473.92551395384737,466.1796406182174,531.0629828513936,571.5080802732537,606.9524219872635,469.8237444373296,548.868993774192,597.1627279087581,640.0,457.6014509590722,496.1308080337706,440.8419455561639,404.4383930525151,434.2706581361376,448.80582368771894,406.6341674693713,377.307624012625,320.0,136.13311213372248,18.12337924704417,46.54508992137863,123.7148767118382,43.44090474896677,10.538858756367176,0.0,6.506320303991174,169.92203258671978,125.05041996526305,94.9227215648601,78.72156797411623,306.62438858055714,293.9414609917704,270.53874976547496,246.2208264467957,436.0803449717441,391.88379079665333,355.1634513055941,323.7851602672145,320.0,339.00183151373506,393.2301324955252,444.34805780252145,476.3167465868721,467.5436268131531,530.4349227683545,570.1645502652381,605.6497454208907,472.1048629354394,550.0818006808707,597.4948947692019,640.0,460.17244046280496,500.98438988754845,444.4349409665037,406.67003765717027,436.4947244865197,448.5042551172546,405.0508703264878,375.9683040234808,320.0,134.53532412959197,16.293040526923846,44.13709437659247,112.36193490072293,42.60647720447827,10.037635706632273,0.0,8.560397307915594,171.71312899936748,123.54900204121134,92.59786939839137,78.84223611407637,309.39237349178825,294.49988726447754,266.4449361797224,241.33826842228132,440.2467970142047,393.52434388923587,352.28209021635246,319.8943917569382,320.0,339.6294559228438,393.7183364781212,445.23852041868736,477.87236211131074,466.76350121911423,530.8660896305803,570.9400243677245,606.3609823904281,471.21027605483596,549.7898619458879,597.6090250208417,640.0,459.2615424339283,499.73100374737487,444.19782994266257,407.55772855014953,435.5303102492474,449.4531563580557,407.3128541122031,378.6605775936977,320.0,139.15129475582222,23.84544752034185,57.84311408094305,123.41542797399882,40.972892707244284,10.177432307529102,0.0,6.756549540130607,163.75180690031365,113.83390154097913,83.5754352470567,67.50815946179372,295.81423398033246,284.51026561813416,268.28916465899965,246.62151309908026,420.34989469218294,379.9775141294301,350.5215085534191,320.1229146779399,320.0,337.3936551877381,393.3324912557295,445.140367943825,478.24581567891187,466.4011432856766,528.3618835115694,568.0395044615784,603.339415249849,472.5148912165795,551.1430542154692,598.9996382593331,640.0,462.42122882048074,498.6352390960319,441.0941630134386,402.1070633337147,441.3155192036679,448.3656927003114,403.10692247308936,373.24277692504563
320.0,134.20700479590963,7.841243759808322,34.67416699152494,115.29460777529772,41.49926091763962,9.27146778220299,0.0,8.950413103191238,173.9016087281017,128.31995571434032,97.76742955720269,84.12168989531011,313.6002969821195,302.9419750333052,275.5099852265296,249.5168541645671,446.1421740571155,404.0028970474932,363.0496514936905,330.5776657916787,320.0,339.6916905329626,392.2004246788081,442.72886265807426,473.92551395384737,466.1796406182174,531.0629828513936,571.5080802732537,606.9524219872635,469.8237444373296,548.868993774192,597.1627279087581,640.0,457.6014509590722,496.1308080337706,440.8419455561639,404.4383930525151,434.2706581361376,448.80582368771894,406.6341674693713,377.307624012625,320.0,136.13311213372248,18.12337924704417,46.54508992137863,123.7148767118382,43.44090474896677,10.538858756367176,0.0,6.506320303991174,169.92203258671978,125.05041996526305,94.9227215648601,78.72156797411623,306.62438858055714,293.9414609917704,270.53874976547496,246.2208264467957,436.0803449717441,391.88379079665333,355.1634513055941,323.7851602672145,320.0,339.00183151373506,393.2301324955252,444.34805780252145,476.3167465868721,467.5436268131531,530.4349227683545,570.1645502652381,605.6497454208907,472.1048629354394,550.0818006808707,597.4948947692019,640.0,460.17244046280496,500.98438988754845,444.4349409665037,406.67003765717027,436.4947244865197,448.5042551172546,405.0508703264878,375.9683040234808,320.0,134.53532412959197,16.293040526923846,44.13709437659247,112.36193490072293,42.60647720447827,10.037635706632273,0.0,8.560397307915594,171.71312899936748,123.54900204121134,92.59786939839137,78.84223611407637,309.39237349178825,294.49988726447754,266.4449361797224,241.33826842228132,440.2467970142047,393.52434388923587,352.28209021635246,319.8943917569382,320.0,339.6294559228438,393.7183364781212,445.23852041868736,477.87236211131074,466.76350121911423,530.8660896305803,570.9400243677245,606.3609823904281,471.21027605483596,549.7898619458879,597.6090250208417,640.0,459.2615424339283,499.73100374737487,444.19782994266257,407.55772855014953,435.5303102492474,449.4531563580557,407.3128541122031,378.6605775936977,320.0,139.15129475582222,23.84544752034185,57.84311408094305,123.41542797399882,40.972892707244284,10.177432307529102,0.0,6.756549540130607,163.75180690031365,113.83390154097913,83.5754352470567,67.50815946179372,295.81423398033246,284.51026561813416,268.28916465899965,246.62151309908026,420.34989469218294,379.9775141294301,350.5215085534191,320.1229146779399,320.0,337.3936551877381,393.3324912557295,445.140367943825,478.24581567891187,466.4011432856766,528.3618835115694,568.0395044615784,603.339415249849,472.5148912165795,551.1430542154692,598.9996382593331,640.0,462.42122882048074,498.6352390960319,441.0941630134386,402.1070633337147,441.3155192036679,448.3656927003114,403.10692247308936,373.24277692504563,320.0,141.24625231264184,26.013291910162593,64.59019106606004,137.06677071136696,44.21029061497086,12.261897585117026,0.0,6.465908822843289,164.55685831935108,114.97822063342704,82.09330547990805,65.91517336435703,294.5667622864422,278.5997550406325,261.5200286672106,243.46711489762595,416.61431106394815,373.5808438928844,345.1270347597417,320.4934834143187,320.0,337.1928179415233,393.52268316054483,446.2300673805696,477.1699763979534,465.84649609795804,529.6233658277547,569.8094047112833,605.56257055319,471.2450360643769,550.2158307636046,598.2882465246664,640.0,461.0868315922222,499.93750648907485,441.4626788091448,403.1991387137711,440.0910222946427,450.7693314913729,405.2066022245045,375.08967653491004
320.0,136.13311213372248,18.12337924704417,46.54508992137863,123.7148767118382,43.44090474896677,10.538858756367176,0.0,6.506320303991174,169.92203258671978,125.05041996526305,94.9227215648601,78.72156797411623,306.62438858055714,293.9414609917704,270.53874976547496,246.2208264467957,436.0803449717441,391.88379079665333,355.1634513055941,323.7851602672145,320.0,339.00183151373506,393.2301324955252,444.34805780252145,476.3167465868721,467.5436268131531,530.4349227683545,570.1645502652381,605.6497454208907,472.1048629354394,550.0818006808707,597.4948947692019,640.0,460.17244046280496,500.98438988754845,444.4349409665037,406.67003765717027,436.4947244865197,448.5042551172546,405.0508703264878,375.9683040234808,320.0,134.53532412959197,16.293040526923846,44.13709437659247,112.36193490072293,42.60647720447827,10.037635706632273,0.0,8.560397307915594,171.71312899936748,123.54900204121134,92.59786939839137,78.84223611407637,309.39237349178825,294.49988726447754,266.4449361797224,241.33826842228132,440.2467970142047,393.52434388923587,352.28209021635246,319.8943917569382,320.0,339.6294559228438,393.7183364781212,445.23852041868736,477.87236211131074,466.76350121911423,530.8660896305803,570.9400243677245,606.3609823904281,471.21027605483596,549.7898619458879,597.6090250208417,640.0,459.2615424339283,499.73100374737487,444.19782994266257,407.55772855014953,435.5303102492474,449.4531563580557,407.3128541122031,378.6605775936977,320.0,139.15129475582222,23.84544752034185,57.84311408094305,123.41542797399882,40.972892707244284,10.177432307529102,0.0,6.756549540130607,163.75180690031365,113.83390154097913,83.5754352470567,67.50815946179372,295.81423398033246,284.51026561813416,268.28916465899965,246.62151309908026,420.34989469218294,379.9775141294301,350.5215085534191,320.1229146779399,320.0,337.3936551877381,393.3324912557295,445.140367943825,478.24581567891187,466.4011432856766,528.3618835115694,568.0395044615784,603.339415249849,472.5148912165795,551.1430542154692,598.9996382593331,640.0,462.42122882048074,498.6352390960319,441.0941630134386,402.1070633337147,441.3155192036679,448.3656927003114,403.10692247308936,373.24277692504563,320.0,141.24625231264184,26.013291910162593,64.59019106606004,137.06677071136696,44.21029061497086,12.261897585117026,0.0,6.465908822843289,164.55685831935108,114.97822063342704,82.09330547990805,65.91517336435703,294.5667622864422,278.5997550406325,261.5200286672106,243.46711489762595,416.61431106394815,373.5808438928844,345.1270347597417,320.4934834143187,320.0,337.1928179415233,393.52268316054483,446.2300673805696,477.1699763979534,465.84649609795804,529.6233658277547,569.8094047112833,605.56257055319,471.2450360643769,550.2158307636046,598.2882465246664,640.0,461.0868315922222,499.93750648907485,441.4626788091448,403.1991387137711,440.0910222946427,450.7693314913729,405.2066022245045,375.08967653491004,320.0,138.10938564471687,19.561180346410424,54.36373480657835,128.05995725994453,43.89197066456825,12.647079157658936,0.0,5.54952665116673,168.48164049725125,117.79774523291465,82.24162346958832,64.86122687729593,302.80902062196026,283.699632646815,259.0321420442673,236.5881907875061,428.4995226505981,379.3643368338956,342.675689049395,313.6143778105937,320.0,338.48735319342507,392.9386794849553,444.1365405689735,472.8915922999754,467.36722641411376,531.9125704167184,572.3424855001426,607.8735296962666,472.46598409257496,550.8803309298765,598.5690860296828,640.0,461.3248418138977,502.16227556231627,444.6389630209602,407.3075584430892,438.7204466949907,450.4387567782943,405.07999839859804,375.05995186344916
320.0,134.53532412959197,16.293040526923846,44.13709437659247,112.36193490072293,42.60647720447827,10.037635706632273,0.0,8.560397307915594,171.71312899936748,123.54900204121134,92.59786939839137,78.84223611407637,309.39237349178825,294.49988726447754,266.4449361797224,241.33826842228132,440.2467970142047,393.52434388923587,352.28209021635246,319.8943917569382,320.0,339.6294559228438,393.7183364781212,445.23852041868736,477.87236211131074,466.76350121911423,530.8660896305803,570.9400243677245,606.3609823904281,471.21027605483596,549.7898619458879,597.6090250208417,640.0,459.2615424339283,499.73100374737487,444.19782994266257,407.55772855014953,435.5303102492474,449.4531563580557,407.3128541122031,378.6605775936977,320.0,139.15129475582222,23.84544752034185,57.84311408094305,123.41542797399882,40.972892707244284,10.177432307529102,0.0,6.756549540130607,163.75180690031365,113.83390154097913,83.5754352470567,67.50815946179372,295.81423398033246,284.51026561813416,268.28916465899965,246.62151309908026,420.34989469218294,379.9775141294301,350.5215085534191,320.1229146779399,320.0,337.3936551877381,393.3324912557295,445.140367943825,478.24581567891187,466.4011432856766,528.3618835115694,568.0395044615784,603.339415249849,472.5148912165795,551.1430542154692,598.9996382593331,640.0,462.42122882048074,498.6352390960319,441.0941630134386,402.1070633337147,441.3155192036679,448.3656927003114,403.10692247308936,373.24277692504563,320.0,141.24625231264184,26.013291910162593,64.59019106606004,137.06677071136696,44.21029061497086,12.261897585117026,0.0,6.465908822843289,164.55685831935108,114.97822063342704,82.09330547990805,65.91517336435703,294.5667622864422,278.5997550406325,261.5200286672106,243.46711489762595,416.61431106394815,373.5808438928844,345.1270347597417,320.4934834143187,320.0,337.1928179415233,393.52268316054483,446.2300673805696,477.1699763979534,465.84649609795804,529.6233658277547,569.8094047112833,605.56257055319,471.2450360643769,550.2158307636046,598.2882465246664,640.0,461.0868315922222,499.93750648907485,441.4626788091448,403.1991387137711,440.0910222946427,450.7693314913729,405.2066022245045,375.08967653491004,320.0,138.10938564471687,19.561180346410424,54.36373480657835,128.05995725994453,43.89197066456825,12.647079157658936,0.0,5.54952665116673,168.48164049725125,117.79774523291465,82.24162346958832,64.86122687729593,302.80902062196026,283.699632646815,259.0321420442673,236.5881907875061,428.4995226505981,379.3643368338956,342.675689049395,313.6143778105937,320.0,338.48735319342507,392.9386794849553,444.1365405689735,472.8915922999754,467.36722641411376,531.9125704167184,572.3424855001426,607.8735296962666,472.46598409257496,550.8803309298765,598.5690860296828,640.0,461.3248418138977,502.16227556231627,444.6389630209602,407.3075584430892,438.7204466949907,450.4387567782943,405.07999839859804,375.05995186344916,320.0,138.27442283588806,19.75642370351062,51.81262196738135,131.54231735958265,45.169085496191144,12.238145294300693,0.0,6.015311597407731,168.5754786483924,118.98630774692407,85.32885567807472,71.53558626895955,301.2594750864115,287.29583335495664,261.440203524193,239.45368607938576,425.7057544674202,379.7248479305933,342.4997871307006,314.79835463083464,320.0,338.77175690049654,391.97673534605116,442.7695198128356,470.7238604834727,467.650271273322,532.1363592191612,572.2459130510663,607.4831375551091,472.6666362570826,550.7546931573809,598.413862539425,640.0,461.10713362566196,501.0639520163207,444.10251731858864,407.5191001936297,437.94634823865704,450.802832851077,406.57777813035267,377.19693709380897
320.0,139.15129475582222,23.84544752034185,57.84311408094305,123.41542797399882,40.972892707244284,10.177432307529102,0.0,6.756549540130607,163.75180690031365,113.83390154097913,83.5754352470567,67.50815946179372,295.81423398033246,284.51026561813416,268.28916465899965,246.62151309908026,420.34989469218294,379.9775141294301,350.5215085534191,320.1229146779399,320.0,337.3936551877381,393.3324912557295,445.140367943825,478.24581567891187,466.4011432856766,528.3618835115694,568.0395044615784,603.339415249849,472.5148912165795,551.1430542154692,598.9996382593331,640.0,462.42122882048074,498.6352390960319,441.0941630134386,402.1070633337147,441.3155192036679,448.3656927003114,403.10692247308936,373.24277692504563,320.0,141.24625231264184,26.013291910162593,64.59019106606004,137.06677071136696,44.21029061497086,12.261897585117026,0.0,6.465908822843289,164.55685831935108,114.97822063342704,82.09330547990805,65.91517336435703,294.5667622864422,278.5997550406325,261.5200286672106,243.46711489762595,416.61431106394815,373.5808438928844,345.1270347597417,320.4934834143187,320.0,337.1928179415233,393.52268316054483,446.2300673805696,477.1699763979534,465.84649609795804,529.6233658277547,569.8094047112833,605.56257055319,471.2450360643769,550.2158307636046,598.2882465246664,640.0,461.0868315922222,499.93750648907485,441.4626788091448,403.1991387137711,440.0910222946427,450.7693314913729,405.2066022245045,375.08967653491004,320.0,138.10938564471687,19.561180346410424,54.36373480657835,128.05995725994453,43.89197066456825,12.647079157658936,0.0,5.54952665116673,168.48164049725125,117.79774523291465,82.24162346958832,64.86122687729593,302.80902062196026,283.699632646815,259.0321420442673,236.5881907875061,428.4995226505981,379.3643368338956,342.675689049395,313.6143778105937,320.0,338.48735319342507,392.9386794849553,444.1365405689735,472.8915922999754,467.36722641411376,531.9125704167184,572.3424855001426,607.8735296962666,472.46598409257496,550.8803309298765,598.5690860296828,640.0,461.3248418138977,502.16227556231627,444.6389630209602,407.3075584430892,438.7204466949907,450.4387567782943,405.07999839859804,375.05995186344916,320.0,138.27442283588806,19.75642370351062,51.81262196738135,131.54231735958265,45.169085496191144,12.238145294300693,0.0,6.015311597407731,168.5754786483924,118.98630774692407,85.32885567807472,71.53558626895955,301.2594750864115,287.29583335495664,261.440203524193,239.45368607938576,425.7057544674202,379.7248479305933,342.4997871307006,314.79835463083464,320.0,338.77175690049654,391.97673534605116,442.7695198128356,470.7238604834727,467.650271273322,532.1363592191612,572.2459130510663,607.4831375551091,472.6666362570826,550.7546931573809,598.413862539425,640.0,461.10713362566196,501.0639520163207,444.10251731858864,407.5191001936297,437.94634823865704,450.802832851077,406.57777813035267,377.19693709380897,320.0,142.6613824162671,30.04782303387094,63.69529519516709,139.16318594156098,47.04653087516073,12.629678462292418,0.0,6.729816504172618,172.02789947949773,120.94382554850938,88.00949492775447,72.9631622506943,307.80555217913394,290.2630382994603,263.2557599387444,240.16599090921056,435.4086480954014,387.80988776258346,350.28466976402814,322.4439064535934,320.0,340.30650415835726,393.9218355187188,443.4512033485171,471.47734395699376,468.08765181402816,531.9181036977841,571.9841399264154,607.1791872754234,472.6557023064056,550.6210561099554,598.0917765974935,640.0,460.92176175555016,499.8615170933739,443.43305033195077,406.31425954513594,437.71336823466874,449.3858108110343,405.73140481789267,376.7013441766294
320.0,141.24625231264184,26.013291910162593,64.59019106606004,137.06677071136696,44.21029061497086,12.261897585117026,0.0,6.465908822843289,164.55685831935108,114.97822063342704,82.09330547990805,65.91517336435703,294.5667622864422,278.5997550406325,261.5200286672106,243.46711489762595,416.61431106394815,373.5808438928844,345.1270347597417,320.4934834143187,320.0,337.1928179415233,393.52268316054483,446.2300673805696,477.1699763979534,465.84649609795804,529.6233658277547,569.8094047112833,605.56257055319,471.2450360643769,550.2158307636046,598.2882465246664,640.0,461.0868315922222,499.93750648907485,441.4626788091448,403.1991387137711,440.0910222946427,450.7693314913729,405.2066022245045,375.08967653491004,320.0,138.10938564471687,19.561180346410424,54.36373480657835,128.05995725994453,43.89197066456825,12.647079157658936,0.0,5.54952665116673,168.48164049725125,117.79774523291465,82.24162346958832,64.86122687729593,302.80902062196026,283.699632646815,259.0321420442673,236.5881907875061,428.4995226505981,379.3643368338956,342.675689049395,313.6143778105937,320.0,338.48735319342507,392.9386794849553,444.1365405689735,472.8915922999754,467.36722641411376,531.9125704167184,572.3424855001426,607.8735296962666,472.46598409257496,550.8803309298765,598.5690860296828,640.0,461.3248418138977,502.16227556231627,444.6389630209602,407.3075584430892,438.7204466949907,450.4387567782943,405.07999839859804,375.05995186344916,320.0,138.27442283588806,19.75642370351062,51.81262196738135,131.54231735958265,45.169085496191144,12.238145294300693,0.0,6.015311597407731,168.5754786483924,118.98630774692407,85.32885567807472,71.53558626895955,301.2594750864115,287.29583335495664,261.440203524193,239.45368607938576,425.7057544674202,379.7248479305933,342.4997871307006,314.79835463083464,320.0,338.77175690049654,391.97673534605116,442.7695198128356,470.7238604834727,467.650271273322,532.1363592191612,572.2459130510663,607.4831375551091,472.6666362570826,550.7546931573809,598.413862539425,640.0,461.10713362566196,501.0639520163207,444.10251731858864,407.5191001936297,437.94634823865704,450.802832851077,406.57777813035267,377.19693709380897,320.0,142.6613824162671,30.04782303387094,63.69529519516709,139.16318594156098,47.04653087516073,12.629678462292418,0.0,6.729816504172618,172.02789947949773,120.94382554850938,88.00949492775447,72.9631622506943,307.80555217913394,290.2630382994603,263.2557599387444,240.16599090921056,435.4086480954014,387.80988776258346,350.28466976402814,322.4439064535934,320.0,340.30650415835726,393.9218355187188,443.4512033485171,471.47734395699376,468.08765181402816,531.9181036977841,571.9841399264154,607.1791872754234,472.6557023064056,550.6210561099554,598.0917765974935,640.0,460.92176175555016,499.8615170933739,443.43305033195077,406.31425954513594,437.71336823466874,449.3858108110343,405.73140481789267,376.7013441766294,320.0,143.46854920868105,27.228500782218134,53.23299459382224,120.46984004903447,48.16016300231911,12.630764559763406,0.0,5.978859401759905,169.69143329638524,118.708855651217,84.47180233916839,68.72241004491912,301.4992671811535,280.36520484158234,254.4554967873389,233.04230589610427,426.08605577023116,376.69112436108725,342.2385991285213,317.874221154354,320.0,338.2512077493732,391.0101271716312,441.86188991918124,471.85986852270366,466.60677575725117,531.6575788977085,571.8390843148121,607.4135263809545,471.75908382038165,550.254808851129,598.053602028813,640.0,460.80308524598945,500.92895075678763,443.81735574476676,407.11880298388775,438.44633802149536,451.8683183390433,407.4085524106574,377.544795192488
320.0,138.10938564471687,19.561180346410424,54.36373480657835,128.05995725994453,43.89197066456825,12.647079157658936,0.0,5.54952665116673,168.48164049725125,117.79774523291465,82.24162346958832,64.86122687729593,302.80902062196026,283.699632646815,259.0321420442673,236.5881907875061,428.4995226505981,379.3643368338956,342.675689049395,313.6143778105937,320.0,338.48735319342507,392.9386794849553,444.1365405689735,472.8915922999754,467.36722641411376,531.9125704167184,572.3424855001426,607.8735296962666,472.46598409257496,550.8803309298765,598.5690860296828,640.0,461.3248418138977,502.16227556231627,444.6389630209602,407.3075584430892,438.7204466949907,450.4387567782943,405.07999839859804,375.05995186344916,320.0,138.27442283588806,19.75642370351062,51.81262196738135,131.54231735958265,45.169085496191144,12.238145294300693,0.0,6.015311597407731,168.5754786483924,118.98630774692407,85.32885567807472,71.53558626895955,301.2594750864115,287.29583335495664,261.440203524193,239.45368607938576,425.7057544674202,379.7248479305933,342.4997871307006,314.79835463083464,320.0,338.77175690049654,391.97673534605116,442.7695198128356,470.7238604834727,467.650271273322,532.1363592191612,572.2459130510663,607.4831375551091,472.6666362570826,550.7546931573809,598.413862539425,640.0,461.10713362566196,501.0639520163207,444.10251731858864,407.5191001936297,437.94634823865704,450.802832851077,406.57777813035267,377.19693709380897,320.0,142.6613824162671,30.04782303387094,63.69529519516709,139.16318594156098,47.04653087516073,12.629678462292418,0.0,6.729816504172618,172.02789947949773,120.94382554850938,88.00949492775447,72.9631622506943,307.80555217913394,290.2630382994603,263.2557599387444,240.16599090921056,435.4086480954014,387.80988776258346,350.28466976402814,322.4439064535934,320.0,340.30650415835726,393.9218355187188,443.4512033485171,471.47734395699376,468.08765181402816,531.9181036977841,571.9841399264154,607.1791872754234,472.6557023064056,550.6210561099554,598.0917765974935,640.0,460.92176175555016,499.8615170933739,443.43305033195077,406.31425954513594,437.71336823466874,449.3858108110343,405.73140481789267,376.7013441766294,320.0,143.46854920868105,27.228500782218134,53.23299459382224,120.46984004903447,48.16016300231911,12.630764559763406,0.0,5.978859401759905,169.69143329638524,118.708855651217,84.47180233916839,68.72241004491912,301.4992671811535,280.36520484158234,254.4554967873389,233.04230589610427,426.08605577023116,376.69112436108725,342.2385991285213,317.874221154354,320.0,338.2512077493732,391.0101271716312,441.86188991918124,471.85986852270366,466.60677575725117,531.6575788977085,571.8390843148121,607.4135263809545,471.75908382038165,550.254808851129,598.053602028813,640.0,460.80308524598945,500.92895075678763,443.81735574476676,407.11880298388775,438.44633802149536,451.8683183390433,407.4085524106574,377.544795192488,320.0,140.1265101482466,22.648531154166108,51.62026636348179,121.33843665253951,47.28269579650885,12.59677347742371,0.0,6.007403703480406,171.51396293960337,120.61190971382726,85.62396065369586,69.8149578231646,304.2170553517283,285.3787267902349,258.54928437910854,236.76644326557883,430.6905049916736,383.572099829982,346.8210665668287,320.34427822228133,320.0,338.1494780823557,390.98984539729713,441.77193760063545,472.5914999702918,465.7579528642227,530.5525903149347,570.8445369942593,606.311071507515,471.1538674870185,550.1015690693866,598.0832378858504,640.0,460.24416670356186,499.798968591126,443.56139397708966,406.7347546408544,437.5355671144071,451.35776931538027,408.105129772093,378.57004062203174
320.0,138.27442283588806,19.75642370351062,51.81262196738135,131.54231735958265,45.169085496191144,12.238145294300693,0.0,6.015311597407731,168.5754786483924,118.98630774692407,85.32885567807472,71.53558626895955,301.2594750864115,287.29583335495664,261.440203524193,239.45368607938576,425.7057544674202,379.7248479305933,342.4997871307006,314.79835463083464,320.0,338.77175690049654,391.97673534605116,442.7695198128356,470.7238604834727,467.650271273322,532.1363592191612,572.2459130510663,607.4831375551091,472.6666362570826,550.7546931573809,598.413862539425,640.0,461.10713362566196,501.0639520163207,444.10251731858864,407.5191001936297,437.94634823865704,450.802832851077,406.57777813035267,377.19693709380897,320.0,142.6613824162671,30.04782303387094,63.69529519516709,139.16318594156098,47.04653087516073,12.629678462292418,0.0,6.729816504172618,172.02789947949773,120.94382554850938,88.00949492775447,72.9631622506943,307.80555217913394,290.2630382994603,263.2557599387444,240.16599090921056,435.4086480954014,387.80988776258346,350.28466976402814,322.4439064535934,320.0,340.30650415835726,393.9218355187188,443.4512033485171,471.47734395699376,468.08765181402816,531.9181036977841,571.9841399264154,607.1791872754234,472.6557023064056,550.6210561099554,598.0917765974935,640.0,460.92176175555016,499.8615170933739,443.43305033195077,406.31425954513594,437.71336823466874,449.3858108110343,405.73140481789267,376.7013441766294,320.0,143.46854920868105,27.228500782218134,53.23299459382224,120.46984004903447,48.16016300231911,12.630764559763406,0.0,5.978859401759905,169.69143329638524,118.708855651217,84.47180233916839,68.72241004491912,301.4992671811535,280.36520484158234,254.4554967873389,233.04230589610427,426.08605577023116,376.69112436108725,342.2385991285213,317.874221154354,320.0,338.2512077493732,391.0101271716312,441.86188991918124,471.85986852270366,466.60677575725117,531.6575788977085,571.8390843148121,607.4135263809545,471.75908382038165,550.254808851129,598.053602028813,640.0,460.80308524598945,500.92895075678763,443.81735574476676,407.11880298388775,438.44633802149536,451.8683183390433,407.4085524106574,377.544795192488,320.0,140.1265101482466,22.648531154166108,51.62026636348179,121.33843665253951,47.28269579650885,12.59677347742371,0.0,6.007403703480406,171.51396293960337,120.61190971382726,85.62396065369586,69.8149578231646,304.2170553517283,285.3787267902349,258.54928437910854,236.76644326557883,430.6905049916736,383.572099829982,346.8210665668287,320.34427822228133,320.0,338.1494780823557,390.98984539729713,441.77193760063545,472.5914999702918,465.7579528642227,530.5525903149347,570.8445369942593,606.311071507515,471.1538674870185,550.1015690693866,598.0832378858504,640.0,460.24416670356186,499.798968591126,443.56139397708966,406.7347546408544,437.5355671144071,451.35776931538027,408.105129772093,378.57004062203174,320.0,137.80136429980394,25.44791660305225,57.41674656634933,129.9320292890862,44.91453278533345,11.843148271418727,0.0,6.490256310039285,167.15103177462794,117.72783623516767,85.46257336012263,71.30414603015626,298.26494531197517,287.0133193279877,258.0533383817719,231.76797132161198,421.9593030712013,382.44169358827946,343.5067512687255,312.1238862391372,320.0,339.5283321699545,392.7629657428736,443.4668991493336,470.94244440297564,466.907984116259,531.6517609362089,571.7831903280811,607.3289272516552,471.9087425537206,550.0263082218676,597.6932213565727,640.0,460.64259058734837,499.40287759365543,442.5996935631292,405.89937731994763,437.9832829294471,451.77001925264324,408.80902313006686,379.5324400625452
320.0,142.6613824162671,30.04782303387094,63.69529519516709,139.16318594156098,47.04653087516073,12.629678462292418,0.0,6.729816504172618,172.02789947949773,120.94382554850938,88.00949492775447,72.9631622506943,307.80555217913394,290.2630382994603,263.2557599387444,240.16599090921056,435.4086480954014,387.80988776258346,350.28466976402814,322.4439064535934,320.0,340.30650415835726,393.9218355187188,443.4512033485171,471.47734395699376,468.08765181402816,531.9181036977841,571.9841399264154,607.1791872754234,472.6557023064056,550.6210561099554,598.0917765974935,640.0,460.92176175555016,499.8615170933739,443.43305033195077,406.31425954513594,437.71336823466874,449.3858108110343,405.73140481789267,376.7013441766294,320.0,143.46854920868105,27.228500782218134,53.23299459382224,120.46984004903447,48.16016300231911,12.630764559763406,0.0,5.978859401759905,169.69143329638524,118.708855651217,84.47180233916839,68.72241004491912,301.4992671811535,280.36520484158234,254.4554967873389,233.04230589610427,426.08605577023116,376.69112436108725,342.2385991285213,317.874221154354,320.0,338.2512077493732,391.0101271716312,441.86188991918124,471.85986852270366,466.60677575725117,531.6575788977085,571.8390843148121,607.4135263809545,471.75908382038165,550.254808851129,598.053602028813,640.0,460.80308524598945,500.92895075678763,443.81735574476676,407.11880298388775,438.44633802149536,451.8683183390433,407.4085524106574,377.544795192488,320.0,140.1265101482466,22.648531154166108,51.62026636348179,121.33843665253951,47.28269579650885,12.59677347742371,0.0,6.007403703480406,171.51396293960337,120.61190971382726,85.62396065369586,69.8149578231646,304.2170553517283,285.3787267902349,258.54928437910854,236.76644326557883,430.6905049916736,383.572099829982,346.8210665668287,320.34427822228133,320.0,338.1494780823557,390.98984539729713,441.77193760063545,472.5914999702918,465.7579528642227,530.5525903149347,570.8445369942593,606.311071507515,471.1538674870185,550.1015690693866,598.0832378858504,640.0,460.24416670356186,499.798968591126,443.56139397708966,406.7347546408544,437.5355671144071,451.35776931538027,408.105129772093,378.57004062203174,320.0,137.80136429980394,25.44791660305225,57.41674656634933,129.9320292890862,44.91453278533345,11.843148271418727,0.0,6.490256310039285,167.15103177462794,117.72783623516767,85.46257336012263,71.30414603015626,298.26494531197517,287.0133193279877,258.0533383817719,231.76797132161198,421.9593030712013,382.44169358827946,343.5067512687255,312.1238862391372,320.0,339.5283321699545,392.7629657428736,443.4668991493336,470.94244440297564,466.907984116259,531.6517609362089,571.7831903280811,607.3289272516552,471.9087425537206,550.0263082218676,597.6932213565727,640.0,460.64259058734837,499.40287759365543,442.5996935631292,405.89937731994763,437.9832829294471,451.77001925264324,408.80902313006686,379.5324400625452,320.0,138.25162331816097,16.860400118372695,48.72206068634222,128.05654329918377,46.51181143047717,11.090328045708134,0.0,8.421870131415574,174.43244538182228,121.23051196174498,86.33976397494132,69.62191209420962,311.62203422472953,286.1710985953424,259.54006898808603,236.97272888120614,440.2497099400151,387.8543389998763,350.76574270231,323.43092814497834,320.0,337.9690046162142,391.9241014119076,443.22358074473686,472.80739414164304,466.66848718895596,531.503977323257,571.812826946022,607.2292499304906,471.74745344526684,550.4366509486828,598.2274504566128,640.0,460.93085332353866,498.9891671209707,441.94925040655943,404.45439046169747,438.8237530551879,450.07944728414327,405.80198249587653,375.8758227476905
320.0,143.46854920868105,27.228500782218134,53.23299459382224,120.46984004903447,48.16016300231911,12.630764559763406,0.0,5.978859401759905,169.69143329638524,118.708855651217,84.47180233916839,68.72241004491912,301.4992671811535,280.36520484158234,254.4554967873389,233.04230589610427,426.08605577023116,376.69112436108725,342.2385991285213,317.874221154354,320.0,338.2512077493732,391.0101271716312,441.86188991918124,471.85986852270366,466.60677575725117,531.6575788977085,571.8390843148121,607.4135263809545,471.75908382038165,550.254808851129,598.053602028813,640.0,460.80308524598945,500.92895075678763,443.81735574476676,407.11880298388775,438.44633802149536,451.8683183390433,407.4085524106574,377.544795192488,320.0,140.1265101482466,22.648531154166108,51.62026636348179,121.33843665253951,47.28269579650885,12.59677347742371,0.0,6.007403703480406,171.51396293960337,120.61190971382726,85.62396065369586,69.8149578231646,304.2170553517283,285.3787267902349,258.54928437910854,236.76644326557883,430.6905049916736,383.572099829982,346.8210665668287,320.34427822228133,320.0,338.1494780823557,390.98984539729713,441.77193760063545,472.5914999702918,465.7579528642227,530.5525903149347,570.8445369942593,606.311071507515,471.1538674870185,550.1015690693866,598.0832378858504,640.0,460.24416670356186,499.798968591126,443.56139397708966,406.7347546408544,437.5355671144071,451.35776931538027,408.105129772093,378.57004062203174,320.0,137.80136429980394,25.44791660305225,57.41674656634933,129.9320292890862,44.91453278533345,11.843148271418727,0.0,6.490256310039285,167.15103177462794,117.72783623516767,85.46257336012263,71.30414603015626,298.26494531197517,287.0133193279877,258.0533383817719,231.76797132161198,421.9593030712013,382.44169358827946,343.5067512687255,312.1238862391372,320.0,339.5283321699545,392.7629657428736,443.4668991493336,470.94244440297564,466.907984116259,531.6517609362089,571.7831903280811,607.3289272516552,471.9087425537206,550.0263082218676,597.6932213565727,640.0,460.64259058734837,499.40287759365543,442.5996935631292,405.89937731994763,437.9832829294471,451.77001925264324,408.80902313006686,379.5324400625452,320.0,138.25162331816097,16.860400118372695,48.72206068634222,128.05654329918377,46.51181143047717,11.090328045708134,0.0,8.421870131415574,174.43244538182228,121.23051196174498,86.33976397494132,69.62191209420962,311.62203422472953,286.1710985953424,259.54006898808603,236.97272888120614,440.2497099400151,387.8543389998763,350.76574270231,323.43092814497834,320.0,337.9690046162142,391.9241014119076,443.22358074473686,472.80739414164304,466.66848718895596,531.503977323257,571.812826946022,607.2292499304906,471.74745344526684,550.4366509486828,598.2274504566128,640.0,460.93085332353866,498.9891671209707,441.94925040655943,404.45439046169747,438.8237530551879,450.07944728414327,405.80198249587653,375.8758227476905,320.0,136.55008190127262,18.089818072557705,49.76533007666734,127.94776928072267,45.93784808040863,11.543113023756234,0.0,7.568615820030459,171.28623961695405,119.91987050875713,85.94968063349907,70.38976476403712,306.53905188372926,287.75689763794793,260.3464394754442,236.72506566640496,433.9835577137429,388.12709526717265,349.6604731858141,320.9769377647253,320.0,339.15330005937403,392.92126393373945,444.448726040374,472.85541122273605,466.85898756919175,531.6243674231685,571.6974039458989,607.0702015655081,471.83725653871704,550.4508007384429,598.1884413131412,640.0,460.6674820458503,499.80864907758365,442.57884274751996,405.12179954152714,438.1628311898594,451.3755360753976,407.80734010101366,378.0845011579344
320.0,140.1265101482466,22.648531154166108,51.62026636348179,121.33843665253951,47.28269579650885,12.59677347742371,0.0,6.007403703480406,171.51396293960337,120.61190971382726,85.62396065369586,69.8149578231646,304.2170553517283,285.3787267902349,258.54928437910854,236.76644326557883,430.6905049916736,383.572099829982,346.8210665668287,320.34427822228133,320.0,338.1494780823557,390.98984539729713,441.77193760063545,472.5914999702918,465.7579528642227,530.5525903149347,570.8445369942593,606.311071507515,471.1538674870185,550.1015690693866,598.0832378858504,640.0,460.24416670356186,499.798968591126,443.56139397708966,406.7347546408544,437.5355671144071,451.35776931538027,408.105129772093,378.57004062203174,320.0,137.80136429980394,25.44791660305225,57.41674656634933,129.9320292890862,44.91453278533345,11.843148271418727,0.0,6.490256310039285,167.15103177462794,117.72783623516767,85.46257336012263,71.30414603015626,298.26494531197517,287.0133193279877,258.0533383817719,231.76797132161198,421.9593030712013,382.44169358827946,343.5067512687255,312.1238862391372,320.0,339.5283321699545,392.7629657428736,443.4668991493336,470.94244440297564,466.907984116259,531.6517609362089,571.7831903280811,607.3289272516552,471.9087425537206,550.0263082218676,597.6932213565727,640.0,460.64259058734837,499.40287759365543,442.5996935631292,405.89937731994763,437.9832829294471,451.77001925264324,408.80902313006686,379.5324400625452,320.0,138.25162331816097,16.860400118372695,48.72206068634222,128.05654329918377,46.51181143047717,11.090328045708134,0.0,8.421870131415574,174.43244538182228,121.23051196174498,86.33976397494132,69.62191209420962,311.62203422472953,286.1710985953424,259.54006898808603,236.97272888120614,440.2497099400151,387.8543389998763,350.76574270231,323.43092814497834,320.0,337.9690046162142,391.9241014119076,443.22358074473686,472.80739414164304,466.66848718895596,531.503977323257,571.812826946022,607.2292499304906,471.74745344526684,550.4366509486828,598.2274504566128,640.0,460.93085332353866,498.9891671209707,441.94925040655943,404.45439046169747,438.8237530551879,450.07944728414327,405.80198249587653,375.8758227476905,320.0,136.55008190127262,18.089818072557705,49.76533007666734,127.94776928072267,45.93784808040863,11.543113023756234,0.0,7.568615820030459,171.28623961695405,119.91987050875713,85.94968063349907,70.38976476403712,306.53905188372926,287.75689763794793,260.3464394754442,236.72506566640496,433.9835577137429,388.12709526717265,349.6604731858141,320.9769377647253,320.0,339.15330005937403,392.92126393373945,444.448726040374,472.85541122273605,466.85898756919175,531.6243674231685,571.6974039458989,607.0702015655081,471.83725653871704,550.4508007384429,598.1884413131412,640.0,460.6674820458503,499.80864907758365,442.57884274751996,405.12179954152714,438.1628311898594,451.3755360753976,407.80734010101366,378.0845011579344,320.0,140.9426767629276,24.731637838026586,53.75728520146015,119.7424632108121,45.012180223554196,12.126075580714769,0.0,6.69353083705596,169.03649384579188,117.5726140521437,85.63381492584972,71.54164746015374,301.75205616835154,281.2334899151894,254.11516538582734,230.4364576908507,426.65925656690024,379.1752758541413,343.84279432405805,317.0280177765632,320.0,337.6453291914369,391.2418416561475,442.300187202297,472.69246186130954,465.658729913612,532.1005944179376,572.8712023621297,608.5669111222473,471.257968219114,550.9246770619236,598.599154285312,640.0,460.906043177079,499.31388382166335,442.5132597475874,404.889324155539,439.4095207162904,450.25942977190675,406.20537921832,376.49722152205396
320.0,137.80136429980394,25.44791660305225,57.41674656634933,129.9320292890862,44.91453278533345,11.843148271418727,0.0,6.490256310039285,167.15103177462794,117.72783623516767,85.46257336012263,71.30414603015626,298.26494531197517,287.0133193279877,258.0533383817719,231.76797132161198,421.9593030712013,382.44169358827946,343.5067512687255,312.1238862391372,320.0,339.5283321699545,392.7629657428736,443.4668991493336,470.94244440297564,466.907984116259,531.6517609362089,571.7831903280811,607.3289272516552,471.9087425537206,550.0263082218676,597.6932213565727,640.0,460.64259058734837,499.40287759365543,442.5996935631292,405.89937731994763,437.9832829294471,451.77001925264324,408.80902313006686,379.5324400625452,320.0,138.25162331816097,16.860400118372695,48.72206068634222,128.05654329918377,46.51181143047717,11.090328045708134,0.0,8.421870131415574,174.43244538182228,121.23051196174498,86.33976397494132,69.62191209420962,311.62203422472953,286.1710985953424,259.54006898808603,236.97272888120614,440.2497099400151,387.8543389998763,350.76574270231,323.43092814497834,320.0,337.9690046162142,391.9241014119076,443.22358074473686,472.80739414164304,466.66848718895596,531.503977323257,571.812826946022,607.2292499304906,471.74745344526684,550.4366509486828,598.2274504566128,640.0,460.93085332353866,498.9891671209707,441.94925040655943,404.45439046169747,438.8237530551879,450.07944728414327,405.80198249587653,375.8758227476905,320.0,136.55008190127262,18.089818072557705,49.76533007666734,127.94776928072267,45.93784808040863,11.543113023756234,0.0,7.568615820030459,171.28623961695405,119.91987050875713,85.94968063349907,70.38976476403712,306.53905188372926,287.75689763794793,260.3464394754442,236.72506566640496,433.9835577137429,388.12709526717265,349.6604731858141,320.9769377647253,320.0,339.15330005937403,392.92126393373945,444.448726040374,472.85541122273605,466.85898756919175,531.6243674231685,571.6974039458989,607.0702015655081,471.83725653871704,550.4508007384429,598.1884413131412,640.0,460.6674820458503,499.80864907758365,442.57884274751996,405.12179954152714,438.1628311898594,451.3755360753976,407.80734010101366,378.0845011579344,320.0,140.9426767629276,24.731637838026586,53.75728520146015,119.7424632108121,45.012180223554196,12.126075580714769,0.0,6.69353083705596,169.03649384579188,117.5726140521437,85.63381492584972,71.54164746015374,301.75205616835154,281.2334899151894,254.11516538582734,230.4364576908507,426.65925656690024,379.1752758541413,343.84279432405805,317.0280177765632,320.0,337.6453291914369,391.2418416561475,442.300187202297,472.69246186130954,465.658729913612,532.1005944179376,572.8712023621297,608.5669111222473,471.257968219114,550.9246770619236,598.599154285312,640.0,460.906043177079,499.31388382166335,442.5132597475874,404.889324155539,439.4095207162904,450.25942977190675,406.20537921832,376.49722152205396,320.0,140.54592073619654,22.144731647812932,49.821567214163395,116.27479746020856,46.2875520399989,12.992459269937456,0.0,6.15866202835673,171.0766920290443,119.49176360070055,86.36934821856914,71.49091072025908,304.249399545903,281.1944961400207,253.52421168430755,230.31752028101792,429.6048397874906,380.0820279395598,343.97372757422727,317.269484725792,320.0,337.2703050910492,391.52471144523105,443.2220377478782,474.45284171658545,465.9202805190665,532.4121717647996,573.0781389047537,608.5278858797434,471.47307043525615,551.248761439254,598.7445709200547,640.0,461.047802467824,499.2564119592504,442.2988750016603,404.6408373069107,439.47349546414483,450.09634873620314,405.9325532282272,376.3025674401307
320.0,138.25162331816097,16.860400118372695,48.72206068634222,128.05654329918377,46.51181143047717,11.090328045708134,0.0,8.421870131415574,174.43244538182228,121.23051196174498,86.33976397494132,69.62191209420962,311.62203422472953,286.1710985953424,259.54006898808603,236.97272888120614,440.2497099400151,387.8543389998763,350.76574270231,323.43092814497834,320.0,337.9690046162142,391.9241014119076,443.22358074473686,472.80739414164304,466.66848718895596,531.503977323257,571.812826946022,607.2292499304906,471.74745344526684,550.4366509486828,598.2274504566128,640.0,460.93085332353866,498.9891671209707,441.94925040655943,404.45439046169747,438.8237530551879,450.07944728414327,405.80198249587653,375.8758227476905,320.0,136.55008190127262,18.089818072557705,49.76533007666734,127.94776928072267,45.93784808040863,11.543113023756234,0.0,7.568615820030459,171.28623961695405,119.91987050875713,85.94968063349907,70.38976476403712,306.53905188372926,287.75689763794793,260.3464394754442,236.72506566640496,433.9835577137429,388.12709526717265,349.6604731858141,320.9769377647253,320.0,339.15330005937403,392.92126393373945,444.448726040374,472.85541122273605,466.85898756919175,531.6243674231685,571.6974039458989,607.0702015655081,471.83725653871704,550.4508007384429,598.1884413131412,640.0,460.6674820458503,499.80864907758365,442.57884274751996,405.12179954152714,438.1628311898594,451.3755360753976,407.80734010101366,378.0845011579344,320.0,140.9426767629276,24.731637838026586,53.75728520146015,119.7424632108121,45.012180223554196,12.126075580714769,0.0,6.69353083705596,169.03649384579188,117.5726140521437,85.63381492584972,71.54164746015374,301.75205616835154,281.2334899151894,254.11516538582734,230.4364576908507,426.65925656690024,379.1752758541413,343.84279432405805,317.0280177765632,320.0,337.6453291914369,391.2418416561475,442.300187202297,472.69246186130954,465.658729913612,532.1005944179376,572.8712023621297,608.5669111222473,471.257968219114,550.9246770619236,598.599154285312,640.0,460.906043177079,499.31388382166335,442.5132597475874,404.889324155539,439.4095207162904,450.25942977190675,406.20537921832,376.49722152205396,320.0,140.54592073619654,22.144731647812932,49.821567214163395,116.27479746020856,46.2875520399989,12.992459269937456,0.0,6.15866202835673,171.0766920290443,119.49176360070055,86.36934821856914,71.49091072025908,304.249399545903,281.1944961400207,253.52421168430755,230.31752028101792,429.6048397874906,380.0820279395598,343.97372757422727,317.269484725792,320.0,337.2703050910492,391.52471144523105,443.2220377478782,474.45284171658545,465.9202805190665,532.4121717647996,573.0781389047537,608.5278858797434,471.47307043525615,551.248761439254,598.7445709200547,640.0,461.047802467824,499.2564119592504,442.2988750016603,404.6408373069107,439.47349546414483,450.09634873620314,405.9325532282272,376.3025674401307,320.0,142.50024770472987,25.493496417046345,52.37218817023182,128.3458659223838,48.42659479926772,11.92189907975785,0.0,6.108688262454223,170.67608910053457,117.27613208683232,82.76770783951173,65.96683347992371,303.32076771698553,280.57400426509435,255.98943939465536,235.1123664871506,428.1783413081554,379.7210158790164,345.86086158564564,321.4368398668949,320.0,338.6344957020934,393.4782063421238,444.9829606430767,473.3256283980385,466.8832039179953,531.3324882384795,571.5117403005223,607.2106158679172,472.0771536842817,550.7492567428615,598.1781925574569,640.0,460.989579935692,499.87653812388777,442.39975219097875,405.0987717389295,438.6675905073628,451.0369542633372,407.00241186081485,377.519119697742
320.0,136.55008190127262,18.089818072557705,49.76533007666734,127.94776928072267,45.93784808040863,11.543113023756234,0.0,7.568615820030459,171.28623961695405,119.91987050875713,85.94968063349907,70.38976476403712,306.53905188372926,287.75689763794793,260.3464394754442,236.72506566640496,433.9835577137429,388.12709526717265,349.6604731858141,320.9769377647253,320.0,339.15330005937403,392.92126393373945,444.448726040374,472.85541122273605,466.85898756919175,531.6243674231685,571.6974039458989,607.0702015655081,471.83725653871704,550.4508007384429,598.1884413131412,640.0,460.6674820458503,499.80864907758365,442.57884274751996,405.12179954152714,438.1628311898594,451.3755360753976,407.80734010101366,378.0845011579344,320.0,140.9426767629276,24.731637838026586,53.75728520146015,119.7424632108121,45.012180223554196,12.126075580714769,0.0,6.69353083705596,169.03649384579188,117.5726140521437,85.63381492584972,71.54164746015374,301.75205616835154,281.2334899151894,254.11516538582734,230.4364576908507,426.65925656690024,379.1752758541413,343.84279432405805,317.0280177765632,320.0,337.6453291914369,391.2418416561475,442.300187202297,472.69246186130954,465.658729913612,532.1005944179376,572.8712023621297,608.5669111222473,471.257968219114,550.9246770619236,598.599154285312,640.0,460.906043177079,499.31388382166335,442.5132597475874,404.889324155539,439.4095207162904,450.25942977190675,406.20537921832,376.49722152205396,320.0,140.54592073619654,22.144731647812932,49.821567214163395,116.27479746020856,46.2875520399989,12.992459269937456,0.0,6.15866202835673,171.0766920290443,119.49176360070055,86.36934821856914,71.49091072025908,304.249399545903,281.1944961400207,253.52421168430755,230.31752028101792,429.6048397874906,380.0820279395598,343.97372757422727,317.269484725792,320.0,337.2703050910492,391.52471144523105,443.2220377478782,474.45284171658545,465.9202805190665,532.4121717647996,573.0781389047537,608.5278858797434,471.47307043525615,551.248761439254,598.7445709200547,640.0,461.047802467824,499.2564119592504,442.2988750016603,404.6408373069107,439.47349546414483,450.09634873620314,405.9325532282272,376.3025674401307,320.0,142.50024770472987,25.493496417046345,52.37218817023182,128.3458659223838,48.42659479926772,11.92189907975785,0.0,6.108688262454223,170.67608910053457,117.27613208683232,82.76770783951173,65.96683347992371,303.32076771698553,280.57400426509435,255.98943939465536,235.1123664871506,428.1783413081554,379.7210158790164,345.86086158564564,321.4368398668949,320.0,338.6344957020934,393.4782063421238,444.9829606430767,473.3256283980385,466.8832039179953,531.3324882384795,571.5117403005223,607.2106158679172,472.0771536842817,550.7492567428615,598.1781925574569,640.0,460.989579935692,499.87653812388777,442.39975219097875,405.0987717389295,438.6675905073628,451.0369542633372,407.00241186081485,377.519119697742,320.0,143.13964918152465,29.689678294215128,64.98422310952705,137.44929843597492,46.57563753337786,12.643313312041641,0.0,5.85235317666087,170.15548901835538,118.55347734487657,85.68810924110107,70.58749294252345,303.9844200088048,283.9796376208887,256.9321710774536,234.2691486466725,431.40406073095306,384.0558718012983,348.365593981407,322.8144698323823,320.0,339.24617774453316,391.1275812803458,439.58764673361276,467.2314763103594,466.75751646709136,531.8824884148644,572.3766309775637,608.0436438904358,471.64232992991117,550.3797291672214,598.1284314881514,640.0,460.52925229176566,500.2058194169205,443.47664706883376,405.8899274437521,437.8613130972519,451.5659286457187,408.420077076026,379.0715056020938
320.0,140.9426767629276,24.731637838026586,53.75728520146015,119.7424632108121,45.012180223554196,12.126075580714769,0.0,6.69353083705596,169.03649384579188,117.5726140521437,85.63381492584972,71.54164746015374,301.75205616835154,281.2334899151894,254.11516538582734,230.4364576908507,426.65925656690024,379.1752758541413,343.84279432405805,317.0280177765632,320.0,337.6453291914369,391.2418416561475,442.300187202297,472.69246186130954,465.658729913612,532.1005944179376,572.8712023621297,608.5669111222473,471.257968219114,550.9246770619236,598.599154285312,640.0,460.906043177079,499.31388382166335,442.5132597475874,404.889324155539,439.4095207162904,450.25942977190675,406.20537921832,376.49722152205396,320.0,140.54592073619654,22.144731647812932,49.821567214163395,116.27479746020856,46.2875520399989,12.992459269937456,0.0,6.15866202835673,171.0766920290443,119.49176360070055,86.36934821856914,71.49091072025908,304.249399545903,281.1944961400207,253.52421168430755,230.31752028101792,429.6048397874906,380.0820279395598,343.97372757422727,317.269484725792,320.0,337.2703050910492,391.52471144523105,443.2220377478782,474.45284171658545,465.9202805190665,532.4121717647996,573.0781389047537,608.5278858797434,471.47307043525615,551.248761439254,598.7445709200547,640.0,461.047802467824,499.2564119592504,442.2988750016603,404.6408373069107,439.47349546414483,450.09634873620314,405.9325532282272,376.3025674401307,320.0,142.50024770472987,25.493496417046345,52.37218817023182,128.3458659223838,48.42659479926772,11.92189907975785,0.0,6.108688262454223,170.67608910053457,117.27613208683232,82.76770783951173,65.96683347992371,303.32076771698553,280.57400426509435,255.98943939465536,235.1123664871506,428.1783413081554,379.7210158790164,345.86086158564564,321.4368398668949,320.0,338.6344957020934,393.4782063421238,444.9829606430767,473.3256283980385,466.8832039179953,531.3324882384795,571.5117403005223,607.2106158679172,472.0771536842817,550.7492567428615,598.1781925574569,640.0,460.989579935692,499.87653812388777,442.39975219097875,405.0987717389295,438.6675905073628,451.0369542633372,407.00241186081485,377.519119697742,320.0,143.13964918152465,29.689678294215128,64.98422310952705,137.44929843597492,46.57563753337786,12.643313312041641,0.0,5.85235317666087,170.15548901835538,118.55347734487657,85.68810924110107,70.58749294252345,303.9844200088048,283.9796376208887,256.9321710774536,234.2691486466725,431.40406073095306,384.0558718012983,348.365593981407,322.8144698323823,320.0,339.24617774453316,391.1275812803458,439.58764673361276,467.2314763103594,466.75751646709136,531.8824884148644,572.3766309775637,608.0436438904358,471.64232992991117,550.3797291672214,598.1284314881514,640.0,460.52925229176566,500.2058194169205,443.47664706883376,405.8899274437521,437.8613130972519,451.5659286457187,408.420077076026,379.0715056020938,320.0,143.4904162218217,29.571288079685587,64.22506667891184,135.29458494529842,46.546434161031925,12.418954030773705,0.0,6.265866137062005,169.7891760131942,118.49944322630267,85.93604181733997,70.99874104091808,303.24587968330866,284.37542236355216,257.93339379398225,235.1112896868674,430.84558426798606,383.97318302356814,348.2010507907717,321.9984157779334,320.0,338.986124325214,391.1456788191289,440.0904892962877,468.3037087041055,466.4533237713031,531.6799473560045,572.2005034924027,607.8904909802088,471.3194462673165,550.0889159857104,598.0092156708338,640.0,460.2306608680349,500.61692594924034,444.02803827651667,406.3095268165257,437.56880757421095,452.0570796417078,408.97775589780974,379.3495144941856
320.0,140.54592073619654,22.144731647812932,49.821567214163395,116.27479746020856,46.2875520399989,12.992459269937456,0.0,6.15866202835673,171.0766920290443,119.49176360070055,86.36934821856914,71.49091072025908,304.249399545903,281.1944961400207,253.52421168430755,230.31752028101792,429.6048397874906,380.0820279395598,343.97372757422727,317.269484725792,320.0,337.2703050910492,391.52471144523105,443.2220377478782,474.45284171658545,465.9202805190665,532.4121717647996,573.0781389047537,608.5278858797434,471.47307043525615,551.248761439254,598.7445709200547,640.0,461.047802467824,499.2564119592504,442.2988750016603,404.6408373069107,439.47349546414483,450.09634873620314,405.9325532282272,376.3025674401307,320.0,142.50024770472987,25.493496417046345,52.37218817023182,128.3458659223838,48.42659479926772,11.92189907975785,0.0,6.108688262454223,170.67608910053457,117.27613208683232,82.76770783951173,65.96683347992371,303.32076771698553,280.57400426509435,255.98943939465536,235.1123664871506,428.1783413081554,379.7210158790164,345.86086158564564,321.4368398668949,320.0,338.6344957020934,393.4782063421238,444.9829606430767,473.3256283980385,466.8832039179953,531.3324882384795,571.5117403005223,607.2106158679172,472.0771536842817,550.7492567428615,598.1781925574569,640.0,460.989579935692,499.87653812388777,442.39975219097875,405.0987717389295,438.6675905073628,451.0369542633372,407.00241186081485,377.519119697742,320.0,143.13964918152465,29.689678294215128,64.98422310952705,137.44929843597492,46.57563753337786,12.643313312041641,0.0,5.85235317666087,170.15548901835538,118.55347734487657,85.68810924110107,70.58749294252345,303.9844200088048,283.9796376208887,256.9321710774536,234.2691486466725,431.40406073095306,384.0558718012983,348.365593981407,322.8144698323823,320.0,339.24617774453316,391.1275812803458,439.58764673361276,467.2314763103594,466.75751646709136,531.8824884148644,572.3766309775637,608.0436438904358,471.64232992991117,550.3797291672214,598.1284314881514,640.0,460.52925229176566,500.2058194169205,443.47664706883376,405.8899274437521,437.8613130972519,451.5659286457187,408.420077076026,379.0715056020938,320.0,143.4904162218217,29.571288079685587,64.22506667891184,135.29458494529842,46.546434161031925,12.418954030773705,0.0,6.265866137062005,169.7891760131942,118.49944322630267,85.93604181733997,70.99874104091808,303.24587968330866,284.37542236355216,257.93339379398225,235.1112896868674,430.84558426798606,383.97318302356814,348.2010507907717,321.9984157779334,320.0,338.986124325214,391.1456788191289,440.0904892962877,468.3037087041055,466.4533237713031,531.6799473560045,572.2005034924027,607.8904909802088,471.3194462673165,550.0889159857104,598.0092156708338,640.0,460.2306608680349,500.61692594924034,444.02803827651667,406.3095268165257,437.56880757421095,452.0570796417078,408.97775589780974,379.3495144941856,320.0,146.7408534453267,35.523405767380666,67.00428480434869,125.74424613337516,48.164361087852626,12.924739027631006,0.0,5.232942528431465,171.7578509069534,116.16237272694627,82.50593956668098,64.49220626787306,304.94633882652687,281.03381158579344,262.1144139155022,243.4468652129455,429.93600577607504,379.9822710786102,350.00607470717983,325.7347050251475,320.0,337.65055855545467,391.8196792567094,441.9092948908746,472.92386678474855,466.5416453133787,531.0667110526836,571.3688241884724,606.8230797089279,472.18541826227414,551.1152851408053,598.5758473777275,640.0,461.6436638683744,498.4171551733599,440.9058073072642,402.6249828314576,439.82575051888074,448.5488399718918,403.17857977826725,373.06293779783056
320.0,142.50024770472987,25.493496417046345,52.37218817023182,128.3458659223838,48.42659479926772,11.92189907975785,0.0,6.108688262454223,170.67608910053457,117.27613208683232,82.76770783951173,65.96683347992371,303.32076771698553,280.57400426509435,255.98943939465536,235.1123664871506,428.1783413081554,379.7210158790164,345.86086158564564,321.4368398668949,320.0,338.6344957020934,393.4782063421238,444.9829606430767,473.3256283980385,466.8832039179953,531.3324882384795,571.5117403005223,607.2106158679172,472.0771536842817,550.7492567428615,598.1781925574569,640.0,460.989579935692,499.87653812388777,442.39975219097875,405.0987717389295,438.6675905073628,451.0369542633372,407.00241186081485,377.519119697742,320.0,143.13964918152465,29.689678294215128,64.98422310952705,137.44929843597492,46.57563753337786,12.643313312041641,0.0,5.85235317666087,170.15548901835538,118.55347734487657,85.68810924110107,70.58749294252345,303.9844200088048,283.9796376208887,256.9321710774536,234.2691486466725,431.40406073095306,384.0558718012983,348.365593981407,322.8144698323823,320.0,339.24617774453316,391.1275812803458,439.58764673361276,467.2314763103594,466.75751646709136,531.8824884148644,572.3766309775637,608.0436438904358,471.64232992991117,550.3797291672214,598.1284314881514,640.0,460.52925229176566,500.2058194169205,443.47664706883376,405.8899274437521,437.8613130972519,451.5659286457187,408.420077076026,379.0715056020938,320.0,143.4904162218217,29.571288079685587,64.22506667891184,135.29458494529842,46.546434161031925,12.418954030773705,0.0,6.265866137062005,169.7891760131942,118.49944322630267,85.93604181733997,70.99874104091808,303.24587968330866,284.37542236355216,257.93339379398225,235.1112896868674,430.84558426798606,383.97318302356814,348.2010507907717,321.9984157779334,320.0,338.986124325214,391.1456788191289,440.0904892962877,468.3037087041055,466.4533237713031,531.6799473560045,572.2005034924027,607.8904909802088,471.3194462673165,550.0889159857104,598.0092156708338,640.0,460.2306608680349,500.61692594924034,444.02803827651667,406.3095268165257,437.56880757421095,452.0570796417078,408.97775589780974,379.3495144941856,320.0,146.7408534453267,35.523405767380666,67.00428480434869,125.74424613337516,48.164361087852626,12.924739027631006,0.0,5.232942528431465,171.7578509069534,116.16237272694627,82.50593956668098,64.49220626787306,304.94633882652687,281.03381158579344,262.1144139155022,243.4468652129455,429.93600577607504,379.9822710786102,350.00607470717983,325.7347050251475,320.0,337.65055855545467,391.8196792567094,441.9092948908746,472.92386678474855,466.5416453133787,531.0667110526836,571.3688241884724,606.8230797089279,472.18541826227414,551.1152851408053,598.5758473777275,640.0,461.6436638683744,498.4171551733599,440.9058073072642,402.6249828314576,439.82575051888074,448.5488399718918,403.17857977826725,373.06293779783056,320.0,148.43618971847664,34.94882710037507,59.71239534894357,123.77321451161316,48.08493710648685,12.974551484585618,0.0,4.075298464127172,172.0916494058152,120.80907288270697,86.55427680461631,68.38680767982152,306.29861806498616,279.96293298826873,256.3151549513876,236.3849909085228,431.7521631314309,379.7641550413117,347.09671716132533,323.10247230262047,320.0,338.0165551940575,391.70912075353124,442.1353444769598,473.8486811782054,467.4760713578887,531.973304724802,571.802724044085,607.3086162935806,472.49910212869014,551.3442496422557,598.7100389446518,640.0,461.388401452057,499.2210739234713,442.1462874384252,404.3609287375979,439.29577813806435,448.382242401795,403.5517310991894,374.0383525688701
320.0,143.13964918152465,29.689678294215128,64.98422310952705,137.44929843597492,46.57563753337786,12.643313312041641,0.0,5.85235317666087,170.15548901835538,118.55347734487657,85.68810924110107,70.58749294252345,303.9844200088048,283.9796376208887,256.9321710774536,234.2691486466725,431.40406073095306,384.0558718012983,348.365593981407,322.8144698323823,320.0,339.24617774453316,391.1275812803458,439.58764673361276,467.2314763103594,466.75751646709136,531.8824884148644,572.3766309775637,608.0436438904358,471.64232992991117,550.3797291672214,598.1284314881514,640.0,460.52925229176566,500.2058194169205,443.47664706883376,405.8899274437521,437.8613130972519,451.5659286457187,408.420077076026,379.0715056020938,320.0,143.4904162218217,29.571288079685587,64.22506667891184,135.29458494529842,46.546434161031925,12.418954030773705,0.0,6.265866137062005,169.7891760131942,118.49944322630267,85.93604181733997,70.99874104091808,303.24587968330866,284.37542236355216,257.93339379398225,235.1112896868674,430.84558426798606,383.97318302356814,348.2010507907717,321.9984157779334,320.0,338.986124325214,391.1456788191289,440.0904892962877,468.3037087041055,466.4533237713031,531.6799473560045,572.2005034924027,607.8904909802088,471.3194462673165,550.0889159857104,598.0092156708338,640.0,460.2306608680349,500.61692594924034,444.02803827651667,406.3095268165257,437.56880757421095,452.0570796417078,408.97775589780974,379.3495144941856,320.0,146.7408534453267,35.523405767380666,67.00428480434869,125.74424613337516,48.164361087852626,12.924739027631006,0.0,5.232942528431465,171.7578509069534,116.16237272694627,82.50593956668098,64.49220626787306,304.94633882652687,281.03381158579344,262.1144139155022,243.4468652129455,429.93600577607504,379.9822710786102,350.00607470717983,325.7347050251475,320.0,337.65055855545467,391.8196792567094,441.9092948908746,472.92386678474855,466.5416453133787,531.0667110526836,571.3688241884724,606.8230797089279,472.18541826227414,551.1152851408053,598.5758473777275,640.0,461.6436638683744,498.4171551733599,440.9058073072642,402.6249828314576,439.82575051888074,448.5488399718918,403.17857977826725,373.06293779783056,320.0,148.43618971847664,34.94882710037507,59.71239534894357,123.77321451161316,48.08493710648685,12.974551484585618,0.0,4.075298464127172,172.0916494058152,120.80907288270697,86.55427680461631,68.38680767982152,306.29861806498616,279.96293298826873,256.3151549513876,236.3849909085228,431.7521631314309,379.7641550413117,347.09671716132533,323.10247230262047,320.0,338.0165551940575,391.70912075353124,442.1353444769598,473.8486811782054,467.4760713578887,531.973304724802,571.802724044085,607.3086162935806,472.49910212869014,551.3442496422557,598.7100389446518,640.0,461.388401452057,499.2210739234713,442.1462874384252,404.3609287375979,439.29577813806435,448.382242401795,403.5517310991894,374.0383525688701,320.0,148.4908177947705,36.61734787817073,62.29857832473721,123.24941789584787,49.00510008857532,12.859830532489866,0.0,5.405502882675194,171.23665214152953,118.933792803503,86.3317777722213,70.87006101769916,303.54454261729785,280.7835542411961,255.22840531876122,233.75999502947838,428.16655187489437,380.54871224847153,346.44462982873677,321.48879245874883,320.0,338.86901062981525,392.06356861597504,442.2679734128354,473.0130375873556,466.6107802102526,531.8604924841298,572.1896382944694,607.8625345019643,471.54901709323417,550.822354516545,598.4933631944606,640.0,460.453168849556,499.1822388682217,442.1260554840607,404.3717139267036,438.3690067511037,449.9934953182301,406.2404672411451,376.8857445467379
320.0,143.4904162218217,29.571288079685587,64.22506667891184,135.29458494529842,46.546434161031925,12.418954030773705,0.0,6.265866137062005,169.7891760131942,118.49944322630267,85.93604181733997,70.99874104091808,303.24587968330866,284.37542236355216,257.93339379398225,235.1112896868674,430.84558426798606,383.97318302356814,348.2010507907717,321.9984157779334,320.0,338.986124325214,391.1456788191289,440.0904892962877,468.3037087041055,466.4533237713031,531.6799473560045,572.2005034924027,607.8904909802088,471.3194462673165,550.0889159857104,598.0092156708338,640.0,460.2306608680349,500.61692594924034,444.02803827651667,406.3095268165257,437.56880757421095,452.0570796417078,408.97775589780974,379.3495144941856,320.0,146.7408534453267,35.523405767380666,67.00428480434869,125.74424613337516,48.164361087852626,12.924739027631006,0.0,5.232942528431465,171.7578509069534,116.16237272694627,82.50593956668098,64.49220626787306,304.94633882652687,281.03381158579344,262.1144139155022,243.4468652129455,429.93600577607504,379.9822710786102,350.00607470717983,325.7347050251475,320.0,337.65055855545467,391.8196792567094,441.9092948908746,472.92386678474855,466.5416453133787,531.0667110526836,571.3688241884724,606.8230797089279,472.18541826227414,551.1152851408053,598.5758473777275,640.0,461.6436638683744,498.4171551733599,440.9058073072642,402.6249828314576,439.82575051888074,448.5488399718918,403.17857977826725,373.06293779783056,320.0,148.43618971847664,34.94882710037507,59.71239534894357,123.77321451161316,48.08493710648685,12.974551484585618,0.0,4.075298464127172,172.0916494058152,120.80907288270697,86.55427680461631,68.38680767982152,306.29861806498616,279.96293298826873,256.3151549513876,236.3849909085228,431.7521631314309,379.7641550413117,347.09671716132533,323.10247230262047,320.0,338.0165551940575,391.70912075353124,442.1353444769598,473.8486811782054,467.4760713578887,531.973304724802,571.802724044085,607.3086162935806,472.49910212869014,551.3442496422557,598.7100389446518,640.0,461.388401452057,499.2210739234713,442.1462874384252,404.3609287375979,439.29577813806435,448.382242401795,403.5517310991894,374.0383525688701,320.0,148.4908177947705,36.61734787817073,62.29857832473721,123.24941789584787,49.00510008857532,12.859830532489866,0.0,5.405502882675194,171.23665214152953,118.933792803503,86.3317777722213,70.87006101769916,303.54454261729785,280.7835542411961,255.22840531876122,233.75999502947838,428.16655187489437,380.54871224847153,346.44462982873677,321.48879245874883,320.0,338.86901062981525,392.06356861597504,442.2679734128354,473.0130375873556,466.6107802102526,531.8604924841298,572.1896382944694,607.8625345019643,471.54901709323417,550.822354516545,598.4933631944606,640.0,460.453168849556,499.1822388682217,442.1260554840607,404.3717139267036,438.3690067511037,449.9934953182301,406.2404672411451,376.8857445467379,320.0,144.84250353812146,33.10581682921685,70.3217417825148,141.39947721017057,50.144339413695775,14.656608159476491,0.0,2.693227360814717,175.08309959368302,121.91211338538204,87.1129631038981,69.18398592229056,308.90782171094196,284.62371221773077,261.101305190567,242.2568517712623,434.96028782478174,387.1157529864554,355.76084367566835,333.8819697481837,320.0,339.2579518888547,394.38713537252676,445.1219464292935,473.2442716280236,467.5862385389237,532.9529376911898,572.9248476876497,608.1899425574281,472.61294302201895,551.8482215578399,599.0001873217041,640.0,461.7471619111435,499.44182093200385,441.49679778910877,403.2709439280949,440.21084997016885,451.8084631450737,407.3428391533719,377.55013908842824
320.0,146.7408534453267,35.523405767380666,67.00428480434869,125.74424613337516,48.164361087852626,12.924739027631006,0.0,5.232942528431465,171.7578509069534,116.16237272694627,82.50593956668098,64.49220626787306,304.94633882652687,281.03381158579344,262.1144139155022,243.4468652129455,429.93600577607504,379.9822710786102,350.00607470717983,325.7347050251475,320.0,337.65055855545467,391.8196792567094,441.9092948908746,472.92386678474855,466.5416453133787,531.0667110526836,571.3688241884724,606.8230797089279,472.18541826227414,551.1152851408053,598.5758473777275,640.0,461.6436638683744,498.4171551733599,440.9058073072642,402.6249828314576,439.82575051888074,448.5488399718918,403.17857977826725,373.06293779783056,320.0,148.43618971847664,34.94882710037507,59.71239534894357,123.77321451161316,48.08493710648685,12.974551484585618,0.0,4.075298464127172,172.0916494058152,120.80907288270697,86.55427680461631,68.38680767982152,306.29861806498616,279.96293298826873,256.3151549513876,236.3849909085228,431.7521631314309,379.7641550413117,347.09671716132533,323.10247230262047,320.0,338.0165551940575,391.70912075353124,442.1353444769598,473.8486811782054,467.4760713578887,531.973304724802,571.802724044085,607.3086162935806,472.49910212869014,551.3442496422557,598.7100389446518,640.0,461.388401452057,499.2210739234713,442.1462874384252,404.3609287375979,439.29577813806435,448.382242401795,403.5517310991894,374.0383525688701,320.0,148.4908177947705,36.61734787817073,62.29857832473721,123.24941789584787,49.00510008857532,12.859830532489866,0.0,5.405502882675194,171.23665214152953,118.933792803503,86.3317777722213,70.87006101769916,303.54454261729785,280.7835542411961,255.22840531876122,233.75999502947838,428.16655187489437,380.54871224847153,346.44462982873677,321.48879245874883,320.0,338.86901062981525,392.06356861597504,442.2679734128354,473.0130375873556,466.6107802102526,531.8604924841298,572.1896382944694,607.8625345019643,471.54901709323417,550.822354516545,598.4933631944606,640.0,460.453168849556,499.1822388682217,442.1260554840607,404.3717139267036,438.3690067511037,449.9934953182301,406.2404672411451,376.8857445467379,320.0,144.84250353812146,33.10581682921685,70.3217417825148,141.39947721017057,50.144339413695775,14.656608159476491,0.0,2.693227360814717,175.08309959368302,121.91211338538204,87.1129631038981,69.18398592229056,308.90782171094196,284.62371221773077,261.101305190567,242.2568517712623,434.96028782478174,387.1157529864554,355.76084367566835,333.8819697481837,320.0,339.2579518888547,394.38713537252676,445.1219464292935,473.2442716280236,467.5862385389237,532.9529376911898,572.9248476876497,608.1899425574281,472.61294302201895,551.8482215578399,599.0001873217041,640.0,461.7471619111435,499.44182093200385,441.49679778910877,403.2709439280949,440.21084997016885,451.8084631450737,407.3428391533719,377.55013908842824,320.0,150.5338090673288,39.561145460521686,65.45701318522956,124.34612852691842,48.86915392411879,13.008405915728417,0.0,4.25929517023792,169.30745179256314,115.77093353183051,82.41145497144771,65.28591008847226,298.84444981583164,271.89459873448897,251.87717712851136,235.4628234391466,419.19063327739156,367.16497879980625,341.3977313824211,323.4983551652754,320.0,337.3874895779438,391.9509891478795,442.7230682533458,473.02870061263565,466.19101445741046,530.9499312885781,570.889952973046,606.321609000702,472.06140197664797,551.6829190325695,599.0797612731221,640.0,461.58694713669456,497.7260045543974,440.17866947004876,402.49267242941835,440.3583144116028,448.7500584953352,403.7007807067555,374.18575482050994
320.0,148.43618971847664,34.94882710037507,59.71239534894357,123.77321451161316,48.08493710648685,12.974551484585618,0.0,4.075298464127172,172.0916494058152,120.80907288270697,86.55427680461631,68.38680767982152,306.29861806498616,279.96293298826873,256.3151549513876,236.3849909085228,431.7521631314309,379.7641550413117,347.09671716132533,323.10247230262047,320.0,338.0165551940575,391.70912075353124,442.1353444769598,473.8486811782054,467.4760713578887,531.973304724802,571.802724044085,607.3086162935806,472.49910212869014,551.3442496422557,598.7100389446518,640.0,461.388401452057,499.2210739234713,442.1462874384252,404.3609287375979,439.29577813806435,448.382242401795,403.5517310991894,374.0383525688701,320.0,148.4908177947705,36.61734787817073,62.29857832473721,123.24941789584787,49.00510008857532,12.859830532489866,0.0,5.405502882675194,171.23665214152953,118.933792803503,86.3317777722213,70.87006101769916,303.54454261729785,280.7835542411961,255.22840531876122,233.75999502947838,428.16655187489437,380.54871224847153,346.44462982873677,321.48879245874883,320.0,338.86901062981525,392.06356861597504,442.2679734128354,473.0130375873556,466.6107802102526,531.8604924841298,572.1896382944694,607.8625345019643,471.54901709323417,550.822354516545,598.4933631944606,640.0,460.453168849556,499.1822388682217,442.1260554840607,404.3717139267036,438.3690067511037,449.9934953182301,406.2404672411451,376.8857445467379,320.0,144.84250353812146,33.10581682921685,70.3217417825148,141.39947721017057,50.144339413695775,14.656608159476491,0.0,2.693227360814717,175.08309959368302,121.91211338538204,87.1129631038981,69.18398592229056,308.90782171094196,284.62371221773077,261.101305190567,242.2568517712623,434.96028782478174,387.1157529864554,355.76084367566835,333.8819697481837,320.0,339.2579518888547,394.38713537252676,445.1219464292935,473.2442716280236,467.5862385389237,532.9529376911898,572.9248476876497,608.1899425574281,472.61294302201895,551.8482215578399,599.0001873217041,640.0,461.7471619111435,499.44182093200385,441.49679778910877,403.2709439280949,440.21084997016885,451.8084631450737,407.3428391533719,377.55013908842824,320.0,150.5338090673288,39.561145460521686,65.45701318522956,124.34612852691842,48.86915392411879,13.008405915728417,0.0,4.25929517023792,169.30745179256314,115.77093353183051,82.41145497144771,65.28591008847226,298.84444981583164,271.89459873448897,251.87717712851136,235.4628234391466,419.19063327739156,367.16497879980625,341.3977313824211,323.4983551652754,320.0,337.3874895779438,391.9509891478795,442.7230682533458,473.02870061263565,466.19101445741046,530.9499312885781,570.889952973046,606.321609000702,472.06140197664797,551.6829190325695,599.0797612731221,640.0,461.58694713669456,497.7260045543974,440.17866947004876,402.49267242941835,440.3583144116028,448.7500584953352,403.7007807067555,374.18575482050994,320.0,163.65418186241234,60.093841586432404,77.17640791259211,109.29385055608446,50.26484256561946,17.71576939568331,2.0701956811125797,0.0,168.13911658441089,116.4197769954248,85.13547911871811,65.27634342623037,289.0977005753488,261.9372681565802,239.66866649135073,225.61680967145932,399.0419868050983,356.3041500269429,333.2018599796552,322.486061364651,320.0,334.25896273798674,383.2167613503771,429.3816744429515,460.3244880326134,465.6774174609109,531.0427918036402,573.1168276649821,608.6952053105779,474.2638476884965,553.9558946031522,600.7356847613787,640.0,464.7939703680419,491.09631186236516,445.6141439932343,411.7839255442506,443.4606757360946,445.563005389113,410.94111490666893,385.9991447213591
320.0,148.4908177947705,36.61734787817073,62.29857832473721,123.24941789584787,49.00510008857532,12.859830532489866,0.0,5.405502882675194,171.23665214152953,118.933792803503,86.3317777722213,70.87006101769916,303.54454261729785,280.7835542411961,255.22840531876122,233.75999502947838,428.16655187489437,380.54871224847153,346.44462982873677,321.48879245874883,320.0,338.86901062981525,392.06356861597504,442.2679734128354,473.0130375873556,466.6107802102526,531.8604924841298,572.1896382944694,607.8625345019643,471.54901709323417,550.822354516545,598.4933631944606,640.0,460.453168849556,499.1822388682217,442.1260554840607,404.3717139267036,438.3690067511037,449.9934953182301,406.2404672411451,376.8857445467379,320.0,144.84250353812146,33.10581682921685,70.3217417825148,141.39947721017057,50.144339413695775,14.656608159476491,0.0,2.693227360814717,175.08309959368302,121.91211338538204,87.1129631038981,69.18398592229056,308.90782171094196,284.62371221773077,261.101305190567,242.2568517712623,434.96028782478174,387.1157529864554,355.76084367566835,333.8819697481837,320.0,339.2579518888547,394.38713537252676,445.1219464292935,473.2442716280236,467.5862385389237,532.9529376911898,572.9248476876497,608.1899425574281,472.61294302201895,551.8482215578399,599.0001873217041,640.0,461.7471619111435,499.44182093200385,441.49679778910877,403.2709439280949,440.21084997016885,451.8084631450737,407.3428391533719,377.55013908842824,320.0,150.5338090673288,39.561145460521686,65.45701318522956,124.34612852691842,48.86915392411879,13.008405915728417,0.0,4.25929517023792,169.30745179256314,115.77093353183051,82.41145497144771,65.28591008847226,298.84444981583164,271.89459873448897,251.87717712851136,235.4628234391466,419.19063327739156,367.16497879980625,341.3977313824211,323.4983551652754,320.0,337.3874895779438,391.9509891478795,442.7230682533458,473.02870061263565,466.19101445741046,530.9499312885781,570.889952973046,606.321609000702,472.06140197664797,551.6829190325695,599.0797612731221,640.0,461.58694713669456,497.7260045543974,440.17866947004876,402.49267242941835,440.3583144116028,448.7500584953352,403.7007807067555,374.18575482050994,320.0,163.65418186241234,60.093841586432404,77.17640791259211,109.29385055608446,50.26484256561946,17.71576939568331,2.0701956811125797,0.0,168.13911658441089,116.4197769954248,85.13547911871811,65.27634342623037,289.0977005753488,261.9372681565802,239.66866649135073,225.61680967145932,399.0419868050983,356.3041500269429,333.2018599796552,322.486061364651,320.0,334.25896273798674,383.2167613503771,429.3816744429515,460.3244880326134,465.6774174609109,531.0427918036402,573.1168276649821,608.6952053105779,474.2638476884965,553.9558946031522,600.7356847613787,640.0,464.7939703680419,491.09631186236516,445.6141439932343,411.7839255442506,443.4606757360946,445.563005389113,410.94111490666893,385.9991447213591,320.0,158.1647670406579,59.38201578511763,83.9543868958063,111.59112840096418,42.7400016490987,15.562082183765483,1.478917239049963,0.0,163.12205434918735,113.30387265645996,82.65343431705406,62.68286279395272,287.2487617097221,256.70370008759545,239.67931585173704,230.27335363541738,401.5119544131158,354.4472017589466,334.66839488531,326.877914600837,320.0,336.4948883954225,385.88724219058577,432.87833733816115,465.38008435897876,466.13537859163046,533.3341611592027,574.7450406405259,609.6623130951925,475.32678206030886,555.9566870937103,601.3808663902257,640.0,466.3543473407635,490.8131143469709,442.77547116722127,408.17465716780515,444.8242345142622,443.87274555054603,407.57043234967364,382.6301877271292
320.0,144.84250353812146,33.10581682921685,70.3217417825148,141.39947721017057,50.144339413695775,14.656608159476491,0.0,2.693227360814717,175.08309959368302,121.91211338538204,87.1129631038981,69.18398592229056,308.90782171094196,284.62371221773077,261.101305190567,242.2568517712623,434.96028782478174,387.1157529864554,355.76084367566835,333.8819697481837,320.0,339.2579518888547,394.38713537252676,445.1219464292935,473.2442716280236,467.5862385389237,532.9529376911898,572.9248476876497,608.1899425574281,472.61294302201895,551.8482215578399,599.0001873217041,640.0,461.7471619111435,499.44182093200385,441.49679778910877,403.2709439280949,440.21084997016885,451.8084631450737,407.3428391533719,377.55013908842824,320.0,150.5338090673288,39.561145460521686,65.45701318522956,124.34612852691842,48.86915392411879,13.008405915728417,0.0,4.25929517023792,169.30745179256314,115.77093353183051,82.41145497144771,65.28591008847226,298.84444981583164,271.89459873448897,251.87717712851136,235.4628234391466,419.19063327739156,367.16497879980625,341.3977313824211,323.4983551652754,320.0,337.3874895779438,391.9509891478795,442.7230682533458,473.02870061263565,466.19101445741046,530.9499312885781,570.889952973046,606.321609000702,472.06140197664797,551.6829190325695,599.0797612731221,640.0,461.58694713669456,497.7260045543974,440.17866947004876,402.49267242941835,440.3583144116028,448.7500584953352,403.7007807067555,374.18575482050994,320.0,163.65418186241234,60.093841586432404,77.17640791259211,109.29385055608446,50.26484256561946,17.71576939568331,2.0701956811125797,0.0,168.13911658441089,116.4197769954248,85.13547911871811,65.27634342623037,289.0977005753488,261.9372681565802,239.66866649135073,225.61680967145932,399.0419868050983,356.3041500269429,333.2018599796552,322.486061364651,320.0,334.25896273798674,383.2167613503771,429.3816744429515,460.3244880326134,465.6774174609109,531.0427918036402,573.1168276649821,608.6952053105779,474.2638476884965,553.9558946031522,600.7356847613787,640.0,464.7939703680419,491.09631186236516,445.6141439932343,411.7839255442506,443.4606757360946,445.563005389113,410.94111490666893,385.9991447213591,320.0,158.1647670406579,59.38201578511763,83.9543868958063,111.59112840096418,42.7400016490987,15.562082183765483,1.478917239049963,0.0,163.12205434918735,113.30387265645996,82.65343431705406,62.68286279395272,287.2487617097221,256.70370008759545,239.67931585173704,230.27335363541738,401.5119544131158,354.4472017589466,334.66839488531,326.877914600837,320.0,336.4948883954225,385.88724219058577,432.87833733816115,465.38008435897876,466.13537859163046,533.3341611592027,574.7450406405259,609.6623130951925,475.32678206030886,555.9566870937103,601.3808663902257,640.0,466.3543473407635,490.8131143469709,442.77547116722127,408.17465716780515,444.8242345142622,443.87274555054603,407.57043234967364,382.6301877271292,320.0,264.58242858666813,182.64868529269057,107.17908306004534,52.56764522689497,96.56754887352588,42.96135197541611,15.936984896609431,0.0,110.81435802847241,55.09334232631443,28.745100603240928,7.687760025051887,134.84832947346325,71.36549929971747,40.85011201079158,15.099398823800698,161.94922865686846,107.19339841774004,73.28072898206105,47.64729161003038,320.0,338.87929520403884,389.8640122590349,426.93942309358164,448.98620572475056,479.22860013386264,544.3007424434434,587.1526623998673,622.420332882833,483.3694862118441,553.0583294378802,600.5998356836651,640.0,474.70248459713173,540.1656037814691,585.136997830255,619.6536387135516,454.238733610288,503.7378707826388,535.4010976356599,558.3936608035924
